state,year,quarter,category,txn_count,txn_amount
andaman-&-nicobar-islands,2018,1,Recharge & bill payments,50592,13153945.66
andaman-&-nicobar-islands,2018,1,Peer-to-peer payments,29066,47959093.04
andaman-&-nicobar-islands,2018,1,Merchant payments,17331,11092406.46
andaman-&-nicobar-islands,2018,1,Financial Services,1940,4753191.86
andaman-&-nicobar-islands,2018,1,Others,3890,3190014.83
andaman-&-nicobar-islands,2018,2,Recharge & bill payments,63895,16612867.23
andaman-&-nicobar-islands,2018,2,Peer-to-peer payments,37981,62668658.64
andaman-&-nicobar-islands,2018,2,Merchant payments,23657,15140764.64
andaman-&-nicobar-islands,2018,2,Financial Services,2652,6498619.83
andaman-&-nicobar-islands,2018,2,Others,5288,4336783.57
andaman-&-nicobar-islands,2018,3,Recharge & bill payments,71418,18568746.09
andaman-&-nicobar-islands,2018,3,Peer-to-peer payments,45089,74397129.74
andaman-&-nicobar-islands,2018,3,Merchant payments,29026,18577047.85
andaman-&-nicobar-islands,2018,3,Financial Services,3095,7583982.23
andaman-&-nicobar-islands,2018,3,Others,5928,4861406.82
andaman-&-nicobar-islands,2018,4,Recharge & bill payments,82206,21373765.57
andaman-&-nicobar-islands,2018,4,Peer-to-peer payments,50758,83751034.12
andaman-&-nicobar-islands,2018,4,Merchant payments,33700,21568326.72
andaman-&-nicobar-islands,2018,4,Financial Services,3384,8290878.1
andaman-&-nicobar-islands,2018,4,Others,6710,5502271.44
andaman-&-nicobar-islands,2019,1,Recharge & bill payments,67060,17435638.67
andaman-&-nicobar-islands,2019,1,Peer-to-peer payments,42902,70788381.75
andaman-&-nicobar-islands,2019,1,Merchant payments,30114,19273478.2
andaman-&-nicobar-islands,2019,1,Financial Services,2971,7280556.31
andaman-&-nicobar-islands,2019,1,Others,6027,4942266.98
andaman-&-nicobar-islands,2019,2,Recharge & bill payments,79089,20563393.24
andaman-&-nicobar-islands,2019,2,Peer-to-peer payments,49644,81912707.5
andaman-&-nicobar-islands,2019,2,Merchant payments,37581,24052331.55
andaman-&-nicobar-islands,2019,2,Financial Services,3625,8882830.7
andaman-&-nicobar-islands,2019,2,Others,7030,5765154.81
andaman-&-nicobar-islands,2019,3,Recharge & bill payments,82554,21464281.04
andaman-&-nicobar-islands,2019,3,Peer-to-peer payments,54419,89792224.95
andaman-&-nicobar-islands,2019,3,Merchant payments,39105,25027331.46
andaman-&-nicobar-islands,2019,3,Financial Services,3707,9082340.82
andaman-&-nicobar-islands,2019,3,Others,7559,6199040.59
andaman-&-nicobar-islands,2019,4,Recharge & bill payments,100851,26221503.57
andaman-&-nicobar-islands,2019,4,Peer-to-peer payments,68676,113316700.13
andaman-&-nicobar-islands,2019,4,Merchant payments,51025,32656386.9
andaman-&-nicobar-islands,2019,4,Financial Services,4796,11751391.49
andaman-&-nicobar-islands,2019,4,Others,9029,7403986.94
andaman-&-nicobar-islands,2020,1,Recharge & bill payments,82973,21573096.16
andaman-&-nicobar-islands,2020,1,Peer-to-peer payments,56609,93405012.41
andaman-&-nicobar-islands,2020,1,Merchant payments,44502,28481539.79
andaman-&-nicobar-islands,2020,1,Financial Services,3953,9685473.56
andaman-&-nicobar-islands,2020,1,Others,7656,6278062.4
andaman-&-nicobar-islands,2020,2,Recharge & bill payments,89610,23298750.54
andaman-&-nicobar-islands,2020,2,Peer-to-peer payments,58239,96095902.09
andaman-&-nicobar-islands,2020,2,Merchant payments,48935,31319032.41
andaman-&-nicobar-islands,2020,2,Financial Services,4321,10586634.25
andaman-&-nicobar-islands,2020,2,Others,8527,6992874.56
andaman-&-nicobar-islands,2020,3,Recharge & bill payments,93663,24352447.31
andaman-&-nicobar-islands,2020,3,Peer-to-peer payments,61982,102271529.49
andaman-&-nicobar-islands,2020,3,Merchant payments,53661,34343481.44
andaman-&-nicobar-islands,2020,3,Financial Services,4636,11358603.77
andaman-&-nicobar-islands,2020,3,Others,9115,7474897.36
andaman-&-nicobar-islands,2020,4,Recharge & bill payments,107498,27949685.85
andaman-&-nicobar-islands,2020,4,Peer-to-peer payments,78244,129103874.05
andaman-&-nicobar-islands,2020,4,Merchant payments,69953,44770096.45
andaman-&-nicobar-islands,2020,4,Financial Services,5729,14038422.77
andaman-&-nicobar-islands,2020,4,Others,10674,8752835.92
andaman-&-nicobar-islands,2021,1,Recharge & bill payments,85124,22132499.65
andaman-&-nicobar-islands,2021,1,Peer-to-peer payments,62173,102585853.46
andaman-&-nicobar-islands,2021,1,Merchant payments,53910,34502683.41
andaman-&-nicobar-islands,2021,1,Financial Services,4409,10803481.38
andaman-&-nicobar-islands,2021,1,Others,8561,7020703.68
andaman-&-nicobar-islands,2021,2,Recharge & bill payments,95154,24740132.94
andaman-&-nicobar-islands,2021,2,Peer-to-peer payments,68284,112668753.29
andaman-&-nicobar-islands,2021,2,Merchant payments,61330,39251774.67
andaman-&-nicobar-islands,2021,2,Financial Services,4902,12010010.92
andaman-&-nicobar-islands,2021,2,Others,9558,7837621.93
andaman-&-nicobar-islands,2021,3,Recharge & bill payments,101152,26299591.37
andaman-&-nicobar-islands,2021,3,Peer-to-peer payments,74648,123169271.86
andaman-&-nicobar-islands,2021,3,Merchant payments,73602,47105573.41
andaman-&-nicobar-islands,2021,3,Financial Services,5717,14008918.67
andaman-&-nicobar-islands,2021,3,Others,10944,8974493.4
andaman-&-nicobar-islands,2021,4,Recharge & bill payments,112003,29120865.72
andaman-&-nicobar-islands,2021,4,Peer-to-peer payments,87415,144235131.35
andaman-&-nicobar-islands,2021,4,Merchant payments,83329,53330804.71
andaman-&-nicobar-islands,2021,4,Financial Services,6681,16370290.18
andaman-&-nicobar-islands,2021,4,Others,12099,9921998.69
andaman-&-nicobar-islands,2022,1,Recharge & bill payments,89747,23334264.97
andaman-&-nicobar-islands,2022,1,Peer-to-peer payments,69002,113853359.62
andaman-&-nicobar-islands,2022,1,Merchant payments,73188,46840383.93
andaman-&-nicobar-islands,2022,1,Financial Services,5558,13619509.9
andaman-&-nicobar-islands,2022,1,Others,10431,8554030.62
andaman-&-nicobar-islands,2022,2,Recharge & bill payments,93859,24403544.04
andaman-&-nicobar-islands,2022,2,Peer-to-peer payments,72756,120048816.01
andaman-&-nicobar-islands,2022,2,Merchant payments,78660,50342779.3
andaman-&-nicobar-islands,2022,2,Financial Services,5634,13803931.17
andaman-&-nicobar-islands,2022,2,Others,10906,8943292.86
andaman-&-nicobar-islands,2022,3,Recharge & bill payments,104758,27237114.04
andaman-&-nicobar-islands,2022,3,Peer-to-peer payments,83788,138250650.25
andaman-&-nicobar-islands,2022,3,Merchant payments,91564,58601494.25
andaman-&-nicobar-islands,2022,3,Financial Services,6722,16470854.91
andaman-&-nicobar-islands,2022,3,Others,12235,10032711.13
andaman-&-nicobar-islands,2022,4,Recharge & bill payments,115634,30064969.96
andaman-&-nicobar-islands,2022,4,Peer-to-peer payments,93714,154629187.65
andaman-&-nicobar-islands,2022,4,Merchant payments,104258,66725239.62
andaman-&-nicobar-islands,2022,4,Financial Services,7597,18614695.73
andaman-&-nicobar-islands,2022,4,Others,14189,11635152.82
andaman-&-nicobar-islands,2023,1,Recharge & bill payments,87976,22873944.09
andaman-&-nicobar-islands,2023,1,Peer-to-peer payments,72300,119296007.28
andaman-&-nicobar-islands,2023,1,Merchant payments,81371,52077902.09
andaman-&-nicobar-islands,2023,1,Financial Services,5672,13898388.68
andaman-&-nicobar-islands,2023,1,Others,10711,8783770.77
andaman-&-nicobar-islands,2023,2,Recharge & bill payments,96938,25204032.08
andaman-&-nicobar-islands,2023,2,Peer-to-peer payments,84327,139141156.82
andaman-&-nicobar-islands,2023,2,Merchant payments,99160,63462909.59
andaman-&-nicobar-islands,2023,2,Financial Services,6791,16638988.76
andaman-&-nicobar-islands,2023,2,Others,12446,10205754.55
andaman-&-nicobar-islands,2023,3,Recharge & bill payments,100763,26198542.65
andaman-&-nicobar-islands,2023,3,Peer-to-peer payments,87594,144530888.5
andaman-&-nicobar-islands,2023,3,Merchant payments,104938,67160724.75
andaman-&-nicobar-islands,2023,3,Financial Services,7142,17498843.73
andaman-&-nicobar-islands,2023,3,Others,13070,10718165.29
andaman-&-nicobar-islands,2023,4,Recharge & bill payments,114536,29779462.9
andaman-&-nicobar-islands,2023,4,Peer-to-peer payments,104475,172384194.05
andaman-&-nicobar-islands,2023,4,Merchant payments,129313,82760552.58
andaman-&-nicobar-islands,2023,4,Financial Services,8125,19907006.56
andaman-&-nicobar-islands,2023,4,Others,15388,12618484.31
andhra-pradesh,2018,1,Recharge & bill payments,2926465,760881090.88
andhra-pradesh,2018,1,Peer-to-peer payments,1754659,2895187617.88
andhra-pradesh,2018,1,Merchant payments,1067007,682885116.73
andhra-pradesh,2018,1,Financial Services,120716,295755299.0
andhra-pradesh,2018,1,Others,229041,187813803.36
andhra-pradesh,2018,2,Recharge & bill payments,3451735,897451270.41
andhra-pradesh,2018,2,Peer-to-peer payments,2046960,3377484872.56
andhra-pradesh,2018,2,Merchant payments,1305054,835234595.55
andhra-pradesh,2018,2,Financial Services,139265,341200955.57
andhra-pradesh,2018,2,Others,271550,222671365.91
andhra-pradesh,2018,3,Recharge & bill payments,4208420,1094189237.02
andhra-pradesh,2018,3,Peer-to-peer payments,2507609,4137556084.61
andhra-pradesh,2018,3,Merchant payments,1674333,1071573450.12
andhra-pradesh,2018,3,Financial Services,179316,439325520.17
andhra-pradesh,2018,3,Others,342928,281201485.46
andhra-pradesh,2018,4,Recharge & bill payments,4653515,1209913927.49
andhra-pradesh,2018,4,Peer-to-peer payments,2804269,4627045094.76
andhra-pradesh,2018,4,Merchant payments,1955058,1251237722.9
andhra-pradesh,2018,4,Financial Services,203716,499104971.46
andhra-pradesh,2018,4,Others,384814,315548237.15
andhra-pradesh,2019,1,Recharge & bill payments,4249143,1104777368.53
andhra-pradesh,2019,1,Peer-to-peer payments,2654114,4379289369.13
andhra-pradesh,2019,1,Merchant payments,1878869,1202476227.65
andhra-pradesh,2019,1,Financial Services,185979,455650570.5
andhra-pradesh,2019,1,Others,357490,293142558.82
andhra-pradesh,2019,2,Recharge & bill payments,4500549,1170142763.24
andhra-pradesh,2019,2,Peer-to-peer payments,2871200,4737480779.08
andhra-pradesh,2019,2,Merchant payments,2064454,1321251039.18
andhra-pradesh,2019,2,Financial Services,190080,465696101.82
andhra-pradesh,2019,2,Others,387110,317430324.94
andhra-pradesh,2019,3,Recharge & bill payments,4816640,1252326412.65
andhra-pradesh,2019,3,Peer-to-peer payments,3073636,5071499774.12
andhra-pradesh,2019,3,Merchant payments,2269010,1452166462.1
andhra-pradesh,2019,3,Financial Services,213695,523554999.26
andhra-pradesh,2019,3,Others,416923,341877289.1
andhra-pradesh,2019,4,Recharge & bill payments,5656466,1470681204.96
andhra-pradesh,2019,4,Peer-to-peer payments,3669555,6054766490.37
andhra-pradesh,2019,4,Merchant payments,2954661,1890983224.54
andhra-pradesh,2019,4,Financial Services,271667,665585898.51
andhra-pradesh,2019,4,Others,519648,426111387.87
andhra-pradesh,2020,1,Recharge & bill payments,4631240,1204122436.44
andhra-pradesh,2020,1,Peer-to-peer payments,3188005,5260208680.75
andhra-pradesh,2020,1,Merchant payments,2509843,1606300075.05
andhra-pradesh,2020,1,Financial Services,222158,544289210.76
andhra-pradesh,2020,1,Others,423330,347130926.5
andhra-pradesh,2020,2,Recharge & bill payments,5024510,1306372603.9
andhra-pradesh,2020,2,Peer-to-peer payments,3454046,5699176603.31
andhra-pradesh,2020,2,Merchant payments,2932273,1876655040.56
andhra-pradesh,2020,2,Financial Services,258619,633618908.17
andhra-pradesh,2020,2,Others,482655,395777689.95
andhra-pradesh,2020,3,Recharge & bill payments,5608729,1458269641.68
andhra-pradesh,2020,3,Peer-to-peer payments,3728936,6152745613.91
andhra-pradesh,2020,3,Merchant payments,3294994,2108796475.46
andhra-pradesh,2020,3,Financial Services,274917,673547630.9
andhra-pradesh,2020,3,Others,537479,440733405.41
andhra-pradesh,2020,4,Recharge & bill payments,5991773,1557861072.43
andhra-pradesh,2020,4,Peer-to-peer payments,4274236,7052490268.43
andhra-pradesh,2020,4,Merchant payments,3824396,2447613781.61
andhra-pradesh,2020,4,Financial Services,318949,781426510.11
andhra-pradesh,2020,4,Others,619286,507814578.75
andhra-pradesh,2021,1,Recharge & bill payments,5020092,1305223922.84
andhra-pradesh,2021,1,Peer-to-peer payments,3617574,5968997981.6
andhra-pradesh,2021,1,Merchant payments,3262045,2087709165.74
andhra-pradesh,2021,1,Financial Services,260101,637248581.57
andhra-pradesh,2021,1,Others,515119,422397763.7
andhra-pradesh,2021,2,Recharge & bill payments,5232466,1360441403.22
andhra-pradesh,2021,2,Peer-to-peer payments,3703765,6111213044.41
andhra-pradesh,2021,2,Merchant payments,3545306,2268996392.38
andhra-pradesh,2021,2,Financial Services,279403,684539619.16
andhra-pradesh,2021,2,Others,531162,435552999.76
andhra-pradesh,2021,3,Recharge & bill payments,5688203,1478932955.87
andhra-pradesh,2021,3,Peer-to-peer payments,4152193,6851120070.85
andhra-pradesh,2021,3,Merchant payments,4027419,2577548608.91
andhra-pradesh,2021,3,Financial Services,320964,786362771.18
andhra-pradesh,2021,3,Others,581987,477230064.83
andhra-pradesh,2021,4,Recharge & bill payments,6407871,1666046510.24
andhra-pradesh,2021,4,Peer-to-peer payments,4950302,8167999306.2
andhra-pradesh,2021,4,Merchant payments,4866011,3114247512.6
andhra-pradesh,2021,4,Financial Services,382721,937667533.82
andhra-pradesh,2021,4,Others,717889,588669658.45
andhra-pradesh,2022,1,Recharge & bill payments,5270465,1370321046.31
andhra-pradesh,2022,1,Peer-to-peer payments,4011684,6619280029.3
andhra-pradesh,2022,1,Merchant payments,4078541,2610266711.14
andhra-pradesh,2022,1,Financial Services,320685,785678461.08
andhra-pradesh,2022,1,Others,598167,490497606.69
andhra-pradesh,2022,2,Recharge & bill payments,5589726,1453328859.36
andhra-pradesh,2022,2,Peer-to-peer payments,4407904,7273041883.49
andhra-pradesh,2022,2,Merchant payments,4759686,3046199155.17
andhra-pradesh,2022,2,Financial Services,347137,850487124.7
andhra-pradesh,2022,2,Others,626738,513925286.12
andhra-pradesh,2022,3,Recharge & bill payments,5850418,1521108798.97
andhra-pradesh,2022,3,Peer-to-peer payments,4740489,7821808314.3
andhra-pradesh,2022,3,Merchant payments,5151101,3296705212.96
andhra-pradesh,2022,3,Financial Services,359062,879703991.06
andhra-pradesh,2022,3,Others,698576,572832674.04
andhra-pradesh,2022,4,Recharge & bill payments,6607179,1717866571.49
andhra-pradesh,2022,4,Peer-to-peer payments,5574143,9197336178.23
andhra-pradesh,2022,4,Merchant payments,6147203,3934210085.3
andhra-pradesh,2022,4,Financial Services,427653,1047751763.05
andhra-pradesh,2022,4,Others,790176,647944483.18
andhra-pradesh,2023,1,Recharge & bill payments,4972619,1292881103.97
andhra-pradesh,2023,1,Peer-to-peer payments,4190281,6913964715.76
andhra-pradesh,2023,1,Merchant payments,4877746,3121757547.27
andhra-pradesh,2023,1,Financial Services,330525,809788383.45
andhra-pradesh,2023,1,Others,616204,505287951.44
andhra-pradesh,2023,2,Recharge & bill payments,5485112,1426129169.56
andhra-pradesh,2023,2,Peer-to-peer payments,4818163,7949969305.79
andhra-pradesh,2023,2,Merchant payments,5655136,3619287678.47
andhra-pradesh,2023,2,Financial Services,382798,937855633.77
andhra-pradesh,2023,2,Others,693664,568804640.49
andhra-pradesh,2023,3,Recharge & bill payments,5720174,1487245281.94
andhra-pradesh,2023,3,Peer-to-peer payments,5220922,8614522204.11
andhra-pradesh,2023,3,Merchant payments,6171870,3949996868.98
andhra-pradesh,2023,3,Financial Services,414159,1014691381.87
andhra-pradesh,2023,3,Others,781977,641221186.51
andhra-pradesh,2023,4,Recharge & bill payments,6401300,1664338163.94
andhra-pradesh,2023,4,Peer-to-peer payments,5861861,9672070920.77
andhra-pradesh,2023,4,Merchant payments,7124193,4559484122.67
andhra-pradesh,2023,4,Financial Services,492021,1205451883.74
andhra-pradesh,2023,4,Others,869851,713277851.54
arunachal-pradesh,2018,1,Recharge & bill payments,104271,27110634.76
arunachal-pradesh,2018,1,Peer-to-peer payments,59963,98939166.67
arunachal-pradesh,2018,1,Merchant payments,37291,23866614.85
arunachal-pradesh,2018,1,Financial Services,4190,10267213.99
arunachal-pradesh,2018,1,Others,8189,6715713.61
arunachal-pradesh,2018,2,Recharge & bill payments,124470,32362414.97
arunachal-pradesh,2018,2,Peer-to-peer payments,75678,124868714.9
arunachal-pradesh,2018,2,Merchant payments,47226,30224934.97
arunachal-pradesh,2018,2,Financial Services,5142,12598841.51
arunachal-pradesh,2018,2,Others,10064,8253247.94
arunachal-pradesh,2018,3,Recharge & bill payments,140654,36570193.13
arunachal-pradesh,2018,3,Peer-to-peer payments,82390,135945015.86
arunachal-pradesh,2018,3,Merchant payments,54981,35187998.46
arunachal-pradesh,2018,3,Financial Services,5617,13761726.43
arunachal-pradesh,2018,3,Others,11522,9448775.83
arunachal-pradesh,2018,4,Recharge & bill payments,167130,43453905.15
arunachal-pradesh,2018,4,Peer-to-peer payments,104704,172761805.15
arunachal-pradesh,2018,4,Merchant payments,72773,46574735.48
arunachal-pradesh,2018,4,Financial Services,7262,17793077.7
arunachal-pradesh,2018,4,Others,14130,11587301.84
arunachal-pradesh,2019,1,Recharge & bill payments,141216,36716209.85
arunachal-pradesh,2019,1,Peer-to-peer payments,84950,140169015.64
arunachal-pradesh,2019,1,Merchant payments,60737,38872310.08
arunachal-pradesh,2019,1,Financial Services,6202,15195351.55
arunachal-pradesh,2019,1,Others,11930,9782640.65
arunachal-pradesh,2019,2,Recharge & bill payments,154616,40200387.28
arunachal-pradesh,2019,2,Peer-to-peer payments,97623,161079135.46
arunachal-pradesh,2019,2,Merchant payments,72395,46333018.66
arunachal-pradesh,2019,2,Financial Services,6987,17120111.6
arunachal-pradesh,2019,2,Others,13394,10983871.51
arunachal-pradesh,2019,3,Recharge & bill payments,162032,42128425.69
arunachal-pradesh,2019,3,Peer-to-peer payments,105160,173514139.88
arunachal-pradesh,2019,3,Merchant payments,81627,52241445.54
arunachal-pradesh,2019,3,Financial Services,7267,17804191.77
arunachal-pradesh,2019,3,Others,14749,12094976.82
arunachal-pradesh,2019,4,Recharge & bill payments,196832,51176437.91
arunachal-pradesh,2019,4,Peer-to-peer payments,128241,211598893.41
arunachal-pradesh,2019,4,Merchant payments,102302,65473460.62
arunachal-pradesh,2019,4,Financial Services,9160,22442739.18
arunachal-pradesh,2019,4,Others,17590,14424231.78
arunachal-pradesh,2020,1,Recharge & bill payments,160344,41689697.5
arunachal-pradesh,2020,1,Peer-to-peer payments,108286,178672372.98
arunachal-pradesh,2020,1,Merchant payments,86312,55239756.34
arunachal-pradesh,2020,1,Financial Services,7992,19580508.29
arunachal-pradesh,2020,1,Others,14999,12299187.6
arunachal-pradesh,2020,2,Recharge & bill payments,180079,46820650.95
arunachal-pradesh,2020,2,Peer-to-peer payments,123231,203331911.75
arunachal-pradesh,2020,2,Merchant payments,103173,66031008.32
arunachal-pradesh,2020,2,Financial Services,8705,21327984.42
arunachal-pradesh,2020,2,Others,17068,13995802.7
arunachal-pradesh,2020,3,Recharge & bill payments,184345,47929839.9
arunachal-pradesh,2020,3,Peer-to-peer payments,127485,210351779.31
arunachal-pradesh,2020,3,Merchant payments,106706,68292042.63
arunachal-pradesh,2020,3,Financial Services,9452,23157954.83
arunachal-pradesh,2020,3,Others,18123,14861276.87
arunachal-pradesh,2020,4,Recharge & bill payments,201131,52294241.25
arunachal-pradesh,2020,4,Peer-to-peer payments,147111,242733187.33
arunachal-pradesh,2020,4,Merchant payments,129043,82588064.46
arunachal-pradesh,2020,4,Financial Services,10332,25314004.27
arunachal-pradesh,2020,4,Others,19860,16285409.39
arunachal-pradesh,2021,1,Recharge & bill payments,164131,42674190.66
arunachal-pradesh,2021,1,Peer-to-peer payments,115453,190498024.53
arunachal-pradesh,2021,1,Merchant payments,106526,68176887.97
arunachal-pradesh,2021,1,Financial Services,8852,21689147.28
arunachal-pradesh,2021,1,Others,16630,13637168.02
arunachal-pradesh,2021,2,Recharge & bill payments,184922,48079915.52
arunachal-pradesh,2021,2,Peer-to-peer payments,133181,219749125.14
arunachal-pradesh,2021,2,Merchant payments,125375,80240415.01
arunachal-pradesh,2021,2,Financial Services,10137,24836824.62
arunachal-pradesh,2021,2,Others,19492,15983703.42
arunachal-pradesh,2021,3,Recharge & bill payments,196250,51025215.92
arunachal-pradesh,2021,3,Peer-to-peer payments,148822,245557195.55
arunachal-pradesh,2021,3,Merchant payments,141606,90627880.35
arunachal-pradesh,2021,3,Financial Services,11106,27210273.88
arunachal-pradesh,2021,3,Others,20024,16419859.42
arunachal-pradesh,2021,4,Recharge & bill payments,215337,55987777.46
arunachal-pradesh,2021,4,Peer-to-peer payments,163729,270153696.95
arunachal-pradesh,2021,4,Merchant payments,162891,104250305.68
arunachal-pradesh,2021,4,Financial Services,11984,29363141.36
arunachal-pradesh,2021,4,Others,23414,19199877.76
arunachal-pradesh,2022,1,Recharge & bill payments,173830,45195862.32
arunachal-pradesh,2022,1,Peer-to-peer payments,132767,219067060.22
arunachal-pradesh,2022,1,Merchant payments,139245,89116853.96
arunachal-pradesh,2022,1,Financial Services,10225,25052927.05
arunachal-pradesh,2022,1,Others,19154,15706752.03
arunachal-pradesh,2022,2,Recharge & bill payments,184368,47935871.97
arunachal-pradesh,2022,2,Peer-to-peer payments,143629,236989280.6
arunachal-pradesh,2022,2,Merchant payments,150621,96398015.3
arunachal-pradesh,2022,2,Financial Services,10670,26141834.01
arunachal-pradesh,2022,2,Others,20115,16494597.68
arunachal-pradesh,2022,3,Recharge & bill payments,202999,52779898.37
arunachal-pradesh,2022,3,Peer-to-peer payments,159810,263688139.09
arunachal-pradesh,2022,3,Merchant payments,169885,108726801.31
arunachal-pradesh,2022,3,Financial Services,12844,31468393.96
arunachal-pradesh,2022,3,Others,23017,18873991.39
arunachal-pradesh,2022,4,Recharge & bill payments,226840,58978471.69
arunachal-pradesh,2022,4,Peer-to-peer payments,184278,304059350.63
arunachal-pradesh,2022,4,Merchant payments,206759,132326371.99
arunachal-pradesh,2022,4,Financial Services,14881,36460375.38
arunachal-pradesh,2022,4,Others,28121,23059662.78
arunachal-pradesh,2023,1,Recharge & bill payments,185466,48221359.93
arunachal-pradesh,2023,1,Peer-to-peer payments,156718,258585417.97
arunachal-pradesh,2023,1,Merchant payments,170788,109304499.43
arunachal-pradesh,2023,1,Financial Services,12422,30434938.84
arunachal-pradesh,2023,1,Others,23098,18940930.59
arunachal-pradesh,2023,2,Recharge & bill payments,190875,49627757.22
arunachal-pradesh,2023,2,Peer-to-peer payments,168516,278051835.51
arunachal-pradesh,2023,2,Merchant payments,196410,125702413.21
arunachal-pradesh,2023,2,Financial Services,13377,32775097.12
arunachal-pradesh,2023,2,Others,24941,20452183.5
arunachal-pradesh,2023,3,Recharge & bill payments,192344,50009581.52
arunachal-pradesh,2023,3,Peer-to-peer payments,173219,285811967.77
arunachal-pradesh,2023,3,Merchant payments,199378,127602187.46
arunachal-pradesh,2023,3,Financial Services,13327,32651738.46
arunachal-pradesh,2023,3,Others,24777,20317157.56
arunachal-pradesh,2023,4,Recharge & bill payments,216754,56356177.8
arunachal-pradesh,2023,4,Peer-to-peer payments,193720,319638888.2
arunachal-pradesh,2023,4,Merchant payments,233123,149199214.89
arunachal-pradesh,2023,4,Financial Services,16274,39871647.21
arunachal-pradesh,2023,4,Others,28921,23715769.7
assam,2018,1,Recharge & bill payments,1019330,265025969.75
assam,2018,1,Peer-to-peer payments,620035,1023058149.49
assam,2018,1,Merchant payments,378027,241937880.87
assam,2018,1,Financial Services,40812,99990382.11
assam,2018,1,Others,80658,66140204.74
assam,2018,2,Recharge & bill payments,1245817,323912462.05
assam,2018,2,Peer-to-peer payments,752305,1241303462.5
assam,2018,2,Merchant payments,472064,302121368.12
assam,2018,2,Financial Services,52334,128219935.51
assam,2018,2,Others,99638,81703908.59
assam,2018,3,Recharge & bill payments,1370187,356248683.63
assam,2018,3,Peer-to-peer payments,876812,1446740644.63
assam,2018,3,Merchant payments,541270,346413230.02
assam,2018,3,Financial Services,59970,146927452.23
assam,2018,3,Others,116929,95882399.59
assam,2018,4,Recharge & bill payments,1636197,425411420.57
assam,2018,4,Peer-to-peer payments,1033506,1705285167.28
assam,2018,4,Merchant payments,719576,460529268.52
assam,2018,4,Financial Services,73338,179679353.95
assam,2018,4,Others,142005,116444308.5
assam,2019,1,Recharge & bill payments,1392149,361958886.69
assam,2019,1,Peer-to-peer payments,912365,1505403866.15
assam,2019,1,Merchant payments,612202,391809335.8
assam,2019,1,Financial Services,62908,154124931.26
assam,2019,1,Others,118751,97376242.82
assam,2019,2,Recharge & bill payments,1489513,387273521.27
assam,2019,2,Peer-to-peer payments,954784,1575394527.88
assam,2019,2,Merchant payments,706894,452412659.64
assam,2019,2,Financial Services,68610,168096570.87
assam,2019,2,Others,133920,109815022.87
assam,2019,3,Recharge & bill payments,1694806,440649685.9
assam,2019,3,Peer-to-peer payments,1123340,1853511556.24
assam,2019,3,Merchant payments,841880,538803509.56
assam,2019,3,Financial Services,77151,189020357.73
assam,2019,3,Others,148300,121606148.7
assam,2019,4,Recharge & bill payments,1937478,503744304.41
assam,2019,4,Peer-to-peer payments,1257910,2075552173.89
assam,2019,4,Merchant payments,996815,637962230.8
assam,2019,4,Financial Services,93613,229352468.19
assam,2019,4,Others,181023,148439635.17
assam,2020,1,Recharge & bill payments,1564365,406734927.7
assam,2020,1,Peer-to-peer payments,1087744,1794777907.72
assam,2020,1,Merchant payments,830870,531757410.81
assam,2020,1,Financial Services,77768,190533181.72
assam,2020,1,Others,144707,118660114.65
assam,2020,2,Recharge & bill payments,1798206,467533613.98
assam,2020,2,Peer-to-peer payments,1268127,2092410000.11
assam,2020,2,Merchant payments,1014913,649544939.19
assam,2020,2,Financial Services,89209,218562878.77
assam,2020,2,Others,172112,141132121.1
assam,2020,3,Recharge & bill payments,1869324,486024359.14
assam,2020,3,Peer-to-peer payments,1275522,2104612432.61
assam,2020,3,Merchant payments,1077220,689421400.46
assam,2020,3,Financial Services,92979,227799695.12
assam,2020,3,Others,173586,142340760.21
assam,2020,4,Recharge & bill payments,2034611,528999112.85
assam,2020,4,Peer-to-peer payments,1495402,2467414441.47
assam,2020,4,Merchant payments,1310915,838986202.75
assam,2020,4,Financial Services,104002,254805655.63
assam,2020,4,Others,201417,165162426.55
assam,2021,1,Recharge & bill payments,1700289,442075164.75
assam,2021,1,Peer-to-peer payments,1184595,1954583197.36
assam,2021,1,Merchant payments,1066698,682687132.76
assam,2021,1,Financial Services,87236,213728456.05
assam,2021,1,Others,171663,140764381.83
assam,2021,2,Recharge & bill payments,1822753,473916016.82
assam,2021,2,Peer-to-peer payments,1337071,2206168679.52
assam,2021,2,Merchant payments,1212492,775994987.42
assam,2021,2,Financial Services,101350,248307672.05
assam,2021,2,Others,191978,157422557.4
assam,2021,3,Recharge & bill payments,1850694,481180521.32
assam,2021,3,Peer-to-peer payments,1407869,2322985451.04
assam,2021,3,Merchant payments,1361779,871538787.96
assam,2021,3,Financial Services,104708,256534735.34
assam,2021,3,Others,207518,170165025.95
assam,2021,4,Recharge & bill payments,2063159,536421529.72
assam,2021,4,Peer-to-peer payments,1641935,2709194153.3
assam,2021,4,Merchant payments,1571993,1006075593.73
assam,2021,4,Financial Services,123072,301528066.27
assam,2021,4,Others,232139,190354568.88
assam,2022,1,Recharge & bill payments,1662241,432182912.72
assam,2022,1,Peer-to-peer payments,1311677,2164267390.48
assam,2022,1,Merchant payments,1293471,827821672.29
assam,2022,1,Financial Services,96332,236015308.16
assam,2022,1,Others,181866,149130133.41
assam,2022,2,Recharge & bill payments,1899499,493869919.07
assam,2022,2,Peer-to-peer payments,1536025,2534441983.2
assam,2022,2,Merchant payments,1536384,983285809.39
assam,2022,2,Financial Services,114449,280400554.32
assam,2022,2,Others,220663,180944020.32
assam,2022,3,Recharge & bill payments,1883125,489612596.91
assam,2022,3,Peer-to-peer payments,1560290,2574478793.98
assam,2022,3,Merchant payments,1717816,1099402839.2
assam,2022,3,Financial Services,121941,298755841.81
assam,2022,3,Others,227404,186471830.31
assam,2022,4,Recharge & bill payments,2052017,533524525.44
assam,2022,4,Peer-to-peer payments,1751321,2889680852.12
assam,2022,4,Merchant payments,1949226,1247504933.58
assam,2022,4,Financial Services,139190,341017240.0
assam,2022,4,Others,246477,202111227.35
assam,2023,1,Recharge & bill payments,1642264,426988798.7
assam,2023,1,Peer-to-peer payments,1466542,2419795851.26
assam,2023,1,Merchant payments,1652127,1057361360.47
assam,2023,1,Financial Services,111387,272899691.08
assam,2023,1,Others,208589,171043735.21
assam,2023,2,Recharge & bill payments,1931775,502261539.75
assam,2023,2,Peer-to-peer payments,1661969,2742249751.84
assam,2023,2,Merchant payments,1947448,1246367180.52
assam,2023,2,Financial Services,137622,337175816.99
assam,2023,2,Others,245316,201159589.56
assam,2023,3,Recharge & bill payments,1937780,503822898.15
assam,2023,3,Peer-to-peer payments,1799612,2969359978.77
assam,2023,3,Merchant payments,2155394,1379452784.35
assam,2023,3,Financial Services,139609,342043315.12
assam,2023,3,Others,265085,217369973.46
assam,2023,4,Recharge & bill payments,2069445,538055822.15
assam,2023,4,Peer-to-peer payments,1944025,3207642458.22
assam,2023,4,Merchant payments,2385233,1526549452.49
assam,2023,4,Financial Services,153381,375785072.22
assam,2023,4,Others,287402,235670012.67
bihar,2018,1,Recharge & bill payments,1767873,459647113.66
bihar,2018,1,Peer-to-peer payments,994078,1640230140.44
bihar,2018,1,Merchant payments,623032,398740824.99
bihar,2018,1,Financial Services,69142,169399112.77
bihar,2018,1,Others,133916,109811375.79
bihar,2018,2,Recharge & bill payments,2085656,542270677.71
bihar,2018,2,Peer-to-peer payments,1219247,2011757851.37
bihar,2018,2,Merchant payments,782159,500581785.79
bihar,2018,2,Financial Services,84275,206475131.15
bihar,2018,2,Others,165145,135419012.33
bihar,2018,3,Recharge & bill payments,2285228,594159383.49
bihar,2018,3,Peer-to-peer payments,1437239,2371444901.6
bihar,2018,3,Merchant payments,924794,591868647.92
bihar,2018,3,Financial Services,95896,234946916.35
bihar,2018,3,Others,187828,154019640.47
bihar,2018,4,Recharge & bill payments,2951608,767418332.81
bihar,2018,4,Peer-to-peer payments,1777628,2933086757.26
bihar,2018,4,Merchant payments,1215351,777824677.09
bihar,2018,4,Financial Services,124354,304669620.36
bihar,2018,4,Others,250407,205334025.15
bihar,2019,1,Recharge & bill payments,2280127,592833097.95
bihar,2019,1,Peer-to-peer payments,1421231,2345031328.6
bihar,2019,1,Merchant payments,1002949,641887752.64
bihar,2019,1,Financial Services,98381,241033841.14
bihar,2019,1,Others,201421,165165450.87
bihar,2019,2,Recharge & bill payments,2849826,740954792.04
bihar,2019,2,Peer-to-peer payments,1722537,2842187364.12
bihar,2019,2,Merchant payments,1270042,812827001.81
bihar,2019,2,Financial Services,127422,312185518.06
bihar,2019,2,Others,247254,202748944.53
bihar,2019,3,Recharge & bill payments,3023457,786099077.29
bihar,2019,3,Peer-to-peer payments,1954557,3225019250.46
bihar,2019,3,Merchant payments,1462057,935716531.99
bihar,2019,3,Financial Services,135952,333083963.18
bihar,2019,3,Others,265961,218088393.48
bihar,2019,4,Recharge & bill payments,3376925,878000610.19
bihar,2019,4,Peer-to-peer payments,2258124,3725905612.86
bihar,2019,4,Merchant payments,1763417,1128587454.01
bihar,2019,4,Financial Services,155178,380188190.27
bihar,2019,4,Others,308815,253228636.64
bihar,2020,1,Recharge & bill payments,2814220,731697327.26
bihar,2020,1,Peer-to-peer payments,1885908,3111748749.38
bihar,2020,1,Merchant payments,1566172,1002350580.76
bihar,2020,1,Financial Services,135847,332827530.9
bihar,2020,1,Others,262606,215337081.46
bihar,2020,2,Recharge & bill payments,2977574,774169354.77
bihar,2020,2,Peer-to-peer payments,2054188,3389411359.11
bihar,2020,2,Merchant payments,1719810,1100678703.16
bihar,2020,2,Financial Services,150910,369731611.84
bihar,2020,2,Others,295369,242202661.54
bihar,2020,3,Recharge & bill payments,3221680,837636812.78
bihar,2020,3,Peer-to-peer payments,2287329,3774093243.54
bihar,2020,3,Merchant payments,1950650,1248416265.53
bihar,2020,3,Financial Services,160797,393954890.38
bihar,2020,3,Others,309959,254167090.45
bihar,2020,4,Recharge & bill payments,3635341,945188826.29
bihar,2020,4,Peer-to-peer payments,2661903,4392141457.37
bihar,2020,4,Merchant payments,2324181,1487475991.42
bihar,2020,4,Financial Services,186089,455918282.18
bihar,2020,4,Others,369369,302882929.64
bihar,2021,1,Recharge & bill payments,3062383,796219821.4
bihar,2021,1,Peer-to-peer payments,2183396,3602604213.7
bihar,2021,1,Merchant payments,1977900,1265856214.45
bihar,2021,1,Financial Services,161819,396456965.75
bihar,2021,1,Others,309755,253999331.77
bihar,2021,2,Recharge & bill payments,3230806,840009703.01
bihar,2021,2,Peer-to-peer payments,2418778,3990984350.46
bihar,2021,2,Merchant payments,2160078,1382450454.95
bihar,2021,2,Financial Services,173618,425365316.75
bihar,2021,2,Others,333180,273208134.18
bihar,2021,3,Recharge & bill payments,3500658,910171249.22
bihar,2021,3,Peer-to-peer payments,2641567,4358586714.24
bihar,2021,3,Merchant payments,2476773,1585134892.99
bihar,2021,3,Financial Services,198455,486215911.15
bihar,2021,3,Others,367676,301494914.77
bihar,2021,4,Recharge & bill payments,3826986,995016617.25
bihar,2021,4,Peer-to-peer payments,2813497,4642270716.27
bihar,2021,4,Merchant payments,2795147,1788894657.8
bihar,2021,4,Financial Services,220174,539426655.33
bihar,2021,4,Others,419007,343586247.31
bihar,2022,1,Recharge & bill payments,3116920,810399264.26
bihar,2022,1,Peer-to-peer payments,2422492,3997112386.92
bihar,2022,1,Merchant payments,2407328,1540690287.66
bihar,2022,1,Financial Services,184146,451157855.86
bihar,2022,1,Others,340946,279576123.41
bihar,2022,2,Recharge & bill payments,3110338,808688021.56
bihar,2022,2,Peer-to-peer payments,2375997,3920396579.16
bihar,2022,2,Merchant payments,2486742,1591515233.51
bihar,2022,2,Financial Services,184472,451957782.38
bihar,2022,2,Others,346510,284138780.3
bihar,2022,3,Recharge & bill payments,3468531,901818125.44
bihar,2022,3,Peer-to-peer payments,2794082,4610236359.31
bihar,2022,3,Merchant payments,2983827,1909649705.38
bihar,2022,3,Financial Services,217041,531750508.53
bihar,2022,3,Others,407281,333970816.91
bihar,2022,4,Recharge & bill payments,3832255,996386512.91
bihar,2022,4,Peer-to-peer payments,3186269,5257345184.15
bihar,2022,4,Merchant payments,3475852,2224545341.88
bihar,2022,4,Financial Services,238129,583417318.53
bihar,2022,4,Others,450266,369218773.92
bihar,2023,1,Recharge & bill payments,2946435,766073120.94
bihar,2023,1,Peer-to-peer payments,2546961,4202486294.42
bihar,2023,1,Merchant payments,2922008,1870085143.32
bihar,2023,1,Financial Services,201546,493787775.22
bihar,2023,1,Others,377765,309768085.3
bihar,2023,2,Recharge & bill payments,3235939,841344385.29
bihar,2023,2,Peer-to-peer payments,2793466,4609220012.49
bihar,2023,2,Merchant payments,3185072,2038446308.89
bihar,2023,2,Financial Services,215421,527783818.71
bihar,2023,2,Others,421305,345470652.46
bihar,2023,3,Recharge & bill payments,3396624,883122470.27
bihar,2023,3,Peer-to-peer payments,3080509,5082840902.59
bihar,2023,3,Merchant payments,3499593,2239740036.77
bihar,2023,3,Financial Services,243218,595884526.18
bihar,2023,3,Others,459061,376430454.73
bihar,2023,4,Recharge & bill payments,3618482,940805556.13
bihar,2023,4,Peer-to-peer payments,3333634,5500497629.21
bihar,2023,4,Merchant payments,4099528,2623697999.25
bihar,2023,4,Financial Services,262823,643917167.24
bihar,2023,4,Others,494457,405455218.19
chandigarh,2018,1,Recharge & bill payments,206289,53635342.96
chandigarh,2018,1,Peer-to-peer payments,120958,199582066.09
chandigarh,2018,1,Merchant payments,73090,46778034.45
chandigarh,2018,1,Financial Services,8152,19973663.01
chandigarh,2018,1,Others,15992,13114154.54
chandigarh,2018,2,Recharge & bill payments,245366,63795267.01
chandigarh,2018,2,Peer-to-peer payments,147261,242981043.23
chandigarh,2018,2,Merchant payments,92638,59288507.58
chandigarh,2018,2,Financial Services,9797,24003145.17
chandigarh,2018,2,Others,19604,16075751.23
chandigarh,2018,3,Recharge & bill payments,271500,70590046.35
chandigarh,2018,3,Peer-to-peer payments,170158,280762133.69
chandigarh,2018,3,Merchant payments,109201,69888948.72
chandigarh,2018,3,Financial Services,11464,28088021.55
chandigarh,2018,3,Others,22539,18482444.11
chandigarh,2018,4,Recharge & bill payments,316501,82290490.98
chandigarh,2018,4,Peer-to-peer payments,192174,317087534.83
chandigarh,2018,4,Merchant payments,129061,82599640.25
chandigarh,2018,4,Financial Services,13610,33346669.29
chandigarh,2018,4,Others,26277,21547342.22
chandigarh,2019,1,Recharge & bill payments,278770,72480380.99
chandigarh,2019,1,Peer-to-peer payments,179680,296472350.08
chandigarh,2019,1,Merchant payments,122088,78136591.14
chandigarh,2019,1,Financial Services,11921,29208227.26
chandigarh,2019,1,Others,24001,19681638.54
chandigarh,2019,2,Recharge & bill payments,322543,83861259.05
chandigarh,2019,2,Peer-to-peer payments,212117,349994224.43
chandigarh,2019,2,Merchant payments,149719,95820315.87
chandigarh,2019,2,Financial Services,14827,36328031.57
chandigarh,2019,2,Others,28504,23373757.77
chandigarh,2019,3,Recharge & bill payments,361420,93969456.96
chandigarh,2019,3,Peer-to-peer payments,235480,388542353.72
chandigarh,2019,3,Merchant payments,175272,112174548.31
chandigarh,2019,3,Financial Services,16557,40566663.16
chandigarh,2019,3,Others,32202,26405993.67
chandigarh,2019,4,Recharge & bill payments,391148,101698616.47
chandigarh,2019,4,Peer-to-peer payments,254787,420398764.61
chandigarh,2019,4,Merchant payments,204539,130905164.86
chandigarh,2019,4,Financial Services,18919,46352778.6
chandigarh,2019,4,Others,36502,29931691.9
chandigarh,2020,1,Recharge & bill payments,328974,85533469.17
chandigarh,2020,1,Peer-to-peer payments,220392,363647986.98
chandigarh,2020,1,Merchant payments,181292,116027138.25
chandigarh,2020,1,Financial Services,15776,38652321.36
chandigarh,2020,1,Others,31638,25943448.55
chandigarh,2020,2,Recharge & bill payments,333267,86649587.9
chandigarh,2020,2,Peer-to-peer payments,235275,388204303.35
chandigarh,2020,2,Merchant payments,189251,121120810.88
chandigarh,2020,2,Financial Services,17030,41723759.06
chandigarh,2020,2,Others,31995,26236187.61
chandigarh,2020,3,Recharge & bill payments,391235,101721153.58
chandigarh,2020,3,Peer-to-peer payments,279410,461026921.12
chandigarh,2020,3,Merchant payments,237136,151767167.0
chandigarh,2020,3,Financial Services,19427,47597607.6
chandigarh,2020,3,Others,37358,30633599.22
chandigarh,2020,4,Recharge & bill payments,415732,108090420.29
chandigarh,2020,4,Peer-to-peer payments,290140,478731932.21
chandigarh,2020,4,Merchant payments,255557,163556628.31
chandigarh,2020,4,Financial Services,20971,51381176.65
chandigarh,2020,4,Others,41701,34194985.43
chandigarh,2021,1,Recharge & bill payments,335313,87181526.65
chandigarh,2021,1,Peer-to-peer payments,251639,415205605.74
chandigarh,2021,1,Merchant payments,226227,144785892.91
chandigarh,2021,1,Financial Services,18251,44717190.67
chandigarh,2021,1,Others,34562,28341058.59
chandigarh,2021,2,Recharge & bill payments,355871,92526626.42
chandigarh,2021,2,Peer-to-peer payments,266753,440142755.32
chandigarh,2021,2,Merchant payments,241107,154309099.27
chandigarh,2021,2,Financial Services,19050,46674327.78
chandigarh,2021,2,Others,36624,30031730.81
chandigarh,2021,3,Recharge & bill payments,385864,100324826.34
chandigarh,2021,3,Peer-to-peer payments,284318,469125762.29
chandigarh,2021,3,Merchant payments,268386,171767397.25
chandigarh,2021,3,Financial Services,20714,50751481.68
chandigarh,2021,3,Others,40296,33043156.78
chandigarh,2021,4,Recharge & bill payments,455526,118436909.3
chandigarh,2021,4,Peer-to-peer payments,351394,579800512.04
chandigarh,2021,4,Merchant payments,336649,215455997.7
chandigarh,2021,4,Financial Services,25838,63304159.49
chandigarh,2021,4,Others,47846,39233815.38
chandigarh,2022,1,Recharge & bill payments,360950,93847180.58
chandigarh,2022,1,Peer-to-peer payments,282384,465935104.19
chandigarh,2022,1,Merchant payments,283639,181529402.49
chandigarh,2022,1,Financial Services,21593,52904451.1
chandigarh,2022,1,Others,38865,31869662.97
chandigarh,2022,2,Recharge & bill payments,350831,91216214.87
chandigarh,2022,2,Peer-to-peer payments,289556,477767785.95
chandigarh,2022,2,Merchant payments,294582,188533015.27
chandigarh,2022,2,Financial Services,21085,51660438.78
chandigarh,2022,2,Others,41888,34348364.92
chandigarh,2022,3,Recharge & bill payments,384615,99999909.04
chandigarh,2022,3,Peer-to-peer payments,312737,516017423.67
chandigarh,2022,3,Merchant payments,342433,219157297.42
chandigarh,2022,3,Financial Services,23914,58590270.01
chandigarh,2022,3,Others,44642,36606959.51
chandigarh,2022,4,Recharge & bill payments,418264,108748696.12
chandigarh,2022,4,Peer-to-peer payments,346854,572310515.2
chandigarh,2022,4,Merchant payments,388963,248936940.05
chandigarh,2022,4,Financial Services,27210,66665564.81
chandigarh,2022,4,Others,51847,42514990.24
chandigarh,2023,1,Recharge & bill payments,340152,88439736.05
chandigarh,2023,1,Peer-to-peer payments,293435,484169033.49
chandigarh,2023,1,Merchant payments,315124,201679418.96
chandigarh,2023,1,Financial Services,22729,55686392.88
chandigarh,2023,1,Others,40605,33296491.86
chandigarh,2023,2,Recharge & bill payments,397414,103327754.83
chandigarh,2023,2,Peer-to-peer payments,339585,560316605.44
chandigarh,2023,2,Merchant payments,403404,258178983.74
chandigarh,2023,2,Financial Services,26409,64702225.94
chandigarh,2023,2,Others,48853,40060273.41
chandigarh,2023,3,Recharge & bill payments,406989,105817241.26
chandigarh,2023,3,Peer-to-peer payments,365124,602455861.39
chandigarh,2023,3,Merchant payments,435343,278620007.04
chandigarh,2023,3,Financial Services,29339,71882820.76
chandigarh,2023,3,Others,54157,44408980.42
chandigarh,2023,4,Recharge & bill payments,417519,108555112.98
chandigarh,2023,4,Peer-to-peer payments,384727,634800429.4
chandigarh,2023,4,Merchant payments,475139,304089260.17
chandigarh,2023,4,Financial Services,31584,77382933.48
chandigarh,2023,4,Others,55511,45519182.94
chhattisgarh,2018,1,Recharge & bill payments,941437,244773820.18
chhattisgarh,2018,1,Peer-to-peer payments,557833,920425974.67
chhattisgarh,2018,1,Merchant payments,336974,215663787.89
chhattisgarh,2018,1,Financial Services,38077,93288694.64
chhattisgarh,2018,1,Others,75668,62048437.06
chhattisgarh,2018,2,Recharge & bill payments,1040053,270414003.91
chhattisgarh,2018,2,Peer-to-peer payments,629492,1038662315.12
chhattisgarh,2018,2,Merchant payments,408865,261673713.08
chhattisgarh,2018,2,Financial Services,44110,108069975.27
chhattisgarh,2018,2,Others,87475,71730054.03
chhattisgarh,2018,3,Recharge & bill payments,1261487,327986775.04
chhattisgarh,2018,3,Peer-to-peer payments,764359,1261193226.4
chhattisgarh,2018,3,Merchant payments,476962,305255932.65
chhattisgarh,2018,3,Financial Services,52604,128880484.4
chhattisgarh,2018,3,Others,100720,82590675.77
chhattisgarh,2018,4,Recharge & bill payments,1436280,373432815.86
chhattisgarh,2018,4,Peer-to-peer payments,890619,1469521864.62
chhattisgarh,2018,4,Merchant payments,588521,376653701.16
chhattisgarh,2018,4,Financial Services,60346,147848176.05
chhattisgarh,2018,4,Others,120368,98702447.02
chhattisgarh,2019,1,Recharge & bill payments,1198910,311716722.58
chhattisgarh,2019,1,Peer-to-peer payments,743314,1226468840.0
chhattisgarh,2019,1,Merchant payments,536536,343383190.87
chhattisgarh,2019,1,Financial Services,54057,132441179.43
chhattisgarh,2019,1,Others,104336,85556098.26
chhattisgarh,2019,2,Recharge & bill payments,1429018,371544890.77
chhattisgarh,2019,2,Peer-to-peer payments,944632,1558644437.68
chhattisgarh,2019,2,Merchant payments,671535,429782763.99
chhattisgarh,2019,2,Financial Services,64878,158952855.95
chhattisgarh,2019,2,Others,128084,105029462.29
chhattisgarh,2019,3,Recharge & bill payments,1541861,400884029.87
chhattisgarh,2019,3,Peer-to-peer payments,1010117,1666693832.94
chhattisgarh,2019,3,Merchant payments,759052,485793801.92
chhattisgarh,2019,3,Financial Services,72252,177018511.93
chhattisgarh,2019,3,Others,144562,118541457.74
chhattisgarh,2019,4,Recharge & bill payments,1892002,491920580.2
chhattisgarh,2019,4,Peer-to-peer payments,1198817,1978048444.46
chhattisgarh,2019,4,Merchant payments,946127,605521359.36
chhattisgarh,2019,4,Financial Services,88272,216268659.91
chhattisgarh,2019,4,Others,169617,139086157.28
chhattisgarh,2020,1,Recharge & bill payments,1420333,369286779.35
chhattisgarh,2020,1,Peer-to-peer payments,946798,1562217347.37
chhattisgarh,2020,1,Merchant payments,725785,464502672.36
chhattisgarh,2020,1,Financial Services,66946,164018704.67
chhattisgarh,2020,1,Others,130135,106710754.22
chhattisgarh,2020,2,Recharge & bill payments,1572038,408730021.12
chhattisgarh,2020,2,Peer-to-peer payments,1047858,1728967171.37
chhattisgarh,2020,2,Merchant payments,896728,573906170.44
chhattisgarh,2020,2,Financial Services,76567,187590324.05
chhattisgarh,2020,2,Others,153690,126026427.9
chhattisgarh,2020,3,Recharge & bill payments,1638474,426003249.93
chhattisgarh,2020,3,Peer-to-peer payments,1146694,1892045512.12
chhattisgarh,2020,3,Merchant payments,1007817,645003307.62
chhattisgarh,2020,3,Financial Services,82692,202596839.26
chhattisgarh,2020,3,Others,164409,134815820.77
chhattisgarh,2020,4,Recharge & bill payments,1874873,487467173.22
chhattisgarh,2020,4,Peer-to-peer payments,1342820,2215653873.62
chhattisgarh,2020,4,Merchant payments,1157510,740806959.93
chhattisgarh,2020,4,Financial Services,97478,238821640.01
chhattisgarh,2020,4,Others,184775,151515845.28
chhattisgarh,2021,1,Recharge & bill payments,1531184,398108013.76
chhattisgarh,2021,1,Peer-to-peer payments,1136658,1875485966.62
chhattisgarh,2021,1,Merchant payments,1003641,642330476.23
chhattisgarh,2021,1,Financial Services,79830,195585287.29
chhattisgarh,2021,1,Others,160576,131673068.97
chhattisgarh,2021,2,Recharge & bill payments,1657750,431015005.64
chhattisgarh,2021,2,Peer-to-peer payments,1230965,2031093342.86
chhattisgarh,2021,2,Merchant payments,1163363,744552844.12
chhattisgarh,2021,2,Financial Services,92192,225871468.2
chhattisgarh,2021,2,Others,180865,148309813.52
chhattisgarh,2021,3,Recharge & bill payments,1725116,448530329.71
chhattisgarh,2021,3,Peer-to-peer payments,1283616,2117966689.33
chhattisgarh,2021,3,Merchant payments,1223592,783099200.53
chhattisgarh,2021,3,Financial Services,96368,236101610.21
chhattisgarh,2021,3,Others,187890,154070433.78
chhattisgarh,2021,4,Recharge & bill payments,1957750,509015245.67
chhattisgarh,2021,4,Peer-to-peer payments,1476110,2435582406.4
chhattisgarh,2021,4,Merchant payments,1460179,934514938.38
chhattisgarh,2021,4,Financial Services,117702,288370236.99
chhattisgarh,2021,4,Others,214245,175681335.06
chhattisgarh,2022,1,Recharge & bill payments,1527913,397257603.01
chhattisgarh,2022,1,Peer-to-peer payments,1177949,1943616061.22
chhattisgarh,2022,1,Merchant payments,1176832,753172588.99
chhattisgarh,2022,1,Financial Services,90818,222505801.78
chhattisgarh,2022,1,Others,167841,137630423.4
chhattisgarh,2022,2,Recharge & bill payments,1652931,429762166.03
chhattisgarh,2022,2,Peer-to-peer payments,1311401,2163811957.79
chhattisgarh,2022,2,Merchant payments,1353768,866411678.84
chhattisgarh,2022,2,Financial Services,102240,250488833.0
chhattisgarh,2022,2,Others,192172,157581807.57
chhattisgarh,2022,3,Recharge & bill payments,1771032,460468427.63
chhattisgarh,2022,3,Peer-to-peer payments,1427501,2355376868.66
chhattisgarh,2022,3,Merchant payments,1521660,973862802.89
chhattisgarh,2022,3,Financial Services,115040,281849716.2
chhattisgarh,2022,3,Others,206485,169318168.64
chhattisgarh,2022,4,Recharge & bill payments,1960775,509801714.07
chhattisgarh,2022,4,Peer-to-peer payments,1615913,2666256525.57
chhattisgarh,2022,4,Merchant payments,1777169,1137388399.0
chhattisgarh,2022,4,Financial Services,128789,315535284.09
chhattisgarh,2022,4,Others,236601,194013618.45
chhattisgarh,2023,1,Recharge & bill payments,1562565,406267045.67
chhattisgarh,2023,1,Peer-to-peer payments,1345947,2220813795.3
chhattisgarh,2023,1,Merchant payments,1476131,944723975.84
chhattisgarh,2023,1,Financial Services,103100,252597152.91
chhattisgarh,2023,1,Others,191560,157079596.58
chhattisgarh,2023,2,Recharge & bill payments,1600587,416152649.58
chhattisgarh,2023,2,Peer-to-peer payments,1439389,2374991856.0
chhattisgarh,2023,2,Merchant payments,1654115,1058633939.94
chhattisgarh,2023,2,Financial Services,114553,280657098.82
chhattisgarh,2023,2,Others,203706,167039113.59
chhattisgarh,2023,3,Recharge & bill payments,1771490,460587431.89
chhattisgarh,2023,3,Peer-to-peer payments,1584995,2615241878.13
chhattisgarh,2023,3,Merchant payments,1883283,1205301245.49
chhattisgarh,2023,3,Financial Services,124855,305894799.84
chhattisgarh,2023,3,Others,228767,187589325.19
chhattisgarh,2023,4,Recharge & bill payments,1926942,501005130.63
chhattisgarh,2023,4,Peer-to-peer payments,1732069,2857914017.11
chhattisgarh,2023,4,Merchant payments,2126490,1360954146.78
chhattisgarh,2023,4,Financial Services,134810,330285420.18
chhattisgarh,2023,4,Others,262907,215583822.84
dadra-&-nagar-haveli-&-daman-&-diu,2018,1,Recharge & bill payments,101689,26439225.22
dadra-&-nagar-haveli-&-daman-&-diu,2018,1,Peer-to-peer payments,60246,99407284.51
dadra-&-nagar-haveli-&-daman-&-diu,2018,1,Merchant payments,34798,22270837.02
dadra-&-nagar-haveli-&-daman-&-diu,2018,1,Financial Services,3921,9607705.33
dadra-&-nagar-haveli-&-daman-&-diu,2018,1,Others,8067,6615055.88
dadra-&-nagar-haveli-&-daman-&-diu,2018,2,Recharge & bill payments,118264,30748890.16
dadra-&-nagar-haveli-&-daman-&-diu,2018,2,Peer-to-peer payments,73847,121847906.28
dadra-&-nagar-haveli-&-daman-&-diu,2018,2,Merchant payments,44323,28366804.95
dadra-&-nagar-haveli-&-daman-&-diu,2018,2,Financial Services,4871,11935352.31
dadra-&-nagar-haveli-&-daman-&-diu,2018,2,Others,9932,8144367.57
dadra-&-nagar-haveli-&-daman-&-diu,2018,3,Recharge & bill payments,138814,36091765.58
dadra-&-nagar-haveli-&-daman-&-diu,2018,3,Peer-to-peer payments,87428,144256715.71
dadra-&-nagar-haveli-&-daman-&-diu,2018,3,Merchant payments,55151,35297087.54
dadra-&-nagar-haveli-&-daman-&-diu,2018,3,Financial Services,5919,14503169.19
dadra-&-nagar-haveli-&-daman-&-diu,2018,3,Others,11713,9605346.12
dadra-&-nagar-haveli-&-daman-&-diu,2018,4,Recharge & bill payments,160321,41683641.1
dadra-&-nagar-haveli-&-daman-&-diu,2018,4,Peer-to-peer payments,100026,165044127.58
dadra-&-nagar-haveli-&-daman-&-diu,2018,4,Merchant payments,66544,42588175.75
dadra-&-nagar-haveli-&-daman-&-diu,2018,4,Financial Services,6720,16465271.32
dadra-&-nagar-haveli-&-daman-&-diu,2018,4,Others,13098,10740750.65
dadra-&-nagar-haveli-&-daman-&-diu,2019,1,Recharge & bill payments,141126,36692859.43
dadra-&-nagar-haveli-&-daman-&-diu,2019,1,Peer-to-peer payments,85393,140899449.05
dadra-&-nagar-haveli-&-daman-&-diu,2019,1,Merchant payments,62451,39969222.26
dadra-&-nagar-haveli-&-daman-&-diu,2019,1,Financial Services,6265,15351234.0
dadra-&-nagar-haveli-&-daman-&-diu,2019,1,Others,11749,9634982.27
dadra-&-nagar-haveli-&-daman-&-diu,2019,2,Recharge & bill payments,156410,40666656.35
dadra-&-nagar-haveli-&-daman-&-diu,2019,2,Peer-to-peer payments,99564,164281523.85
dadra-&-nagar-haveli-&-daman-&-diu,2019,2,Merchant payments,70332,45012765.81
dadra-&-nagar-haveli-&-daman-&-diu,2019,2,Financial Services,6939,17001546.22
dadra-&-nagar-haveli-&-daman-&-diu,2019,2,Others,13405,10992696.77
dadra-&-nagar-haveli-&-daman-&-diu,2019,3,Recharge & bill payments,171927,44701149.96
dadra-&-nagar-haveli-&-daman-&-diu,2019,3,Peer-to-peer payments,107596,177534573.5
dadra-&-nagar-haveli-&-daman-&-diu,2019,3,Merchant payments,82892,53051192.04
dadra-&-nagar-haveli-&-daman-&-diu,2019,3,Financial Services,7683,18824749.72
dadra-&-nagar-haveli-&-daman-&-diu,2019,3,Others,15391,12620852.29
dadra-&-nagar-haveli-&-daman-&-diu,2019,4,Recharge & bill payments,201998,52519662.89
dadra-&-nagar-haveli-&-daman-&-diu,2019,4,Peer-to-peer payments,133890,220918991.86
dadra-&-nagar-haveli-&-daman-&-diu,2019,4,Merchant payments,102393,65531830.26
dadra-&-nagar-haveli-&-daman-&-diu,2019,4,Financial Services,9481,23229484.83
dadra-&-nagar-haveli-&-daman-&-diu,2019,4,Others,18713,15344840.99
dadra-&-nagar-haveli-&-daman-&-diu,2020,1,Recharge & bill payments,161863,42084587.38
dadra-&-nagar-haveli-&-daman-&-diu,2020,1,Peer-to-peer payments,109300,180346499.97
dadra-&-nagar-haveli-&-daman-&-diu,2020,1,Merchant payments,90309,57798161.14
dadra-&-nagar-haveli-&-daman-&-diu,2020,1,Financial Services,8041,19701563.39
dadra-&-nagar-haveli-&-daman-&-diu,2020,1,Others,15220,12480646.69
dadra-&-nagar-haveli-&-daman-&-diu,2020,2,Recharge & bill payments,179443,46655202.24
dadra-&-nagar-haveli-&-daman-&-diu,2020,2,Peer-to-peer payments,122685,202431473.35
dadra-&-nagar-haveli-&-daman-&-diu,2020,2,Merchant payments,103434,66197951.36
dadra-&-nagar-haveli-&-daman-&-diu,2020,2,Financial Services,8849,21680057.35
dadra-&-nagar-haveli-&-daman-&-diu,2020,2,Others,17707,14520532.9
dadra-&-nagar-haveli-&-daman-&-diu,2020,3,Recharge & bill payments,184917,48078450.67
dadra-&-nagar-haveli-&-daman-&-diu,2020,3,Peer-to-peer payments,129905,214343657.93
dadra-&-nagar-haveli-&-daman-&-diu,2020,3,Merchant payments,107204,68610776.42
dadra-&-nagar-haveli-&-daman-&-diu,2020,3,Financial Services,9405,23043045.52
dadra-&-nagar-haveli-&-daman-&-diu,2020,3,Others,17923,14696963.89
dadra-&-nagar-haveli-&-daman-&-diu,2020,4,Recharge & bill payments,202313,52601575.19
dadra-&-nagar-haveli-&-daman-&-diu,2020,4,Peer-to-peer payments,146651,241974812.44
dadra-&-nagar-haveli-&-daman-&-diu,2020,4,Merchant payments,123116,78794309.53
dadra-&-nagar-haveli-&-daman-&-diu,2020,4,Financial Services,10268,25156898.95
dadra-&-nagar-haveli-&-daman-&-diu,2020,4,Others,19898,16316890.07
dadra-&-nagar-haveli-&-daman-&-diu,2021,1,Recharge & bill payments,170919,44438968.74
dadra-&-nagar-haveli-&-daman-&-diu,2021,1,Peer-to-peer payments,126786,209198130.05
dadra-&-nagar-haveli-&-daman-&-diu,2021,1,Merchant payments,112414,71945538.81
dadra-&-nagar-haveli-&-daman-&-diu,2021,1,Financial Services,9311,22813859.83
dadra-&-nagar-haveli-&-daman-&-diu,2021,1,Others,18080,14826228.36
dadra-&-nagar-haveli-&-daman-&-diu,2021,2,Recharge & bill payments,182437,47433757.61
dadra-&-nagar-haveli-&-daman-&-diu,2021,2,Peer-to-peer payments,137889,227518185.96
dadra-&-nagar-haveli-&-daman-&-diu,2021,2,Merchant payments,124001,79361131.14
dadra-&-nagar-haveli-&-daman-&-diu,2021,2,Financial Services,9800,24011961.15
dadra-&-nagar-haveli-&-daman-&-diu,2021,2,Others,18717,15348425.0
dadra-&-nagar-haveli-&-daman-&-diu,2021,3,Recharge & bill payments,200526,52136993.41
dadra-&-nagar-haveli-&-daman-&-diu,2021,3,Peer-to-peer payments,145069,239364985.5
dadra-&-nagar-haveli-&-daman-&-diu,2021,3,Merchant payments,144424,92431598.12
dadra-&-nagar-haveli-&-daman-&-diu,2021,3,Financial Services,11507,28193220.15
dadra-&-nagar-haveli-&-daman-&-diu,2021,3,Others,21580,17695853.9
dadra-&-nagar-haveli-&-daman-&-diu,2021,4,Recharge & bill payments,228332,59366469.04
dadra-&-nagar-haveli-&-daman-&-diu,2021,4,Peer-to-peer payments,172800,285121184.42
dadra-&-nagar-haveli-&-daman-&-diu,2021,4,Merchant payments,173704,111170909.28
dadra-&-nagar-haveli-&-daman-&-diu,2021,4,Financial Services,12957,31746821.58
dadra-&-nagar-haveli-&-daman-&-diu,2021,4,Others,24360,19975710.49
dadra-&-nagar-haveli-&-daman-&-diu,2022,1,Recharge & bill payments,183726,47768912.78
dadra-&-nagar-haveli-&-daman-&-diu,2022,1,Peer-to-peer payments,138351,228280448.03
dadra-&-nagar-haveli-&-daman-&-diu,2022,1,Merchant payments,144868,92715937.93
dadra-&-nagar-haveli-&-daman-&-diu,2022,1,Financial Services,10932,26784224.74
dadra-&-nagar-haveli-&-daman-&-diu,2022,1,Others,20625,16913152.48
dadra-&-nagar-haveli-&-daman-&-diu,2022,2,Recharge & bill payments,188147,48918365.98
dadra-&-nagar-haveli-&-daman-&-diu,2022,2,Peer-to-peer payments,150804,248827698.82
dadra-&-nagar-haveli-&-daman-&-diu,2022,2,Merchant payments,150357,96228648.29
dadra-&-nagar-haveli-&-daman-&-diu,2022,2,Financial Services,11046,27063627.18
dadra-&-nagar-haveli-&-daman-&-diu,2022,2,Others,21672,17771690.15
dadra-&-nagar-haveli-&-daman-&-diu,2022,3,Recharge & bill payments,201506,52391632.63
dadra-&-nagar-haveli-&-daman-&-diu,2022,3,Peer-to-peer payments,164542,271494312.91
dadra-&-nagar-haveli-&-daman-&-diu,2022,3,Merchant payments,172389,110329313.44
dadra-&-nagar-haveli-&-daman-&-diu,2022,3,Financial Services,12821,31413263.45
dadra-&-nagar-haveli-&-daman-&-diu,2022,3,Others,23685,19421856.26
dadra-&-nagar-haveli-&-daman-&-diu,2022,4,Recharge & bill payments,226013,58763557.1
dadra-&-nagar-haveli-&-daman-&-diu,2022,4,Peer-to-peer payments,185662,306343910.49
dadra-&-nagar-haveli-&-daman-&-diu,2022,4,Merchant payments,206972,132462412.2
dadra-&-nagar-haveli-&-daman-&-diu,2022,4,Financial Services,14574,35707109.81
dadra-&-nagar-haveli-&-daman-&-diu,2022,4,Others,27079,22205495.84
dadra-&-nagar-haveli-&-daman-&-diu,2023,1,Recharge & bill payments,176241,45822714.03
dadra-&-nagar-haveli-&-daman-&-diu,2023,1,Peer-to-peer payments,149497,246671647.49
dadra-&-nagar-haveli-&-daman-&-diu,2023,1,Merchant payments,171004,109443075.23
dadra-&-nagar-haveli-&-daman-&-diu,2023,1,Financial Services,12324,30195651.6
dadra-&-nagar-haveli-&-daman-&-diu,2023,1,Others,22511,18459743.19
dadra-&-nagar-haveli-&-daman-&-diu,2023,2,Recharge & bill payments,183523,47716031.8
dadra-&-nagar-haveli-&-daman-&-diu,2023,2,Peer-to-peer payments,161861,267071274.89
dadra-&-nagar-haveli-&-daman-&-diu,2023,2,Merchant payments,188237,120472147.06
dadra-&-nagar-haveli-&-daman-&-diu,2023,2,Financial Services,12658,31013286.54
dadra-&-nagar-haveli-&-daman-&-diu,2023,2,Others,23617,19365951.88
dadra-&-nagar-haveli-&-daman-&-diu,2023,3,Recharge & bill payments,191889,49891165.62
dadra-&-nagar-haveli-&-daman-&-diu,2023,3,Peer-to-peer payments,179201,295683198.66
dadra-&-nagar-haveli-&-daman-&-diu,2023,3,Merchant payments,211974,135663426.77
dadra-&-nagar-haveli-&-daman-&-diu,2023,3,Financial Services,14101,34547759.47
dadra-&-nagar-haveli-&-daman-&-diu,2023,3,Others,26032,21346517.12
dadra-&-nagar-haveli-&-daman-&-diu,2023,4,Recharge & bill payments,215988,56157111.63
dadra-&-nagar-haveli-&-daman-&-diu,2023,4,Peer-to-peer payments,196915,324910766.61
dadra-&-nagar-haveli-&-daman-&-diu,2023,4,Merchant payments,234920,150349260.63
dadra-&-nagar-haveli-&-daman-&-diu,2023,4,Financial Services,16279,39885482.62
dadra-&-nagar-haveli-&-daman-&-diu,2023,4,Others,28425,23308510.55
delhi,2018,1,Recharge & bill payments,2935105,763127460.99
delhi,2018,1,Peer-to-peer payments,1656523,2733263729.13
delhi,2018,1,Merchant payments,1022294,654268710.66
delhi,2018,1,Financial Services,115019,281798702.84
delhi,2018,1,Others,232369,190542987.59
delhi,2018,2,Recharge & bill payments,3295125,856732689.37
delhi,2018,2,Peer-to-peer payments,1944079,3207731871.26
delhi,2018,2,Merchant payments,1179190,754682012.86
delhi,2018,2,Financial Services,131088,321167605.56
delhi,2018,2,Others,264816,217149267.97
delhi,2018,3,Recharge & bill payments,4100885,1066230140.28
delhi,2018,3,Peer-to-peer payments,2404959,3968183359.66
delhi,2018,3,Merchant payments,1583822,1013646246.42
delhi,2018,3,Financial Services,169727,415833591.68
delhi,2018,3,Others,340421,279145868.47
delhi,2018,4,Recharge & bill payments,4432877,1152548108.91
delhi,2018,4,Peer-to-peer payments,2607711,4302723169.76
delhi,2018,4,Merchant payments,1842987,1179511957.48
delhi,2018,4,Financial Services,181766,445328930.78
delhi,2018,4,Others,360465,295582038.8
delhi,2019,1,Recharge & bill payments,3999091,1039763891.56
delhi,2019,1,Peer-to-peer payments,2525895,4167727893.06
delhi,2019,1,Merchant payments,1754974,1123183921.93
delhi,2019,1,Financial Services,171339,419782896.17
delhi,2019,1,Others,340933,279565222.63
delhi,2019,2,Recharge & bill payments,4221963,1097710390.36
delhi,2019,2,Peer-to-peer payments,2617414,4318734324.82
delhi,2019,2,Merchant payments,1891238,1210392357.41
delhi,2019,2,Financial Services,186891,457885251.43
delhi,2019,2,Others,371556,304676535.1
delhi,2019,3,Recharge & bill payments,4913413,1277487639.51
delhi,2019,3,Peer-to-peer payments,3269226,5394223756.91
delhi,2019,3,Merchant payments,2452053,1569314492.83
delhi,2019,3,Financial Services,219221,537092193.23
delhi,2019,3,Others,426944,350094884.6
delhi,2019,4,Recharge & bill payments,5196476,1351083891.87
delhi,2019,4,Peer-to-peer payments,3360776,5545280606.18
delhi,2019,4,Merchant payments,2696969,1726060487.4
delhi,2019,4,Financial Services,244907,600022697.6
delhi,2019,4,Others,480559,394058962.01
delhi,2020,1,Recharge & bill payments,4494126,1168472853.76
delhi,2020,1,Peer-to-peer payments,2912905,4806294059.77
delhi,2020,1,Merchant payments,2397787,1534583708.74
delhi,2020,1,Financial Services,207855,509245620.48
delhi,2020,1,Others,407242,333939254.64
delhi,2020,2,Recharge & bill payments,4939645,1284307748.84
delhi,2020,2,Peer-to-peer payments,3271590,5398123975.48
delhi,2020,2,Merchant payments,2786126,1783121253.6
delhi,2020,2,Financial Services,234513,574558202.4
delhi,2020,2,Others,461383,378334625.97
delhi,2020,3,Recharge & bill payments,5400249,1404064759.57
delhi,2020,3,Peer-to-peer payments,3606899,5951383447.49
delhi,2020,3,Merchant payments,3160119,2022476555.71
delhi,2020,3,Financial Services,274000,671300731.68
delhi,2020,3,Others,509867,418091044.13
delhi,2020,4,Recharge & bill payments,5945483,1545825835.59
delhi,2020,4,Peer-to-peer payments,4198364,6927301349.56
delhi,2020,4,Merchant payments,3698592,2367098905.74
delhi,2020,4,Financial Services,299402,733535388.42
delhi,2020,4,Others,589781,483621080.6
delhi,2021,1,Recharge & bill payments,4636791,1205565834.6
delhi,2021,1,Peer-to-peer payments,3331347,5496723811.09
delhi,2021,1,Merchant payments,2973288,1902904432.03
delhi,2021,1,Financial Services,250644,614078030.08
delhi,2021,1,Others,479553,393233896.05
delhi,2021,2,Recharge & bill payments,4842798,1259127610.57
delhi,2021,2,Peer-to-peer payments,3548746,5855432076.71
delhi,2021,2,Merchant payments,3246532,2077780717.73
delhi,2021,2,Financial Services,264700,648516016.85
delhi,2021,2,Others,513332,420932697.61
delhi,2021,3,Recharge & bill payments,5758316,1497162224.87
delhi,2021,3,Peer-to-peer payments,4186554,6907815645.25
delhi,2021,3,Merchant payments,4016573,2570607004.18
delhi,2021,3,Financial Services,307135,752482344.35
delhi,2021,3,Others,594545,487527193.45
delhi,2021,4,Recharge & bill payments,6236232,1621420351.05
delhi,2021,4,Peer-to-peer payments,4878505,8049533749.33
delhi,2021,4,Merchant payments,4768103,3051586319.89
delhi,2021,4,Financial Services,353442,865933557.54
delhi,2021,4,Others,671383,550534491.85
delhi,2022,1,Recharge & bill payments,4644663,1207612566.89
delhi,2022,1,Peer-to-peer payments,3705297,6113740623.1
delhi,2022,1,Merchant payments,3798523,2431055096.97
delhi,2022,1,Financial Services,282565,692284300.98
delhi,2022,1,Others,520788,427046687.81
delhi,2022,2,Recharge & bill payments,4927772,1281220779.51
delhi,2022,2,Peer-to-peer payments,3921025,6469692265.01
delhi,2022,2,Merchant payments,4135956,2647012184.08
delhi,2022,2,Financial Services,291535,714262259.57
delhi,2022,2,Others,568865,466469336.01
delhi,2022,3,Recharge & bill payments,5400553,1404143923.83
delhi,2022,3,Peer-to-peer payments,4302715,7099481225.27
delhi,2022,3,Merchant payments,4472243,2862235633.72
delhi,2022,3,Financial Services,329209,806563184.19
delhi,2022,3,Others,613378,502970241.72
delhi,2022,4,Recharge & bill payments,6139850,1596361028.82
delhi,2022,4,Peer-to-peer payments,4976548,8211305158.08
delhi,2022,4,Merchant payments,5614972,3593582619.82
delhi,2022,4,Financial Services,401692,984146501.73
delhi,2022,4,Others,735011,602709671.61
delhi,2023,1,Recharge & bill payments,4588530,1193017813.01
delhi,2023,1,Peer-to-peer payments,4111156,6783407437.01
delhi,2023,1,Merchant payments,4416381,2826483967.92
delhi,2023,1,Financial Services,309013,757082270.3
delhi,2023,1,Others,579002,474781933.5
delhi,2023,2,Recharge & bill payments,5454977,1418294199.54
delhi,2023,2,Peer-to-peer payments,4657995,7685693170.16
delhi,2023,2,Merchant payments,5221314,3341641185.39
delhi,2023,2,Financial Services,359481,880729191.36
delhi,2023,2,Others,701207,574990275.64
delhi,2023,3,Recharge & bill payments,5107906,1328055706.59
delhi,2023,3,Peer-to-peer payments,4826045,7962975548.04
delhi,2023,3,Merchant payments,5457494,3492796503.68
delhi,2023,3,Financial Services,377736,925454137.53
delhi,2023,3,Others,707373,580045929.55
delhi,2023,4,Recharge & bill payments,5607150,1457859156.45
delhi,2023,4,Peer-to-peer payments,5454819,9000452038.71
delhi,2023,4,Merchant payments,6453742,4130394937.21
delhi,2023,4,Financial Services,414037,1014392898.38
delhi,2023,4,Others,785395,644024309.79
goa,2018,1,Recharge & bill payments,300811,78210998.78
goa,2018,1,Peer-to-peer payments,175340,289312491.66
goa,2018,1,Merchant payments,109353,69986514.94
goa,2018,1,Financial Services,12261,30040154.84
goa,2018,1,Others,24481,20074437.87
goa,2018,2,Recharge & bill payments,353062,91796302.94
goa,2018,2,Peer-to-peer payments,220047,363077880.26
goa,2018,2,Merchant payments,136734,87509964.3
goa,2018,2,Financial Services,14630,35843775.4
goa,2018,2,Others,28655,23497813.21
goa,2018,3,Recharge & bill payments,430012,111803267.85
goa,2018,3,Peer-to-peer payments,266499,439724115.83
goa,2018,3,Merchant payments,169379,108403035.12
goa,2018,3,Financial Services,18343,44940596.46
goa,2018,3,Others,36133,29629284.72
goa,2018,4,Recharge & bill payments,462640,120286605.45
goa,2018,4,Peer-to-peer payments,295653,487828784.24
goa,2018,4,Merchant payments,196110,125510660.55
goa,2018,4,Financial Services,19750,48389634.03
goa,2018,4,Others,40162,32933304.53
goa,2019,1,Recharge & bill payments,410169,106644107.62
goa,2019,1,Peer-to-peer payments,264840,436986848.68
goa,2019,1,Merchant payments,186388,119288946.69
goa,2019,1,Financial Services,18700,45815488.27
goa,2019,1,Others,36864,30228593.06
goa,2019,2,Recharge & bill payments,497184,129268034.23
goa,2019,2,Peer-to-peer payments,311901,514638279.83
goa,2019,2,Merchant payments,223926,143312901.56
goa,2019,2,Financial Services,21346,52299610.71
goa,2019,2,Others,41636,34141984.35
goa,2019,3,Recharge & bill payments,520728,135389349.18
goa,2019,3,Peer-to-peer payments,330155,544757308.05
goa,2019,3,Merchant payments,248627,159121898.52
goa,2019,3,Financial Services,24155,59179915.44
goa,2019,3,Others,46613,38222737.81
goa,2019,4,Recharge & bill payments,592094,153944486.01
goa,2019,4,Peer-to-peer payments,391066,645260492.89
goa,2019,4,Merchant payments,300816,192522533.76
goa,2019,4,Financial Services,27458,67272415.11
goa,2019,4,Others,55307,45351913.43
goa,2020,1,Recharge & bill payments,496608,129118098.89
goa,2020,1,Peer-to-peer payments,338777,558982719.16
goa,2020,1,Merchant payments,272052,174113337.35
goa,2020,1,Financial Services,24627,60337508.71
goa,2020,1,Others,47927,39300283.08
goa,2020,2,Recharge & bill payments,506911,131796950.7
goa,2020,2,Peer-to-peer payments,347659,573638780.35
goa,2020,2,Merchant payments,285308,182597739.07
goa,2020,2,Financial Services,24969,61175490.5
goa,2020,2,Others,47313,38797114.67
goa,2020,3,Recharge & bill payments,599214,155795762.42
goa,2020,3,Peer-to-peer payments,399427,659054940.49
goa,2020,3,Merchant payments,353302,226113847.5
goa,2020,3,Financial Services,29092,71275477.32
goa,2020,3,Others,55790,45748613.19
goa,2020,4,Recharge & bill payments,615534,160039055.53
goa,2020,4,Peer-to-peer payments,444956,734177609.85
goa,2020,4,Merchant payments,394084,252213868.02
goa,2020,4,Financial Services,32336,79225510.28
goa,2020,4,Others,61392,50341834.87
goa,2021,1,Recharge & bill payments,497973,129473034.0
goa,2021,1,Peer-to-peer payments,361655,596732121.81
goa,2021,1,Merchant payments,326541,208986245.81
goa,2021,1,Financial Services,26149,64066448.92
goa,2021,1,Others,51635,42341292.71
goa,2021,2,Recharge & bill payments,534106,138867627.86
goa,2021,2,Peer-to-peer payments,403974,666558353.19
goa,2021,2,Merchant payments,370007,236804554.0
goa,2021,2,Financial Services,29920,73304900.96
goa,2021,2,Others,54986,45088751.54
goa,2021,3,Recharge & bill payments,607976,158073814.21
goa,2021,3,Peer-to-peer payments,452882,747256278.57
goa,2021,3,Merchant payments,440792,282107144.92
goa,2021,3,Financial Services,33770,82738134.94
goa,2021,3,Others,65992,54113503.42
goa,2021,4,Recharge & bill payments,626204,162813239.57
goa,2021,4,Peer-to-peer payments,480868,793433608.32
goa,2021,4,Merchant payments,467819,299404186.51
goa,2021,4,Financial Services,37825,92673191.93
goa,2021,4,Others,68766,56388651.16
goa,2022,1,Recharge & bill payments,530901,138034289.29
goa,2022,1,Peer-to-peer payments,397509,655890851.76
goa,2022,1,Merchant payments,419831,268691932.03
goa,2022,1,Financial Services,32025,78463197.8
goa,2022,1,Others,57881,47462591.48
goa,2022,2,Recharge & bill payments,561771,146060589.47
goa,2022,2,Peer-to-peer payments,431262,711583610.75
goa,2022,2,Merchant payments,467434,299157993.25
goa,2022,2,Financial Services,33795,82799522.9
goa,2022,2,Others,62956,51623931.04
goa,2022,3,Recharge & bill payments,604001,157040271.23
goa,2022,3,Peer-to-peer payments,487421,804244944.87
goa,2022,3,Merchant payments,531112,339912124.12
goa,2022,3,Financial Services,36549,89545518.22
goa,2022,3,Others,71262,58435008.32
goa,2022,4,Recharge & bill payments,658664,171252692.4
goa,2022,4,Peer-to-peer payments,541648,893719561.21
goa,2022,4,Merchant payments,590195,377724805.28
goa,2022,4,Financial Services,42116,103184275.23
goa,2022,4,Others,81518,66844838.64
goa,2023,1,Recharge & bill payments,516020,134165369.93
goa,2023,1,Peer-to-peer payments,454200,749430571.35
goa,2023,1,Merchant payments,508577,325489336.76
goa,2023,1,Financial Services,35142,86099834.62
goa,2023,1,Others,66528,54553710.5
goa,2023,2,Recharge & bill payments,554340,144128500.89
goa,2023,2,Peer-to-peer payments,481338,794208299.21
goa,2023,2,Merchant payments,557169,356588676.66
goa,2023,2,Financial Services,40260,98637125.23
goa,2023,2,Others,74065,60733987.85
goa,2023,3,Recharge & bill payments,589643,153307436.88
goa,2023,3,Peer-to-peer payments,523462,863713359.67
goa,2023,3,Merchant payments,596284,381621942.93
goa,2023,3,Financial Services,40140,98344862.48
goa,2023,3,Others,74675,61234061.98
goa,2023,4,Recharge & bill payments,647401,168324396.25
goa,2023,4,Peer-to-peer payments,614715,1014280011.45
goa,2023,4,Merchant payments,723017,462730950.57
goa,2023,4,Financial Services,47739,116961232.18
goa,2023,4,Others,91872,75335495.12
gujarat,2018,1,Recharge & bill payments,2624837,682457821.81
gujarat,2018,1,Peer-to-peer payments,1573383,2596083197.49
gujarat,2018,1,Merchant payments,963035,616342644.27
gujarat,2018,1,Financial Services,106236,260280314.68
gujarat,2018,1,Others,217444,178304105.28
gujarat,2018,2,Recharge & bill payments,3399292,883815928.07
gujarat,2018,2,Peer-to-peer payments,2013032,3321503931.15
gujarat,2018,2,Merchant payments,1255986,803831089.13
gujarat,2018,2,Financial Services,133093,326078601.72
gujarat,2018,2,Others,267301,219187400.97
gujarat,2018,3,Recharge & bill payments,3781137,983095816.14
gujarat,2018,3,Peer-to-peer payments,2192644,3617863111.4
gujarat,2018,3,Merchant payments,1465896,938173554.51
gujarat,2018,3,Financial Services,149880,367206321.86
gujarat,2018,3,Others,311711,255603533.72
gujarat,2018,4,Recharge & bill payments,4300304,1118079166.87
gujarat,2018,4,Peer-to-peer payments,2634655,4347181216.31
gujarat,2018,4,Merchant payments,1807999,1157119498.85
gujarat,2018,4,Financial Services,187840,460209920.79
gujarat,2018,4,Others,353666,290006928.16
gujarat,2019,1,Recharge & bill payments,3685562,958246123.55
gujarat,2019,1,Peer-to-peer payments,2431369,4011759022.26
gujarat,2019,1,Merchant payments,1706365,1092073792.0
gujarat,2019,1,Financial Services,169523,415332901.81
gujarat,2019,1,Others,326764,267946823.91
gujarat,2019,2,Recharge & bill payments,4109059,1068355394.82
gujarat,2019,2,Peer-to-peer payments,2480045,4092075300.06
gujarat,2019,2,Merchant payments,1865521,1193933834.77
gujarat,2019,2,Financial Services,180189,441463551.96
gujarat,2019,2,Others,350015,287012494.71
gujarat,2019,3,Recharge & bill payments,4435236,1153161511.69
gujarat,2019,3,Peer-to-peer payments,2856320,4712928554.25
gujarat,2019,3,Merchant payments,2171838,1389976869.07
gujarat,2019,3,Financial Services,199521,488827060.19
gujarat,2019,3,Others,393682,322819638.88
gujarat,2019,4,Recharge & bill payments,5212458,1355239191.77
gujarat,2019,4,Peer-to-peer payments,3442307,5679806945.93
gujarat,2019,4,Merchant payments,2736703,1751490142.66
gujarat,2019,4,Financial Services,252057,617541900.54
gujarat,2019,4,Others,491596,403109053.27
gujarat,2020,1,Recharge & bill payments,4166534,1083299034.0
gujarat,2020,1,Peer-to-peer payments,2764436,4561320204.56
gujarat,2020,1,Merchant payments,2325740,1488473601.25
gujarat,2020,1,Financial Services,203626,498885489.4
gujarat,2020,1,Others,400880,328721934.73
gujarat,2020,2,Recharge & bill payments,4672599,1214875866.86
gujarat,2020,2,Peer-to-peer payments,3151211,5199498506.43
gujarat,2020,2,Merchant payments,2599385,1663606803.34
gujarat,2020,2,Financial Services,230366,564398150.25
gujarat,2020,2,Others,449057,368226859.59
gujarat,2020,3,Recharge & bill payments,4805603,1249456998.55
gujarat,2020,3,Peer-to-peer payments,3298978,5443314555.91
gujarat,2020,3,Merchant payments,2900459,1856293769.84
gujarat,2020,3,Financial Services,236081,578399001.2
gujarat,2020,3,Others,455545,373547101.79
gujarat,2020,4,Recharge & bill payments,5606959,1457809597.88
gujarat,2020,4,Peer-to-peer payments,3934698,6492253206.45
gujarat,2020,4,Merchant payments,3456813,2212360510.15
gujarat,2020,4,Financial Services,293749,719687383.29
gujarat,2020,4,Others,558626,458074049.21
gujarat,2021,1,Recharge & bill payments,4202955,1092768365.1
gujarat,2021,1,Peer-to-peer payments,3150401,5198162735.94
gujarat,2021,1,Merchant payments,2754113,1762632431.64
gujarat,2021,1,Financial Services,227137,556486078.04
gujarat,2021,1,Others,426482,349715554.22
gujarat,2021,2,Recharge & bill payments,4917760,1278617668.62
gujarat,2021,2,Peer-to-peer payments,3573728,5896651819.9
gujarat,2021,2,Merchant payments,3268821,2092045565.66
gujarat,2021,2,Financial Services,262186,642356783.59
gujarat,2021,2,Others,494687,405643933.72
gujarat,2021,3,Recharge & bill payments,4889122,1271171891.76
gujarat,2021,3,Peer-to-peer payments,3683525,6077817342.32
gujarat,2021,3,Merchant payments,3464769,2217452644.98
gujarat,2021,3,Financial Services,277571,680049616.49
gujarat,2021,3,Others,518429,425112398.64
gujarat,2021,4,Recharge & bill payments,5908830,1536295953.24
gujarat,2021,4,Peer-to-peer payments,4361563,7196579125.19
gujarat,2021,4,Merchant payments,4562680,2920115430.08
gujarat,2021,4,Financial Services,332597,814862697.76
gujarat,2021,4,Others,658121,539660020.97
gujarat,2022,1,Recharge & bill payments,4708234,1224140947.51
gujarat,2022,1,Peer-to-peer payments,3586903,5918391389.0
gujarat,2022,1,Merchant payments,3684033,2357781731.29
gujarat,2022,1,Financial Services,272015,666437352.07
gujarat,2022,1,Others,506975,415720027.37
gujarat,2022,2,Recharge & bill payments,5027538,1307160091.42
gujarat,2022,2,Peer-to-peer payments,3987756,6579798350.0
gujarat,2022,2,Merchant payments,3963749,2536799421.57
gujarat,2022,2,Financial Services,305825,749272633.16
gujarat,2022,2,Others,572424,469387697.67
gujarat,2022,3,Recharge & bill payments,4991368,1297755866.68
gujarat,2022,3,Peer-to-peer payments,4137390,6826694456.98
gujarat,2022,3,Merchant payments,4298908,2751301656.87
gujarat,2022,3,Financial Services,313726,768629342.09
gujarat,2022,3,Others,600638,492523223.31
gujarat,2022,4,Recharge & bill payments,5497216,1429276418.76
gujarat,2022,4,Peer-to-peer payments,4773238,7875844153.5
gujarat,2022,4,Merchant payments,5028005,3217923578.18
gujarat,2022,4,Financial Services,355538,871069097.45
gujarat,2022,4,Others,675689,554065348.11
gujarat,2023,1,Recharge & bill payments,4410556,1146744608.61
gujarat,2023,1,Peer-to-peer payments,3803251,6275365215.24
gujarat,2023,1,Merchant payments,4321338,2765656321.69
gujarat,2023,1,Financial Services,301043,737557298.0
gujarat,2023,1,Others,547596,449028911.29
gujarat,2023,2,Recharge & bill payments,4906240,1275622583.17
gujarat,2023,2,Peer-to-peer payments,4424491,7300411348.6
gujarat,2023,2,Merchant payments,4961223,3175182728.63
gujarat,2023,2,Financial Services,337350,826508581.91
gujarat,2023,2,Others,635987,521510034.87
gujarat,2023,3,Recharge & bill payments,5374063,1397256626.62
gujarat,2023,3,Peer-to-peer payments,4648151,7669449669.95
gujarat,2023,3,Merchant payments,5582032,3572500523.54
gujarat,2023,3,Financial Services,377648,925238135.2
gujarat,2023,3,Others,725158,594630379.39
gujarat,2023,4,Recharge & bill payments,5672094,1474744546.15
gujarat,2023,4,Peer-to-peer payments,5097956,8411627600.34
gujarat,2023,4,Merchant payments,6159859,3942309998.71
gujarat,2023,4,Financial Services,430570,1054898843.77
gujarat,2023,4,Others,765901,628039332.58
haryana,2018,1,Recharge & bill payments,1906800,495768064.89
haryana,2018,1,Peer-to-peer payments,1113180,1836747946.27
haryana,2018,1,Merchant payments,649774,415855532.7
haryana,2018,1,Financial Services,73882,181011203.97
haryana,2018,1,Others,144905,118822609.05
haryana,2018,2,Recharge & bill payments,2245211,583754937.38
haryana,2018,2,Peer-to-peer payments,1298729,2142904218.59
haryana,2018,2,Merchant payments,832840,533017625.83
haryana,2018,2,Financial Services,93077,228038867.4
haryana,2018,2,Others,183383,150374214.41
haryana,2018,3,Recharge & bill payments,2665671,693074634.15
haryana,2018,3,Peer-to-peer payments,1594573,2631045881.72
haryana,2018,3,Merchant payments,1056196,675965783.33
haryana,2018,3,Financial Services,109323,267842331.7
haryana,2018,3,Others,208333,170833626.5
haryana,2018,4,Recharge & bill payments,3014931,783882200.68
haryana,2018,4,Peer-to-peer payments,1835099,3027914720.23
haryana,2018,4,Merchant payments,1192436,763159087.09
haryana,2018,4,Financial Services,126952,311034121.81
haryana,2018,4,Others,249023,204199471.5
haryana,2019,1,Recharge & bill payments,2568854,667902195.71
haryana,2019,1,Peer-to-peer payments,1635901,2699237042.57
haryana,2019,1,Merchant payments,1152092,737339468.42
haryana,2019,1,Financial Services,112663,276025082.43
haryana,2019,1,Others,218754,179378365.7
haryana,2019,2,Recharge & bill payments,2800048,728012563.46
haryana,2019,2,Peer-to-peer payments,1799361,2968945721.43
haryana,2019,2,Merchant payments,1267289,811065412.94
haryana,2019,2,Financial Services,122552,300254733.85
haryana,2019,2,Others,246910,202467016.7
haryana,2019,3,Recharge & bill payments,2972226,772778876.56
haryana,2019,3,Peer-to-peer payments,1898270,3132145859.35
haryana,2019,3,Merchant payments,1430043,915227646.46
haryana,2019,3,Financial Services,139237,341131240.43
haryana,2019,3,Others,268815,220428414.34
haryana,2019,4,Recharge & bill payments,3631374,944157446.54
haryana,2019,4,Peer-to-peer payments,2301041,3796719150.11
haryana,2019,4,Merchant payments,1806296,1156029457.81
haryana,2019,4,Financial Services,162606,398387144.97
haryana,2019,4,Others,329638,270303364.89
haryana,2020,1,Recharge & bill payments,2993204,778233200.11
haryana,2020,1,Peer-to-peer payments,1971969,3253750259.26
haryana,2020,1,Merchant payments,1659222,1061902544.0
haryana,2020,1,Financial Services,145900,357456029.87
haryana,2020,1,Others,286355,234811705.96
haryana,2020,2,Recharge & bill payments,3184751,828035263.73
haryana,2020,2,Peer-to-peer payments,2158520,3561559174.03
haryana,2020,2,Merchant payments,1792907,1147461079.14
haryana,2020,2,Financial Services,157590,386097554.95
haryana,2020,2,Others,302045,247676988.58
haryana,2020,3,Recharge & bill payments,3432467,892441573.35
haryana,2020,3,Peer-to-peer payments,2409690,3975988839.88
haryana,2020,3,Merchant payments,1983341,1269338685.12
haryana,2020,3,Financial Services,170298,417230774.52
haryana,2020,3,Others,333584,273538900.49
haryana,2020,4,Recharge & bill payments,3697057,961234874.26
haryana,2020,4,Peer-to-peer payments,2576393,4251049179.73
haryana,2020,4,Merchant payments,2348745,1503196812.15
haryana,2020,4,Financial Services,195948,480072719.72
haryana,2020,4,Others,372115,305134423.47
haryana,2021,1,Recharge & bill payments,3045636,791865566.71
haryana,2021,1,Peer-to-peer payments,2091552,3451061860.88
haryana,2021,1,Merchant payments,1922210,1230214927.56
haryana,2021,1,Financial Services,161828,396479328.72
haryana,2021,1,Others,305291,250338812.71
haryana,2021,2,Recharge & bill payments,3232426,840430897.46
haryana,2021,2,Peer-to-peer payments,2280647,3763067997.75
haryana,2021,2,Merchant payments,2145072,1372846139.7
haryana,2021,2,Financial Services,168175,412028833.76
haryana,2021,2,Others,325456,266874369.91
haryana,2021,3,Recharge & bill payments,3566854,927382224.24
haryana,2021,3,Peer-to-peer payments,2705550,4464157745.49
haryana,2021,3,Merchant payments,2579721,1651022049.6
haryana,2021,3,Financial Services,196294,480922401.63
haryana,2021,3,Others,385733,316301066.45
haryana,2021,4,Recharge & bill payments,3795006,986701814.54
haryana,2021,4,Peer-to-peer payments,2940907,4852497844.24
haryana,2021,4,Merchant payments,2881915,1844426071.69
haryana,2021,4,Financial Services,216203,529698734.26
haryana,2021,4,Others,428670,351509976.47
haryana,2022,1,Recharge & bill payments,3079876,800767895.84
haryana,2022,1,Peer-to-peer payments,2333270,3849896259.59
haryana,2022,1,Merchant payments,2359461,1510055198.37
haryana,2022,1,Financial Services,187557,459515140.25
haryana,2022,1,Others,350287,287235666.16
haryana,2022,2,Recharge & bill payments,3206483,833685614.29
haryana,2022,2,Peer-to-peer payments,2579588,4256320594.33
haryana,2022,2,Merchant payments,2679974,1715183432.17
haryana,2022,2,Financial Services,199730,489340018.76
haryana,2022,2,Others,373600,306352813.39
haryana,2022,3,Recharge & bill payments,3777021,982025495.02
haryana,2022,3,Peer-to-peer payments,2954083,4874237918.2
haryana,2022,3,Merchant payments,3231947,2068446183.37
haryana,2022,3,Financial Services,234278,573981348.77
haryana,2022,3,Others,441974,362419469.16
haryana,2022,4,Recharge & bill payments,4002014,1040523682.72
haryana,2022,4,Peer-to-peer payments,3299814,5444694200.22
haryana,2022,4,Merchant payments,3639225,2329104300.12
haryana,2022,4,Financial Services,264231,647367786.42
haryana,2022,4,Others,500348,410285825.93
haryana,2023,1,Recharge & bill payments,3214939,835884318.13
haryana,2023,1,Peer-to-peer payments,2843128,4691162107.16
haryana,2023,1,Merchant payments,3141520,2010573145.24
haryana,2023,1,Financial Services,223449,547451927.72
haryana,2023,1,Others,394142,323197004.55
haryana,2023,2,Recharge & bill payments,3371921,876699632.69
haryana,2023,2,Peer-to-peer payments,2884323,4759133648.53
haryana,2023,2,Merchant payments,3520491,2253114372.88
haryana,2023,2,Financial Services,235703,577474016.35
haryana,2023,2,Others,435893,357433009.21
haryana,2023,3,Recharge & bill payments,3711565,965007101.98
haryana,2023,3,Peer-to-peer payments,3389063,5591954152.79
haryana,2023,3,Merchant payments,3820337,2445015993.28
haryana,2023,3,Financial Services,270884,663667215.1
haryana,2023,3,Others,492196,403601213.38
haryana,2023,4,Recharge & bill payments,3843259,999247572.84
haryana,2023,4,Peer-to-peer payments,3598528,5937572510.43
haryana,2023,4,Merchant payments,4415761,2826087259.22
haryana,2023,4,Financial Services,290125,710807885.66
haryana,2023,4,Others,551933,452585315.07
himachal-pradesh,2018,1,Recharge & bill payments,472014,122723679.3
himachal-pradesh,2018,1,Peer-to-peer payments,283484,467749375.47
himachal-pradesh,2018,1,Merchant payments,165162,105703688.16
himachal-pradesh,2018,1,Financial Services,19288,47257890.05
himachal-pradesh,2018,1,Others,36827,30198815.26
himachal-pradesh,2018,2,Recharge & bill payments,551512,143393358.6
himachal-pradesh,2018,2,Peer-to-peer payments,331147,546393973.19
himachal-pradesh,2018,2,Merchant payments,208342,133338964.53
himachal-pradesh,2018,2,Financial Services,22259,54536219.26
himachal-pradesh,2018,2,Others,44281,36310670.25
himachal-pradesh,2018,3,Recharge & bill payments,645679,167876552.85
himachal-pradesh,2018,3,Peer-to-peer payments,395070,651866995.71
himachal-pradesh,2018,3,Merchant payments,266181,170356182.03
himachal-pradesh,2018,3,Financial Services,27316,66924794.26
himachal-pradesh,2018,3,Others,53226,43645932.58
himachal-pradesh,2018,4,Recharge & bill payments,718397,186783327.77
himachal-pradesh,2018,4,Peer-to-peer payments,440104,726172966.83
himachal-pradesh,2018,4,Merchant payments,296739,189913539.54
himachal-pradesh,2018,4,Financial Services,30920,75754546.77
himachal-pradesh,2018,4,Others,60277,49427742.24
himachal-pradesh,2019,1,Recharge & bill payments,612337,159207832.37
himachal-pradesh,2019,1,Peer-to-peer payments,376840,621787158.18
himachal-pradesh,2019,1,Merchant payments,256016,163850380.4
himachal-pradesh,2019,1,Financial Services,26863,65815858.77
himachal-pradesh,2019,1,Others,50206,41169560.22
himachal-pradesh,2019,2,Recharge & bill payments,676336,175847548.13
himachal-pradesh,2019,2,Peer-to-peer payments,432187,713110054.71
himachal-pradesh,2019,2,Merchant payments,309491,198074565.76
himachal-pradesh,2019,2,Financial Services,29003,71057478.83
himachal-pradesh,2019,2,Others,57305,46990113.05
himachal-pradesh,2019,3,Recharge & bill payments,754111,196069119.69
himachal-pradesh,2019,3,Peer-to-peer payments,486558,802821943.17
himachal-pradesh,2019,3,Merchant payments,361781,231540219.03
himachal-pradesh,2019,3,Financial Services,34447,84395451.64
himachal-pradesh,2019,3,Others,64722,53072765.39
himachal-pradesh,2019,4,Recharge & bill payments,907575,235969705.28
himachal-pradesh,2019,4,Peer-to-peer payments,606810,1001236713.11
himachal-pradesh,2019,4,Merchant payments,477302,305473646.44
himachal-pradesh,2019,4,Financial Services,43665,106979767.03
himachal-pradesh,2019,4,Others,83569,68527035.66
himachal-pradesh,2020,1,Recharge & bill payments,726866,188985309.19
himachal-pradesh,2020,1,Peer-to-peer payments,471971,778753483.16
himachal-pradesh,2020,1,Merchant payments,374003,239362490.46
himachal-pradesh,2020,1,Financial Services,34503,84533827.2
himachal-pradesh,2020,1,Others,64732,53080753.1
himachal-pradesh,2020,2,Recharge & bill payments,775687,201678840.42
himachal-pradesh,2020,2,Peer-to-peer payments,546857,902315575.58
himachal-pradesh,2020,2,Merchant payments,432449,276767989.11
himachal-pradesh,2020,2,Financial Services,37866,92772053.17
himachal-pradesh,2020,2,Others,73139,59974374.58
himachal-pradesh,2020,3,Recharge & bill payments,835599,217255983.65
himachal-pradesh,2020,3,Peer-to-peer payments,589619,972871527.35
himachal-pradesh,2020,3,Merchant payments,496588,317816717.82
himachal-pradesh,2020,3,Financial Services,41120,100744612.82
himachal-pradesh,2020,3,Others,81157,66549245.27
himachal-pradesh,2020,4,Recharge & bill payments,925693,240680346.67
himachal-pradesh,2020,4,Peer-to-peer payments,633885,1045911014.31
himachal-pradesh,2020,4,Merchant payments,569798,364671018.08
himachal-pradesh,2020,4,Financial Services,45405,111242863.91
himachal-pradesh,2020,4,Others,91041,74653795.83
himachal-pradesh,2021,1,Recharge & bill payments,758392,197182025.63
himachal-pradesh,2021,1,Peer-to-peer payments,519884,857809120.66
himachal-pradesh,2021,1,Merchant payments,477624,305679790.76
himachal-pradesh,2021,1,Financial Services,39601,97024695.96
himachal-pradesh,2021,1,Others,74709,61261557.72
himachal-pradesh,2021,2,Recharge & bill payments,814616,211800418.3
himachal-pradesh,2021,2,Peer-to-peer payments,586960,968484992.26
himachal-pradesh,2021,2,Merchant payments,550238,352152711.67
himachal-pradesh,2021,2,Financial Services,44606,109286385.41
himachal-pradesh,2021,2,Others,87217,71518243.09
himachal-pradesh,2021,3,Recharge & bill payments,880814,229011728.96
himachal-pradesh,2021,3,Peer-to-peer payments,678936,1120244838.73
himachal-pradesh,2021,3,Merchant payments,628165,402026039.62
himachal-pradesh,2021,3,Financial Services,48931,119882223.02
himachal-pradesh,2021,3,Others,92720,76030561.44
himachal-pradesh,2021,4,Recharge & bill payments,984077,255860140.5
himachal-pradesh,2021,4,Peer-to-peer payments,712662,1175893847.24
himachal-pradesh,2021,4,Merchant payments,708342,453338909.03
himachal-pradesh,2021,4,Financial Services,55875,136894840.67
himachal-pradesh,2021,4,Others,102824,84316480.16
himachal-pradesh,2022,1,Recharge & bill payments,804482,209165423.21
himachal-pradesh,2022,1,Peer-to-peer payments,652393,1076448890.96
himachal-pradesh,2022,1,Merchant payments,640478,409906411.05
himachal-pradesh,2022,1,Financial Services,47377,116075458.36
himachal-pradesh,2022,1,Others,93497,76668263.33
himachal-pradesh,2022,2,Recharge & bill payments,823668,214153902.17
himachal-pradesh,2022,2,Peer-to-peer payments,662876,1093745446.41
himachal-pradesh,2022,2,Merchant payments,685786,438903443.18
himachal-pradesh,2022,2,Financial Services,50186,122956456.39
himachal-pradesh,2022,2,Others,91003,74622985.53
himachal-pradesh,2022,3,Recharge & bill payments,902359,234613566.06
himachal-pradesh,2022,3,Peer-to-peer payments,737810,1217387169.03
himachal-pradesh,2022,3,Merchant payments,777156,497380348.92
himachal-pradesh,2022,3,Financial Services,57673,141300769.13
himachal-pradesh,2022,3,Others,102276,83866705.43
himachal-pradesh,2022,4,Recharge & bill payments,997738,259412073.96
himachal-pradesh,2022,4,Peer-to-peer payments,832064,1372907190.6
himachal-pradesh,2022,4,Merchant payments,886336,567255083.22
himachal-pradesh,2022,4,Financial Services,63887,156523854.74
himachal-pradesh,2022,4,Others,121597,99710145.4
himachal-pradesh,2023,1,Recharge & bill payments,794925,206680723.29
himachal-pradesh,2023,1,Peer-to-peer payments,665200,1097580392.75
himachal-pradesh,2023,1,Merchant payments,775885,496566657.97
himachal-pradesh,2023,1,Financial Services,52550,128749796.07
himachal-pradesh,2023,1,Others,98954,81142993.97
himachal-pradesh,2023,2,Recharge & bill payments,807432,209932530.96
himachal-pradesh,2023,2,Peer-to-peer payments,695544,1147647875.41
himachal-pradesh,2023,2,Merchant payments,804806,515076213.01
himachal-pradesh,2023,2,Financial Services,56735,139002995.38
himachal-pradesh,2023,2,Others,103344,84742816.32
himachal-pradesh,2023,3,Recharge & bill payments,881654,229230060.6
himachal-pradesh,2023,3,Peer-to-peer payments,811112,1338334938.86
himachal-pradesh,2023,3,Merchant payments,941224,602383516.86
himachal-pradesh,2023,3,Financial Services,64315,157573390.88
himachal-pradesh,2023,3,Others,115562,94761629.38
himachal-pradesh,2023,4,Recharge & bill payments,1043935,271423226.36
himachal-pradesh,2023,4,Peer-to-peer payments,940739,1552219577.14
himachal-pradesh,2023,4,Merchant payments,1119332,716372906.71
himachal-pradesh,2023,4,Financial Services,77185,189104035.32
himachal-pradesh,2023,4,Others,138091,113235410.64
jammu-&-kashmir,2018,1,Recharge & bill payments,559142,145377087.8
jammu-&-kashmir,2018,1,Peer-to-peer payments,316666,522499816.08
jammu-&-kashmir,2018,1,Merchant payments,199175,127472410.62
jammu-&-kashmir,2018,1,Financial Services,22162,54297173.2
jammu-&-kashmir,2018,1,Others,42760,35063836.28
jammu-&-kashmir,2018,2,Recharge & bill payments,594752,154635756.95
jammu-&-kashmir,2018,2,Peer-to-peer payments,347959,574132818.11
jammu-&-kashmir,2018,2,Merchant payments,224822,143886387.07
jammu-&-kashmir,2018,2,Financial Services,24438,59873648.35
jammu-&-kashmir,2018,2,Others,48197,39521579.76
jammu-&-kashmir,2018,3,Recharge & bill payments,712678,185296435.56
jammu-&-kashmir,2018,3,Peer-to-peer payments,433399,715109344.75
jammu-&-kashmir,2018,3,Merchant payments,283528,181458164.61
jammu-&-kashmir,2018,3,Financial Services,29453,72160791.9
jammu-&-kashmir,2018,3,Others,58515,47983005.68
jammu-&-kashmir,2018,4,Recharge & bill payments,847475,220343656.71
jammu-&-kashmir,2018,4,Peer-to-peer payments,504838,832983224.72
jammu-&-kashmir,2018,4,Merchant payments,350393,224251633.64
jammu-&-kashmir,2018,4,Financial Services,35791,87690265.96
jammu-&-kashmir,2018,4,Others,70263,57616192.5
jammu-&-kashmir,2019,1,Recharge & bill payments,718189,186729354.42
jammu-&-kashmir,2019,1,Peer-to-peer payments,444371,733212992.4
jammu-&-kashmir,2019,1,Merchant payments,302630,193683228.26
jammu-&-kashmir,2019,1,Financial Services,31029,76021216.26
jammu-&-kashmir,2019,1,Others,59635,48900815.83
jammu-&-kashmir,2019,2,Recharge & bill payments,768629,199843565.09
jammu-&-kashmir,2019,2,Peer-to-peer payments,503495,830768371.87
jammu-&-kashmir,2019,2,Merchant payments,351452,224929762.0
jammu-&-kashmir,2019,2,Financial Services,34939,85601095.04
jammu-&-kashmir,2019,2,Others,68138,55873312.03
jammu-&-kashmir,2019,3,Recharge & bill payments,871371,226556583.14
jammu-&-kashmir,2019,3,Peer-to-peer payments,588989,971831925.04
jammu-&-kashmir,2019,3,Merchant payments,441781,282740182.53
jammu-&-kashmir,2019,3,Financial Services,40350,98859513.46
jammu-&-kashmir,2019,3,Others,78763,64585904.42
jammu-&-kashmir,2019,4,Recharge & bill payments,951341,247348788.81
jammu-&-kashmir,2019,4,Peer-to-peer payments,596821,984755943.87
jammu-&-kashmir,2019,4,Merchant payments,478828,306450151.51
jammu-&-kashmir,2019,4,Financial Services,44515,109063597.14
jammu-&-kashmir,2019,4,Others,86659,71061081.78
jammu-&-kashmir,2020,1,Recharge & bill payments,755284,196374077.73
jammu-&-kashmir,2020,1,Peer-to-peer payments,509334,840402338.76
jammu-&-kashmir,2020,1,Merchant payments,410649,262815424.59
jammu-&-kashmir,2020,1,Financial Services,36755,90050300.29
jammu-&-kashmir,2020,1,Others,69963,57369949.36
jammu-&-kashmir,2020,2,Recharge & bill payments,899252,233805695.82
jammu-&-kashmir,2020,2,Peer-to-peer payments,607699,1002703712.66
jammu-&-kashmir,2020,2,Merchant payments,500991,320634661.59
jammu-&-kashmir,2020,2,Financial Services,43919,107602375.93
jammu-&-kashmir,2020,2,Others,84308,69133104.63
jammu-&-kashmir,2020,3,Recharge & bill payments,904484,235166086.55
jammu-&-kashmir,2020,3,Peer-to-peer payments,623686,1029083238.23
jammu-&-kashmir,2020,3,Merchant payments,543724,347983771.34
jammu-&-kashmir,2020,3,Financial Services,46498,113921754.41
jammu-&-kashmir,2020,3,Others,88347,72444591.28
jammu-&-kashmir,2020,4,Recharge & bill payments,1092348,284010733.53
jammu-&-kashmir,2020,4,Peer-to-peer payments,801058,1321746528.67
jammu-&-kashmir,2020,4,Merchant payments,700923,448590726.55
jammu-&-kashmir,2020,4,Financial Services,57444,140738737.52
jammu-&-kashmir,2020,4,Others,112048,91880009.31
jammu-&-kashmir,2021,1,Recharge & bill payments,885456,230218738.58
jammu-&-kashmir,2021,1,Peer-to-peer payments,616489,1017207016.03
jammu-&-kashmir,2021,1,Merchant payments,573382,366964641.3
jammu-&-kashmir,2021,1,Financial Services,46281,113390743.75
jammu-&-kashmir,2021,1,Others,86752,71137232.7
jammu-&-kashmir,2021,2,Recharge & bill payments,874627,227403210.46
jammu-&-kashmir,2021,2,Peer-to-peer payments,642658,1060386975.36
jammu-&-kashmir,2021,2,Merchant payments,610916,390986348.31
jammu-&-kashmir,2021,2,Financial Services,48014,117634732.9
jammu-&-kashmir,2021,2,Others,92902,76179830.74
jammu-&-kashmir,2021,3,Recharge & bill payments,953624,247942295.95
jammu-&-kashmir,2021,3,Peer-to-peer payments,725754,1197494415.62
jammu-&-kashmir,2021,3,Merchant payments,667911,427463558.44
jammu-&-kashmir,2021,3,Financial Services,52866,129522349.4
jammu-&-kashmir,2021,3,Others,101348,83106173.95
jammu-&-kashmir,2021,4,Recharge & bill payments,1113186,289428412.36
jammu-&-kashmir,2021,4,Peer-to-peer payments,854369,1409709560.34
jammu-&-kashmir,2021,4,Merchant payments,814571,521325485.97
jammu-&-kashmir,2021,4,Financial Services,63461,155481284.86
jammu-&-kashmir,2021,4,Others,122578,100514779.59
jammu-&-kashmir,2022,1,Recharge & bill payments,839195,218190793.27
jammu-&-kashmir,2022,1,Peer-to-peer payments,659568,1088287444.15
jammu-&-kashmir,2022,1,Merchant payments,687468,439979525.15
jammu-&-kashmir,2022,1,Financial Services,51832,126989310.42
jammu-&-kashmir,2022,1,Others,98203,80526574.97
jammu-&-kashmir,2022,2,Recharge & bill payments,920144,239237587.26
jammu-&-kashmir,2022,2,Peer-to-peer payments,758177,1250992407.33
jammu-&-kashmir,2022,2,Merchant payments,790398,505855150.47
jammu-&-kashmir,2022,2,Financial Services,56501,138427890.53
jammu-&-kashmir,2022,2,Others,104538,85721296.72
jammu-&-kashmir,2022,3,Recharge & bill payments,1004784,261244048.6
jammu-&-kashmir,2022,3,Peer-to-peer payments,804348,1327174457.76
jammu-&-kashmir,2022,3,Merchant payments,846006,541444016.27
jammu-&-kashmir,2022,3,Financial Services,60348,147854239.43
jammu-&-kashmir,2022,3,Others,118029,96784097.29
jammu-&-kashmir,2022,4,Recharge & bill payments,1122833,291936796.29
jammu-&-kashmir,2022,4,Peer-to-peer payments,943448,1556689306.34
jammu-&-kashmir,2022,4,Merchant payments,1059874,678319744.29
jammu-&-kashmir,2022,4,Financial Services,74466,182444089.05
jammu-&-kashmir,2022,4,Others,142244,116640216.62
jammu-&-kashmir,2023,1,Recharge & bill payments,900610,234158607.15
jammu-&-kashmir,2023,1,Peer-to-peer payments,788813,1301542404.93
jammu-&-kashmir,2023,1,Merchant payments,857843,549019590.08
jammu-&-kashmir,2023,1,Financial Services,59563,145930639.46
jammu-&-kashmir,2023,1,Others,112235,92033332.42
jammu-&-kashmir,2023,2,Recharge & bill payments,894985,232696130.47
jammu-&-kashmir,2023,2,Peer-to-peer payments,770046,1270575956.52
jammu-&-kashmir,2023,2,Merchant payments,922709,590534237.04
jammu-&-kashmir,2023,2,Financial Services,60941,149306650.47
jammu-&-kashmir,2023,2,Others,114710,94062357.95
jammu-&-kashmir,2023,3,Recharge & bill payments,993970,258432288.94
jammu-&-kashmir,2023,3,Peer-to-peer payments,866497,1429720345.55
jammu-&-kashmir,2023,3,Merchant payments,1029863,659112933.58
jammu-&-kashmir,2023,3,Financial Services,71293,174667946.66
jammu-&-kashmir,2023,3,Others,128214,105136095.0
jammu-&-kashmir,2023,4,Recharge & bill payments,1118508,290812111.01
jammu-&-kashmir,2023,4,Peer-to-peer payments,975171,1609032375.13
jammu-&-kashmir,2023,4,Merchant payments,1215426,777872675.01
jammu-&-kashmir,2023,4,Financial Services,79826,195574391.21
jammu-&-kashmir,2023,4,Others,145653,119435500.65
jharkhand,2018,1,Recharge & bill payments,993667,258353548.76
jharkhand,2018,1,Peer-to-peer payments,555729,916954283.15
jharkhand,2018,1,Merchant payments,350517,224331363.66
jharkhand,2018,1,Financial Services,39238,96135071.37
jharkhand,2018,1,Others,77303,63389096.34
jharkhand,2018,2,Recharge & bill payments,1132650,294489212.9
jharkhand,2018,2,Peer-to-peer payments,693447,1144187655.61
jharkhand,2018,2,Merchant payments,414518,265291987.7
jharkhand,2018,2,Financial Services,46475,113864238.79
jharkhand,2018,2,Others,89343,73261966.42
jharkhand,2018,3,Recharge & bill payments,1372017,356724521.76
jharkhand,2018,3,Peer-to-peer payments,847303,1398050702.95
jharkhand,2018,3,Merchant payments,552960,353894407.73
jharkhand,2018,3,Financial Services,57166,140058343.39
jharkhand,2018,3,Others,113114,92753652.53
jharkhand,2018,4,Recharge & bill payments,1524230,396299936.17
jharkhand,2018,4,Peer-to-peer payments,952787,1572098563.58
jharkhand,2018,4,Merchant payments,625642,400411010.88
jharkhand,2018,4,Financial Services,63520,155626344.52
jharkhand,2018,4,Others,125497,102908079.21
jharkhand,2019,1,Recharge & bill payments,1344390,349541495.98
jharkhand,2019,1,Peer-to-peer payments,827173,1364836661.28
jharkhand,2019,1,Merchant payments,576340,368857861.84
jharkhand,2019,1,Financial Services,57570,141047906.93
jharkhand,2019,1,Others,114512,93899968.61
jharkhand,2019,2,Recharge & bill payments,1569059,407955479.12
jharkhand,2019,2,Peer-to-peer payments,965121,1592450502.74
jharkhand,2019,2,Merchant payments,705636,451607200.33
jharkhand,2019,2,Financial Services,66644,163278175.86
jharkhand,2019,2,Others,136914,112269974.26
jharkhand,2019,3,Recharge & bill payments,1623968,422231731.32
jharkhand,2019,3,Peer-to-peer payments,1025554,1692165696.59
jharkhand,2019,3,Merchant payments,754886,483127416.24
jharkhand,2019,3,Financial Services,71369,174855540.52
jharkhand,2019,3,Others,138455,113533898.56
jharkhand,2019,4,Recharge & bill payments,1797666,467393377.66
jharkhand,2019,4,Peer-to-peer payments,1190155,1963756325.05
jharkhand,2019,4,Merchant payments,927374,593519882.65
jharkhand,2019,4,Financial Services,84354,206668403.82
jharkhand,2019,4,Others,160140,131315441.71
jharkhand,2020,1,Recharge & bill payments,1467783,381623610.22
jharkhand,2020,1,Peer-to-peer payments,1003543,1655847184.21
jharkhand,2020,1,Merchant payments,797349,510303633.41
jharkhand,2020,1,Financial Services,71921,176208584.87
jharkhand,2020,1,Others,139732,114580933.37
jharkhand,2020,2,Recharge & bill payments,1591736,413851536.77
jharkhand,2020,2,Peer-to-peer payments,1103088,1820095489.18
jharkhand,2020,2,Merchant payments,938976,600945123.32
jharkhand,2020,2,Financial Services,79295,194274142.74
jharkhand,2020,2,Others,156787,128565846.67
jharkhand,2020,3,Recharge & bill payments,1925807,500710019.11
jharkhand,2020,3,Peer-to-peer payments,1278492,2109512345.71
jharkhand,2020,3,Merchant payments,1088052,696353867.27
jharkhand,2020,3,Financial Services,92462,226532868.48
jharkhand,2020,3,Others,185762,152324929.1
jharkhand,2020,4,Recharge & bill payments,1928522,501415895.73
jharkhand,2020,4,Peer-to-peer payments,1357117,2239243271.69
jharkhand,2020,4,Merchant payments,1201823,769167146.08
jharkhand,2020,4,Financial Services,100295,245724237.23
jharkhand,2020,4,Others,192703,158016580.78
jharkhand,2021,1,Recharge & bill payments,1592328,414005423.0
jharkhand,2021,1,Peer-to-peer payments,1148119,1894397729.41
jharkhand,2021,1,Merchant payments,1088413,696584392.11
jharkhand,2021,1,Financial Services,88416,216620681.28
jharkhand,2021,1,Others,167667,137487076.21
jharkhand,2021,2,Recharge & bill payments,1668833,433896727.72
jharkhand,2021,2,Peer-to-peer payments,1239102,2044519586.26
jharkhand,2021,2,Merchant payments,1153291,738106391.75
jharkhand,2021,2,Financial Services,91104,223206429.8
jharkhand,2021,2,Others,167803,137599040.22
jharkhand,2021,3,Recharge & bill payments,1813085,471402274.43
jharkhand,2021,3,Peer-to-peer payments,1340175,2211290345.39
jharkhand,2021,3,Merchant payments,1301309,832838320.64
jharkhand,2021,3,Financial Services,100079,245194746.99
jharkhand,2021,3,Others,191502,157032265.94
jharkhand,2021,4,Recharge & bill payments,2024805,526449450.21
jharkhand,2021,4,Peer-to-peer payments,1570503,2591330605.49
jharkhand,2021,4,Merchant payments,1532587,980856252.91
jharkhand,2021,4,Financial Services,117805,288624479.55
jharkhand,2021,4,Others,222966,182832909.87
jharkhand,2022,1,Recharge & bill payments,1603638,416945933.35
jharkhand,2022,1,Peer-to-peer payments,1215862,2006173406.65
jharkhand,2022,1,Merchant payments,1279611,818951514.02
jharkhand,2022,1,Financial Services,97359,238530689.52
jharkhand,2022,1,Others,179399,147107683.25
jharkhand,2022,2,Recharge & bill payments,1762175,458165741.4
jharkhand,2022,2,Peer-to-peer payments,1381933,2280189658.89
jharkhand,2022,2,Merchant payments,1491549,954591712.78
jharkhand,2022,2,Financial Services,111313,272718276.03
jharkhand,2022,2,Others,206286,169154779.22
jharkhand,2022,3,Recharge & bill payments,1800381,468099060.22
jharkhand,2022,3,Peer-to-peer payments,1441727,2378850484.51
jharkhand,2022,3,Merchant payments,1582504,1012802940.86
jharkhand,2022,3,Financial Services,116850,286283719.38
jharkhand,2022,3,Others,213328,174929377.22
jharkhand,2022,4,Recharge & bill payments,2120916,551438173.55
jharkhand,2022,4,Peer-to-peer payments,1771359,2922743622.7
jharkhand,2022,4,Merchant payments,1896095,1213501325.49
jharkhand,2022,4,Financial Services,136637,334761485.65
jharkhand,2022,4,Others,252494,207045889.76
jharkhand,2023,1,Recharge & bill payments,1706272,443630905.45
jharkhand,2023,1,Peer-to-peer payments,1441459,2378408009.28
jharkhand,2023,1,Merchant payments,1680730,1075667266.78
jharkhand,2023,1,Financial Services,116556,285562656.46
jharkhand,2023,1,Others,218940,179531063.84
jharkhand,2023,2,Recharge & bill payments,1837586,477772581.22
jharkhand,2023,2,Peer-to-peer payments,1565755,2583497263.24
jharkhand,2023,2,Merchant payments,1825851,1168544742.58
jharkhand,2023,2,Financial Services,129141,316397603.3
jharkhand,2023,2,Others,233134,191170435.35
jharkhand,2023,3,Recharge & bill payments,1916827,498375255.04
jharkhand,2023,3,Peer-to-peer payments,1770321,2921030809.13
jharkhand,2023,3,Merchant payments,2026601,1297024847.91
jharkhand,2023,3,Financial Services,137606,337135725.28
jharkhand,2023,3,Others,248332,203632631.58
jharkhand,2023,4,Recharge & bill payments,2131599,554215911.31
jharkhand,2023,4,Peer-to-peer payments,1942779,3205586400.75
jharkhand,2023,4,Merchant payments,2414526,1545297166.71
jharkhand,2023,4,Financial Services,157823,386666824.66
jharkhand,2023,4,Others,291004,238623787.29
karnataka,2018,1,Recharge & bill payments,4261427,1107971195.84
karnataka,2018,1,Peer-to-peer payments,2536236,4184790674.32
karnataka,2018,1,Merchant payments,1537407,983940807.89
karnataka,2018,1,Financial Services,170522,417780623.34
karnataka,2018,1,Others,355806,291761247.74
karnataka,2018,2,Recharge & bill payments,5003147,1300818255.7
karnataka,2018,2,Peer-to-peer payments,3116227,5141774594.73
karnataka,2018,2,Merchant payments,1937405,1239939685.08
karnataka,2018,2,Financial Services,200054,490132811.55
karnataka,2018,2,Others,396787,325365740.37
karnataka,2018,3,Recharge & bill payments,5741472,1492782927.62
karnataka,2018,3,Peer-to-peer payments,3558753,5871944078.38
karnataka,2018,3,Merchant payments,2348580,1503091722.6
karnataka,2018,3,Financial Services,241354,591318907.79
karnataka,2018,3,Others,489786,401624739.94
karnataka,2018,4,Recharge & bill payments,6892676,1792095807.42
karnataka,2018,4,Peer-to-peer payments,4421164,7294921046.11
karnataka,2018,4,Merchant payments,2991204,1914370908.46
karnataka,2018,4,Financial Services,308583,756030589.48
karnataka,2018,4,Others,593298,486504712.53
karnataka,2019,1,Recharge & bill payments,5678271,1476350478.84
karnataka,2019,1,Peer-to-peer payments,3449094,5691005574.18
karnataka,2019,1,Merchant payments,2447847,1566622379.71
karnataka,2019,1,Financial Services,239538,586869903.36
karnataka,2019,1,Others,477195,391300132.79
karnataka,2019,2,Recharge & bill payments,6282555,1633464541.43
karnataka,2019,2,Peer-to-peer payments,4165060,6872350383.82
karnataka,2019,2,Merchant payments,3055526,1955537242.93
karnataka,2019,2,Financial Services,282746,692729723.59
karnataka,2019,2,Others,556466,456302590.55
karnataka,2019,3,Recharge & bill payments,6955181,1808347247.78
karnataka,2019,3,Peer-to-peer payments,4502509,7429141266.31
karnataka,2019,3,Merchant payments,3454140,2210649767.12
karnataka,2019,3,Financial Services,314195,769778566.78
karnataka,2019,3,Others,629020,515796758.84
karnataka,2019,4,Recharge & bill payments,8127656,2113190575.52
karnataka,2019,4,Peer-to-peer payments,5256722,8673591535.2
karnataka,2019,4,Merchant payments,4217918,2699467970.8
karnataka,2019,4,Financial Services,394657,966911767.77
karnataka,2019,4,Others,759183,622530264.33
karnataka,2020,1,Recharge & bill payments,6448725,1676668518.51
karnataka,2020,1,Peer-to-peer payments,4394298,7250593227.62
karnataka,2020,1,Merchant payments,3442346,2203101674.4
karnataka,2020,1,Financial Services,313211,767367502.65
karnataka,2020,1,Others,587168,481477894.18
karnataka,2020,2,Recharge & bill payments,7107927,1848061079.64
karnataka,2020,2,Peer-to-peer payments,4908193,8098519868.98
karnataka,2020,2,Merchant payments,3988503,2552642543.29
karnataka,2020,2,Financial Services,349588,856491029.88
karnataka,2020,2,Others,672243,551239726.85
karnataka,2020,3,Recharge & bill payments,7595808,1974910285.12
karnataka,2020,3,Peer-to-peer payments,5226476,8623686365.24
karnataka,2020,3,Merchant payments,4478910,2866502486.52
karnataka,2020,3,Financial Services,381332,934263968.7
karnataka,2020,3,Others,773750,634475580.84
karnataka,2020,4,Recharge & bill payments,8587550,2232763094.86
karnataka,2020,4,Peer-to-peer payments,6082808,10036634434.44
karnataka,2020,4,Merchant payments,5295016,3388810274.42
karnataka,2020,4,Financial Services,444573,1089205546.4
karnataka,2020,4,Others,827162,678273146.18
karnataka,2021,1,Recharge & bill payments,7380947,1919046376.15
karnataka,2021,1,Peer-to-peer payments,5269465,8694618114.97
karnataka,2021,1,Merchant payments,4786712,3063495787.46
karnataka,2021,1,Financial Services,384405,941792659.58
karnataka,2021,1,Others,719668,590128271.99
karnataka,2021,2,Recharge & bill payments,7211312,1874941351.87
karnataka,2021,2,Peer-to-peer payments,5282830,8716670434.46
karnataka,2021,2,Merchant payments,4828408,3090181573.08
karnataka,2021,2,Financial Services,393670,964492180.92
karnataka,2021,2,Others,779679,639337464.46
karnataka,2021,3,Recharge & bill payments,8209648,2134508714.4
karnataka,2021,3,Peer-to-peer payments,6198613,10227712673.11
karnataka,2021,3,Merchant payments,5791759,3706725938.04
karnataka,2021,3,Financial Services,472123,1156703010.33
karnataka,2021,3,Others,877396,719465317.14
karnataka,2021,4,Recharge & bill payments,8917634,2318584932.48
karnataka,2021,4,Peer-to-peer payments,6603215,10895305171.66
karnataka,2021,4,Merchant payments,6899061,4415399465.39
karnataka,2021,4,Financial Services,511234,1252523393.64
karnataka,2021,4,Others,962241,789038151.25
karnataka,2022,1,Recharge & bill payments,7204691,1873219663.41
karnataka,2022,1,Peer-to-peer payments,5597928,9236582627.94
karnataka,2022,1,Merchant payments,5669394,3628412371.74
karnataka,2022,1,Financial Services,443198,1085835107.28
karnataka,2022,1,Others,813079,666724831.3
karnataka,2022,2,Recharge & bill payments,7415122,1927931945.61
karnataka,2022,2,Peer-to-peer payments,6005244,9908652753.45
karnataka,2022,2,Merchant payments,6213866,3976874571.87
karnataka,2022,2,Financial Services,469343,1149891914.7
karnataka,2022,2,Others,874288,716916366.83
karnataka,2022,3,Recharge & bill payments,8087348,2102710512.38
karnataka,2022,3,Peer-to-peer payments,6408288,10573676333.75
karnataka,2022,3,Merchant payments,6858055,4389155795.86
karnataka,2022,3,Financial Services,493497,1209067867.83
karnataka,2022,3,Others,928213,761135114.58
karnataka,2022,4,Recharge & bill payments,9049664,2352912660.84
karnataka,2022,4,Peer-to-peer payments,7955891,13127220363.15
karnataka,2022,4,Merchant payments,8573716,5487178861.5
karnataka,2022,4,Financial Services,592325,1451197141.28
karnataka,2022,4,Others,1143373,937565987.55
karnataka,2023,1,Recharge & bill payments,7110844,1848819641.55
karnataka,2023,1,Peer-to-peer payments,5836752,9630641509.03
karnataka,2023,1,Merchant payments,6819988,4364792557.48
karnataka,2023,1,Financial Services,457193,1120124117.52
karnataka,2023,1,Others,875382,717813337.79
karnataka,2023,2,Recharge & bill payments,7935610,2063258844.56
karnataka,2023,2,Peer-to-peer payments,6849218,11301211336.57
karnataka,2023,2,Merchant payments,7823539,5007065363.91
karnataka,2023,2,Financial Services,530353,1299364868.36
karnataka,2023,2,Others,988183,810310243.04
karnataka,2023,3,Recharge & bill payments,7931428,2062171516.41
karnataka,2023,3,Peer-to-peer payments,6976022,11510437584.62
karnataka,2023,3,Merchant payments,8178271,5234093481.02
karnataka,2023,3,Financial Services,559280,1370236720.92
karnataka,2023,3,Others,1022444,838404543.23
karnataka,2023,4,Recharge & bill payments,8318030,2162687950.79
karnataka,2023,4,Peer-to-peer payments,7959466,13133120463.55
karnataka,2023,4,Merchant payments,9333619,5973516402.98
karnataka,2023,4,Financial Services,646268,1583357638.75
karnataka,2023,4,Others,1145276,939126734.25
kerala,2018,1,Recharge & bill payments,2234451,580957297.98
kerala,2018,1,Peer-to-peer payments,1347622,2223577443.38
kerala,2018,1,Merchant payments,802970,513901129.16
kerala,2018,1,Financial Services,87715,214903540.71
kerala,2018,1,Others,183632,150578693.18
kerala,2018,2,Recharge & bill payments,2751482,715385568.81
kerala,2018,2,Peer-to-peer payments,1666095,2749057866.98
kerala,2018,2,Merchant payments,1025597,656382100.42
kerala,2018,2,Financial Services,113441,277932590.64
kerala,2018,2,Others,218697,179332112.02
kerala,2018,3,Recharge & bill payments,3025084,786521874.35
kerala,2018,3,Peer-to-peer payments,1847592,3048527326.71
kerala,2018,3,Merchant payments,1190952,762209405.58
kerala,2018,3,Financial Services,128223,314147947.18
kerala,2018,3,Others,251854,206520491.21
kerala,2018,4,Recharge & bill payments,3907674,1015995349.84
kerala,2018,4,Peer-to-peer payments,2339493,3860164451.89
kerala,2018,4,Merchant payments,1547712,990536181.57
kerala,2018,4,Financial Services,162041,397001228.84
kerala,2018,4,Others,326700,267894731.56
kerala,2019,1,Recharge & bill payments,3062257,796186909.25
kerala,2019,1,Peer-to-peer payments,1882431,3106011803.48
kerala,2019,1,Merchant payments,1310656,838820139.12
kerala,2019,1,Financial Services,135280,331437590.14
kerala,2019,1,Others,252771,207272465.3
kerala,2019,2,Recharge & bill payments,3325536,864639462.05
kerala,2019,2,Peer-to-peer payments,2156766,3558664298.08
kerala,2019,2,Merchant payments,1551670,993069359.72
kerala,2019,2,Financial Services,147504,361385860.14
kerala,2019,2,Others,291890,239350530.88
kerala,2019,3,Recharge & bill payments,3966352,1031251554.36
kerala,2019,3,Peer-to-peer payments,2586218,4267260728.35
kerala,2019,3,Merchant payments,1859849,1190303664.42
kerala,2019,3,Financial Services,176761,433064539.9
kerala,2019,3,Others,348392,285682043.56
kerala,2019,4,Recharge & bill payments,4202759,1092717431.6
kerala,2019,4,Peer-to-peer payments,2757893,4550524160.95
kerala,2019,4,Merchant payments,2210769,1414892354.05
kerala,2019,4,Financial Services,195146,478108433.62
kerala,2019,4,Others,389451,319350395.12
kerala,2020,1,Recharge & bill payments,3482659,905491431.57
kerala,2020,1,Peer-to-peer payments,2217750,3659288243.0
kerala,2020,1,Merchant payments,1820143,1164892106.39
kerala,2020,1,Financial Services,163164,399753914.21
kerala,2020,1,Others,321370,263524176.21
kerala,2020,2,Recharge & bill payments,4088852,1063101724.33
kerala,2020,2,Peer-to-peer payments,2744175,4527889593.89
kerala,2020,2,Merchant payments,2248337,1438936070.0
kerala,2020,2,Financial Services,189571,464449752.59
kerala,2020,2,Others,367214,301115978.78
kerala,2020,3,Recharge & bill payments,4323189,1124029200.73
kerala,2020,3,Peer-to-peer payments,2978243,4914101691.32
kerala,2020,3,Merchant payments,2462461,1575975487.39
kerala,2020,3,Financial Services,205998,504696391.43
kerala,2020,3,Others,411755,337639543.94
kerala,2020,4,Recharge & bill payments,4620734,1201390870.82
kerala,2020,4,Peer-to-peer payments,3300728,5446201270.81
kerala,2020,4,Merchant payments,2822046,1806110036.66
kerala,2020,4,Financial Services,230291,564213207.28
kerala,2020,4,Others,458893,376293067.81
kerala,2021,1,Recharge & bill payments,3790841,985618711.63
kerala,2021,1,Peer-to-peer payments,2776444,4581132801.27
kerala,2021,1,Merchant payments,2505387,1603448064.41
kerala,2021,1,Financial Services,203214,497875576.24
kerala,2021,1,Others,391251,320826259.79
kerala,2021,2,Recharge & bill payments,3958000,1029080140.15
kerala,2021,2,Peer-to-peer payments,2807861,4632971002.46
kerala,2021,2,Merchant payments,2721547,1741790486.74
kerala,2021,2,Financial Services,207742,508968405.37
kerala,2021,2,Others,397778,326178401.91
kerala,2021,3,Recharge & bill payments,4388583,1141031796.86
kerala,2021,3,Peer-to-peer payments,3189710,5263021977.02
kerala,2021,3,Merchant payments,3017016,1930890440.15
kerala,2021,3,Financial Services,244498,599021801.64
kerala,2021,3,Others,457698,375312575.57
kerala,2021,4,Recharge & bill payments,4678265,1216349022.48
kerala,2021,4,Peer-to-peer payments,3537475,5836834005.03
kerala,2021,4,Merchant payments,3566383,2282485436.77
kerala,2021,4,Financial Services,275849,675831028.4
kerala,2021,4,Others,498428,408711381.68
kerala,2022,1,Recharge & bill payments,3665054,952914206.16
kerala,2022,1,Peer-to-peer payments,2996598,4944386968.57
kerala,2022,1,Merchant payments,2996543,1917787539.65
kerala,2022,1,Financial Services,220456,540118279.4
kerala,2022,1,Others,424524,348109749.29
kerala,2022,2,Recharge & bill payments,4197867,1091445639.48
kerala,2022,2,Peer-to-peer payments,3446506,5686735814.96
kerala,2022,2,Merchant payments,3631280,2324019371.75
kerala,2022,2,Financial Services,267744,655974294.44
kerala,2022,2,Others,498984,409167321.17
kerala,2022,3,Recharge & bill payments,4403388,1144881093.59
kerala,2022,3,Peer-to-peer payments,3519536,5807235374.98
kerala,2022,3,Merchant payments,3763864,2408873137.4
kerala,2022,3,Financial Services,270481,662680546.58
kerala,2022,3,Others,499353,409470078.4
kerala,2022,4,Recharge & bill payments,4659099,1211365918.22
kerala,2022,4,Peer-to-peer payments,3704669,6112705382.67
kerala,2022,4,Merchant payments,4179068,2674603960.43
kerala,2022,4,Financial Services,304811,746788061.11
kerala,2022,4,Others,546096,447798939.77
kerala,2023,1,Recharge & bill payments,4096383,1065059737.67
kerala,2023,1,Peer-to-peer payments,3445245,5684654808.22
kerala,2023,1,Merchant payments,3829147,2450654245.72
kerala,2023,1,Financial Services,271135,664281263.47
kerala,2023,1,Others,519760,426203971.59
kerala,2023,2,Recharge & bill payments,3874615,1007400125.44
kerala,2023,2,Peer-to-peer payments,3502888,5779765931.65
kerala,2023,2,Merchant payments,4076081,2608692213.1
kerala,2023,2,Financial Services,274125,671606884.13
kerala,2023,2,Others,492766,404068332.89
kerala,2023,3,Recharge & bill payments,4395506,1142831679.01
kerala,2023,3,Peer-to-peer payments,4082714,6736479086.33
kerala,2023,3,Merchant payments,4643342,2971739324.57
kerala,2023,3,Financial Services,326646,800283272.39
kerala,2023,3,Others,604097,495359947.66
kerala,2023,4,Recharge & bill payments,4530180,1177846803.14
kerala,2023,4,Peer-to-peer payments,4239493,6995164927.02
kerala,2023,4,Merchant payments,4997990,3198713852.53
kerala,2023,4,Financial Services,346808,849681511.45
kerala,2023,4,Others,626654,513857076.51
ladakh,2018,1,Recharge & bill payments,52028,13527453.62
ladakh,2018,1,Peer-to-peer payments,29897,49330827.51
ladakh,2018,1,Merchant payments,18492,11835042.75
ladakh,2018,1,Financial Services,1991,4879315.81
ladakh,2018,1,Others,4130,3386754.19
ladakh,2018,2,Recharge & bill payments,64117,16670440.51
ladakh,2018,2,Peer-to-peer payments,37190,61363887.87
ladakh,2018,2,Merchant payments,23804,15235045.9
ladakh,2018,2,Financial Services,2595,6357978.93
ladakh,2018,2,Others,5051,4142291.86
ladakh,2018,3,Recharge & bill payments,69818,18152840.95
ladakh,2018,3,Peer-to-peer payments,42589,70272959.79
ladakh,2018,3,Merchant payments,28779,18418889.64
ladakh,2018,3,Financial Services,3051,7475969.69
ladakh,2018,3,Others,5742,4708956.86
ladakh,2018,4,Recharge & bill payments,83597,21735308.02
ladakh,2018,4,Peer-to-peer payments,52780,87087413.08
ladakh,2018,4,Merchant payments,36163,23144562.67
ladakh,2018,4,Financial Services,3677,9010088.49
ladakh,2018,4,Others,7253,5947881.88
ladakh,2019,1,Recharge & bill payments,69234,18001054.08
ladakh,2019,1,Peer-to-peer payments,43570,71891270.39
ladakh,2019,1,Merchant payments,30031,19219892.44
ladakh,2019,1,Financial Services,2975,7289744.27
ladakh,2019,1,Others,5621,4609572.12
ladakh,2019,2,Recharge & bill payments,81646,21228021.15
ladakh,2019,2,Peer-to-peer payments,51223,84518660.69
ladakh,2019,2,Merchant payments,36677,23473837.18
ladakh,2019,2,Financial Services,3667,8985179.51
ladakh,2019,2,Others,6923,5677127.85
ladakh,2019,3,Recharge & bill payments,89413,23247607.65
ladakh,2019,3,Peer-to-peer payments,54974,90707906.3
ladakh,2019,3,Merchant payments,41267,26411192.8
ladakh,2019,3,Financial Services,4061,9949535.17
ladakh,2019,3,Others,7551,6192157.83
ladakh,2019,4,Recharge & bill payments,95595,24854733.35
ladakh,2019,4,Peer-to-peer payments,61187,100959336.74
ladakh,2019,4,Merchant payments,47001,30081185.82
ladakh,2019,4,Financial Services,4278,10481870.59
ladakh,2019,4,Others,8706,7139180.72
ladakh,2020,1,Recharge & bill payments,80412,20907342.91
ladakh,2020,1,Peer-to-peer payments,53326,87988376.52
ladakh,2020,1,Merchant payments,42797,27390402.86
ladakh,2020,1,Financial Services,3934,9640070.92
ladakh,2020,1,Others,7464,6120522.19
ladakh,2020,2,Recharge & bill payments,82873,21547131.99
ladakh,2020,2,Peer-to-peer payments,58993,97339072.66
ladakh,2020,2,Merchant payments,47123,30159067.36
ladakh,2020,2,Financial Services,4089,10019573.96
ladakh,2020,2,Others,8117,6656575.92
ladakh,2020,3,Recharge & bill payments,89990,23397563.95
ladakh,2020,3,Peer-to-peer payments,63675,105065170.25
ladakh,2020,3,Merchant payments,54598,34942955.68
ladakh,2020,3,Financial Services,4658,11412971.41
ladakh,2020,3,Others,9077,7443523.75
ladakh,2020,4,Recharge & bill payments,106512,27693315.51
ladakh,2020,4,Peer-to-peer payments,75308,124258827.76
ladakh,2020,4,Merchant payments,67338,43096398.42
ladakh,2020,4,Financial Services,5380,13183105.52
ladakh,2020,4,Others,10853,8900214.42
ladakh,2021,1,Recharge & bill payments,83351,21671398.82
ladakh,2021,1,Peer-to-peer payments,60507,99838065.55
ladakh,2021,1,Merchant payments,54305,34755628.83
ladakh,2021,1,Financial Services,4552,11154202.53
ladakh,2021,1,Others,8471,6946868.49
ladakh,2021,2,Recharge & bill payments,91002,23660702.91
ladakh,2021,2,Peer-to-peer payments,65336,107805285.56
ladakh,2021,2,Merchant payments,61347,39262543.47
ladakh,2021,2,Financial Services,4862,11913364.1
ladakh,2021,2,Others,9352,7668970.91
ladakh,2021,3,Recharge & bill payments,95623,24862179.07
ladakh,2021,3,Peer-to-peer payments,75115,123941310.03
ladakh,2021,3,Merchant payments,69712,44616161.85
ladakh,2021,3,Financial Services,5436,13320627.96
ladakh,2021,3,Others,10164,8335092.32
ladakh,2021,4,Recharge & bill payments,106330,27646047.23
ladakh,2021,4,Peer-to-peer payments,83986,138577416.66
ladakh,2021,4,Merchant payments,81296,52030064.48
ladakh,2021,4,Financial Services,6155,15079814.71
ladakh,2021,4,Others,11552,9473418.73
ladakh,2022,1,Recharge & bill payments,90717,23586628.07
ladakh,2022,1,Peer-to-peer payments,72369,119409147.87
ladakh,2022,1,Merchant payments,70474,45103573.44
ladakh,2022,1,Financial Services,5580,13671702.3
ladakh,2022,1,Others,10365,8499503.3
ladakh,2022,2,Recharge & bill payments,94549,24582836.23
ladakh,2022,2,Peer-to-peer payments,74960,123685518.82
ladakh,2022,2,Merchant payments,78737,50392093.94
ladakh,2022,2,Financial Services,5653,13851476.76
ladakh,2022,2,Others,11031,9045960.37
ladakh,2022,3,Recharge & bill payments,105096,27325076.59
ladakh,2022,3,Peer-to-peer payments,86055,141991219.42
ladakh,2022,3,Merchant payments,88917,56907176.51
ladakh,2022,3,Financial Services,6347,15550973.32
ladakh,2022,3,Others,12434,10195880.83
ladakh,2022,4,Recharge & bill payments,110812,28811239.03
ladakh,2022,4,Peer-to-peer payments,92351,152379913.42
ladakh,2022,4,Merchant payments,101515,64970235.27
ladakh,2022,4,Financial Services,7337,17975784.53
ladakh,2022,4,Others,13882,11383608.62
ladakh,2023,1,Recharge & bill payments,86087,22382845.49
ladakh,2023,1,Peer-to-peer payments,72147,119043664.35
ladakh,2023,1,Merchant payments,84203,53889929.74
ladakh,2023,1,Financial Services,5902,14461262.2
ladakh,2023,1,Others,10989,9011788.02
ladakh,2023,2,Recharge & bill payments,96739,25152162.94
ladakh,2023,2,Peer-to-peer payments,81685,134781890.85
ladakh,2023,2,Merchant payments,96900,62016165.31
ladakh,2023,2,Financial Services,6799,16657870.45
ladakh,2023,2,Others,12366,10140339.96
ladakh,2023,3,Recharge & bill payments,96989,25217287.39
ladakh,2023,3,Peer-to-peer payments,86847,143297854.45
ladakh,2023,3,Merchant payments,101960,65254586.74
ladakh,2023,3,Financial Services,7236,17730578.84
ladakh,2023,3,Others,12989,10651041.37
ladakh,2023,4,Recharge & bill payments,113709,29564369.5
ladakh,2023,4,Peer-to-peer payments,105206,173589944.99
ladakh,2023,4,Merchant payments,121419,77708475.41
ladakh,2023,4,Financial Services,8169,20016256.62
ladakh,2023,4,Others,15691,12866725.36
lakshadweep,2018,1,Recharge & bill payments,26031,6768169.32
lakshadweep,2018,1,Peer-to-peer payments,15296,25238578.09
lakshadweep,2018,1,Merchant payments,8985,5750923.68
lakshadweep,2018,1,Financial Services,986,2416423.52
lakshadweep,2018,1,Others,2031,1665496.19
lakshadweep,2018,2,Recharge & bill payments,30057,7814920.26
lakshadweep,2018,2,Peer-to-peer payments,17882,29505895.61
lakshadweep,2018,2,Merchant payments,11615,7433792.97
lakshadweep,2018,2,Financial Services,1239,3036565.79
lakshadweep,2018,2,Others,2484,2037322.34
lakshadweep,2018,3,Recharge & bill payments,36161,9401920.72
lakshadweep,2018,3,Peer-to-peer payments,22221,36666143.75
lakshadweep,2018,3,Merchant payments,14812,9480010.59
lakshadweep,2018,3,Financial Services,1534,3759142.82
lakshadweep,2018,3,Others,2968,2434117.65
lakshadweep,2018,4,Recharge & bill payments,42626,11082872.17
lakshadweep,2018,4,Peer-to-peer payments,27239,44945104.33
lakshadweep,2018,4,Merchant payments,18044,11548350.29
lakshadweep,2018,4,Financial Services,1883,4614435.74
lakshadweep,2018,4,Others,3587,2942070.38
lakshadweep,2019,1,Recharge & bill payments,34447,8956364.14
lakshadweep,2019,1,Peer-to-peer payments,21211,34998743.58
lakshadweep,2019,1,Merchant payments,14806,9476431.78
lakshadweep,2019,1,Financial Services,1426,3494767.56
lakshadweep,2019,1,Others,2796,2292901.08
lakshadweep,2019,2,Recharge & bill payments,39482,10265406.02
lakshadweep,2019,2,Peer-to-peer payments,24224,39970072.97
lakshadweep,2019,2,Merchant payments,18541,11866811.84
lakshadweep,2019,2,Financial Services,1759,4309979.72
lakshadweep,2019,2,Others,3367,2761297.58
lakshadweep,2019,3,Recharge & bill payments,41352,10751603.22
lakshadweep,2019,3,Peer-to-peer payments,26172,43184126.26
lakshadweep,2019,3,Merchant payments,19760,12646605.86
lakshadweep,2019,3,Financial Services,1929,4726440.63
lakshadweep,2019,3,Others,3735,3063321.89
lakshadweep,2019,4,Recharge & bill payments,46477,12084240.78
lakshadweep,2019,4,Peer-to-peer payments,31600,52140986.85
lakshadweep,2019,4,Merchant payments,23493,15035636.23
lakshadweep,2019,4,Financial Services,2153,5276473.37
lakshadweep,2019,4,Others,4347,3565047.71
lakshadweep,2020,1,Recharge & bill payments,41801,10868384.49
lakshadweep,2020,1,Peer-to-peer payments,27571,45492228.46
lakshadweep,2020,1,Merchant payments,22083,14133576.74
lakshadweep,2020,1,Financial Services,2023,4956899.74
lakshadweep,2020,1,Others,3915,3210854.13
lakshadweep,2020,2,Recharge & bill payments,43590,11333554.96
lakshadweep,2020,2,Peer-to-peer payments,29647,48917767.56
lakshadweep,2020,2,Merchant payments,23303,14914282.23
lakshadweep,2020,2,Financial Services,2106,5161671.29
lakshadweep,2020,2,Others,3998,3278618.56
lakshadweep,2020,3,Recharge & bill payments,47340,12308459.65
lakshadweep,2020,3,Peer-to-peer payments,32795,54112004.04
lakshadweep,2020,3,Merchant payments,28324,18127611.25
lakshadweep,2020,3,Financial Services,2400,5882070.51
lakshadweep,2020,3,Others,4554,3735060.14
lakshadweep,2020,4,Recharge & bill payments,51597,13415476.63
lakshadweep,2020,4,Peer-to-peer payments,36469,60174081.64
lakshadweep,2020,4,Merchant payments,32061,20519044.93
lakshadweep,2020,4,Financial Services,2607,6388317.82
lakshadweep,2020,4,Others,4935,4047266.55
lakshadweep,2021,1,Recharge & bill payments,43536,11319577.78
lakshadweep,2021,1,Peer-to-peer payments,31272,51599136.56
lakshadweep,2021,1,Merchant payments,28141,18010814.41
lakshadweep,2021,1,Financial Services,2298,5631075.65
lakshadweep,2021,1,Others,4597,3769744.7
lakshadweep,2021,2,Recharge & bill payments,44775,11641522.53
lakshadweep,2021,2,Peer-to-peer payments,32840,54187135.66
lakshadweep,2021,2,Merchant payments,29452,18849701.48
lakshadweep,2021,2,Financial Services,2345,5745721.3
lakshadweep,2021,2,Others,4673,3832440.37
lakshadweep,2021,3,Recharge & bill payments,50575,13149510.65
lakshadweep,2021,3,Peer-to-peer payments,37947,62613036.69
lakshadweep,2021,3,Merchant payments,37098,23743022.98
lakshadweep,2021,3,Financial Services,2754,6749199.19
lakshadweep,2021,3,Others,5319,4361611.91
lakshadweep,2021,4,Recharge & bill payments,53741,13972815.54
lakshadweep,2021,4,Peer-to-peer payments,40641,67058852.37
lakshadweep,2021,4,Merchant payments,38731,24788424.41
lakshadweep,2021,4,Financial Services,3010,7375723.48
lakshadweep,2021,4,Others,5586,4580953.26
lakshadweep,2022,1,Recharge & bill payments,42288,10995040.41
lakshadweep,2022,1,Peer-to-peer payments,33276,54906560.05
lakshadweep,2022,1,Merchant payments,33814,21641090.28
lakshadweep,2022,1,Financial Services,2526,6190886.23
lakshadweep,2022,1,Others,4661,3822665.79
lakshadweep,2022,2,Recharge & bill payments,45819,11913062.3
lakshadweep,2022,2,Peer-to-peer payments,35920,59268759.51
lakshadweep,2022,2,Merchant payments,38370,24557076.37
lakshadweep,2022,2,Financial Services,2837,6951011.33
lakshadweep,2022,2,Others,5123,4200943.52
lakshadweep,2022,3,Recharge & bill payments,49821,12953680.1
lakshadweep,2022,3,Peer-to-peer payments,40478,66788754.18
lakshadweep,2022,3,Merchant payments,43019,27532175.22
lakshadweep,2022,3,Financial Services,3086,7562196.97
lakshadweep,2022,3,Others,5942,4873092.56
lakshadweep,2022,4,Recharge & bill payments,53156,13820798.47
lakshadweep,2022,4,Peer-to-peer payments,44304,73102854.53
lakshadweep,2022,4,Merchant payments,50947,32606426.36
lakshadweep,2022,4,Financial Services,3467,8494864.7
lakshadweep,2022,4,Others,6715,5506705.9
lakshadweep,2023,1,Recharge & bill payments,44516,11574214.19
lakshadweep,2023,1,Peer-to-peer payments,39140,64581381.57
lakshadweep,2023,1,Merchant payments,42595,27261318.18
lakshadweep,2023,1,Financial Services,2984,7311031.85
lakshadweep,2023,1,Others,5452,4471170.33
lakshadweep,2023,2,Recharge & bill payments,46937,12203694.87
lakshadweep,2023,2,Peer-to-peer payments,41856,69063585.57
lakshadweep,2023,2,Merchant payments,47101,30144967.58
lakshadweep,2023,2,Financial Services,3164,7753892.52
lakshadweep,2023,2,Others,5895,4834524.45
lakshadweep,2023,3,Recharge & bill payments,52365,13614968.82
lakshadweep,2023,3,Peer-to-peer payments,45766,75515121.79
lakshadweep,2023,3,Merchant payments,54204,34690650.5
lakshadweep,2023,3,Financial Services,3699,9064638.55
lakshadweep,2023,3,Others,6633,5439873.47
lakshadweep,2023,4,Recharge & bill payments,58272,15150896.38
lakshadweep,2023,4,Peer-to-peer payments,53231,87831882.52
lakshadweep,2023,4,Merchant payments,63270,40493050.3
lakshadweep,2023,4,Financial Services,4243,10395746.35
lakshadweep,2023,4,Others,7754,6358359.53
madhya-pradesh,2018,1,Recharge & bill payments,2171384,564559985.81
madhya-pradesh,2018,1,Peer-to-peer payments,1259989,2078983053.84
madhya-pradesh,2018,1,Merchant payments,786237,503191847.63
madhya-pradesh,2018,1,Financial Services,84171,206220189.96
madhya-pradesh,2018,1,Others,166658,136660101.95
madhya-pradesh,2018,2,Recharge & bill payments,2477392,644122147.09
madhya-pradesh,2018,2,Peer-to-peer payments,1466837,2420281904.57
madhya-pradesh,2018,2,Merchant payments,900680,576435744.97
madhya-pradesh,2018,2,Financial Services,98799,242059872.72
madhya-pradesh,2018,2,Others,201013,164831355.7
madhya-pradesh,2018,3,Recharge & bill payments,2675869,695726152.58
madhya-pradesh,2018,3,Peer-to-peer payments,1637282,2701516754.28
madhya-pradesh,2018,3,Merchant payments,1099832,703892559.99
madhya-pradesh,2018,3,Financial Services,116191,284668115.05
madhya-pradesh,2018,3,Others,231098,189500922.25
madhya-pradesh,2018,4,Recharge & bill payments,3158025,821086620.33
madhya-pradesh,2018,4,Peer-to-peer payments,2033445,3355184843.03
madhya-pradesh,2018,4,Merchant payments,1312443,839963724.73
madhya-pradesh,2018,4,Financial Services,135639,332317379.23
madhya-pradesh,2018,4,Others,274351,224968380.3
madhya-pradesh,2019,1,Recharge & bill payments,2864021,744645639.12
madhya-pradesh,2019,1,Peer-to-peer payments,1795308,2962258205.51
madhya-pradesh,2019,1,Merchant payments,1271619,813836458.05
madhya-pradesh,2019,1,Financial Services,126642,310273777.9
madhya-pradesh,2019,1,Others,236885,194246267.16
madhya-pradesh,2019,2,Recharge & bill payments,3157446,820936062.3
madhya-pradesh,2019,2,Peer-to-peer payments,2086034,3441956522.03
madhya-pradesh,2019,2,Merchant payments,1462588,936056738.78
madhya-pradesh,2019,2,Financial Services,142433,348962930.06
madhya-pradesh,2019,2,Others,286434,234876693.96
madhya-pradesh,2019,3,Recharge & bill payments,3485799,906307770.37
madhya-pradesh,2019,3,Peer-to-peer payments,2336379,3855025431.26
madhya-pradesh,2019,3,Merchant payments,1668381,1067764303.83
madhya-pradesh,2019,3,Financial Services,158448,388198698.68
madhya-pradesh,2019,3,Others,319643,262107901.31
madhya-pradesh,2019,4,Recharge & bill payments,3995324,1038784414.18
madhya-pradesh,2019,4,Peer-to-peer payments,2572337,4244357184.16
madhya-pradesh,2019,4,Merchant payments,2069872,1324718609.87
madhya-pradesh,2019,4,Financial Services,189583,464478765.51
madhya-pradesh,2019,4,Others,362498,297248550.06
madhya-pradesh,2020,1,Recharge & bill payments,3421941,889704878.48
madhya-pradesh,2020,1,Peer-to-peer payments,2293934,3784992558.51
madhya-pradesh,2020,1,Merchant payments,1856357,1188068510.26
madhya-pradesh,2020,1,Financial Services,169996,416490986.97
madhya-pradesh,2020,1,Others,312838,256527564.76
madhya-pradesh,2020,2,Recharge & bill payments,3489722,907327799.93
madhya-pradesh,2020,2,Peer-to-peer payments,2378631,3924741667.43
madhya-pradesh,2020,2,Merchant payments,1974726,1263825120.26
madhya-pradesh,2020,2,Financial Services,175669,430389943.6
madhya-pradesh,2020,2,Others,321086,263291281.07
madhya-pradesh,2020,3,Recharge & bill payments,4043726,1051368768.74
madhya-pradesh,2020,3,Peer-to-peer payments,2728156,4501457496.23
madhya-pradesh,2020,3,Merchant payments,2328596,1490301498.83
madhya-pradesh,2020,3,Financial Services,203632,498898475.03
madhya-pradesh,2020,3,Others,382123,313341073.64
madhya-pradesh,2020,4,Recharge & bill payments,4266069,1109178084.93
madhya-pradesh,2020,4,Peer-to-peer payments,3142658,5185385763.59
madhya-pradesh,2020,4,Merchant payments,2728660,1746342744.82
madhya-pradesh,2020,4,Financial Services,230170,563917180.26
madhya-pradesh,2020,4,Others,442197,362602349.09
madhya-pradesh,2021,1,Recharge & bill payments,3518281,914753279.65
madhya-pradesh,2021,1,Peer-to-peer payments,2573286,4245922570.49
madhya-pradesh,2021,1,Merchant payments,2265203,1449729977.54
madhya-pradesh,2021,1,Financial Services,187178,458586199.57
madhya-pradesh,2021,1,Others,345102,282983889.16
madhya-pradesh,2021,2,Recharge & bill payments,3643450,947297159.82
madhya-pradesh,2021,2,Peer-to-peer payments,2595252,4282166828.18
madhya-pradesh,2021,2,Merchant payments,2490912,1594183788.55
madhya-pradesh,2021,2,Financial Services,201972,494832282.42
madhya-pradesh,2021,2,Others,373977,306661863.12
madhya-pradesh,2021,3,Recharge & bill payments,3835747,997294374.1
madhya-pradesh,2021,3,Peer-to-peer payments,2837194,4681371016.71
madhya-pradesh,2021,3,Merchant payments,2692925,1723472568.49
madhya-pradesh,2021,3,Financial Services,212170,519818472.46
madhya-pradesh,2021,3,Others,415360,340595392.13
madhya-pradesh,2021,4,Recharge & bill payments,4489657,1167311040.29
madhya-pradesh,2021,4,Peer-to-peer payments,3501185,5776956756.04
madhya-pradesh,2021,4,Merchant payments,3410733,2182869423.01
madhya-pradesh,2021,4,Financial Services,262354,642768150.79
madhya-pradesh,2021,4,Others,490129,401905825.56
madhya-pradesh,2022,1,Recharge & bill payments,3543798,921387588.25
madhya-pradesh,2022,1,Peer-to-peer payments,2750723,4538694067.66
madhya-pradesh,2022,1,Merchant payments,2729453,1746849988.35
madhya-pradesh,2022,1,Financial Services,210596,515960377.76
madhya-pradesh,2022,1,Others,396826,325397956.67
madhya-pradesh,2022,2,Recharge & bill payments,3804938,989284077.71
madhya-pradesh,2022,2,Peer-to-peer payments,2902554,4789214779.14
madhya-pradesh,2022,2,Merchant payments,3106983,1988469660.18
madhya-pradesh,2022,2,Financial Services,225382,552188071.36
madhya-pradesh,2022,2,Others,415345,340582942.13
madhya-pradesh,2022,3,Recharge & bill payments,3816811,992370882.58
madhya-pradesh,2022,3,Peer-to-peer payments,3170174,5230788316.69
madhya-pradesh,2022,3,Merchant payments,3411043,2183067994.81
madhya-pradesh,2022,3,Financial Services,246561,604075036.77
madhya-pradesh,2022,3,Others,454404,372611623.72
madhya-pradesh,2022,4,Recharge & bill payments,4376325,1137844540.8
madhya-pradesh,2022,4,Peer-to-peer payments,3558450,5871443991.89
madhya-pradesh,2022,4,Merchant payments,3954892,2531130932.13
madhya-pradesh,2022,4,Financial Services,274091,671525171.68
madhya-pradesh,2022,4,Others,535796,439353434.31
madhya-pradesh,2023,1,Recharge & bill payments,3385558,880245089.01
madhya-pradesh,2023,1,Peer-to-peer payments,2963579,4889906732.68
madhya-pradesh,2023,1,Merchant payments,3235833,2070933601.23
madhya-pradesh,2023,1,Financial Services,235529,577046674.73
madhya-pradesh,2023,1,Others,436385,357836196.27
madhya-pradesh,2023,2,Recharge & bill payments,3760950,977847117.18
madhya-pradesh,2023,2,Peer-to-peer payments,3357365,5539653565.62
madhya-pradesh,2023,2,Merchant payments,3868828,2476050514.76
madhya-pradesh,2023,2,Financial Services,262749,643735845.06
madhya-pradesh,2023,2,Others,487780,399979876.06
madhya-pradesh,2023,3,Recharge & bill payments,3753775,975981667.27
madhya-pradesh,2023,3,Peer-to-peer payments,3487548,5754454940.11
madhya-pradesh,2023,3,Merchant payments,3968813,2540040605.98
madhya-pradesh,2023,3,Financial Services,280193,686473706.94
madhya-pradesh,2023,3,Others,498469,408744895.93
madhya-pradesh,2023,4,Recharge & bill payments,4595835,1194917230.42
madhya-pradesh,2023,4,Peer-to-peer payments,4201453,6932398912.23
madhya-pradesh,2023,4,Merchant payments,5034374,3221999413.92
madhya-pradesh,2023,4,Financial Services,350140,857843774.21
madhya-pradesh,2023,4,Others,641105,525706105.13
maharashtra,2018,1,Recharge & bill payments,5480952,1425047718.77
maharashtra,2018,1,Peer-to-peer payments,3271978,5398764354.93
maharashtra,2018,1,Merchant payments,1904873,1219119017.57
maharashtra,2018,1,Financial Services,212561,520774884.67
maharashtra,2018,1,Others,433121,355159455.33
maharashtra,2018,2,Recharge & bill payments,6171708,1604644144.47
maharashtra,2018,2,Peer-to-peer payments,3833606,6325450466.5
maharashtra,2018,2,Merchant payments,2415902,1546177422.49
maharashtra,2018,2,Financial Services,256185,627653794.3
maharashtra,2018,2,Others,522432,428394844.53
maharashtra,2018,3,Recharge & bill payments,7210068,1874617718.49
maharashtra,2018,3,Peer-to-peer payments,4377427,7222755792.41
maharashtra,2018,3,Merchant payments,2835323,1814607019.22
maharashtra,2018,3,Financial Services,299540,733874807.6
maharashtra,2018,3,Others,583217,478237962.2
maharashtra,2018,4,Recharge & bill payments,8116063,2110176619.95
maharashtra,2018,4,Peer-to-peer payments,4969238,8199243058.01
maharashtra,2018,4,Merchant payments,3396944,2174044385.36
maharashtra,2018,4,Financial Services,354763,869170212.44
maharashtra,2018,4,Others,678282,556192018.99
maharashtra,2019,1,Recharge & bill payments,6728792,1749485958.8
maharashtra,2019,1,Peer-to-peer payments,4121090,6799798925.31
maharashtra,2019,1,Merchant payments,2909132,1861844858.59
maharashtra,2019,1,Financial Services,298047,730215413.46
maharashtra,2019,1,Others,582573,477710256.45
maharashtra,2019,2,Recharge & bill payments,8077643,2100187327.79
maharashtra,2019,2,Peer-to-peer payments,5009889,8266317796.54
maharashtra,2019,2,Merchant payments,3710054,2374435079.06
maharashtra,2019,2,Financial Services,359035,879637632.65
maharashtra,2019,2,Others,684869,561592941.96
maharashtra,2019,3,Recharge & bill payments,8543274,2221251323.68
maharashtra,2019,3,Peer-to-peer payments,5544536,9148485992.14
maharashtra,2019,3,Merchant payments,4099841,2623898484.04
maharashtra,2019,3,Financial Services,370172,906923215.35
maharashtra,2019,3,Others,739228,606167126.37
maharashtra,2019,4,Recharge & bill payments,9195639,2390866197.42
maharashtra,2019,4,Peer-to-peer payments,6361878,10497099141.86
maharashtra,2019,4,Merchant payments,4712900,3016256388.36
maharashtra,2019,4,Financial Services,431862,1058062945.71
maharashtra,2019,4,Others,836876,686238493.52
maharashtra,2020,1,Recharge & bill payments,7738242,2011943017.71
maharashtra,2020,1,Peer-to-peer payments,5328426,8791903752.32
maharashtra,2020,1,Merchant payments,4211861,2695591596.55
maharashtra,2020,1,Financial Services,377798,925605603.99
maharashtra,2020,1,Others,748663,613903737.07
maharashtra,2020,2,Recharge & bill payments,8395512,2182833176.84
maharashtra,2020,2,Peer-to-peer payments,5734716,9462281628.29
maharashtra,2020,2,Merchant payments,4785285,3062582973.91
maharashtra,2020,2,Financial Services,411300,1007687155.94
maharashtra,2020,2,Others,788043,646195514.09
maharashtra,2020,3,Recharge & bill payments,9025573,2346649040.81
maharashtra,2020,3,Peer-to-peer payments,6375728,10519951917.59
maharashtra,2020,3,Merchant payments,5411756,3463524331.71
maharashtra,2020,3,Financial Services,445617,1091763630.76
maharashtra,2020,3,Others,844694,692649471.8
maharashtra,2020,4,Recharge & bill payments,10028267,2607349491.14
maharashtra,2020,4,Peer-to-peer payments,7232657,11933884497.73
maharashtra,2020,4,Merchant payments,6421612,4109832319.73
maharashtra,2020,4,Financial Services,541525,1326738409.91
maharashtra,2020,4,Others,1031075,845481608.35
maharashtra,2021,1,Recharge & bill payments,8791625,2285822740.99
maharashtra,2021,1,Peer-to-peer payments,6311379,10413776256.84
maharashtra,2021,1,Merchant payments,5744065,3676201605.68
maharashtra,2021,1,Financial Services,472448,1157499169.62
maharashtra,2021,1,Others,917386,752257293.48
maharashtra,2021,2,Recharge & bill payments,9091436,2363773564.41
maharashtra,2021,2,Peer-to-peer payments,6422463,10597064183.66
maharashtra,2021,2,Merchant payments,5981936,3828439523.14
maharashtra,2021,2,Financial Services,476599,1167669552.07
maharashtra,2021,2,Others,908208,744730935.43
maharashtra,2021,3,Recharge & bill payments,9836679,2557536796.74
maharashtra,2021,3,Peer-to-peer payments,7300958,12046581930.25
maharashtra,2021,3,Merchant payments,6971729,4461906949.46
maharashtra,2021,3,Financial Services,535396,1311722509.14
maharashtra,2021,3,Others,1006068,824976293.96
maharashtra,2021,4,Recharge & bill payments,11093905,2884415438.41
maharashtra,2021,4,Peer-to-peer payments,8163181,13469249258.79
maharashtra,2021,4,Merchant payments,8233348,5269343271.36
maharashtra,2021,4,Financial Services,619517,1517816899.65
maharashtra,2021,4,Others,1188833,974843481.28
maharashtra,2022,1,Recharge & bill payments,8854943,2302285221.2
maharashtra,2022,1,Peer-to-peer payments,6630565,10940433496.31
maharashtra,2022,1,Merchant payments,6636828,4247570384.1
maharashtra,2022,1,Financial Services,513094,1257080881.13
maharashtra,2022,1,Others,964141,790595930.68
maharashtra,2022,2,Recharge & bill payments,9980910,2595036771.76
maharashtra,2022,2,Peer-to-peer payments,7867318,12981075577.57
maharashtra,2022,2,Merchant payments,8045183,5148917452.85
maharashtra,2022,2,Financial Services,593861,1454959698.56
maharashtra,2022,2,Others,1095753,898517841.9
maharashtra,2022,3,Recharge & bill payments,10542365,2741015105.21
maharashtra,2022,3,Peer-to-peer payments,8318499,13725524852.73
maharashtra,2022,3,Merchant payments,8905015,5699209649.5
maharashtra,2022,3,Financial Services,668672,1638247506.11
maharashtra,2022,3,Others,1192874,978156929.89
maharashtra,2022,4,Recharge & bill payments,10626761,2762957954.18
maharashtra,2022,4,Peer-to-peer payments,8658131,14285916401.06
maharashtra,2022,4,Merchant payments,9735386,6230647057.28
maharashtra,2022,4,Financial Services,694654,1701903515.11
maharashtra,2022,4,Others,1256213,1030095092.45
maharashtra,2023,1,Recharge & bill payments,8970105,2332227428.76
maharashtra,2023,1,Peer-to-peer payments,7762492,12808112335.63
maharashtra,2023,1,Merchant payments,8793115,5627594130.76
maharashtra,2023,1,Financial Services,598929,1467376105.71
maharashtra,2023,1,Others,1131319,927681760.22
maharashtra,2023,2,Recharge & bill payments,8748568,2274627695.05
maharashtra,2023,2,Peer-to-peer payments,7891724,13021345669.93
maharashtra,2023,2,Merchant payments,8913807,5704837006.84
maharashtra,2023,2,Financial Services,605885,1484419718.35
maharashtra,2023,2,Others,1153123,945561006.16
maharashtra,2023,3,Recharge & bill payments,10351924,2691500437.83
maharashtra,2023,3,Peer-to-peer payments,9137629,15077088059.67
maharashtra,2023,3,Merchant payments,10548984,6751350236.21
maharashtra,2023,3,Financial Services,736290,1803911843.19
maharashtra,2023,3,Others,1328282,1089191499.93
maharashtra,2023,4,Recharge & bill payments,10839018,2818144740.12
maharashtra,2023,4,Peer-to-peer payments,9865263,16277684149.09
maharashtra,2023,4,Merchant payments,11774205,7535491807.81
maharashtra,2023,4,Financial Services,789108,1933315115.97
maharashtra,2023,4,Others,1501333,1231093760.67
manipur,2018,1,Recharge & bill payments,152196,39571199.06
manipur,2018,1,Peer-to-peer payments,88620,146223067.32
manipur,2018,1,Merchant payments,54725,35024173.05
manipur,2018,1,Financial Services,5983,14659283.06
manipur,2018,1,Others,11874,9736899.8
manipur,2018,2,Recharge & bill payments,178358,46373084.93
manipur,2018,2,Peer-to-peer payments,106753,176143842.33
manipur,2018,2,Merchant payments,66723,42703251.6
manipur,2018,2,Financial Services,7500,18377313.57
manipur,2018,2,Others,14404,11811575.13
manipur,2018,3,Recharge & bill payments,211318,54942905.49
manipur,2018,3,Peer-to-peer payments,123884,204408758.6
manipur,2018,3,Merchant payments,81007,51844971.32
manipur,2018,3,Financial Services,8561,20975917.27
manipur,2018,3,Others,16722,13712276.41
manipur,2018,4,Recharge & bill payments,265488,69026890.25
manipur,2018,4,Peer-to-peer payments,163708,270119363.86
manipur,2018,4,Merchant payments,108925,69712238.14
manipur,2018,4,Financial Services,11144,27304663.04
manipur,2018,4,Others,21856,17922277.45
manipur,2019,1,Recharge & bill payments,216506,56291656.14
manipur,2019,1,Peer-to-peer payments,136202,224733774.65
manipur,2019,1,Merchant payments,93465,59817660.29
manipur,2019,1,Financial Services,9277,22729302.59
manipur,2019,1,Others,18284,14993238.72
manipur,2019,2,Recharge & bill payments,239830,62355973.74
manipur,2019,2,Peer-to-peer payments,153487,253254828.73
manipur,2019,2,Merchant payments,108342,69339087.66
manipur,2019,2,Financial Services,10775,26399077.54
manipur,2019,2,Others,21129,17326493.39
manipur,2019,3,Recharge & bill payments,242242,62983012.12
manipur,2019,3,Peer-to-peer payments,164962,272188705.71
manipur,2019,3,Merchant payments,117152,74977757.69
manipur,2019,3,Financial Services,11009,26972437.16
manipur,2019,3,Others,22476,18430712.66
manipur,2019,4,Recharge & bill payments,294158,76481155.35
manipur,2019,4,Peer-to-peer payments,187991,310185299.92
manipur,2019,4,Merchant payments,146659,93862263.73
manipur,2019,4,Financial Services,13294,32572721.62
manipur,2019,4,Others,26715,21906416.6
manipur,2020,1,Recharge & bill payments,237615,61780033.91
manipur,2020,1,Peer-to-peer payments,161423,266348224.06
manipur,2020,1,Merchant payments,130210,83334601.21
manipur,2020,1,Financial Services,11660,28567451.04
manipur,2020,1,Others,22452,18410865.04
manipur,2020,2,Recharge & bill payments,275914,71737762.38
manipur,2020,2,Peer-to-peer payments,186626,307933391.32
manipur,2020,2,Merchant payments,153819,98444695.65
manipur,2020,2,Financial Services,12998,31847506.35
manipur,2020,2,Others,25598,20990834.57
manipur,2020,3,Recharge & bill payments,289812,75351301.49
manipur,2020,3,Peer-to-peer payments,197279,325511514.12
manipur,2020,3,Merchant payments,175025,112016118.55
manipur,2020,3,Financial Services,14436,35368944.0
manipur,2020,3,Others,28746,23572087.43
manipur,2020,4,Recharge & bill payments,325628,84663380.5
manipur,2020,4,Peer-to-peer payments,223830,369320963.99
manipur,2020,4,Merchant payments,200343,128219629.15
manipur,2020,4,Financial Services,16395,40168543.64
manipur,2020,4,Others,31348,25706108.36
manipur,2021,1,Recharge & bill payments,240965,62650962.97
manipur,2021,1,Peer-to-peer payments,172905,285293674.37
manipur,2021,1,Merchant payments,157782,100980640.86
manipur,2021,1,Financial Services,13374,32767223.87
manipur,2021,1,Others,24771,20313017.26
manipur,2021,2,Recharge & bill payments,283853,73802001.25
manipur,2021,2,Peer-to-peer payments,205458,339006110.49
manipur,2021,2,Merchant payments,193473,123823207.35
manipur,2021,2,Financial Services,14904,36516119.53
manipur,2021,2,Others,29461,24158540.2
manipur,2021,3,Recharge & bill payments,273403,71084847.33
manipur,2021,3,Peer-to-peer payments,205508,339089717.11
manipur,2021,3,Merchant payments,195018,124811786.71
manipur,2021,3,Financial Services,16164,39603141.14
manipur,2021,3,Others,29926,24539805.54
manipur,2021,4,Recharge & bill payments,317704,82603175.35
manipur,2021,4,Peer-to-peer payments,234557,387020347.01
manipur,2021,4,Merchant payments,238204,152450904.27
manipur,2021,4,Financial Services,18029,44172759.02
manipur,2021,4,Others,34624,28392297.38
manipur,2022,1,Recharge & bill payments,253984,66035985.95
manipur,2022,1,Peer-to-peer payments,195872,323189369.79
manipur,2022,1,Merchant payments,207980,133107815.05
manipur,2022,1,Financial Services,15000,36750754.61
manipur,2022,1,Others,29208,23951239.4
manipur,2022,2,Recharge & bill payments,264057,68654937.53
manipur,2022,2,Peer-to-peer payments,220845,364395046.86
manipur,2022,2,Merchant payments,219736,140631625.75
manipur,2022,2,Financial Services,16493,40407987.25
manipur,2022,2,Others,30131,24708068.73
manipur,2022,3,Recharge & bill payments,315818,82112907.42
manipur,2022,3,Peer-to-peer payments,256749,423635851.4
manipur,2022,3,Merchant payments,263738,168792718.63
manipur,2022,3,Financial Services,19133,46876707.57
manipur,2022,3,Others,37179,30487432.1
manipur,2022,4,Recharge & bill payments,331354,86152122.31
manipur,2022,4,Peer-to-peer payments,265313,437767926.07
manipur,2022,4,Merchant payments,302088,193336731.29
manipur,2022,4,Financial Services,20919,51252474.13
manipur,2022,4,Others,39307,32232252.54
manipur,2023,1,Recharge & bill payments,252174,65565463.55
manipur,2023,1,Peer-to-peer payments,216155,356655982.88
manipur,2023,1,Merchant payments,240783,154101584.7
manipur,2023,1,Financial Services,17499,42873141.3
manipur,2023,1,Others,31530,25855199.86
manipur,2023,2,Recharge & bill payments,284083,73861824.52
manipur,2023,2,Peer-to-peer payments,245340,404811618.55
manipur,2023,2,Merchant payments,282214,180617024.93
manipur,2023,2,Financial Services,20238,49583495.87
manipur,2023,2,Others,37389,30659369.77
manipur,2023,3,Recharge & bill payments,314811,81850875.8
manipur,2023,3,Peer-to-peer payments,277348,457625508.12
manipur,2023,3,Merchant payments,333108,213189163.49
manipur,2023,3,Financial Services,21629,52992264.75
manipur,2023,3,Others,41789,34267545.28
manipur,2023,4,Recharge & bill payments,331370,86156333.86
manipur,2023,4,Peer-to-peer payments,308972,509805058.64
manipur,2023,4,Merchant payments,372453,238370225.88
manipur,2023,4,Financial Services,23974,58736863.41
manipur,2023,4,Others,44819,36751679.05
meghalaya,2018,1,Recharge & bill payments,146905,38195536.28
meghalaya,2018,1,Peer-to-peer payments,89762,148108891.33
meghalaya,2018,1,Merchant payments,54145,34653244.4
meghalaya,2018,1,Financial Services,6072,14876442.4
meghalaya,2018,1,Others,12107,9928351.5
meghalaya,2018,2,Recharge & bill payments,186905,48595532.18
meghalaya,2018,2,Peer-to-peer payments,106387,175539008.7
meghalaya,2018,2,Merchant payments,68194,43644466.92
meghalaya,2018,2,Financial Services,7589,18594259.66
meghalaya,2018,2,Others,14703,12057136.25
meghalaya,2018,3,Recharge & bill payments,214556,55784631.49
meghalaya,2018,3,Peer-to-peer payments,132858,219216175.65
meghalaya,2018,3,Merchant payments,85409,54661761.61
meghalaya,2018,3,Financial Services,9106,22311740.26
meghalaya,2018,3,Others,17391,14260680.08
meghalaya,2018,4,Recharge & bill payments,263734,68570853.93
meghalaya,2018,4,Peer-to-peer payments,158540,261592611.68
meghalaya,2018,4,Merchant payments,109029,69778633.78
meghalaya,2018,4,Financial Services,11305,27699668.39
meghalaya,2018,4,Others,21711,17803727.17
meghalaya,2019,1,Recharge & bill payments,210951,54847327.08
meghalaya,2019,1,Peer-to-peer payments,133559,220373363.48
meghalaya,2019,1,Merchant payments,95594,61180745.31
meghalaya,2019,1,Financial Services,9540,23374263.36
meghalaya,2019,1,Others,18627,15274689.69
meghalaya,2019,2,Recharge & bill payments,248760,64677815.2
meghalaya,2019,2,Peer-to-peer payments,156209,257745804.39
meghalaya,2019,2,Merchant payments,111439,71321476.91
meghalaya,2019,2,Financial Services,10734,26300365.32
meghalaya,2019,2,Others,21150,17343716.02
meghalaya,2019,3,Recharge & bill payments,252832,65736372.01
meghalaya,2019,3,Peer-to-peer payments,170679,281621344.96
meghalaya,2019,3,Merchant payments,120967,77419235.25
meghalaya,2019,3,Financial Services,11502,28180556.01
meghalaya,2019,3,Others,22221,18221408.01
meghalaya,2019,4,Recharge & bill payments,295258,76767086.82
meghalaya,2019,4,Peer-to-peer payments,196842,324790172.17
meghalaya,2019,4,Merchant payments,151625,97040388.18
meghalaya,2019,4,Financial Services,13642,33423548.71
meghalaya,2019,4,Others,27993,22954710.51
meghalaya,2020,1,Recharge & bill payments,249152,64779612.19
meghalaya,2020,1,Peer-to-peer payments,164429,271308301.91
meghalaya,2020,1,Merchant payments,131608,84229493.4
meghalaya,2020,1,Financial Services,11659,28566947.43
meghalaya,2020,1,Others,23166,18996253.56
meghalaya,2020,2,Recharge & bill payments,262015,68123925.29
meghalaya,2020,2,Peer-to-peer payments,168146,277441918.71
meghalaya,2020,2,Merchant payments,141050,90272096.08
meghalaya,2020,2,Financial Services,12703,31124743.52
meghalaya,2020,2,Others,23604,19355305.62
meghalaya,2020,3,Recharge & bill payments,281186,73108407.31
meghalaya,2020,3,Peer-to-peer payments,187853,309958665.98
meghalaya,2020,3,Merchant payments,165306,105796320.51
meghalaya,2020,3,Financial Services,13876,33997621.76
meghalaya,2020,3,Others,26565,21784079.89
meghalaya,2020,4,Recharge & bill payments,327324,85104269.86
meghalaya,2020,4,Peer-to-peer payments,228074,376322719.0
meghalaya,2020,4,Merchant payments,195474,125103360.21
meghalaya,2020,4,Financial Services,15992,39181486.02
meghalaya,2020,4,Others,31196,25580939.11
meghalaya,2021,1,Recharge & bill payments,250363,65094468.35
meghalaya,2021,1,Peer-to-peer payments,175384,289384817.15
meghalaya,2021,1,Merchant payments,156020,99852883.25
meghalaya,2021,1,Financial Services,13320,32635404.81
meghalaya,2021,1,Others,24110,19770769.48
meghalaya,2021,2,Recharge & bill payments,274967,71491484.13
meghalaya,2021,2,Peer-to-peer payments,200395,330652697.26
meghalaya,2021,2,Merchant payments,178473,114223044.24
meghalaya,2021,2,Financial Services,14906,36520438.52
meghalaya,2021,2,Others,28219,23140112.6
meghalaya,2021,3,Recharge & bill payments,291001,75660415.54
meghalaya,2021,3,Peer-to-peer payments,225812,372590924.73
meghalaya,2021,3,Merchant payments,213896,136893597.33
meghalaya,2021,3,Financial Services,16547,40542320.75
meghalaya,2021,3,Others,31913,26169069.91
meghalaya,2021,4,Recharge & bill payments,307251,79885419.24
meghalaya,2021,4,Peer-to-peer payments,240020,396033386.97
meghalaya,2021,4,Merchant payments,233392,149371457.31
meghalaya,2021,4,Financial Services,18006,44117125.97
meghalaya,2021,4,Others,34108,27968657.42
meghalaya,2022,1,Recharge & bill payments,278224,72338461.34
meghalaya,2022,1,Peer-to-peer payments,207919,343067831.52
meghalaya,2022,1,Merchant payments,218710,139974617.84
meghalaya,2022,1,Financial Services,16284,39896959.46
meghalaya,2022,1,Others,31240,25616859.14
meghalaya,2022,2,Recharge & bill payments,289968,75391760.61
meghalaya,2022,2,Peer-to-peer payments,222099,366463448.43
meghalaya,2022,2,Merchant payments,237935,152278889.29
meghalaya,2022,2,Financial Services,17688,43335752.59
meghalaya,2022,2,Others,33654,27596655.25
meghalaya,2022,3,Recharge & bill payments,313826,81594918.06
meghalaya,2022,3,Peer-to-peer payments,244957,404180081.44
meghalaya,2022,3,Merchant payments,270321,173005550.9
meghalaya,2022,3,Financial Services,19236,47128334.78
meghalaya,2022,3,Others,36035,29549413.94
meghalaya,2022,4,Recharge & bill payments,333398,86683591.3
meghalaya,2022,4,Peer-to-peer payments,275597,454735924.87
meghalaya,2022,4,Merchant payments,307832,197012978.16
meghalaya,2022,4,Financial Services,21883,53615119.91
meghalaya,2022,4,Others,40855,33501862.64
meghalaya,2023,1,Recharge & bill payments,259049,67352995.99
meghalaya,2023,1,Peer-to-peer payments,222614,367313320.57
meghalaya,2023,1,Merchant payments,245405,157059406.22
meghalaya,2023,1,Financial Services,17727,43431468.84
meghalaya,2023,1,Others,32740,26847241.08
meghalaya,2023,2,Recharge & bill payments,281434,73173046.3
meghalaya,2023,2,Peer-to-peer payments,241619,398672633.37
meghalaya,2023,2,Merchant payments,269962,172775760.88
meghalaya,2023,2,Financial Services,18865,46220724.71
meghalaya,2023,2,Others,34895,28614659.7
meghalaya,2023,3,Recharge & bill payments,288032,74888374.59
meghalaya,2023,3,Peer-to-peer payments,257111,424233802.03
meghalaya,2023,3,Merchant payments,298499,191039754.13
meghalaya,2023,3,Financial Services,20370,49907117.83
meghalaya,2023,3,Others,36760,30143613.45
meghalaya,2023,4,Recharge & bill payments,327719,85206964.3
meghalaya,2023,4,Peer-to-peer payments,292404,482468174.96
meghalaya,2023,4,Merchant payments,351072,224686251.2
meghalaya,2023,4,Financial Services,23974,58738137.34
meghalaya,2023,4,Others,43136,35371737.97
mizoram,2018,1,Recharge & bill payments,103565,26926921.32
mizoram,2018,1,Peer-to-peer payments,64361,106196318.29
mizoram,2018,1,Merchant payments,36521,23373755.54
mizoram,2018,1,Financial Services,4143,10151510.83
mizoram,2018,1,Others,8200,6724284.71
mizoram,2018,2,Recharge & bill payments,117219,30477138.02
mizoram,2018,2,Peer-to-peer payments,69743,115076762.39
mizoram,2018,2,Merchant payments,45600,29184150.08
mizoram,2018,2,Financial Services,4810,11786765.24
mizoram,2018,2,Others,9660,7921965.88
mizoram,2018,3,Recharge & bill payments,148110,38508718.47
mizoram,2018,3,Peer-to-peer payments,89737,148066705.76
mizoram,2018,3,Merchant payments,58052,37153473.61
mizoram,2018,3,Financial Services,5891,14433106.27
mizoram,2018,3,Others,12174,9983304.21
mizoram,2018,4,Recharge & bill payments,165217,42956626.32
mizoram,2018,4,Peer-to-peer payments,105663,174344261.43
mizoram,2018,4,Merchant payments,70063,44840419.76
mizoram,2018,4,Financial Services,7207,17657373.49
mizoram,2018,4,Others,14326,11747872.73
mizoram,2019,1,Recharge & bill payments,135591,35253908.51
mizoram,2019,1,Peer-to-peer payments,85039,140314897.42
mizoram,2019,1,Merchant payments,59073,37806957.51
mizoram,2019,1,Financial Services,6042,14803310.01
mizoram,2019,1,Others,11701,9595443.87
mizoram,2019,2,Recharge & bill payments,149028,38747317.07
mizoram,2019,2,Peer-to-peer payments,96221,158765640.88
mizoram,2019,2,Merchant payments,68091,43578861.96
mizoram,2019,2,Financial Services,6741,16516796.04
mizoram,2019,2,Others,12953,10621847.08
mizoram,2019,3,Recharge & bill payments,163794,42586632.5
mizoram,2019,3,Peer-to-peer payments,107146,176791119.68
mizoram,2019,3,Merchant payments,83789,53625213.1
mizoram,2019,3,Financial Services,7812,19140403.59
mizoram,2019,3,Others,15205,12468762.66
mizoram,2019,4,Recharge & bill payments,199213,51795489.87
mizoram,2019,4,Peer-to-peer payments,131468,216922408.18
mizoram,2019,4,Merchant payments,104685,66998725.69
mizoram,2019,4,Financial Services,9314,22820543.51
mizoram,2019,4,Others,18490,15162297.93
mizoram,2020,1,Recharge & bill payments,171423,44569999.9
mizoram,2020,1,Peer-to-peer payments,113375,187069332.79
mizoram,2020,1,Merchant payments,88561,56679191.16
mizoram,2020,1,Financial Services,7980,19552436.62
mizoram,2020,1,Others,15563,12761666.93
mizoram,2020,2,Recharge & bill payments,165928,43141453.95
mizoram,2020,2,Peer-to-peer payments,112632,185843343.05
mizoram,2020,2,Merchant payments,95370,61037060.06
mizoram,2020,2,Financial Services,8431,20658084.38
mizoram,2020,2,Others,16581,13596728.14
mizoram,2020,3,Recharge & bill payments,191316,49742198.56
mizoram,2020,3,Peer-to-peer payments,135809,224084923.09
mizoram,2020,3,Merchant payments,114187,73079878.5
mizoram,2020,3,Financial Services,9828,24080043.73
mizoram,2020,3,Others,18791,15408979.24
mizoram,2020,4,Recharge & bill payments,208679,54256598.72
mizoram,2020,4,Peer-to-peer payments,150346,248071393.93
mizoram,2020,4,Merchant payments,136023,87055249.07
mizoram,2020,4,Financial Services,11013,26982506.28
mizoram,2020,4,Others,20934,17165948.67
mizoram,2021,1,Recharge & bill payments,171806,44669584.81
mizoram,2021,1,Peer-to-peer payments,122364,201901607.98
mizoram,2021,1,Merchant payments,106736,68311170.77
mizoram,2021,1,Financial Services,9064,22207596.9
mizoram,2021,1,Others,16909,13865869.43
mizoram,2021,2,Recharge & bill payments,182446,47436062.59
mizoram,2021,2,Peer-to-peer payments,127891,211021724.11
mizoram,2021,2,Merchant payments,121909,78021844.19
mizoram,2021,2,Financial Services,9920,24304633.13
mizoram,2021,2,Others,18100,14842064.38
mizoram,2021,3,Recharge & bill payments,202529,52657691.98
mizoram,2021,3,Peer-to-peer payments,156130,257614785.02
mizoram,2021,3,Merchant payments,149744,95836575.64
mizoram,2021,3,Financial Services,11284,27648205.05
mizoram,2021,3,Others,21562,17680858.81
mizoram,2021,4,Recharge & bill payments,212444,55235634.84
mizoram,2021,4,Peer-to-peer payments,158183,261002369.34
mizoram,2021,4,Merchant payments,155941,99802299.75
mizoram,2021,4,Financial Services,12379,30328852.79
mizoram,2021,4,Others,22974,18839004.5
mizoram,2022,1,Recharge & bill payments,174073,45259061.84
mizoram,2022,1,Peer-to-peer payments,130126,214708739.55
mizoram,2022,1,Merchant payments,134113,85832479.1
mizoram,2022,1,Financial Services,10114,24781415.09
mizoram,2022,1,Others,19363,15878035.4
mizoram,2022,2,Recharge & bill payments,184551,47983375.59
mizoram,2022,2,Peer-to-peer payments,147908,244049292.33
mizoram,2022,2,Merchant payments,155674,99631938.78
mizoram,2022,2,Financial Services,11141,27295502.91
mizoram,2022,2,Others,21467,17603389.63
mizoram,2022,3,Recharge & bill payments,192242,49983034.05
mizoram,2022,3,Peer-to-peer payments,152766,252065274.32
mizoram,2022,3,Merchant payments,165820,106124801.52
mizoram,2022,3,Financial Services,12263,30046169.33
mizoram,2022,3,Others,22945,18815664.02
mizoram,2022,4,Recharge & bill payments,227455,59138431.92
mizoram,2022,4,Peer-to-peer payments,185765,306513566.38
mizoram,2022,4,Merchant payments,202912,129864306.98
mizoram,2022,4,Financial Services,14847,36377109.46
mizoram,2022,4,Others,27569,22606732.84
mizoram,2023,1,Recharge & bill payments,177831,46236318.56
mizoram,2023,1,Peer-to-peer payments,150618,248520533.75
mizoram,2023,1,Merchant payments,174922,111950541.79
mizoram,2023,1,Financial Services,12303,30142350.34
mizoram,2023,1,Others,22311,18295529.2
mizoram,2023,2,Recharge & bill payments,184954,48088062.55
mizoram,2023,2,Peer-to-peer payments,160468,264772982.7
mizoram,2023,2,Merchant payments,189502,121281914.74
mizoram,2023,2,Financial Services,12460,30529247.64
mizoram,2023,2,Others,24168,19818010.73
mizoram,2023,3,Recharge & bill payments,194633,50604766.28
mizoram,2023,3,Peer-to-peer payments,178805,295029238.61
mizoram,2023,3,Merchant payments,208271,133293464.78
mizoram,2023,3,Financial Services,14241,34892665.74
mizoram,2023,3,Others,25703,21076645.54
mizoram,2023,4,Recharge & bill payments,218911,56917040.76
mizoram,2023,4,Peer-to-peer payments,191428,315856701.88
mizoram,2023,4,Merchant payments,238472,152622397.73
mizoram,2023,4,Financial Services,15927,39021342.05
mizoram,2023,4,Others,29554,24234471.82
nagaland,2018,1,Recharge & bill payments,107449,27936996.72
nagaland,2018,1,Peer-to-peer payments,62793,103609702.43
nagaland,2018,1,Merchant payments,38046,24349518.34
nagaland,2018,1,Financial Services,4291,10514801.52
nagaland,2018,1,Others,8292,6799897.89
nagaland,2018,2,Recharge & bill payments,115069,29918058.87
nagaland,2018,2,Peer-to-peer payments,68332,112747878.9
nagaland,2018,2,Merchant payments,44148,28255218.24
nagaland,2018,2,Financial Services,4732,11594998.21
nagaland,2018,2,Others,9466,7762489.09
nagaland,2018,3,Recharge & bill payments,149082,38761507.62
nagaland,2018,3,Peer-to-peer payments,90819,149852469.95
nagaland,2018,3,Merchant payments,57877,37041689.4
nagaland,2018,3,Financial Services,5907,14473910.42
nagaland,2018,3,Others,11836,9706162.34
nagaland,2018,4,Recharge & bill payments,167333,43506623.96
nagaland,2018,4,Peer-to-peer payments,103239,170345811.14
nagaland,2018,4,Merchant payments,70007,44804854.7
nagaland,2018,4,Financial Services,7342,17989345.37
nagaland,2018,4,Others,14295,11722363.85
nagaland,2019,1,Recharge & bill payments,147083,38241806.27
nagaland,2019,1,Peer-to-peer payments,90788,149800927.17
nagaland,2019,1,Merchant payments,63161,40423088.57
nagaland,2019,1,Financial Services,6221,15242669.35
nagaland,2019,1,Others,12446,10206183.83
nagaland,2019,2,Recharge & bill payments,149871,38966598.39
nagaland,2019,2,Peer-to-peer payments,96450,159143379.59
nagaland,2019,2,Merchant payments,68172,43630211.43
nagaland,2019,2,Financial Services,6705,16429088.01
nagaland,2019,2,Others,13064,10712736.45
nagaland,2019,3,Recharge & bill payments,161545,42001772.62
nagaland,2019,3,Peer-to-peer payments,106942,176454857.25
nagaland,2019,3,Merchant payments,78674,50351447.35
nagaland,2019,3,Financial Services,7434,18214429.72
nagaland,2019,3,Others,14371,11784674.44
nagaland,2019,4,Recharge & bill payments,207338,53908081.5
nagaland,2019,4,Peer-to-peer payments,132534,218682639.32
nagaland,2019,4,Merchant payments,104583,66933715.83
nagaland,2019,4,Financial Services,9554,23407319.82
nagaland,2019,4,Others,18872,15475692.02
nagaland,2020,1,Recharge & bill payments,151932,39502320.32
nagaland,2020,1,Peer-to-peer payments,103041,170017834.29
nagaland,2020,1,Merchant payments,85856,54947880.56
nagaland,2020,1,Financial Services,7460,18278749.56
nagaland,2020,1,Others,14291,11719122.92
nagaland,2020,2,Recharge & bill payments,167578,43570375.87
nagaland,2020,2,Peer-to-peer payments,111794,184461059.78
nagaland,2020,2,Merchant payments,93908,60101497.27
nagaland,2020,2,Financial Services,8125,19908132.29
nagaland,2020,2,Others,15617,12806571.2
nagaland,2020,3,Recharge & bill payments,180054,46814262.61
nagaland,2020,3,Peer-to-peer payments,127448,210289761.68
nagaland,2020,3,Merchant payments,107391,68730534.23
nagaland,2020,3,Financial Services,9082,22253261.56
nagaland,2020,3,Others,18039,14792794.41
nagaland,2020,4,Recharge & bill payments,209061,54356095.3
nagaland,2020,4,Peer-to-peer payments,147674,243663397.83
nagaland,2020,4,Merchant payments,126839,81177072.04
nagaland,2020,4,Financial Services,10714,26249587.33
nagaland,2020,4,Others,21024,17240123.43
nagaland,2021,1,Recharge & bill payments,170991,44457704.09
nagaland,2021,1,Peer-to-peer payments,118188,195010261.73
nagaland,2021,1,Merchant payments,108382,69364956.42
nagaland,2021,1,Financial Services,8770,21488116.21
nagaland,2021,1,Others,16996,13937107.69
nagaland,2021,2,Recharge & bill payments,192201,49972511.43
nagaland,2021,2,Peer-to-peer payments,139319,229877607.06
nagaland,2021,2,Merchant payments,131826,84369150.53
nagaland,2021,2,Financial Services,10730,26290306.57
nagaland,2021,2,Others,20178,16546235.08
nagaland,2021,3,Recharge & bill payments,202176,52565884.78
nagaland,2021,3,Peer-to-peer payments,155111,255934269.89
nagaland,2021,3,Merchant payments,141793,90747927.62
nagaland,2021,3,Financial Services,11516,28215689.11
nagaland,2021,3,Others,21263,17435702.49
nagaland,2021,4,Recharge & bill payments,206870,53786450.51
nagaland,2021,4,Peer-to-peer payments,154747,255332602.45
nagaland,2021,4,Merchant payments,155235,99350471.61
nagaland,2021,4,Financial Services,12041,29501677.1
nagaland,2021,4,Others,21886,17946526.97
nagaland,2022,1,Recharge & bill payments,174985,45496328.94
nagaland,2022,1,Peer-to-peer payments,134881,222554793.36
nagaland,2022,1,Merchant payments,136620,87436940.26
nagaland,2022,1,Financial Services,10116,24786221.36
nagaland,2022,1,Others,19087,15651415.34
nagaland,2022,2,Recharge & bill payments,186372,48456722.53
nagaland,2022,2,Peer-to-peer payments,147001,242552395.51
nagaland,2022,2,Merchant payments,155846,99741693.33
nagaland,2022,2,Financial Services,11697,28658811.44
nagaland,2022,2,Others,21663,17764153.32
nagaland,2022,3,Recharge & bill payments,206578,53710463.19
nagaland,2022,3,Peer-to-peer payments,161067,265761938.28
nagaland,2022,3,Merchant payments,178813,114440526.26
nagaland,2022,3,Financial Services,12811,31388142.39
nagaland,2022,3,Others,24220,19861051.57
nagaland,2022,4,Recharge & bill payments,210376,54697913.79
nagaland,2022,4,Peer-to-peer payments,176765,291662849.18
nagaland,2022,4,Merchant payments,191611,122631332.68
nagaland,2022,4,Financial Services,13855,33946180.53
nagaland,2022,4,Others,26579,21795123.93
nagaland,2023,1,Recharge & bill payments,169787,44144874.95
nagaland,2023,1,Peer-to-peer payments,142543,235196216.69
nagaland,2023,1,Merchant payments,162525,104016593.58
nagaland,2023,1,Financial Services,11049,27070384.92
nagaland,2023,1,Others,20999,17219738.74
nagaland,2023,2,Recharge & bill payments,177519,46155131.1
nagaland,2023,2,Peer-to-peer payments,158512,261545607.44
nagaland,2023,2,Merchant payments,182890,117050021.28
nagaland,2023,2,Financial Services,12335,30222578.34
nagaland,2023,2,Others,23831,19541542.94
nagaland,2023,3,Recharge & bill payments,195654,50870068.7
nagaland,2023,3,Peer-to-peer payments,174770,288372077.16
nagaland,2023,3,Merchant payments,208304,133314631.74
nagaland,2023,3,Financial Services,14471,35454140.37
nagaland,2023,3,Others,25280,20729812.89
nagaland,2023,4,Recharge & bill payments,210540,54740556.84
nagaland,2023,4,Peer-to-peer payments,196107,323576924.18
nagaland,2023,4,Merchant payments,229355,146787432.74
nagaland,2023,4,Financial Services,15662,38373173.24
nagaland,2023,4,Others,29095,23858707.29
odisha,2018,1,Recharge & bill payments,1430365,371894955.39
odisha,2018,1,Peer-to-peer payments,816840,1347787101.57
odisha,2018,1,Merchant payments,502656,321699957.24
odisha,2018,1,Financial Services,54890,134481280.19
odisha,2018,1,Others,109305,89630170.63
odisha,2018,2,Recharge & bill payments,1611824,419074292.81
odisha,2018,2,Peer-to-peer payments,937075,1546174281.58
odisha,2018,2,Merchant payments,616227,394385774.55
odisha,2018,2,Financial Services,65611,160747771.8
odisha,2018,2,Others,127186,104292776.05
odisha,2018,3,Recharge & bill payments,1828746,475473993.78
odisha,2018,3,Peer-to-peer payments,1124912,1856105025.19
odisha,2018,3,Merchant payments,709775,454256221.38
odisha,2018,3,Financial Services,77237,189232879.46
odisha,2018,3,Others,145050,118941098.73
odisha,2018,4,Recharge & bill payments,2272528,590857491.85
odisha,2018,4,Peer-to-peer payments,1353721,2233640085.48
odisha,2018,4,Merchant payments,932744,596956188.91
odisha,2018,4,Financial Services,94612,231799515.56
odisha,2018,4,Others,192401,157769437.23
odisha,2019,1,Recharge & bill payments,1797037,467229758.06
odisha,2019,1,Peer-to-peer payments,1145997,1890895443.06
odisha,2019,1,Merchant payments,796994,510076328.49
odisha,2019,1,Financial Services,78225,191652150.39
odisha,2019,1,Others,158473,129947972.09
odisha,2019,2,Recharge & bill payments,2204720,573227210.42
odisha,2019,2,Peer-to-peer payments,1388475,2290984922.38
odisha,2019,2,Merchant payments,1014086,649015302.0
odisha,2019,2,Financial Services,99372,243463556.0
odisha,2019,2,Others,188447,154526733.9
odisha,2019,3,Recharge & bill payments,2316942,602405027.15
odisha,2019,3,Peer-to-peer payments,1553064,2562556695.39
odisha,2019,3,Merchant payments,1141562,730599988.15
odisha,2019,3,Financial Services,106402,260686545.42
odisha,2019,3,Others,205951,168880137.96
odisha,2019,4,Recharge & bill payments,2535199,659151997.14
odisha,2019,4,Peer-to-peer payments,1689799,2788168650.28
odisha,2019,4,Merchant payments,1304379,834803075.68
odisha,2019,4,Financial Services,118728,290884212.06
odisha,2019,4,Others,236171,193660901.63
odisha,2020,1,Recharge & bill payments,2217636,576585608.5
odisha,2020,1,Peer-to-peer payments,1461290,2411129409.88
odisha,2020,1,Merchant payments,1188714,760777076.89
odisha,2020,1,Financial Services,104612,256300705.55
odisha,2020,1,Others,201444,165184340.77
odisha,2020,2,Recharge & bill payments,2347487,610346647.41
odisha,2020,2,Peer-to-peer payments,1537462,2536812441.9
odisha,2020,2,Merchant payments,1290793,826107743.9
odisha,2020,2,Financial Services,114166,279708024.79
odisha,2020,2,Others,219548,180029819.74
odisha,2020,3,Recharge & bill payments,2543183,661227820.4
odisha,2020,3,Peer-to-peer payments,1788851,2951605326.53
odisha,2020,3,Merchant payments,1495508,957125386.83
odisha,2020,3,Financial Services,127272,311817700.83
odisha,2020,3,Others,254243,208479461.38
odisha,2020,4,Recharge & bill payments,2834753,737035827.24
odisha,2020,4,Peer-to-peer payments,1914532,3158978433.42
odisha,2020,4,Merchant payments,1714138,1097048412.1
odisha,2020,4,Financial Services,141671,347095820.61
odisha,2020,4,Others,277162,227273007.39
odisha,2021,1,Recharge & bill payments,2425656,630670800.91
odisha,2021,1,Peer-to-peer payments,1736903,2865890890.2
odisha,2021,1,Merchant payments,1518801,972032694.77
odisha,2021,1,Financial Services,125020,306300661.95
odisha,2021,1,Others,248036,203390316.73
odisha,2021,2,Recharge & bill payments,2528696,657461137.67
odisha,2021,2,Peer-to-peer payments,1810469,2987275386.17
odisha,2021,2,Merchant payments,1726287,1104824112.67
odisha,2021,2,Financial Services,136379,334130545.42
odisha,2021,2,Others,262679,215397379.96
odisha,2021,3,Recharge & bill payments,2567608,667578260.37
odisha,2021,3,Peer-to-peer payments,1865783,3078542414.66
odisha,2021,3,Merchant payments,1827943,1169883898.95
odisha,2021,3,Financial Services,145936,357545239.04
odisha,2021,3,Others,269695,221150017.79
odisha,2021,4,Recharge & bill payments,2804802,729248678.17
odisha,2021,4,Peer-to-peer payments,2240553,3696913102.24
odisha,2021,4,Merchant payments,2098526,1343056696.43
odisha,2021,4,Financial Services,166394,407667611.22
odisha,2021,4,Others,318610,261260395.43
odisha,2022,1,Recharge & bill payments,2218165,576723026.44
odisha,2022,1,Peer-to-peer payments,1754313,2894617692.95
odisha,2022,1,Merchant payments,1741351,1114464710.56
odisha,2022,1,Financial Services,134069,328470839.77
odisha,2022,1,Others,253096,207539169.13
odisha,2022,2,Recharge & bill payments,2431320,632143349.25
odisha,2022,2,Peer-to-peer payments,2030471,3350278648.0
odisha,2022,2,Merchant payments,2115747,1354078207.29
odisha,2022,2,Financial Services,150785,369424246.43
odisha,2022,2,Others,285963,234490072.44
odisha,2022,3,Recharge & bill payments,2645012,687703195.37
odisha,2022,3,Peer-to-peer payments,2133302,3519949313.76
odisha,2022,3,Merchant payments,2281246,1459997736.21
odisha,2022,3,Financial Services,162159,397291446.78
odisha,2022,3,Others,298632,244878982.32
odisha,2022,4,Recharge & bill payments,2862712,744305351.85
odisha,2022,4,Peer-to-peer payments,2456215,4052755348.39
odisha,2022,4,Merchant payments,2719192,1740283098.14
odisha,2022,4,Financial Services,183572,449752284.93
odisha,2022,4,Others,344856,282782041.33
odisha,2023,1,Recharge & bill payments,2287333,594706736.84
odisha,2023,1,Peer-to-peer payments,2025179,3341546977.58
odisha,2023,1,Merchant payments,2196017,1405451387.97
odisha,2023,1,Financial Services,154117,377586924.76
odisha,2023,1,Others,283999,232879890.28
odisha,2023,2,Recharge & bill payments,2433714,632765891.56
odisha,2023,2,Peer-to-peer payments,2193924,3619974921.14
odisha,2023,2,Merchant payments,2585719,1654860749.83
odisha,2023,2,Financial Services,168669,413240173.79
odisha,2023,2,Others,315468,258684389.28
odisha,2023,3,Recharge & bill payments,2547493,662348409.37
odisha,2023,3,Peer-to-peer payments,2238555,3693616776.7
odisha,2023,3,Merchant payments,2633444,1685404237.01
odisha,2023,3,Financial Services,187269,458809483.18
odisha,2023,3,Others,347185,284692248.67
odisha,2023,4,Recharge & bill payments,2882354,749412250.92
odisha,2023,4,Peer-to-peer payments,2588512,4271046117.68
odisha,2023,4,Merchant payments,3182267,2036651126.35
odisha,2023,4,Financial Services,207781,509063973.84
odisha,2023,4,Others,398182,326509432.94
puducherry,2018,1,Recharge & bill payments,167326,43504768.44
puducherry,2018,1,Peer-to-peer payments,94521,155960853.33
puducherry,2018,1,Merchant payments,57857,37029114.02
puducherry,2018,1,Financial Services,6380,15632148.4
puducherry,2018,1,Others,13287,10895623.02
puducherry,2018,2,Recharge & bill payments,178704,46463182.07
puducherry,2018,2,Peer-to-peer payments,109435,180568078.7
puducherry,2018,2,Merchant payments,68666,43946333.82
puducherry,2018,2,Financial Services,7460,18277153.06
puducherry,2018,2,Others,15108,12389272.0
puducherry,2018,3,Recharge & bill payments,217628,56583422.68
puducherry,2018,3,Peer-to-peer payments,131288,216626357.67
puducherry,2018,3,Merchant payments,85756,54884399.75
puducherry,2018,3,Financial Services,9150,22418439.82
puducherry,2018,3,Others,17371,14244915.93
puducherry,2018,4,Recharge & bill payments,237817,61832525.73
puducherry,2018,4,Peer-to-peer payments,141579,233605898.49
puducherry,2018,4,Merchant payments,98200,62848355.05
puducherry,2018,4,Financial Services,10134,24829424.33
puducherry,2018,4,Others,19758,16202279.49
puducherry,2019,1,Recharge & bill payments,208487,54206666.31
puducherry,2019,1,Peer-to-peer payments,132982,219420906.64
puducherry,2019,1,Merchant payments,95256,60964156.6
puducherry,2019,1,Financial Services,9025,22113288.56
puducherry,2019,1,Others,17972,14737558.43
puducherry,2019,2,Recharge & bill payments,244919,63679157.6
puducherry,2019,2,Peer-to-peer payments,153091,252600607.96
puducherry,2019,2,Merchant payments,110219,70540514.92
puducherry,2019,2,Financial Services,10788,26432927.03
puducherry,2019,2,Others,21396,17545397.47
puducherry,2019,3,Recharge & bill payments,263435,68493192.21
puducherry,2019,3,Peer-to-peer payments,170859,281917477.81
puducherry,2019,3,Merchant payments,131842,84379005.68
puducherry,2019,3,Financial Services,12364,30292645.74
puducherry,2019,3,Others,23827,19538645.26
puducherry,2019,4,Recharge & bill payments,309301,80418379.17
puducherry,2019,4,Peer-to-peer payments,201204,331987704.01
puducherry,2019,4,Merchant payments,156523,100174755.94
puducherry,2019,4,Financial Services,13843,33916258.38
puducherry,2019,4,Others,27057,22187092.63
puducherry,2020,1,Recharge & bill payments,253387,65880643.28
puducherry,2020,1,Peer-to-peer payments,166418,274590532.02
puducherry,2020,1,Merchant payments,133372,85358683.3
puducherry,2020,1,Financial Services,12329,30207168.89
puducherry,2020,1,Others,22612,18542295.7
puducherry,2020,2,Recharge & bill payments,252005,65521451.51
puducherry,2020,2,Peer-to-peer payments,165583,273213383.03
puducherry,2020,2,Merchant payments,139121,89037773.24
puducherry,2020,2,Financial Services,12011,29428089.46
puducherry,2020,2,Others,24179,19827544.68
puducherry,2020,3,Recharge & bill payments,281006,73061566.34
puducherry,2020,3,Peer-to-peer payments,198240,327097580.93
puducherry,2020,3,Merchant payments,168330,107731527.85
puducherry,2020,3,Financial Services,14452,35408875.56
puducherry,2020,3,Others,27651,22674365.14
puducherry,2020,4,Recharge & bill payments,320281,83273256.16
puducherry,2020,4,Peer-to-peer payments,223712,369125919.24
puducherry,2020,4,Merchant payments,196954,126050977.6
puducherry,2020,4,Financial Services,16725,40977589.04
puducherry,2020,4,Others,31349,25706498.23
puducherry,2021,1,Recharge & bill payments,259918,67578812.36
puducherry,2021,1,Peer-to-peer payments,187104,308722236.57
puducherry,2021,1,Merchant payments,167547,107230565.52
puducherry,2021,1,Financial Services,13719,33613007.3
puducherry,2021,1,Others,26061,21370822.66
puducherry,2021,2,Recharge & bill payments,274763,71438507.44
puducherry,2021,2,Peer-to-peer payments,202126,333508260.39
puducherry,2021,2,Merchant payments,180938,115800794.08
puducherry,2021,2,Financial Services,15132,37073873.27
puducherry,2021,2,Others,28412,23298590.8
puducherry,2021,3,Recharge & bill payments,294723,76628014.21
puducherry,2021,3,Peer-to-peer payments,215402,355414729.06
puducherry,2021,3,Merchant payments,213500,136640332.17
puducherry,2021,3,Financial Services,15835,38797141.15
puducherry,2021,3,Others,30063,24651941.49
puducherry,2021,4,Recharge & bill payments,314709,81824353.44
puducherry,2021,4,Peer-to-peer payments,236865,390828824.41
puducherry,2021,4,Merchant payments,231788,148344433.01
puducherry,2021,4,Financial Services,18477,45269907.9
puducherry,2021,4,Others,33710,27642295.94
puducherry,2022,1,Recharge & bill payments,267839,69638243.18
puducherry,2022,1,Peer-to-peer payments,209755,346097172.54
puducherry,2022,1,Merchant payments,214903,137537949.41
puducherry,2022,1,Financial Services,16594,40655835.16
puducherry,2022,1,Others,31064,25473064.12
puducherry,2022,2,Recharge & bill payments,275574,71649339.22
puducherry,2022,2,Peer-to-peer payments,219179,361645775.68
puducherry,2022,2,Merchant payments,223457,143012732.85
puducherry,2022,2,Financial Services,16905,41419137.05
puducherry,2022,2,Others,32150,26363074.66
puducherry,2022,3,Recharge & bill payments,283055,73594326.11
puducherry,2022,3,Peer-to-peer payments,233450,385193981.01
puducherry,2022,3,Merchant payments,245226,156945047.62
puducherry,2022,3,Financial Services,17724,43423948.54
puducherry,2022,3,Others,34510,28298381.95
puducherry,2022,4,Recharge & bill payments,352851,91741468.03
puducherry,2022,4,Peer-to-peer payments,279675,461465143.95
puducherry,2022,4,Merchant payments,313160,200422503.55
puducherry,2022,4,Financial Services,21800,53410218.47
puducherry,2022,4,Others,41708,34201195.23
puducherry,2023,1,Recharge & bill payments,270678,70376297.31
puducherry,2023,1,Peer-to-peer payments,226900,374386499.86
puducherry,2023,1,Merchant payments,247991,158714783.24
puducherry,2023,1,Financial Services,18058,44243069.3
puducherry,2023,1,Others,32211,26413686.7
puducherry,2023,2,Recharge & bill payments,280702,72982623.49
puducherry,2023,2,Peer-to-peer payments,244104,402771910.89
puducherry,2023,2,Merchant payments,278924,178511957.68
puducherry,2023,2,Financial Services,19302,47291229.71
puducherry,2023,2,Others,35442,29063008.52
puducherry,2023,3,Recharge & bill payments,296620,77121280.97
puducherry,2023,3,Peer-to-peer payments,257589,425022581.85
puducherry,2023,3,Merchant payments,308809,197638002.92
puducherry,2023,3,Financial Services,21107,51713485.59
puducherry,2023,3,Others,39052,32023149.79
puducherry,2023,4,Recharge & bill payments,330211,85855003.12
puducherry,2023,4,Peer-to-peer payments,315496,520569483.89
puducherry,2023,4,Merchant payments,381681,244276301.05
puducherry,2023,4,Financial Services,24542,60128498.05
puducherry,2023,4,Others,45842,37590697.9
punjab,2018,1,Recharge & bill payments,1615952,420147778.1
punjab,2018,1,Peer-to-peer payments,913751,1507689487.7
punjab,2018,1,Merchant payments,549434,351638107.07
punjab,2018,1,Financial Services,61238,150033391.98
punjab,2018,1,Others,122474,100429437.13
punjab,2018,2,Recharge & bill payments,1799739,467932296.94
punjab,2018,2,Peer-to-peer payments,1101184,1816954833.54
punjab,2018,2,Merchant payments,692819,443404442.11
punjab,2018,2,Financial Services,73672,180498813.84
punjab,2018,2,Others,145258,119112076.92
punjab,2018,3,Recharge & bill payments,2246752,584155530.06
punjab,2018,3,Peer-to-peer payments,1406485,2320701468.18
punjab,2018,3,Merchant payments,876262,560808168.41
punjab,2018,3,Financial Services,96649,236791396.06
punjab,2018,3,Others,187578,153814273.87
punjab,2018,4,Recharge & bill payments,2402706,624703704.8
punjab,2018,4,Peer-to-peer payments,1552961,2562385811.7
punjab,2018,4,Merchant payments,994712,636616156.98
punjab,2018,4,Financial Services,105982,259658249.59
punjab,2018,4,Others,204103,167365138.92
punjab,2019,1,Recharge & bill payments,2064825,536854595.34
punjab,2019,1,Peer-to-peer payments,1329347,2193423153.97
punjab,2019,1,Merchant payments,904341,578778482.56
punjab,2019,1,Financial Services,92053,225532129.64
punjab,2019,1,Others,179111,146871787.81
punjab,2019,2,Recharge & bill payments,2338951,608127312.04
punjab,2019,2,Peer-to-peer payments,1542716,2545482667.52
punjab,2019,2,Merchant payments,1077321,689485524.85
punjab,2019,2,Financial Services,104542,256128649.88
punjab,2019,2,Others,212056,173886149.86
punjab,2019,3,Recharge & bill payments,2690974,699653280.35
punjab,2019,3,Peer-to-peer payments,1771919,2923667033.05
punjab,2019,3,Merchant payments,1330329,851411157.74
punjab,2019,3,Financial Services,126598,310166356.18
punjab,2019,3,Others,249498,204588904.72
punjab,2019,4,Recharge & bill payments,2983828,775795421.5
punjab,2019,4,Peer-to-peer payments,1980438,3267724157.53
punjab,2019,4,Merchant payments,1480035,947223016.33
punjab,2019,4,Financial Services,136712,334946245.33
punjab,2019,4,Others,261558,214477960.34
punjab,2020,1,Recharge & bill payments,2440439,634514207.73
punjab,2020,1,Peer-to-peer payments,1648549,2720106458.87
punjab,2020,1,Merchant payments,1294053,828193928.35
punjab,2020,1,Financial Services,113979,279249549.18
punjab,2020,1,Others,227424,186488365.29
punjab,2020,2,Recharge & bill payments,2786995,724618758.33
punjab,2020,2,Peer-to-peer payments,1937803,3197375781.16
punjab,2020,2,Merchant payments,1561855,999587324.09
punjab,2020,2,Financial Services,140662,344623627.28
punjab,2020,2,Others,265591,217785287.47
punjab,2020,3,Recharge & bill payments,2931568,762207787.31
punjab,2020,3,Peer-to-peer payments,2069346,3414421861.33
punjab,2020,3,Merchant payments,1763093,1128379905.84
punjab,2020,3,Financial Services,147517,361418042.74
punjab,2020,3,Others,283206,232229053.72
punjab,2020,4,Recharge & bill payments,3222337,837807839.76
punjab,2020,4,Peer-to-peer payments,2270700,3746656542.09
punjab,2020,4,Merchant payments,1905949,1219807998.12
punjab,2020,4,Financial Services,163118,399640175.85
punjab,2020,4,Others,311830,255701309.04
punjab,2021,1,Recharge & bill payments,2659475,691463717.43
punjab,2021,1,Peer-to-peer payments,1915209,3160095957.03
punjab,2021,1,Merchant payments,1719463,1100456548.82
punjab,2021,1,Financial Services,141548,346792982.35
punjab,2021,1,Others,274469,225064780.24
punjab,2021,2,Recharge & bill payments,2781871,723286658.41
punjab,2021,2,Peer-to-peer payments,2022142,3336535890.06
punjab,2021,2,Merchant payments,1845094,1180860734.57
punjab,2021,2,Financial Services,154354,378167423.49
punjab,2021,2,Others,291845,239313097.97
punjab,2021,3,Recharge & bill payments,2846217,740016441.92
punjab,2021,3,Peer-to-peer payments,2143597,3536935482.72
punjab,2021,3,Merchant payments,2110942,1351003032.07
punjab,2021,3,Financial Services,161579,395870908.41
punjab,2021,3,Others,301217,246998091.27
punjab,2021,4,Recharge & bill payments,3468203,901732886.9
punjab,2021,4,Peer-to-peer payments,2564009,4230615229.45
punjab,2021,4,Merchant payments,2531808,1620357340.89
punjab,2021,4,Financial Services,200736,491805145.94
punjab,2021,4,Others,384119,314977703.83
punjab,2022,1,Recharge & bill payments,2640396,686503203.62
punjab,2022,1,Peer-to-peer payments,2057202,3394384705.61
punjab,2022,1,Merchant payments,2115104,1353666576.56
punjab,2022,1,Financial Services,153180,375293155.91
punjab,2022,1,Others,293899,240997842.13
punjab,2022,2,Recharge & bill payments,2967393,771522423.43
punjab,2022,2,Peer-to-peer payments,2315685,3820880254.89
punjab,2022,2,Merchant payments,2443616,1563914717.95
punjab,2022,2,Financial Services,183022,448405209.61
punjab,2022,2,Others,343640,281785115.67
punjab,2022,3,Recharge & bill payments,2922897,759953398.98
punjab,2022,3,Peer-to-peer payments,2511101,4143317611.05
punjab,2022,3,Merchant payments,2536709,1623493864.69
punjab,2022,3,Financial Services,192608,471889993.92
punjab,2022,3,Others,361841,296709998.71
punjab,2022,4,Recharge & bill payments,3568925,927920647.21
punjab,2022,4,Peer-to-peer payments,3017332,4978598390.46
punjab,2022,4,Merchant payments,3209202,2053889588.32
punjab,2022,4,Financial Services,223735,548152418.31
punjab,2022,4,Others,427622,350650762.79
punjab,2023,1,Recharge & bill payments,2783554,723724041.33
punjab,2023,1,Peer-to-peer payments,2412755,3981046958.8
punjab,2023,1,Merchant payments,2700555,1728355220.32
punjab,2023,1,Financial Services,181428,444500694.1
punjab,2023,1,Others,346429,284072445.36
punjab,2023,2,Recharge & bill payments,2816433,732272803.26
punjab,2023,2,Peer-to-peer payments,2477123,4087254596.64
punjab,2023,2,Merchant payments,2762100,1767744066.8
punjab,2023,2,Financial Services,196995,482639927.21
punjab,2023,2,Others,359004,294383538.11
punjab,2023,3,Recharge & bill payments,3110612,808759272.46
punjab,2023,3,Peer-to-peer payments,2903991,4791585860.21
punjab,2023,3,Merchant payments,3358415,2149386216.32
punjab,2023,3,Financial Services,223677,548009190.59
punjab,2023,3,Others,413053,338704077.99
punjab,2023,4,Recharge & bill payments,3445039,895710391.39
punjab,2023,4,Peer-to-peer payments,3117417,5143738252.11
punjab,2023,4,Merchant payments,3693814,2364041560.69
punjab,2023,4,Financial Services,256590,628646845.19
punjab,2023,4,Others,465620,381809015.1
rajasthan,2018,1,Recharge & bill payments,2463929,640621626.57
rajasthan,2018,1,Peer-to-peer payments,1451352,2394730808.15
rajasthan,2018,1,Merchant payments,865399,553855833.46
rajasthan,2018,1,Financial Services,97093,237880176.06
rajasthan,2018,1,Others,192057,157487556.17
rajasthan,2018,2,Recharge & bill payments,2813828,731595409.31
rajasthan,2018,2,Peer-to-peer payments,1623479,2678740586.76
rajasthan,2018,2,Merchant payments,1074593,687739564.63
rajasthan,2018,2,Financial Services,112153,274776733.04
rajasthan,2018,2,Others,220771,181033028.7
rajasthan,2018,3,Recharge & bill payments,3218619,836841011.67
rajasthan,2018,3,Peer-to-peer payments,2021402,3335313604.12
rajasthan,2018,3,Merchant payments,1304641,834970813.76
rajasthan,2018,3,Financial Services,133363,326740078.87
rajasthan,2018,3,Others,265694,217869230.21
rajasthan,2018,4,Recharge & bill payments,4019488,1045066976.65
rajasthan,2018,4,Peer-to-peer payments,2502463,4129064838.18
rajasthan,2018,4,Merchant payments,1664510,1065286409.44
rajasthan,2018,4,Financial Services,168663,413226766.7
rajasthan,2018,4,Others,327848,268836049.57
rajasthan,2019,1,Recharge & bill payments,3325038,864509993.95
rajasthan,2019,1,Peer-to-peer payments,2038188,3363011603.6
rajasthan,2019,1,Merchant payments,1493158,955621245.61
rajasthan,2019,1,Financial Services,147534,361458671.67
rajasthan,2019,1,Others,285406,234033331.58
rajasthan,2019,2,Recharge & bill payments,3497461,909339968.77
rajasthan,2019,2,Peer-to-peer payments,2154794,3555410252.57
rajasthan,2019,2,Merchant payments,1572068,1006124086.94
rajasthan,2019,2,Financial Services,153780,376762063.43
rajasthan,2019,2,Others,297238,243735340.32
rajasthan,2019,3,Recharge & bill payments,4289462,1115260182.12
rajasthan,2019,3,Peer-to-peer payments,2782169,4590579991.05
rajasthan,2019,3,Merchant payments,2011173,1287151013.53
rajasthan,2019,3,Financial Services,195271,478415320.25
rajasthan,2019,3,Others,386770,317151980.66
rajasthan,2019,4,Recharge & bill payments,4726527,1228897036.03
rajasthan,2019,4,Peer-to-peer payments,3043652,5022026738.71
rajasthan,2019,4,Merchant payments,2461190,1575161711.52
rajasthan,2019,4,Financial Services,226815,555697167.3
rajasthan,2019,4,Others,436421,357865480.31
rajasthan,2020,1,Recharge & bill payments,3860832,1003816556.11
rajasthan,2020,1,Peer-to-peer payments,2558359,4221292687.3
rajasthan,2020,1,Merchant payments,2033147,1301214493.86
rajasthan,2020,1,Financial Services,181237,444031977.75
rajasthan,2020,1,Others,348186,285513262.76
rajasthan,2020,2,Recharge & bill payments,4215768,1096099704.24
rajasthan,2020,2,Peer-to-peer payments,2886827,4763265987.66
rajasthan,2020,2,Merchant payments,2352022,1505294302.28
rajasthan,2020,2,Financial Services,208426,510646050.32
rajasthan,2020,2,Others,397577,326013195.68
rajasthan,2020,3,Recharge & bill payments,4488153,1166919789.24
rajasthan,2020,3,Peer-to-peer payments,3167509,5226390431.65
rajasthan,2020,3,Merchant payments,2666835,1706774463.51
rajasthan,2020,3,Financial Services,224576,550211264.04
rajasthan,2020,3,Others,443967,364052967.71
rajasthan,2020,4,Recharge & bill payments,4914764,1277838659.37
rajasthan,2020,4,Peer-to-peer payments,3395656,5602832906.5
rajasthan,2020,4,Merchant payments,3109656,1990179942.15
rajasthan,2020,4,Financial Services,248593,609054086.3
rajasthan,2020,4,Others,475369,389803317.62
rajasthan,2021,1,Recharge & bill payments,3985893,1036332362.08
rajasthan,2021,1,Peer-to-peer payments,2935279,4843211708.78
rajasthan,2021,1,Merchant payments,2598538,1663064531.75
rajasthan,2021,1,Financial Services,212162,519799020.56
rajasthan,2021,1,Others,413871,339374625.34
rajasthan,2021,2,Recharge & bill payments,4479701,1164722369.01
rajasthan,2021,2,Peer-to-peer payments,3216975,5308009455.89
rajasthan,2021,2,Merchant payments,3031750,1940320445.34
rajasthan,2021,2,Financial Services,247228,605709173.97
rajasthan,2021,2,Others,452480,371033627.46
rajasthan,2021,3,Recharge & bill payments,4601782,1196463562.24
rajasthan,2021,3,Peer-to-peer payments,3378694,5574846134.9
rajasthan,2021,3,Merchant payments,3234327,2069969763.98
rajasthan,2021,3,Financial Services,255082,624953309.36
rajasthan,2021,3,Others,481446,394786099.82
rajasthan,2021,4,Recharge & bill payments,5201670,1352434405.89
rajasthan,2021,4,Peer-to-peer payments,3897985,6431675509.75
rajasthan,2021,4,Merchant payments,3811514,2439369541.18
rajasthan,2021,4,Financial Services,293446,718943610.07
rajasthan,2021,4,Others,544985,446888173.4
rajasthan,2022,1,Recharge & bill payments,4251101,1105286381.24
rajasthan,2022,1,Peer-to-peer payments,3286992,5423538276.74
rajasthan,2022,1,Merchant payments,3264353,2089185938.83
rajasthan,2022,1,Financial Services,252051,617525943.94
rajasthan,2022,1,Others,468237,383955105.77
rajasthan,2022,2,Recharge & bill payments,4416701,1148342378.88
rajasthan,2022,2,Peer-to-peer payments,3594059,5930198805.95
rajasthan,2022,2,Merchant payments,3614959,2313574330.65
rajasthan,2022,2,Financial Services,271222,664495677.53
rajasthan,2022,2,Others,531629,435936006.47
rajasthan,2022,3,Recharge & bill payments,4697460,1221339762.84
rajasthan,2022,3,Peer-to-peer payments,3913377,6457072729.52
rajasthan,2022,3,Merchant payments,4106995,2628476981.23
rajasthan,2022,3,Financial Services,304041,744901145.32
rajasthan,2022,3,Others,562628,461355170.43
rajasthan,2022,4,Recharge & bill payments,5320827,1383415070.69
rajasthan,2022,4,Peer-to-peer payments,4276833,7056775716.15
rajasthan,2022,4,Merchant payments,4822157,3086180564.85
rajasthan,2022,4,Financial Services,339858,832653662.63
rajasthan,2022,4,Others,638963,523949849.82
rajasthan,2023,1,Recharge & bill payments,4084388,1061941052.45
rajasthan,2023,1,Peer-to-peer payments,3647891,6019021252.78
rajasthan,2023,1,Merchant payments,4005976,2563825228.96
rajasthan,2023,1,Financial Services,285641,699822271.31
rajasthan,2023,1,Others,513991,421473008.4
rajasthan,2023,2,Recharge & bill payments,4624338,1202327995.25
rajasthan,2023,2,Peer-to-peer payments,4005828,6609616880.88
rajasthan,2023,2,Merchant payments,4523447,2895006273.68
rajasthan,2023,2,Financial Services,320676,785657437.21
rajasthan,2023,2,Others,598543,490805594.28
rajasthan,2023,3,Recharge & bill payments,4729301,1229618296.26
rajasthan,2023,3,Peer-to-peer payments,4056878,6693849010.19
rajasthan,2023,3,Merchant payments,4944026,3164176939.69
rajasthan,2023,3,Financial Services,337006,825666621.52
rajasthan,2023,3,Others,604528,495713001.12
rajasthan,2023,4,Recharge & bill payments,5092944,1324165537.15
rajasthan,2023,4,Peer-to-peer payments,4632228,7643177221.26
rajasthan,2023,4,Merchant payments,5715560,3657958630.9
rajasthan,2023,4,Financial Services,379344,929393514.5
rajasthan,2023,4,Others,700434,574356587.09
sikkim,2018,1,Recharge & bill payments,106712,27745177.2
sikkim,2018,1,Peer-to-peer payments,63189,104262918.05
sikkim,2018,1,Merchant payments,38055,24355799.55
sikkim,2018,1,Financial Services,4267,10454979.25
sikkim,2018,1,Others,8318,6821418.52
sikkim,2018,2,Recharge & bill payments,115066,29917250.35
sikkim,2018,2,Peer-to-peer payments,69373,114466440.13
sikkim,2018,2,Merchant payments,45537,29144229.82
sikkim,2018,2,Financial Services,4939,12102772.97
sikkim,2018,2,Others,9834,8064196.19
sikkim,2018,3,Recharge & bill payments,147278,38292538.12
sikkim,2018,3,Peer-to-peer payments,86665,142997774.65
sikkim,2018,3,Merchant payments,56102,35905730.06
sikkim,2018,3,Financial Services,6048,14818811.5
sikkim,2018,3,Others,11575,9492119.63
sikkim,2018,4,Recharge & bill payments,160009,41602494.58
sikkim,2018,4,Peer-to-peer payments,97231,160431182.44
sikkim,2018,4,Merchant payments,65320,41804953.92
sikkim,2018,4,Financial Services,6859,16805391.57
sikkim,2018,4,Others,13052,10703010.88
sikkim,2019,1,Recharge & bill payments,148676,38655975.58
sikkim,2019,1,Peer-to-peer payments,90166,148775057.7
sikkim,2019,1,Merchant payments,65068,41644133.07
sikkim,2019,1,Financial Services,6208,15211977.86
sikkim,2019,1,Others,12246,10041951.44
sikkim,2019,2,Recharge & bill payments,162250,42185031.87
sikkim,2019,2,Peer-to-peer payments,100566,165935547.43
sikkim,2019,2,Merchant payments,76739,49113255.03
sikkim,2019,2,Financial Services,7340,17984600.67
sikkim,2019,2,Others,13981,11464719.24
sikkim,2019,3,Recharge & bill payments,163779,42582773.78
sikkim,2019,3,Peer-to-peer payments,105903,174740622.53
sikkim,2019,3,Merchant payments,78826,50449064.27
sikkim,2019,3,Financial Services,7830,19184500.43
sikkim,2019,3,Others,15290,12538575.83
sikkim,2019,4,Recharge & bill payments,189959,49389368.99
sikkim,2019,4,Peer-to-peer payments,121344,200219133.81
sikkim,2019,4,Merchant payments,94822,60686426.9
sikkim,2019,4,Financial Services,8604,21082053.22
sikkim,2019,4,Others,16882,13843603.39
sikkim,2020,1,Recharge & bill payments,165443,43015415.08
sikkim,2020,1,Peer-to-peer payments,108908,179699558.69
sikkim,2020,1,Merchant payments,85971,55021533.94
sikkim,2020,1,Financial Services,8087,19813421.45
sikkim,2020,1,Others,15522,12728399.97
sikkim,2020,2,Recharge & bill payments,174641,45406690.76
sikkim,2020,2,Peer-to-peer payments,117992,194687726.07
sikkim,2020,2,Merchant payments,94093,60219753.77
sikkim,2020,2,Financial Services,8321,20388730.01
sikkim,2020,2,Others,16522,13548467.96
sikkim,2020,3,Recharge & bill payments,194627,50603221.97
sikkim,2020,3,Peer-to-peer payments,130042,214569692.4
sikkim,2020,3,Merchant payments,109683,70197258.97
sikkim,2020,3,Financial Services,9606,23534899.68
sikkim,2020,3,Others,17987,14750141.7
sikkim,2020,4,Recharge & bill payments,220131,57234202.81
sikkim,2020,4,Peer-to-peer payments,153805,253778984.45
sikkim,2020,4,Merchant payments,130497,83518464.75
sikkim,2020,4,Financial Services,11177,27385335.11
sikkim,2020,4,Others,21688,17784275.75
sikkim,2021,1,Recharge & bill payments,177935,46263140.45
sikkim,2021,1,Peer-to-peer payments,123087,203093860.76
sikkim,2021,1,Merchant payments,110972,71022406.78
sikkim,2021,1,Financial Services,9076,22238344.43
sikkim,2021,1,Others,18153,14885570.33
sikkim,2021,2,Recharge & bill payments,193022,50185887.74
sikkim,2021,2,Peer-to-peer payments,137999,227699439.85
sikkim,2021,2,Merchant payments,130902,83777338.72
sikkim,2021,2,Financial Services,10266,25151704.37
sikkim,2021,2,Others,19589,16063578.08
sikkim,2021,3,Recharge & bill payments,192458,50039331.76
sikkim,2021,3,Peer-to-peer payments,141564,233581555.88
sikkim,2021,3,Merchant payments,131466,84138335.39
sikkim,2021,3,Financial Services,10562,25877211.38
sikkim,2021,3,Others,20601,16893595.34
sikkim,2021,4,Recharge & bill payments,208719,54267003.04
sikkim,2021,4,Peer-to-peer payments,160524,264864661.91
sikkim,2021,4,Merchant payments,156048,99870740.53
sikkim,2021,4,Financial Services,11788,28881614.86
sikkim,2021,4,Others,22319,18302040.7
sikkim,2022,1,Recharge & bill payments,168018,43684835.49
sikkim,2022,1,Peer-to-peer payments,131448,216890062.21
sikkim,2022,1,Merchant payments,138719,88780537.26
sikkim,2022,1,Financial Services,10021,24552744.76
sikkim,2022,1,Others,19495,15986237.97
sikkim,2022,2,Recharge & bill payments,183046,47592016.23
sikkim,2022,2,Peer-to-peer payments,145030,239299690.94
sikkim,2022,2,Merchant payments,152808,97797231.95
sikkim,2022,2,Financial Services,11488,28148015.58
sikkim,2022,2,Others,20686,16963043.95
sikkim,2022,3,Recharge & bill payments,196685,51138225.41
sikkim,2022,3,Peer-to-peer payments,162830,268670028.92
sikkim,2022,3,Merchant payments,168951,108129022.8
sikkim,2022,3,Financial Services,12600,30872416.77
sikkim,2022,3,Others,23691,19426795.71
sikkim,2022,4,Recharge & bill payments,228606,59437707.17
sikkim,2022,4,Peer-to-peer payments,188542,311094345.77
sikkim,2022,4,Merchant payments,207879,133042860.82
sikkim,2022,4,Financial Services,14726,36079896.14
sikkim,2022,4,Others,26396,21645389.77
sikkim,2023,1,Recharge & bill payments,171751,44655466.31
sikkim,2023,1,Peer-to-peer payments,144063,237705089.53
sikkim,2023,1,Merchant payments,163427,104593689.76
sikkim,2023,1,Financial Services,11591,28399678.41
sikkim,2023,1,Others,20637,16922925.38
sikkim,2023,2,Recharge & bill payments,184259,47907490.17
sikkim,2023,2,Peer-to-peer payments,161480,266443645.08
sikkim,2023,2,Merchant payments,187094,119740268.01
sikkim,2023,2,Financial Services,12668,31037616.75
sikkim,2023,2,Others,23575,19331854.83
sikkim,2023,3,Recharge & bill payments,207104,53847088.23
sikkim,2023,3,Peer-to-peer payments,185833,306624750.69
sikkim,2023,3,Merchant payments,224282,143540869.19
sikkim,2023,3,Financial Services,14616,35809680.11
sikkim,2023,3,Others,27777,22777436.77
sikkim,2023,4,Recharge & bill payments,216523,56296210.36
sikkim,2023,4,Peer-to-peer payments,192546,317701627.18
sikkim,2023,4,Merchant payments,243542,155866943.78
sikkim,2023,4,Financial Services,15867,38875387.96
sikkim,2023,4,Others,28271,23182594.71
tamil-nadu,2018,1,Recharge & bill payments,3564397,926743349.58
tamil-nadu,2018,1,Peer-to-peer payments,2156580,3558358075.57
tamil-nadu,2018,1,Merchant payments,1268126,811600983.89
tamil-nadu,2018,1,Financial Services,142822,349916063.37
tamil-nadu,2018,1,Others,291711,239203588.31
tamil-nadu,2018,2,Recharge & bill payments,4566633,1187324641.65
tamil-nadu,2018,2,Peer-to-peer payments,2635036,4347810579.02
tamil-nadu,2018,2,Merchant payments,1689046,1080989787.53
tamil-nadu,2018,2,Financial Services,188395,461568027.23
tamil-nadu,2018,2,Others,371410,304556647.75
tamil-nadu,2018,3,Recharge & bill payments,4900193,1274050262.76
tamil-nadu,2018,3,Peer-to-peer payments,2937524,4846914632.15
tamil-nadu,2018,3,Merchant payments,1884249,1205919773.04
tamil-nadu,2018,3,Financial Services,200839,492057353.89
tamil-nadu,2018,3,Others,395942,324672947.46
tamil-nadu,2018,4,Recharge & bill payments,6129299,1593617893.38
tamil-nadu,2018,4,Peer-to-peer payments,3850578,6353455111.11
tamil-nadu,2018,4,Merchant payments,2573294,1646908233.44
tamil-nadu,2018,4,Financial Services,261335,640271593.44
tamil-nadu,2018,4,Others,505201,414264848.57
tamil-nadu,2019,1,Recharge & bill payments,4758055,1237094311.86
tamil-nadu,2019,1,Peer-to-peer payments,3057756,5045298096.82
tamil-nadu,2019,1,Merchant payments,2202673,1409711112.31
tamil-nadu,2019,1,Financial Services,208356,510474502.47
tamil-nadu,2019,1,Others,420332,344672972.06
tamil-nadu,2019,2,Recharge & bill payments,5256810,1366770767.51
tamil-nadu,2019,2,Peer-to-peer payments,3363138,5549178596.29
tamil-nadu,2019,2,Merchant payments,2507066,1604522483.35
tamil-nadu,2019,2,Financial Services,231857,568051553.41
tamil-nadu,2019,2,Others,478586,392440976.6
tamil-nadu,2019,3,Recharge & bill payments,6312902,1641354690.51
tamil-nadu,2019,3,Peer-to-peer payments,4008431,6613912258.0
tamil-nadu,2019,3,Merchant payments,3057963,1957096651.83
tamil-nadu,2019,3,Financial Services,279592,685000492.12
tamil-nadu,2019,3,Others,547816,449209237.76
tamil-nadu,2019,4,Recharge & bill payments,7083182,1841627366.54
tamil-nadu,2019,4,Peer-to-peer payments,4862322,8022831466.83
tamil-nadu,2019,4,Merchant payments,3661801,2343553108.33
tamil-nadu,2019,4,Financial Services,339354,831417705.93
tamil-nadu,2019,4,Others,670887,550127501.86
tamil-nadu,2020,1,Recharge & bill payments,5899714,1533925697.09
tamil-nadu,2020,1,Peer-to-peer payments,3940599,6501988919.01
tamil-nadu,2020,1,Merchant payments,3069337,1964376187.56
tamil-nadu,2020,1,Financial Services,284074,695981404.47
tamil-nadu,2020,1,Others,549541,450624033.86
tamil-nadu,2020,2,Recharge & bill payments,6551491,1703387865.89
tamil-nadu,2020,2,Peer-to-peer payments,4329483,7143647390.38
tamil-nadu,2020,2,Merchant payments,3526577,2257009720.94
tamil-nadu,2020,2,Financial Services,311122,762250220.11
tamil-nadu,2020,2,Others,620182,508549663.49
tamil-nadu,2020,3,Recharge & bill payments,6812296,1771197026.46
tamil-nadu,2020,3,Peer-to-peer payments,4706387,7765539558.2
tamil-nadu,2020,3,Merchant payments,3847607,2462468907.72
tamil-nadu,2020,3,Financial Services,347546,851489740.18
tamil-nadu,2020,3,Others,667935,547707180.82
tamil-nadu,2020,4,Recharge & bill payments,7061648,1836028695.81
tamil-nadu,2020,4,Peer-to-peer payments,4960454,8184749166.22
tamil-nadu,2020,4,Merchant payments,4372112,2798151841.45
tamil-nadu,2020,4,Financial Services,364742,893619324.94
tamil-nadu,2020,4,Others,697765,572167514.66
tamil-nadu,2021,1,Recharge & bill payments,5896326,1533044769.55
tamil-nadu,2021,1,Peer-to-peer payments,4221529,6965523480.02
tamil-nadu,2021,1,Merchant payments,3671239,2349593595.3
tamil-nadu,2021,1,Financial Services,311034,762034852.83
tamil-nadu,2021,1,Others,602006,493645670.03
tamil-nadu,2021,2,Recharge & bill payments,6165414,1603007685.09
tamil-nadu,2021,2,Peer-to-peer payments,4651810,7675486578.57
tamil-nadu,2021,2,Merchant payments,4113657,2632740898.27
tamil-nadu,2021,2,Financial Services,338381,829035092.39
tamil-nadu,2021,2,Others,647036,530569856.27
tamil-nadu,2021,3,Recharge & bill payments,6778902,1762514593.53
tamil-nadu,2021,3,Peer-to-peer payments,5039927,8315880546.04
tamil-nadu,2021,3,Merchant payments,4770874,3053359919.55
tamil-nadu,2021,3,Financial Services,377318,924429449.43
tamil-nadu,2021,3,Others,724567,594145224.94
tamil-nadu,2021,4,Recharge & bill payments,7441706,1934843773.85
tamil-nadu,2021,4,Peer-to-peer payments,5441300,8978145820.51
tamil-nadu,2021,4,Merchant payments,5627263,3601448374.37
tamil-nadu,2021,4,Financial Services,413026,1011915868.75
tamil-nadu,2021,4,Others,824912,676428366.48
tamil-nadu,2022,1,Recharge & bill payments,5894590,1532593476.96
tamil-nadu,2022,1,Peer-to-peer payments,4695792,7748057317.33
tamil-nadu,2022,1,Merchant payments,4686685,2999478659.15
tamil-nadu,2022,1,Financial Services,354486,868492537.41
tamil-nadu,2022,1,Others,685136,561811781.47
tamil-nadu,2022,2,Recharge & bill payments,6278165,1632323104.99
tamil-nadu,2022,2,Peer-to-peer payments,5048224,8329569844.98
tamil-nadu,2022,2,Merchant payments,5413446,3464605665.84
tamil-nadu,2022,2,Financial Services,396013,970232106.06
tamil-nadu,2022,2,Others,763020,625677077.71
tamil-nadu,2022,3,Recharge & bill payments,6998058,1819495082.18
tamil-nadu,2022,3,Peer-to-peer payments,5785139,9545480024.57
tamil-nadu,2022,3,Merchant payments,6166450,3946528147.32
tamil-nadu,2022,3,Financial Services,427115,1046434010.72
tamil-nadu,2022,3,Others,836264,685736709.9
tamil-nadu,2022,4,Recharge & bill payments,7948287,2066554872.73
tamil-nadu,2022,4,Peer-to-peer payments,6486971,10703503122.82
tamil-nadu,2022,4,Merchant payments,7314986,4681591606.92
tamil-nadu,2022,4,Financial Services,524279,1284485238.04
tamil-nadu,2022,4,Others,987410,809676818.45
tamil-nadu,2023,1,Recharge & bill payments,6275281,1631573239.11
tamil-nadu,2023,1,Peer-to-peer payments,5466171,9019182323.59
tamil-nadu,2023,1,Merchant payments,6037774,3864175396.61
tamil-nadu,2023,1,Financial Services,420422,1030035796.1
tamil-nadu,2023,1,Others,809040,663412960.05
tamil-nadu,2023,2,Recharge & bill payments,6531251,1698125468.5
tamil-nadu,2023,2,Peer-to-peer payments,5844107,9642777962.46
tamil-nadu,2023,2,Merchant payments,6649726,4255825047.61
tamil-nadu,2023,2,Financial Services,465021,1139303239.76
tamil-nadu,2023,2,Others,833611,683561385.39
tamil-nadu,2023,3,Recharge & bill payments,7345638,1909866081.53
tamil-nadu,2023,3,Peer-to-peer payments,6664036,10995660300.82
tamil-nadu,2023,3,Merchant payments,7860633,5030805693.07
tamil-nadu,2023,3,Financial Services,516791,1266138923.29
tamil-nadu,2023,3,Others,969997,795398203.68
tamil-nadu,2023,4,Recharge & bill payments,7647913,1988457385.42
tamil-nadu,2023,4,Peer-to-peer payments,7446110,12286081808.42
tamil-nadu,2023,4,Merchant payments,8748615,5599113647.2
tamil-nadu,2023,4,Financial Services,584110,1431070818.19
tamil-nadu,2023,4,Others,1048086,859430996.6
telangana,2018,1,Recharge & bill payments,3339028,868147324.41
telangana,2018,1,Peer-to-peer payments,1994006,3290110857.39
telangana,2018,1,Merchant payments,1201731,769108306.18
telangana,2018,1,Financial Services,139115,340834129.27
telangana,2018,1,Others,270705,221978227.88
telangana,2018,2,Recharge & bill payments,3865656,1005070749.99
telangana,2018,2,Peer-to-peer payments,2315256,3820172841.65
telangana,2018,2,Merchant payments,1475202,944129432.32
telangana,2018,2,Financial Services,153526,376139521.31
telangana,2018,2,Others,307106,251827244.91
telangana,2018,3,Recharge & bill payments,4710508,1224732298.28
telangana,2018,3,Peer-to-peer payments,2863356,4724537547.29
telangana,2018,3,Merchant payments,1774931,1135956408.72
telangana,2018,3,Financial Services,195742,479568758.68
telangana,2018,3,Others,377430,309492774.64
telangana,2018,4,Recharge & bill payments,5096495,1325088728.29
telangana,2018,4,Peer-to-peer payments,3135645,5173815328.77
telangana,2018,4,Merchant payments,2121545,1357789363.08
telangana,2018,4,Financial Services,226327,554502233.07
telangana,2018,4,Others,432951,355019863.7
telangana,2019,1,Recharge & bill payments,4623854,1202202124.42
telangana,2019,1,Peer-to-peer payments,2795758,4613001153.06
telangana,2019,1,Merchant payments,2035179,1302514901.62
telangana,2019,1,Financial Services,199111,487823122.57
telangana,2019,1,Others,382485,313637897.79
telangana,2019,2,Recharge & bill payments,5137766,1335819225.79
telangana,2019,2,Peer-to-peer payments,3284763,5419860033.61
telangana,2019,2,Merchant payments,2327824,1489807547.09
telangana,2019,2,Financial Services,227869,558280256.98
telangana,2019,2,Others,446927,366480849.08
telangana,2019,3,Recharge & bill payments,5174883,1345469591.35
telangana,2019,3,Peer-to-peer payments,3306398,5455557208.83
telangana,2019,3,Merchant payments,2440473,1561902895.17
telangana,2019,3,Financial Services,233772,572741956.29
telangana,2019,3,Others,472759,387663106.48
telangana,2019,4,Recharge & bill payments,6405386,1665400581.31
telangana,2019,4,Peer-to-peer payments,4227429,6975259412.27
telangana,2019,4,Merchant payments,3227744,2065756293.62
telangana,2019,4,Financial Services,296806,727177100.63
telangana,2019,4,Others,571515,468642952.37
telangana,2020,1,Recharge & bill payments,5125369,1332596093.01
telangana,2020,1,Peer-to-peer payments,3479545,5741249675.24
telangana,2020,1,Merchant payments,2847858,1822629219.69
telangana,2020,1,Financial Services,255485,625939711.89
telangana,2020,1,Others,485315,397958544.9
telangana,2020,2,Recharge & bill payments,5524411,1436346948.3
telangana,2020,2,Peer-to-peer payments,3947399,6513209354.42
telangana,2020,2,Merchant payments,3183733,2037589145.13
telangana,2020,2,Financial Services,276591,677650045.37
telangana,2020,2,Others,547316,448799187.88
telangana,2020,3,Recharge & bill payments,5680724,1476988288.68
telangana,2020,3,Peer-to-peer payments,4091571,6751093039.11
telangana,2020,3,Merchant payments,3471523,2221774915.19
telangana,2020,3,Financial Services,291884,715116441.16
telangana,2020,3,Others,548020,449377050.55
telangana,2020,4,Recharge & bill payments,6641144,1726697549.05
telangana,2020,4,Peer-to-peer payments,4649860,7672269995.17
telangana,2020,4,Merchant payments,4050639,2592409130.66
telangana,2020,4,Financial Services,347488,851347717.44
telangana,2020,4,Others,674964,553471285.84
telangana,2021,1,Recharge & bill payments,5280690,1372979526.38
telangana,2021,1,Peer-to-peer payments,3916422,6462096983.68
telangana,2021,1,Merchant payments,3620493,2317115899.06
telangana,2021,1,Financial Services,290292,711215729.1
telangana,2021,1,Others,560006,459205670.24
telangana,2021,2,Recharge & bill payments,5430261,1411867932.21
telangana,2021,2,Peer-to-peer payments,4087309,6744060817.33
telangana,2021,2,Merchant payments,3744304,2396354666.43
telangana,2021,2,Financial Services,307896,754346786.82
telangana,2021,2,Others,563610,462160340.04
telangana,2021,3,Recharge & bill payments,6282116,1633350263.21
telangana,2021,3,Peer-to-peer payments,4662385,7692935850.98
telangana,2021,3,Merchant payments,4361119,2791116707.62
telangana,2021,3,Financial Services,346690,849390984.94
telangana,2021,3,Others,664944,545254888.19
telangana,2021,4,Recharge & bill payments,6939856,1804362632.29
telangana,2021,4,Peer-to-peer payments,5245821,8655605958.35
telangana,2021,4,Merchant payments,5315210,3401734433.7
telangana,2021,4,Financial Services,398725,976876593.75
telangana,2021,4,Others,762249,625044296.53
telangana,2022,1,Recharge & bill payments,5292978,1376174515.11
telangana,2022,1,Peer-to-peer payments,4051668,6685252956.35
telangana,2022,1,Merchant payments,4205063,2691240948.19
telangana,2022,1,Financial Services,310246,760103862.35
telangana,2022,1,Others,590129,483906085.92
telangana,2022,2,Recharge & bill payments,5553687,1443958833.97
telangana,2022,2,Peer-to-peer payments,4553344,7513018210.14
telangana,2022,2,Merchant payments,4790506,3065924404.68
telangana,2022,2,Financial Services,344722,844569833.77
telangana,2022,2,Others,633096,519138756.11
telangana,2022,3,Recharge & bill payments,6364720,1654827273.35
telangana,2022,3,Peer-to-peer payments,5192545,8567700213.4
telangana,2022,3,Merchant payments,5636836,3607575501.66
telangana,2022,3,Financial Services,407102,997402077.11
telangana,2022,3,Others,778002,637961640.71
telangana,2022,4,Recharge & bill payments,6729564,1749686844.76
telangana,2022,4,Peer-to-peer payments,5364902,8852088675.58
telangana,2022,4,Merchant payments,6207242,3972635100.82
telangana,2022,4,Financial Services,442838,1084954783.33
telangana,2022,4,Others,803113,658553367.28
telangana,2023,1,Recharge & bill payments,5725426,1488610771.32
telangana,2023,1,Peer-to-peer payments,4679009,7720366214.55
telangana,2023,1,Merchant payments,5356825,3428368050.12
telangana,2023,1,Financial Services,369628,905590154.28
telangana,2023,1,Others,704414,577620017.72
telangana,2023,2,Recharge & bill payments,5998127,1559513218.0
telangana,2023,2,Peer-to-peer payments,5183553,8552862674.0
telangana,2023,2,Merchant payments,5792108,3706949297.82
telangana,2023,2,Financial Services,404178,990237922.46
telangana,2023,2,Others,748610,613860394.08
telangana,2023,3,Recharge & bill payments,6309838,1640557880.92
telangana,2023,3,Peer-to-peer payments,5538340,9138262133.06
telangana,2023,3,Merchant payments,6860825,4390928388.41
telangana,2023,3,Financial Services,445364,1091141968.45
telangana,2023,3,Others,843489,691661477.89
telangana,2023,4,Recharge & bill payments,6689217,1739196541.72
telangana,2023,4,Peer-to-peer payments,6060887,10000464256.83
telangana,2023,4,Merchant payments,7586957,4855653013.88
telangana,2023,4,Financial Services,499982,1224956804.28
telangana,2023,4,Others,918361,753056317.06
tripura,2018,1,Recharge & bill payments,196963,51210627.16
tripura,2018,1,Peer-to-peer payments,117551,193960027.81
tripura,2018,1,Merchant payments,70953,45410334.44
tripura,2018,1,Financial Services,8185,20054817.43
tripura,2018,1,Others,16283,13352637.8
tripura,2018,2,Recharge & bill payments,251191,65309891.76
tripura,2018,2,Peer-to-peer payments,152730,252004848.03
tripura,2018,2,Merchant payments,95103,60866046.58
tripura,2018,2,Financial Services,10421,25533318.42
tripura,2018,2,Others,20153,16525494.9
tripura,2018,3,Recharge & bill payments,267592,69573923.46
tripura,2018,3,Peer-to-peer payments,167261,275981806.14
tripura,2018,3,Merchant payments,103723,66383190.29
tripura,2018,3,Financial Services,10859,26606015.92
tripura,2018,3,Others,22481,18434986.14
tripura,2018,4,Recharge & bill payments,328615,85439965.05
tripura,2018,4,Peer-to-peer payments,206328,340442831.57
tripura,2018,4,Merchant payments,138788,88824508.89
tripura,2018,4,Financial Services,14303,35043830.97
tripura,2018,4,Others,28108,23049245.73
tripura,2019,1,Recharge & bill payments,282855,73542554.54
tripura,2019,1,Peer-to-peer payments,179289,295826974.73
tripura,2019,1,Merchant payments,127926,81872699.58
tripura,2019,1,Financial Services,12783,31318361.38
tripura,2019,1,Others,24006,19685328.91
tripura,2019,2,Recharge & bill payments,305807,79509931.78
tripura,2019,2,Peer-to-peer payments,191703,316310759.52
tripura,2019,2,Merchant payments,134513,86088469.3
tripura,2019,2,Financial Services,13077,32039436.36
tripura,2019,2,Others,25592,20985532.96
tripura,2019,3,Recharge & bill payments,362765,94319104.64
tripura,2019,3,Peer-to-peer payments,225234,371637108.16
tripura,2019,3,Merchant payments,166912,106824054.3
tripura,2019,3,Financial Services,16223,39748144.25
tripura,2019,3,Others,32207,26410554.82
tripura,2019,4,Recharge & bill payments,382222,99377862.71
tripura,2019,4,Peer-to-peer payments,240998,397647321.37
tripura,2019,4,Merchant payments,188252,120481743.56
tripura,2019,4,Financial Services,17754,43499355.65
tripura,2019,4,Others,33967,27853235.14
tripura,2020,1,Recharge & bill payments,307599,79975741.78
tripura,2020,1,Peer-to-peer payments,214553,354012487.2
tripura,2020,1,Merchant payments,172269,110252227.63
tripura,2020,1,Financial Services,15283,37444667.83
tripura,2020,1,Others,28734,23562190.53
tripura,2020,2,Recharge & bill payments,342577,89070119.68
tripura,2020,2,Peer-to-peer payments,232259,383228710.8
tripura,2020,2,Merchant payments,191448,122527199.07
tripura,2020,2,Financial Services,16808,41181083.61
tripura,2020,2,Others,31970,26215693.09
tripura,2020,3,Recharge & bill payments,403181,104827227.42
tripura,2020,3,Peer-to-peer payments,272845,450195160.38
tripura,2020,3,Merchant payments,238180,152435499.62
tripura,2020,3,Financial Services,19203,47047967.32
tripura,2020,3,Others,37873,31055972.42
tripura,2020,4,Recharge & bill payments,405140,105336522.1
tripura,2020,4,Peer-to-peer payments,290860,479919153.38
tripura,2020,4,Merchant payments,257192,164603055.19
tripura,2020,4,Financial Services,21159,51840573.64
tripura,2020,4,Others,41992,34433819.31
tripura,2021,1,Recharge & bill payments,325715,84686107.98
tripura,2021,1,Peer-to-peer payments,242985,400925311.73
tripura,2021,1,Merchant payments,213944,136924293.94
tripura,2021,1,Financial Services,17594,43105464.11
tripura,2021,1,Others,34534,28318131.46
tripura,2021,2,Recharge & bill payments,353228,91839489.78
tripura,2021,2,Peer-to-peer payments,268979,443816716.95
tripura,2021,2,Merchant payments,246554,157795077.3
tripura,2021,2,Financial Services,20083,49203468.82
tripura,2021,2,Others,38590,31644196.72
tripura,2021,3,Recharge & bill payments,379388,98641013.25
tripura,2021,3,Peer-to-peer payments,286006,471910131.27
tripura,2021,3,Merchant payments,267025,170896365.26
tripura,2021,3,Financial Services,21794,53397188.71
tripura,2021,3,Others,39612,32482031.66
tripura,2021,4,Recharge & bill payments,434861,113063915.46
tripura,2021,4,Peer-to-peer payments,325357,536840594.47
tripura,2021,4,Merchant payments,314781,201459873.71
tripura,2021,4,Financial Services,25249,61862103.63
tripura,2021,4,Others,45113,36993251.44
tripura,2022,1,Recharge & bill payments,359462,93460172.21
tripura,2022,1,Peer-to-peer payments,275373,454365700.43
tripura,2022,1,Merchant payments,283065,181161816.92
tripura,2022,1,Financial Services,20866,51123636.32
tripura,2022,1,Others,41650,34153206.4
tripura,2022,2,Recharge & bill payments,357727,93009127.49
tripura,2022,2,Peer-to-peer payments,286176,472191979.81
tripura,2022,2,Merchant payments,311367,199274908.81
tripura,2022,2,Financial Services,22445,54990390.56
tripura,2022,2,Others,42530,34874782.76
tripura,2022,3,Recharge & bill payments,412869,107346037.94
tripura,2022,3,Peer-to-peer payments,341270,563096921.49
tripura,2022,3,Merchant payments,358870,229677074.98
tripura,2022,3,Financial Services,25643,62827674.3
tripura,2022,3,Others,48784,40003521.75
tripura,2022,4,Recharge & bill payments,414457,107759055.88
tripura,2022,4,Peer-to-peer payments,356356,587988542.07
tripura,2022,4,Merchant payments,375007,240004619.42
tripura,2022,4,Financial Services,27788,68082733.7
tripura,2022,4,Others,52362,42937416.13
tripura,2023,1,Recharge & bill payments,356551,92703442.06
tripura,2023,1,Peer-to-peer payments,301535,497534206.4
tripura,2023,1,Merchant payments,340189,217721362.61
tripura,2023,1,Financial Services,23445,57442067.25
tripura,2023,1,Others,45162,37033475.28
tripura,2023,2,Recharge & bill payments,390494,101528604.23
tripura,2023,2,Peer-to-peer payments,329740,544071041.67
tripura,2023,2,Merchant payments,380171,243309584.62
tripura,2023,2,Financial Services,26371,64609581.54
tripura,2023,2,Others,50540,41442950.73
tripura,2023,3,Recharge & bill payments,405512,105433292.64
tripura,2023,3,Peer-to-peer payments,360121,594200850.54
tripura,2023,3,Merchant payments,436937,279640015.34
tripura,2023,3,Financial Services,29136,71383867.97
tripura,2023,3,Others,52939,43410301.19
tripura,2023,4,Recharge & bill payments,436765,113559150.72
tripura,2023,4,Peer-to-peer payments,405119,668447997.39
tripura,2023,4,Merchant payments,490086,313655256.84
tripura,2023,4,Financial Services,31707,77683130.19
tripura,2023,4,Others,59154,48506547.27
uttar-pradesh,2018,1,Recharge & bill payments,4136434,1075472861.49
uttar-pradesh,2018,1,Peer-to-peer payments,2539782,4190640412.01
uttar-pradesh,2018,1,Merchant payments,1504402,962817355.25
uttar-pradesh,2018,1,Financial Services,165081,404449710.78
uttar-pradesh,2018,1,Others,326318,267581219.39
uttar-pradesh,2018,2,Recharge & bill payments,4815155,1251940466.75
uttar-pradesh,2018,2,Peer-to-peer payments,2954403,4874765621.68
uttar-pradesh,2018,2,Merchant payments,1827543,1169627941.51
uttar-pradesh,2018,2,Financial Services,192587,471838461.09
uttar-pradesh,2018,2,Others,404963,332069972.85
uttar-pradesh,2018,3,Recharge & bill payments,5541931,1440902215.47
uttar-pradesh,2018,3,Peer-to-peer payments,3446074,5686022308.26
uttar-pradesh,2018,3,Merchant payments,2216667,1418667258.56
uttar-pradesh,2018,3,Financial Services,232242,568993670.88
uttar-pradesh,2018,3,Others,469366,384880879.29
uttar-pradesh,2018,4,Recharge & bill payments,6508888,1692311126.04
uttar-pradesh,2018,4,Peer-to-peer payments,4053196,6687774989.26
uttar-pradesh,2018,4,Merchant payments,2855143,1827291655.93
uttar-pradesh,2018,4,Financial Services,287056,703288784.15
uttar-pradesh,2018,4,Others,549243,450379360.2
uttar-pradesh,2019,1,Recharge & bill payments,5585746,1452294115.9
uttar-pradesh,2019,1,Peer-to-peer payments,3560431,5874712732.03
uttar-pradesh,2019,1,Merchant payments,2515989,1610233299.8
uttar-pradesh,2019,1,Financial Services,240105,588258630.41
uttar-pradesh,2019,1,Others,491372,402925502.12
uttar-pradesh,2019,2,Recharge & bill payments,5932656,1542490632.39
uttar-pradesh,2019,2,Peer-to-peer payments,3892908,6423298623.23
uttar-pradesh,2019,2,Merchant payments,2816163,1802344440.1
uttar-pradesh,2019,2,Financial Services,266517,652968623.2
uttar-pradesh,2019,2,Others,518804,425419926.18
uttar-pradesh,2019,3,Recharge & bill payments,6710806,1744809721.3
uttar-pradesh,2019,3,Peer-to-peer payments,4216981,6958019586.52
uttar-pradesh,2019,3,Merchant payments,3209413,2054024546.45
uttar-pradesh,2019,3,Financial Services,296981,727605002.11
uttar-pradesh,2019,3,Others,598614,490864092.32
uttar-pradesh,2019,4,Recharge & bill payments,7627996,1983278994.17
uttar-pradesh,2019,4,Peer-to-peer payments,5109146,8430092463.37
uttar-pradesh,2019,4,Merchant payments,3882756,2484964201.81
uttar-pradesh,2019,4,Financial Services,364613,893303022.62
uttar-pradesh,2019,4,Others,700008,574006991.13
uttar-pradesh,2020,1,Recharge & bill payments,6483134,1685614889.62
uttar-pradesh,2020,1,Peer-to-peer payments,4302786,7099598059.96
uttar-pradesh,2020,1,Merchant payments,3608810,2309638428.79
uttar-pradesh,2020,1,Financial Services,322879,791055317.47
uttar-pradesh,2020,1,Others,604356,495571966.86
uttar-pradesh,2020,2,Recharge & bill payments,6576579,1709910559.61
uttar-pradesh,2020,2,Peer-to-peer payments,4554237,7514491261.47
uttar-pradesh,2020,2,Merchant payments,3728108,2385989170.96
uttar-pradesh,2020,2,Financial Services,330425,809541509.59
uttar-pradesh,2020,2,Others,624518,512105571.71
uttar-pradesh,2020,3,Recharge & bill payments,7883431,2049692271.18
uttar-pradesh,2020,3,Peer-to-peer payments,5190113,8563687159.13
uttar-pradesh,2020,3,Merchant payments,4678456,2994212225.78
uttar-pradesh,2020,3,Financial Services,392688,962087987.17
uttar-pradesh,2020,3,Others,757499,621149912.01
uttar-pradesh,2020,4,Recharge & bill payments,8400949,2184246995.87
uttar-pradesh,2020,4,Peer-to-peer payments,5933460,9790210561.72
uttar-pradesh,2020,4,Merchant payments,5341077,3418289816.79
uttar-pradesh,2020,4,Financial Services,422312,1034664987.93
uttar-pradesh,2020,4,Others,841965,690411537.01
uttar-pradesh,2021,1,Recharge & bill payments,7119255,1851006403.51
uttar-pradesh,2021,1,Peer-to-peer payments,5097774,8411328261.18
uttar-pradesh,2021,1,Merchant payments,4543934,2908118274.99
uttar-pradesh,2021,1,Financial Services,363676,891006582.7
uttar-pradesh,2021,1,Others,703903,577200754.37
uttar-pradesh,2021,2,Recharge & bill payments,6925011,1800502974.9
uttar-pradesh,2021,2,Peer-to-peer payments,5216287,8606874960.5
uttar-pradesh,2021,2,Merchant payments,4828443,3090204135.08
uttar-pradesh,2021,2,Financial Services,390175,955929959.67
uttar-pradesh,2021,2,Others,718756,589380197.68
uttar-pradesh,2021,3,Recharge & bill payments,7950075,2067019749.94
uttar-pradesh,2021,3,Peer-to-peer payments,5814479,9593891769.69
uttar-pradesh,2021,3,Merchant payments,5700597,3648382560.12
uttar-pradesh,2021,3,Financial Services,447456,1096269229.36
uttar-pradesh,2021,3,Others,832191,682396663.65
uttar-pradesh,2021,4,Recharge & bill payments,8776759,2281957346.19
uttar-pradesh,2021,4,Peer-to-peer payments,6565267,10832692171.28
uttar-pradesh,2021,4,Merchant payments,6733394,4309372749.06
uttar-pradesh,2021,4,Financial Services,513734,1258648357.84
uttar-pradesh,2021,4,Others,950973,779798156.16
uttar-pradesh,2022,1,Recharge & bill payments,6788705,1765063463.08
uttar-pradesh,2022,1,Peer-to-peer payments,5262964,8683890857.11
uttar-pradesh,2022,1,Merchant payments,5541618,3546635629.24
uttar-pradesh,2022,1,Financial Services,417449,1022750452.75
uttar-pradesh,2022,1,Others,760872,623915859.7
uttar-pradesh,2022,2,Recharge & bill payments,7740381,2012499139.95
uttar-pradesh,2022,2,Peer-to-peer payments,5987543,9879446696.54
uttar-pradesh,2022,2,Merchant payments,6411632,4103444999.04
uttar-pradesh,2022,2,Financial Services,460962,1129358959.53
uttar-pradesh,2022,2,Others,893173,732402370.69
uttar-pradesh,2022,3,Recharge & bill payments,7944439,2065554219.88
uttar-pradesh,2022,3,Peer-to-peer payments,6552515,10811651351.71
uttar-pradesh,2022,3,Merchant payments,6858188,4389240429.88
uttar-pradesh,2022,3,Financial Services,515264,1262398752.72
uttar-pradesh,2022,3,Others,965332,791572896.71
uttar-pradesh,2022,4,Recharge & bill payments,7935232,2063160398.52
uttar-pradesh,2022,4,Peer-to-peer payments,6700336,11055555304.49
uttar-pradesh,2022,4,Merchant payments,7546802,4829953519.66
uttar-pradesh,2022,4,Financial Services,529267,1296705027.97
uttar-pradesh,2022,4,Others,962722,789432302.61
uttar-pradesh,2023,1,Recharge & bill payments,6708792,1744286157.89
uttar-pradesh,2023,1,Peer-to-peer payments,5643747,9312183407.38
uttar-pradesh,2023,1,Merchant payments,6167470,3947180939.39
uttar-pradesh,2023,1,Financial Services,447462,1096282208.66
uttar-pradesh,2023,1,Others,840960,689587624.39
uttar-pradesh,2023,2,Recharge & bill payments,7582567,1971467563.52
uttar-pradesh,2023,2,Peer-to-peer payments,6713925,11077976646.81
uttar-pradesh,2023,2,Merchant payments,7812319,4999884210.1
uttar-pradesh,2023,2,Financial Services,536894,1315391492.35
uttar-pradesh,2023,2,Others,978538,802401894.99
uttar-pradesh,2023,3,Recharge & bill payments,7808714,2030265828.89
uttar-pradesh,2023,3,Peer-to-peer payments,7012299,11570293671.61
uttar-pradesh,2023,3,Merchant payments,8669460,5548455000.81
uttar-pradesh,2023,3,Financial Services,570607,1397988735.54
uttar-pradesh,2023,3,Others,1047209,858711883.09
uttar-pradesh,2023,4,Recharge & bill payments,8237188,2141669088.0
uttar-pradesh,2023,4,Peer-to-peer payments,7608669,12554304617.64
uttar-pradesh,2023,4,Merchant payments,8880333,5683413699.4
uttar-pradesh,2023,4,Financial Services,584522,1432080826.41
uttar-pradesh,2023,4,Others,1078485,884358134.72
uttarakhand,2018,1,Recharge & bill payments,722379,187818687.9
uttarakhand,2018,1,Peer-to-peer payments,412724,680995242.1
uttarakhand,2018,1,Merchant payments,250613,160392897.73
uttarakhand,2018,1,Financial Services,29275,71724091.18
uttarakhand,2018,1,Others,56602,46414181.16
uttarakhand,2018,2,Recharge & bill payments,854266,222109393.2
uttarakhand,2018,2,Peer-to-peer payments,525272,866699543.53
uttarakhand,2018,2,Merchant payments,331985,212470456.01
uttarakhand,2018,2,Financial Services,36728,89985676.55
uttarakhand,2018,2,Others,71758,58841918.82
uttarakhand,2018,3,Recharge & bill payments,961030,249867898.86
uttarakhand,2018,3,Peer-to-peer payments,572916,945311783.58
uttarakhand,2018,3,Merchant payments,386654,247458794.44
uttarakhand,2018,3,Financial Services,39336,96373917.75
uttarakhand,2018,3,Others,79851,65477983.36
uttarakhand,2018,4,Recharge & bill payments,1122775,291921677.03
uttarakhand,2018,4,Peer-to-peer payments,720615,1189016006.78
uttarakhand,2018,4,Merchant payments,475516,304330765.57
uttarakhand,2018,4,Financial Services,47821,117162581.71
uttarakhand,2018,4,Others,95826,78577690.53
uttarakhand,2019,1,Recharge & bill payments,935491,243227758.38
uttarakhand,2019,1,Peer-to-peer payments,600705,991164812.3
uttarakhand,2019,1,Merchant payments,398101,254785111.84
uttarakhand,2019,1,Financial Services,41252,101067608.0
uttarakhand,2019,1,Others,80758,66222273.62
uttarakhand,2019,2,Recharge & bill payments,1078757,280476986.72
uttarakhand,2019,2,Peer-to-peer payments,670331,1106047596.13
uttarakhand,2019,2,Merchant payments,506287,324023706.26
uttarakhand,2019,2,Financial Services,47503,116384208.38
uttarakhand,2019,2,Others,92314,75697897.42
uttarakhand,2019,3,Recharge & bill payments,1226285,318834187.28
uttarakhand,2019,3,Peer-to-peer payments,812403,1340465350.21
uttarakhand,2019,3,Merchant payments,594779,380658749.02
uttarakhand,2019,3,Financial Services,55430,135804965.72
uttarakhand,2019,3,Others,111402,91350368.63
uttarakhand,2019,4,Recharge & bill payments,1398033,363488799.23
uttarakhand,2019,4,Peer-to-peer payments,908420,1498893811.19
uttarakhand,2019,4,Merchant payments,707076,452529241.72
uttarakhand,2019,4,Financial Services,64359,157680726.13
uttarakhand,2019,4,Others,129815,106448827.85
uttarakhand,2020,1,Recharge & bill payments,1110457,288718915.52
uttarakhand,2020,1,Peer-to-peer payments,768875,1268644198.01
uttarakhand,2020,1,Merchant payments,608741,389594291.55
uttarakhand,2020,1,Financial Services,52796,129350537.36
uttarakhand,2020,1,Others,104402,85610070.53
uttarakhand,2020,2,Recharge & bill payments,1145758,297897221.11
uttarakhand,2020,2,Peer-to-peer payments,784282,1294066488.48
uttarakhand,2020,2,Merchant payments,671015,429450215.11
uttarakhand,2020,2,Financial Services,57362,140538359.45
uttarakhand,2020,2,Others,111237,91214416.58
uttarakhand,2020,3,Recharge & bill payments,1281830,333275983.9
uttarakhand,2020,3,Peer-to-peer payments,908653,1499278722.76
uttarakhand,2020,3,Merchant payments,737963,472296585.91
uttarakhand,2020,3,Financial Services,63389,155304244.68
uttarakhand,2020,3,Others,121081,99287077.28
uttarakhand,2020,4,Recharge & bill payments,1405890,365531456.05
uttarakhand,2020,4,Peer-to-peer payments,1019259,1681777821.75
uttarakhand,2020,4,Merchant payments,895321,573006065.12
uttarakhand,2020,4,Financial Services,75623,185276704.27
uttarakhand,2020,4,Others,143154,117386883.97
uttarakhand,2021,1,Recharge & bill payments,1205375,313397509.13
uttarakhand,2021,1,Peer-to-peer payments,916469,1512174541.78
uttarakhand,2021,1,Merchant payments,820449,525087710.49
uttarakhand,2021,1,Financial Services,64817,158803740.86
uttarakhand,2021,1,Others,127059,104188720.34
uttarakhand,2021,2,Recharge & bill payments,1248011,324482911.66
uttarakhand,2021,2,Peer-to-peer payments,937138,1546279153.82
uttarakhand,2021,2,Merchant payments,838505,536643478.98
uttarakhand,2021,2,Financial Services,67429,165203028.0
uttarakhand,2021,2,Others,127776,104776429.47
uttarakhand,2021,3,Recharge & bill payments,1303850,339001206.85
uttarakhand,2021,3,Peer-to-peer payments,996778,1644685317.17
uttarakhand,2021,3,Merchant payments,953007,609924567.59
uttarakhand,2021,3,Financial Services,73364,179742682.63
uttarakhand,2021,3,Others,144080,118146044.18
uttarakhand,2021,4,Recharge & bill payments,1495529,388837624.3
uttarakhand,2021,4,Peer-to-peer payments,1173135,1935673073.74
uttarakhand,2021,4,Merchant payments,1149875,735920388.06
uttarakhand,2021,4,Financial Services,85658,209864174.2
uttarakhand,2021,4,Others,167704,137517533.39
uttarakhand,2022,1,Recharge & bill payments,1210997,314859221.44
uttarakhand,2022,1,Peer-to-peer payments,980905,1618494378.29
uttarakhand,2022,1,Merchant payments,990898,634174876.84
uttarakhand,2022,1,Financial Services,72318,177180771.07
uttarakhand,2022,1,Others,137211,112513813.14
uttarakhand,2022,2,Recharge & bill payments,1341142,348697004.03
uttarakhand,2022,2,Peer-to-peer payments,1104700,1822755832.69
uttarakhand,2022,2,Merchant payments,1095623,701198833.7
uttarakhand,2022,2,Financial Services,84746,207627724.11
uttarakhand,2022,2,Others,156949,128698306.92
uttarakhand,2022,3,Recharge & bill payments,1341354,348752246.27
uttarakhand,2022,3,Peer-to-peer payments,1095595,1807732035.83
uttarakhand,2022,3,Merchant payments,1170260,748966443.47
uttarakhand,2022,3,Financial Services,83888,205525944.79
uttarakhand,2022,3,Others,157064,128793096.16
uttarakhand,2022,4,Recharge & bill payments,1449624,376902250.78
uttarakhand,2022,4,Peer-to-peer payments,1250166,2062774831.51
uttarakhand,2022,4,Merchant payments,1337596,856061956.53
uttarakhand,2022,4,Financial Services,93349,228706519.09
uttarakhand,2022,4,Others,180720,148190800.68
uttarakhand,2023,1,Recharge & bill payments,1181300,307138207.71
uttarakhand,2023,1,Peer-to-peer payments,995357,1642339349.36
uttarakhand,2023,1,Merchant payments,1132269,724652656.66
uttarakhand,2023,1,Financial Services,81832,200488658.48
uttarakhand,2023,1,Others,150725,123595252.96
uttarakhand,2023,2,Recharge & bill payments,1267022,329425893.79
uttarakhand,2023,2,Peer-to-peer payments,1072999,1770448809.75
uttarakhand,2023,2,Merchant payments,1268211,811655602.2
uttarakhand,2023,2,Financial Services,86377,211624350.01
uttarakhand,2023,2,Others,159085,130449732.11
uttarakhand,2023,3,Recharge & bill payments,1333880,346808844.05
uttarakhand,2023,3,Peer-to-peer payments,1195197,1972075633.7
uttarakhand,2023,3,Merchant payments,1455218,931339985.56
uttarakhand,2023,3,Financial Services,97174,238077021.69
uttarakhand,2023,3,Others,177087,145212136.02
uttarakhand,2023,4,Recharge & bill payments,1564393,406742210.73
uttarakhand,2023,4,Peer-to-peer payments,1379094,2275506204.29
uttarakhand,2023,4,Merchant payments,1693404,1083778568.98
uttarakhand,2023,4,Financial Services,111978,274348190.5
uttarakhand,2023,4,Others,209823,172055406.13
west-bengal,2018,1,Recharge & bill payments,2332561,606465980.38
west-bengal,2018,1,Peer-to-peer payments,1325209,2186595123.77
west-bengal,2018,1,Merchant payments,815398,521855189.75
west-bengal,2018,1,Financial Services,90359,221380103.73
west-bengal,2018,1,Others,186288,152756192.03
west-bengal,2018,2,Recharge & bill payments,2888237,750941647.98
west-bengal,2018,2,Peer-to-peer payments,1745612,2880260904.08
west-bengal,2018,2,Merchant payments,1121626,717841262.46
west-bengal,2018,2,Financial Services,120245,294600881.71
west-bengal,2018,2,Others,228618,187466863.93
west-bengal,2018,3,Recharge & bill payments,3042892,791152142.98
west-bengal,2018,3,Peer-to-peer payments,1943233,3206335791.33
west-bengal,2018,3,Merchant payments,1241490,794554102.57
west-bengal,2018,3,Financial Services,129347,316901794.22
west-bengal,2018,3,Others,260526,213631874.2
west-bengal,2018,4,Recharge & bill payments,3686173,958405076.9
west-bengal,2018,4,Peer-to-peer payments,2267962,3742137675.59
west-bengal,2018,4,Merchant payments,1477763,945768782.92
west-bengal,2018,4,Financial Services,157279,385334946.4
west-bengal,2018,4,Others,295161,242032740.84
west-bengal,2019,1,Recharge & bill payments,3268227,849739202.23
west-bengal,2019,1,Peer-to-peer payments,2035571,3358692698.54
west-bengal,2019,1,Merchant payments,1429686,914999283.53
west-bengal,2019,1,Financial Services,142080,348098447.36
west-bengal,2019,1,Others,285348,233985548.65
west-bengal,2019,2,Recharge & bill payments,3371902,876694718.37
west-bengal,2019,2,Peer-to-peer payments,2232573,3683745670.98
west-bengal,2019,2,Merchant payments,1556909,996422325.93
west-bengal,2019,2,Financial Services,152100,372646352.07
west-bengal,2019,2,Others,306013,250931011.99
west-bengal,2019,3,Recharge & bill payments,4111695,1069040892.15
west-bengal,2019,3,Peer-to-peer payments,2611959,4309733234.71
west-bengal,2019,3,Merchant payments,1993548,1275871107.18
west-bengal,2019,3,Financial Services,179138,438888980.12
west-bengal,2019,3,Others,353838,290147522.91
west-bengal,2019,4,Recharge & bill payments,4409717,1146526442.42
west-bengal,2019,4,Peer-to-peer payments,2817149,4648296556.23
west-bengal,2019,4,Merchant payments,2271099,1453503453.36
west-bengal,2019,4,Financial Services,202548,496243699.28
west-bengal,2019,4,Others,402592,330125585.55
west-bengal,2020,1,Recharge & bill payments,3691761,959857934.95
west-bengal,2020,1,Peer-to-peer payments,2496519,4119256752.71
west-bengal,2020,1,Merchant payments,1919614,1228553506.98
west-bengal,2020,1,Financial Services,176309,431957219.41
west-bengal,2020,1,Others,342394,280763858.07
west-bengal,2020,2,Recharge & bill payments,4087074,1062639242.19
west-bengal,2020,2,Peer-to-peer payments,2788821,4601555296.99
west-bengal,2020,2,Merchant payments,2353467,1506218964.8
west-bengal,2020,2,Financial Services,201447,493546771.99
west-bengal,2020,2,Others,390491,320202625.72
west-bengal,2020,3,Recharge & bill payments,4528578,1177430313.68
west-bengal,2020,3,Peer-to-peer payments,3123407,5153622837.75
west-bengal,2020,3,Merchant payments,2718992,1740155215.53
west-bengal,2020,3,Financial Services,231383,566889150.82
west-bengal,2020,3,Others,447167,366677625.79
west-bengal,2020,4,Recharge & bill payments,4814652,1251809734.11
west-bengal,2020,4,Peer-to-peer payments,3362881,5548754467.58
west-bengal,2020,4,Merchant payments,3006689,1924281586.52
west-bengal,2020,4,Financial Services,259603,636027969.66
west-bengal,2020,4,Others,493168,404398008.22
west-bengal,2021,1,Recharge & bill payments,3848737,1000671650.54
west-bengal,2021,1,Peer-to-peer payments,2699745,4454579641.72
west-bengal,2021,1,Merchant payments,2455835,1571734744.1
west-bengal,2021,1,Financial Services,206554,506058359.93
west-bengal,2021,1,Others,388498,318568971.89
west-bengal,2021,2,Recharge & bill payments,4233607,1100737983.65
west-bengal,2021,2,Peer-to-peer payments,3110959,5133083544.22
west-bengal,2021,2,Merchant payments,2903736,1858391420.49
west-bengal,2021,2,Financial Services,240949,590326294.14
west-bengal,2021,2,Others,438964,359950741.48
west-bengal,2021,3,Recharge & bill payments,4376969,1138012127.13
west-bengal,2021,3,Peer-to-peer payments,3437792,5672356893.03
west-bengal,2021,3,Merchant payments,3288658,2104741506.07
west-bengal,2021,3,Financial Services,255819,626756693.44
west-bengal,2021,3,Others,488641,400686437.67
west-bengal,2021,4,Recharge & bill payments,5028607,1307437867.92
west-bengal,2021,4,Peer-to-peer payments,3837247,6331458828.12
west-bengal,2021,4,Merchant payments,3641664,2330665168.48
west-bengal,2021,4,Financial Services,280416,687019520.46
west-bengal,2021,4,Others,536607,440018303.94
west-bengal,2022,1,Recharge & bill payments,3874866,1007465258.6
west-bengal,2022,1,Peer-to-peer payments,3037310,5011562578.64
west-bengal,2022,1,Merchant payments,3086510,1975366639.43
west-bengal,2022,1,Financial Services,233238,571435445.66
west-bengal,2022,1,Others,425987,349309639.78
west-bengal,2022,2,Recharge & bill payments,4153605,1079937402.08
west-bengal,2022,2,Peer-to-peer payments,3258898,5377182372.39
west-bengal,2022,2,Merchant payments,3519680,2252595749.79
west-bengal,2022,2,Financial Services,251551,616302079.78
west-bengal,2022,2,Others,467764,383566481.89
west-bengal,2022,3,Recharge & bill payments,4671546,1214602088.96
west-bengal,2022,3,Peer-to-peer payments,3768610,6218207847.91
west-bengal,2022,3,Merchant payments,3931930,2516435644.26
west-bengal,2022,3,Financial Services,301183,737899419.02
west-bengal,2022,3,Others,535534,439138515.32
west-bengal,2022,4,Recharge & bill payments,5125275,1332571618.21
west-bengal,2022,4,Peer-to-peer payments,4149059,6845948913.66
west-bengal,2022,4,Merchant payments,4530390,2899449864.85
west-bengal,2022,4,Financial Services,322543,790232394.07
west-bengal,2022,4,Others,597931,490303505.97
west-bengal,2023,1,Recharge & bill payments,4152351,1079611350.36
west-bengal,2023,1,Peer-to-peer payments,3524477,5815387717.37
west-bengal,2023,1,Merchant payments,4013248,2568479062.06
west-bengal,2023,1,Financial Services,273652,670447693.68
west-bengal,2023,1,Others,523081,428927108.06
west-bengal,2023,2,Recharge & bill payments,4420954,1149448281.95
west-bengal,2023,2,Peer-to-peer payments,3986373,6577517053.39
west-bengal,2023,2,Merchant payments,4494731,2876627978.38
west-bengal,2023,2,Financial Services,302028,739970541.42
west-bengal,2023,2,Others,578579,474435125.24
west-bengal,2023,3,Recharge & bill payments,4621095,1201484891.17
west-bengal,2023,3,Peer-to-peer payments,4019422,6632047736.62
west-bengal,2023,3,Merchant payments,4744615,3036554174.25
west-bengal,2023,3,Financial Services,329841,808112731.97
west-bengal,2023,3,Others,611712,501604117.01
west-bengal,2023,4,Recharge & bill payments,4875549,1267642885.06
west-bengal,2023,4,Peer-to-peer payments,4533451,7480195157.76
west-bengal,2023,4,Merchant payments,5423060,3470758917.82
west-bengal,2023,4,Financial Services,357970,877028930.69
west-bengal,2023,4,Others,684966,561672679.37
