state,year,quarter,brand,user_count,percentage
andaman-&-nicobar-islands,2018,1,Xiaomi,4454,0.26
andaman-&-nicobar-islands,2018,1,Samsung,3481,0.2
andaman-&-nicobar-islands,2018,1,Vivo,2463,0.145
andaman-&-nicobar-islands,2018,1,Oppo,1954,0.115
andaman-&-nicobar-islands,2018,1,Realme,1663,0.095
andaman-&-nicobar-islands,2018,1,OnePlus,793,0.045
andaman-&-nicobar-islands,2018,1,Apple,606,0.035
andaman-&-nicobar-islands,2018,1,Motorola,340,0.02
andaman-&-nicobar-islands,2018,1,Others,1497,0.085
andaman-&-nicobar-islands,2018,2,Xiaomi,6038,0.26
andaman-&-nicobar-islands,2018,2,Samsung,4878,0.2
andaman-&-nicobar-islands,2018,2,Vivo,3277,0.145
andaman-&-nicobar-islands,2018,2,Oppo,2598,0.115
andaman-&-nicobar-islands,2018,2,Realme,2131,0.095
andaman-&-nicobar-islands,2018,2,OnePlus,1059,0.045
andaman-&-nicobar-islands,2018,2,Apple,810,0.035
andaman-&-nicobar-islands,2018,2,Motorola,448,0.02
andaman-&-nicobar-islands,2018,2,Others,1973,0.085
andaman-&-nicobar-islands,2018,3,Xiaomi,7692,0.26
andaman-&-nicobar-islands,2018,3,Samsung,5863,0.2
andaman-&-nicobar-islands,2018,3,Vivo,4009,0.145
andaman-&-nicobar-islands,2018,3,Oppo,3176,0.115
andaman-&-nicobar-islands,2018,3,Realme,2680,0.095
andaman-&-nicobar-islands,2018,3,OnePlus,1260,0.045
andaman-&-nicobar-islands,2018,3,Apple,995,0.035
andaman-&-nicobar-islands,2018,3,Motorola,584,0.02
andaman-&-nicobar-islands,2018,3,Others,2430,0.085
andaman-&-nicobar-islands,2018,4,Xiaomi,9219,0.26
andaman-&-nicobar-islands,2018,4,Samsung,7184,0.2
andaman-&-nicobar-islands,2018,4,Vivo,5060,0.145
andaman-&-nicobar-islands,2018,4,Oppo,4258,0.115
andaman-&-nicobar-islands,2018,4,Realme,3392,0.095
andaman-&-nicobar-islands,2018,4,OnePlus,1615,0.045
andaman-&-nicobar-islands,2018,4,Apple,1205,0.035
andaman-&-nicobar-islands,2018,4,Motorola,708,0.02
andaman-&-nicobar-islands,2018,4,Others,3036,0.085
andaman-&-nicobar-islands,2019,1,Xiaomi,7951,0.26
andaman-&-nicobar-islands,2019,1,Samsung,6388,0.2
andaman-&-nicobar-islands,2019,1,Vivo,4766,0.145
andaman-&-nicobar-islands,2019,1,Oppo,3778,0.115
andaman-&-nicobar-islands,2019,1,Realme,2919,0.095
andaman-&-nicobar-islands,2019,1,OnePlus,1356,0.045
andaman-&-nicobar-islands,2019,1,Apple,1071,0.035
andaman-&-nicobar-islands,2019,1,Motorola,628,0.02
andaman-&-nicobar-islands,2019,1,Others,2692,0.085
andaman-&-nicobar-islands,2019,2,Xiaomi,8546,0.26
andaman-&-nicobar-islands,2019,2,Samsung,6009,0.2
andaman-&-nicobar-islands,2019,2,Vivo,4627,0.145
andaman-&-nicobar-islands,2019,2,Oppo,3619,0.115
andaman-&-nicobar-islands,2019,2,Realme,3021,0.095
andaman-&-nicobar-islands,2019,2,OnePlus,1398,0.045
andaman-&-nicobar-islands,2019,2,Apple,1099,0.035
andaman-&-nicobar-islands,2019,2,Motorola,596,0.02
andaman-&-nicobar-islands,2019,2,Others,2672,0.085
andaman-&-nicobar-islands,2019,3,Xiaomi,9702,0.26
andaman-&-nicobar-islands,2019,3,Samsung,7944,0.2
andaman-&-nicobar-islands,2019,3,Vivo,5663,0.145
andaman-&-nicobar-islands,2019,3,Oppo,4215,0.115
andaman-&-nicobar-islands,2019,3,Realme,3442,0.095
andaman-&-nicobar-islands,2019,3,OnePlus,1670,0.045
andaman-&-nicobar-islands,2019,3,Apple,1287,0.035
andaman-&-nicobar-islands,2019,3,Motorola,747,0.02
andaman-&-nicobar-islands,2019,3,Others,3191,0.085
andaman-&-nicobar-islands,2019,4,Xiaomi,10347,0.26
andaman-&-nicobar-islands,2019,4,Samsung,8704,0.2
andaman-&-nicobar-islands,2019,4,Vivo,5933,0.145
andaman-&-nicobar-islands,2019,4,Oppo,4982,0.115
andaman-&-nicobar-islands,2019,4,Realme,4054,0.095
andaman-&-nicobar-islands,2019,4,OnePlus,1909,0.045
andaman-&-nicobar-islands,2019,4,Apple,1522,0.035
andaman-&-nicobar-islands,2019,4,Motorola,828,0.02
andaman-&-nicobar-islands,2019,4,Others,3548,0.085
andaman-&-nicobar-islands,2020,1,Xiaomi,9496,0.26
andaman-&-nicobar-islands,2020,1,Samsung,7644,0.2
andaman-&-nicobar-islands,2020,1,Vivo,5226,0.145
andaman-&-nicobar-islands,2020,1,Oppo,4118,0.115
andaman-&-nicobar-islands,2020,1,Realme,3622,0.095
andaman-&-nicobar-islands,2020,1,OnePlus,1724,0.045
andaman-&-nicobar-islands,2020,1,Apple,1301,0.035
andaman-&-nicobar-islands,2020,1,Motorola,740,0.02
andaman-&-nicobar-islands,2020,1,Others,3014,0.085
andaman-&-nicobar-islands,2020,2,Xiaomi,9728,0.26
andaman-&-nicobar-islands,2020,2,Samsung,7830,0.2
andaman-&-nicobar-islands,2020,2,Vivo,5581,0.145
andaman-&-nicobar-islands,2020,2,Oppo,4483,0.115
andaman-&-nicobar-islands,2020,2,Realme,3590,0.095
andaman-&-nicobar-islands,2020,2,OnePlus,1717,0.045
andaman-&-nicobar-islands,2020,2,Apple,1357,0.035
andaman-&-nicobar-islands,2020,2,Motorola,791,0.02
andaman-&-nicobar-islands,2020,2,Others,3346,0.085
andaman-&-nicobar-islands,2020,3,Xiaomi,12417,0.26
andaman-&-nicobar-islands,2020,3,Samsung,8971,0.2
andaman-&-nicobar-islands,2020,3,Vivo,6876,0.145
andaman-&-nicobar-islands,2020,3,Oppo,5040,0.115
andaman-&-nicobar-islands,2020,3,Realme,4260,0.095
andaman-&-nicobar-islands,2020,3,OnePlus,2115,0.045
andaman-&-nicobar-islands,2020,3,Apple,1591,0.035
andaman-&-nicobar-islands,2020,3,Motorola,915,0.02
andaman-&-nicobar-islands,2020,3,Others,3907,0.085
andaman-&-nicobar-islands,2020,4,Xiaomi,14089,0.26
andaman-&-nicobar-islands,2020,4,Samsung,10564,0.2
andaman-&-nicobar-islands,2020,4,Vivo,7383,0.145
andaman-&-nicobar-islands,2020,4,Oppo,6276,0.115
andaman-&-nicobar-islands,2020,4,Realme,4935,0.095
andaman-&-nicobar-islands,2020,4,OnePlus,2339,0.045
andaman-&-nicobar-islands,2020,4,Apple,1950,0.035
andaman-&-nicobar-islands,2020,4,Motorola,1093,0.02
andaman-&-nicobar-islands,2020,4,Others,4745,0.085
andaman-&-nicobar-islands,2021,1,Xiaomi,11318,0.26
andaman-&-nicobar-islands,2021,1,Samsung,8714,0.2
andaman-&-nicobar-islands,2021,1,Vivo,6616,0.145
andaman-&-nicobar-islands,2021,1,Oppo,5069,0.115
andaman-&-nicobar-islands,2021,1,Realme,4160,0.095
andaman-&-nicobar-islands,2021,1,OnePlus,2010,0.045
andaman-&-nicobar-islands,2021,1,Apple,1555,0.035
andaman-&-nicobar-islands,2021,1,Motorola,865,0.02
andaman-&-nicobar-islands,2021,1,Others,3526,0.085
andaman-&-nicobar-islands,2021,2,Xiaomi,11565,0.26
andaman-&-nicobar-islands,2021,2,Samsung,8095,0.2
andaman-&-nicobar-islands,2021,2,Vivo,6242,0.145
andaman-&-nicobar-islands,2021,2,Oppo,4782,0.115
andaman-&-nicobar-islands,2021,2,Realme,3863,0.095
andaman-&-nicobar-islands,2021,2,OnePlus,1858,0.045
andaman-&-nicobar-islands,2021,2,Apple,1460,0.035
andaman-&-nicobar-islands,2021,2,Motorola,846,0.02
andaman-&-nicobar-islands,2021,2,Others,3670,0.085
andaman-&-nicobar-islands,2021,3,Xiaomi,14160,0.26
andaman-&-nicobar-islands,2021,3,Samsung,10753,0.2
andaman-&-nicobar-islands,2021,3,Vivo,8136,0.145
andaman-&-nicobar-islands,2021,3,Oppo,6170,0.115
andaman-&-nicobar-islands,2021,3,Realme,5253,0.095
andaman-&-nicobar-islands,2021,3,OnePlus,2464,0.045
andaman-&-nicobar-islands,2021,3,Apple,1997,0.035
andaman-&-nicobar-islands,2021,3,Motorola,1137,0.02
andaman-&-nicobar-islands,2021,3,Others,4515,0.085
andaman-&-nicobar-islands,2021,4,Xiaomi,16374,0.26
andaman-&-nicobar-islands,2021,4,Samsung,12028,0.2
andaman-&-nicobar-islands,2021,4,Vivo,9114,0.145
andaman-&-nicobar-islands,2021,4,Oppo,7130,0.115
andaman-&-nicobar-islands,2021,4,Realme,5430,0.095
andaman-&-nicobar-islands,2021,4,OnePlus,2826,0.045
andaman-&-nicobar-islands,2021,4,Apple,2137,0.035
andaman-&-nicobar-islands,2021,4,Motorola,1181,0.02
andaman-&-nicobar-islands,2021,4,Others,5154,0.085
andaman-&-nicobar-islands,2022,1,Xiaomi,12571,0.26
andaman-&-nicobar-islands,2022,1,Samsung,9786,0.2
andaman-&-nicobar-islands,2022,1,Vivo,7259,0.145
andaman-&-nicobar-islands,2022,1,Oppo,6048,0.115
andaman-&-nicobar-islands,2022,1,Realme,4823,0.095
andaman-&-nicobar-islands,2022,1,OnePlus,2218,0.045
andaman-&-nicobar-islands,2022,1,Apple,1718,0.035
andaman-&-nicobar-islands,2022,1,Motorola,998,0.02
andaman-&-nicobar-islands,2022,1,Others,4500,0.085
andaman-&-nicobar-islands,2022,2,Xiaomi,15025,0.26
andaman-&-nicobar-islands,2022,2,Samsung,11521,0.2
andaman-&-nicobar-islands,2022,2,Vivo,8063,0.145
andaman-&-nicobar-islands,2022,2,Oppo,6366,0.115
andaman-&-nicobar-islands,2022,2,Realme,5260,0.095
andaman-&-nicobar-islands,2022,2,OnePlus,2532,0.045
andaman-&-nicobar-islands,2022,2,Apple,1998,0.035
andaman-&-nicobar-islands,2022,2,Motorola,1121,0.02
andaman-&-nicobar-islands,2022,2,Others,4754,0.085
andaman-&-nicobar-islands,2022,3,Xiaomi,15775,0.26
andaman-&-nicobar-islands,2022,3,Samsung,12727,0.2
andaman-&-nicobar-islands,2022,3,Vivo,9292,0.145
andaman-&-nicobar-islands,2022,3,Oppo,7447,0.115
andaman-&-nicobar-islands,2022,3,Realme,5820,0.095
andaman-&-nicobar-islands,2022,3,OnePlus,2668,0.045
andaman-&-nicobar-islands,2022,3,Apple,2158,0.035
andaman-&-nicobar-islands,2022,3,Motorola,1212,0.02
andaman-&-nicobar-islands,2022,3,Others,5254,0.085
andaman-&-nicobar-islands,2022,4,Xiaomi,19394,0.26
andaman-&-nicobar-islands,2022,4,Samsung,14991,0.2
andaman-&-nicobar-islands,2022,4,Vivo,10541,0.145
andaman-&-nicobar-islands,2022,4,Oppo,7860,0.115
andaman-&-nicobar-islands,2022,4,Realme,6527,0.095
andaman-&-nicobar-islands,2022,4,OnePlus,3108,0.045
andaman-&-nicobar-islands,2022,4,Apple,2557,0.035
andaman-&-nicobar-islands,2022,4,Motorola,1376,0.02
andaman-&-nicobar-islands,2022,4,Others,6221,0.085
andaman-&-nicobar-islands,2023,1,Xiaomi,13408,0.26
andaman-&-nicobar-islands,2023,1,Samsung,10636,0.2
andaman-&-nicobar-islands,2023,1,Vivo,7510,0.145
andaman-&-nicobar-islands,2023,1,Oppo,5771,0.115
andaman-&-nicobar-islands,2023,1,Realme,4837,0.095
andaman-&-nicobar-islands,2023,1,OnePlus,2429,0.045
andaman-&-nicobar-islands,2023,1,Apple,1745,0.035
andaman-&-nicobar-islands,2023,1,Motorola,1083,0.02
andaman-&-nicobar-islands,2023,1,Others,4602,0.085
andaman-&-nicobar-islands,2023,2,Xiaomi,17239,0.26
andaman-&-nicobar-islands,2023,2,Samsung,12372,0.2
andaman-&-nicobar-islands,2023,2,Vivo,9137,0.145
andaman-&-nicobar-islands,2023,2,Oppo,7568,0.115
andaman-&-nicobar-islands,2023,2,Realme,6262,0.095
andaman-&-nicobar-islands,2023,2,OnePlus,2784,0.045
andaman-&-nicobar-islands,2023,2,Apple,2217,0.035
andaman-&-nicobar-islands,2023,2,Motorola,1266,0.02
andaman-&-nicobar-islands,2023,2,Others,5143,0.085
andaman-&-nicobar-islands,2023,3,Xiaomi,17543,0.26
andaman-&-nicobar-islands,2023,3,Samsung,13228,0.2
andaman-&-nicobar-islands,2023,3,Vivo,10405,0.145
andaman-&-nicobar-islands,2023,3,Oppo,8328,0.115
andaman-&-nicobar-islands,2023,3,Realme,6906,0.095
andaman-&-nicobar-islands,2023,3,OnePlus,3150,0.045
andaman-&-nicobar-islands,2023,3,Apple,2511,0.035
andaman-&-nicobar-islands,2023,3,Motorola,1352,0.02
andaman-&-nicobar-islands,2023,3,Others,5823,0.085
andaman-&-nicobar-islands,2023,4,Xiaomi,20992,0.26
andaman-&-nicobar-islands,2023,4,Samsung,16872,0.2
andaman-&-nicobar-islands,2023,4,Vivo,11546,0.145
andaman-&-nicobar-islands,2023,4,Oppo,9370,0.115
andaman-&-nicobar-islands,2023,4,Realme,7906,0.095
andaman-&-nicobar-islands,2023,4,OnePlus,3653,0.045
andaman-&-nicobar-islands,2023,4,Apple,2900,0.035
andaman-&-nicobar-islands,2023,4,Motorola,1621,0.02
andaman-&-nicobar-islands,2023,4,Others,6714,0.085
andhra-pradesh,2018,1,Xiaomi,311906,0.26
andhra-pradesh,2018,1,Samsung,227166,0.2
andhra-pradesh,2018,1,Vivo,168552,0.145
andhra-pradesh,2018,1,Oppo,137079,0.115
andhra-pradesh,2018,1,Realme,111991,0.095
andhra-pradesh,2018,1,OnePlus,50413,0.045
andhra-pradesh,2018,1,Apple,41754,0.035
andhra-pradesh,2018,1,Motorola,22726,0.02
andhra-pradesh,2018,1,Others,98987,0.085
andhra-pradesh,2018,2,Xiaomi,346715,0.26
andhra-pradesh,2018,2,Samsung,281559,0.2
andhra-pradesh,2018,2,Vivo,201010,0.145
andhra-pradesh,2018,2,Oppo,151347,0.115
andhra-pradesh,2018,2,Realme,128746,0.095
andhra-pradesh,2018,2,OnePlus,60537,0.045
andhra-pradesh,2018,2,Apple,45817,0.035
andhra-pradesh,2018,2,Motorola,28046,0.02
andhra-pradesh,2018,2,Others,115706,0.085
andhra-pradesh,2018,3,Xiaomi,467781,0.26
andhra-pradesh,2018,3,Samsung,346520,0.2
andhra-pradesh,2018,3,Vivo,253099,0.145
andhra-pradesh,2018,3,Oppo,203626,0.115
andhra-pradesh,2018,3,Realme,160179,0.095
andhra-pradesh,2018,3,OnePlus,76653,0.045
andhra-pradesh,2018,3,Apple,59933,0.035
andhra-pradesh,2018,3,Motorola,33427,0.02
andhra-pradesh,2018,3,Others,141596,0.085
andhra-pradesh,2018,4,Xiaomi,454876,0.26
andhra-pradesh,2018,4,Samsung,358010,0.2
andhra-pradesh,2018,4,Vivo,262602,0.145
andhra-pradesh,2018,4,Oppo,208795,0.115
andhra-pradesh,2018,4,Realme,163016,0.095
andhra-pradesh,2018,4,OnePlus,77081,0.045
andhra-pradesh,2018,4,Apple,60201,0.035
andhra-pradesh,2018,4,Motorola,35566,0.02
andhra-pradesh,2018,4,Others,149969,0.085
andhra-pradesh,2019,1,Xiaomi,417423,0.26
andhra-pradesh,2019,1,Samsung,347931,0.2
andhra-pradesh,2019,1,Vivo,249968,0.145
andhra-pradesh,2019,1,Oppo,198403,0.115
andhra-pradesh,2019,1,Realme,155910,0.095
andhra-pradesh,2019,1,OnePlus,79672,0.045
andhra-pradesh,2019,1,Apple,57213,0.035
andhra-pradesh,2019,1,Motorola,32471,0.02
andhra-pradesh,2019,1,Others,150052,0.085
andhra-pradesh,2019,2,Xiaomi,522114,0.26
andhra-pradesh,2019,2,Samsung,394978,0.2
andhra-pradesh,2019,2,Vivo,289411,0.145
andhra-pradesh,2019,2,Oppo,227909,0.115
andhra-pradesh,2019,2,Realme,197637,0.095
andhra-pradesh,2019,2,OnePlus,90002,0.045
andhra-pradesh,2019,2,Apple,67842,0.035
andhra-pradesh,2019,2,Motorola,40076,0.02
andhra-pradesh,2019,2,Others,176295,0.085
andhra-pradesh,2019,3,Xiaomi,560989,0.26
andhra-pradesh,2019,3,Samsung,446661,0.2
andhra-pradesh,2019,3,Vivo,318824,0.145
andhra-pradesh,2019,3,Oppo,250077,0.115
andhra-pradesh,2019,3,Realme,210965,0.095
andhra-pradesh,2019,3,OnePlus,96163,0.045
andhra-pradesh,2019,3,Apple,76699,0.035
andhra-pradesh,2019,3,Motorola,44557,0.02
andhra-pradesh,2019,3,Others,178069,0.085
andhra-pradesh,2019,4,Xiaomi,678731,0.26
andhra-pradesh,2019,4,Samsung,505485,0.2
andhra-pradesh,2019,4,Vivo,368199,0.145
andhra-pradesh,2019,4,Oppo,290237,0.115
andhra-pradesh,2019,4,Realme,242574,0.095
andhra-pradesh,2019,4,OnePlus,110571,0.045
andhra-pradesh,2019,4,Apple,91065,0.035
andhra-pradesh,2019,4,Motorola,51014,0.02
andhra-pradesh,2019,4,Others,217787,0.085
andhra-pradesh,2020,1,Xiaomi,616775,0.26
andhra-pradesh,2020,1,Samsung,479461,0.2
andhra-pradesh,2020,1,Vivo,332768,0.145
andhra-pradesh,2020,1,Oppo,254240,0.115
andhra-pradesh,2020,1,Realme,213105,0.095
andhra-pradesh,2020,1,OnePlus,104411,0.045
andhra-pradesh,2020,1,Apple,76985,0.035
andhra-pradesh,2020,1,Motorola,46725,0.02
andhra-pradesh,2020,1,Others,201189,0.085
andhra-pradesh,2020,2,Xiaomi,646253,0.26
andhra-pradesh,2020,2,Samsung,496898,0.2
andhra-pradesh,2020,2,Vivo,363160,0.145
andhra-pradesh,2020,2,Oppo,290541,0.115
andhra-pradesh,2020,2,Realme,257258,0.095
andhra-pradesh,2020,2,OnePlus,115245,0.045
andhra-pradesh,2020,2,Apple,90037,0.035
andhra-pradesh,2020,2,Motorola,53881,0.02
andhra-pradesh,2020,2,Others,219161,0.085
andhra-pradesh,2020,3,Xiaomi,624079,0.26
andhra-pradesh,2020,3,Samsung,511838,0.2
andhra-pradesh,2020,3,Vivo,356819,0.145
andhra-pradesh,2020,3,Oppo,293758,0.115
andhra-pradesh,2020,3,Realme,238033,0.095
andhra-pradesh,2020,3,OnePlus,115171,0.045
andhra-pradesh,2020,3,Apple,86045,0.035
andhra-pradesh,2020,3,Motorola,47826,0.02
andhra-pradesh,2020,3,Others,208736,0.085
andhra-pradesh,2020,4,Xiaomi,812257,0.26
andhra-pradesh,2020,4,Samsung,645771,0.2
andhra-pradesh,2020,4,Vivo,483966,0.145
andhra-pradesh,2020,4,Oppo,367191,0.115
andhra-pradesh,2020,4,Realme,318856,0.095
andhra-pradesh,2020,4,OnePlus,142650,0.045
andhra-pradesh,2020,4,Apple,117783,0.035
andhra-pradesh,2020,4,Motorola,61320,0.02
andhra-pradesh,2020,4,Others,270114,0.085
andhra-pradesh,2021,1,Xiaomi,679935,0.26
andhra-pradesh,2021,1,Samsung,537852,0.2
andhra-pradesh,2021,1,Vivo,385845,0.145
andhra-pradesh,2021,1,Oppo,312754,0.115
andhra-pradesh,2021,1,Realme,253131,0.095
andhra-pradesh,2021,1,OnePlus,111417,0.045
andhra-pradesh,2021,1,Apple,88932,0.035
andhra-pradesh,2021,1,Motorola,51572,0.02
andhra-pradesh,2021,1,Others,211609,0.085
andhra-pradesh,2021,2,Xiaomi,602143,0.26
andhra-pradesh,2021,2,Samsung,447497,0.2
andhra-pradesh,2021,2,Vivo,328435,0.145
andhra-pradesh,2021,2,Oppo,269712,0.115
andhra-pradesh,2021,2,Realme,220691,0.095
andhra-pradesh,2021,2,OnePlus,110723,0.045
andhra-pradesh,2021,2,Apple,80333,0.035
andhra-pradesh,2021,2,Motorola,48515,0.02
andhra-pradesh,2021,2,Others,201329,0.085
andhra-pradesh,2021,3,Xiaomi,773986,0.26
andhra-pradesh,2021,3,Samsung,618134,0.2
andhra-pradesh,2021,3,Vivo,457265,0.145
andhra-pradesh,2021,3,Oppo,373521,0.115
andhra-pradesh,2021,3,Realme,288668,0.095
andhra-pradesh,2021,3,OnePlus,144230,0.045
andhra-pradesh,2021,3,Apple,109280,0.035
andhra-pradesh,2021,3,Motorola,65321,0.02
andhra-pradesh,2021,3,Others,260603,0.085
andhra-pradesh,2021,4,Xiaomi,838805,0.26
andhra-pradesh,2021,4,Samsung,669504,0.2
andhra-pradesh,2021,4,Vivo,481294,0.145
andhra-pradesh,2021,4,Oppo,359560,0.115
andhra-pradesh,2021,4,Realme,319362,0.095
andhra-pradesh,2021,4,OnePlus,140612,0.045
andhra-pradesh,2021,4,Apple,112022,0.035
andhra-pradesh,2021,4,Motorola,61310,0.02
andhra-pradesh,2021,4,Others,265466,0.085
andhra-pradesh,2022,1,Xiaomi,742451,0.26
andhra-pradesh,2022,1,Samsung,558517,0.2
andhra-pradesh,2022,1,Vivo,375324,0.145
andhra-pradesh,2022,1,Oppo,308352,0.115
andhra-pradesh,2022,1,Realme,264926,0.095
andhra-pradesh,2022,1,OnePlus,125412,0.045
andhra-pradesh,2022,1,Apple,90856,0.035
andhra-pradesh,2022,1,Motorola,53170,0.02
andhra-pradesh,2022,1,Others,227089,0.085
andhra-pradesh,2022,2,Xiaomi,842955,0.26
andhra-pradesh,2022,2,Samsung,683996,0.2
andhra-pradesh,2022,2,Vivo,501186,0.145
andhra-pradesh,2022,2,Oppo,389619,0.115
andhra-pradesh,2022,2,Realme,312689,0.095
andhra-pradesh,2022,2,OnePlus,155095,0.045
andhra-pradesh,2022,2,Apple,123375,0.035
andhra-pradesh,2022,2,Motorola,65629,0.02
andhra-pradesh,2022,2,Others,276442,0.085
andhra-pradesh,2022,3,Xiaomi,872034,0.26
andhra-pradesh,2022,3,Samsung,637559,0.2
andhra-pradesh,2022,3,Vivo,473790,0.145
andhra-pradesh,2022,3,Oppo,359332,0.115
andhra-pradesh,2022,3,Realme,300650,0.095
andhra-pradesh,2022,3,OnePlus,151447,0.045
andhra-pradesh,2022,3,Apple,109563,0.035
andhra-pradesh,2022,3,Motorola,67288,0.02
andhra-pradesh,2022,3,Others,265673,0.085
andhra-pradesh,2022,4,Xiaomi,1002194,0.26
andhra-pradesh,2022,4,Samsung,742195,0.2
andhra-pradesh,2022,4,Vivo,552963,0.145
andhra-pradesh,2022,4,Oppo,446649,0.115
andhra-pradesh,2022,4,Realme,373947,0.095
andhra-pradesh,2022,4,OnePlus,174673,0.045
andhra-pradesh,2022,4,Apple,135503,0.035
andhra-pradesh,2022,4,Motorola,75033,0.02
andhra-pradesh,2022,4,Others,319810,0.085
andhra-pradesh,2023,1,Xiaomi,777025,0.26
andhra-pradesh,2023,1,Samsung,633053,0.2
andhra-pradesh,2023,1,Vivo,443811,0.145
andhra-pradesh,2023,1,Oppo,361799,0.115
andhra-pradesh,2023,1,Realme,288243,0.095
andhra-pradesh,2023,1,OnePlus,140683,0.045
andhra-pradesh,2023,1,Apple,105270,0.035
andhra-pradesh,2023,1,Motorola,59648,0.02
andhra-pradesh,2023,1,Others,258022,0.085
andhra-pradesh,2023,2,Xiaomi,976000,0.26
andhra-pradesh,2023,2,Samsung,734665,0.2
andhra-pradesh,2023,2,Vivo,529479,0.145
andhra-pradesh,2023,2,Oppo,391406,0.115
andhra-pradesh,2023,2,Realme,335660,0.095
andhra-pradesh,2023,2,OnePlus,159955,0.045
andhra-pradesh,2023,2,Apple,122773,0.035
andhra-pradesh,2023,2,Motorola,68687,0.02
andhra-pradesh,2023,2,Others,306685,0.085
andhra-pradesh,2023,3,Xiaomi,931247,0.26
andhra-pradesh,2023,3,Samsung,716636,0.2
andhra-pradesh,2023,3,Vivo,528179,0.145
andhra-pradesh,2023,3,Oppo,421122,0.115
andhra-pradesh,2023,3,Realme,336144,0.095
andhra-pradesh,2023,3,OnePlus,161279,0.045
andhra-pradesh,2023,3,Apple,119113,0.035
andhra-pradesh,2023,3,Motorola,68548,0.02
andhra-pradesh,2023,3,Others,301787,0.085
andhra-pradesh,2023,4,Xiaomi,1179599,0.26
andhra-pradesh,2023,4,Samsung,928075,0.2
andhra-pradesh,2023,4,Vivo,652951,0.145
andhra-pradesh,2023,4,Oppo,537617,0.115
andhra-pradesh,2023,4,Realme,465956,0.095
andhra-pradesh,2023,4,OnePlus,202706,0.045
andhra-pradesh,2023,4,Apple,160024,0.035
andhra-pradesh,2023,4,Motorola,97649,0.02
andhra-pradesh,2023,4,Others,382154,0.085
arunachal-pradesh,2018,1,Xiaomi,11245,0.26
arunachal-pradesh,2018,1,Samsung,8665,0.2
arunachal-pradesh,2018,1,Vivo,6332,0.145
arunachal-pradesh,2018,1,Oppo,4889,0.115
arunachal-pradesh,2018,1,Realme,4119,0.095
arunachal-pradesh,2018,1,OnePlus,1881,0.045
arunachal-pradesh,2018,1,Apple,1493,0.035
arunachal-pradesh,2018,1,Motorola,898,0.02
arunachal-pradesh,2018,1,Others,3712,0.085
arunachal-pradesh,2018,2,Xiaomi,14389,0.26
arunachal-pradesh,2018,2,Samsung,10765,0.2
arunachal-pradesh,2018,2,Vivo,7551,0.145
arunachal-pradesh,2018,2,Oppo,6119,0.115
arunachal-pradesh,2018,2,Realme,4988,0.095
arunachal-pradesh,2018,2,OnePlus,2570,0.045
arunachal-pradesh,2018,2,Apple,1864,0.035
arunachal-pradesh,2018,2,Motorola,1120,0.02
arunachal-pradesh,2018,2,Others,4529,0.085
arunachal-pradesh,2018,3,Xiaomi,15571,0.26
arunachal-pradesh,2018,3,Samsung,10968,0.2
arunachal-pradesh,2018,3,Vivo,8224,0.145
arunachal-pradesh,2018,3,Oppo,6781,0.115
arunachal-pradesh,2018,3,Realme,5253,0.095
arunachal-pradesh,2018,3,OnePlus,2603,0.045
arunachal-pradesh,2018,3,Apple,2058,0.035
arunachal-pradesh,2018,3,Motorola,1120,0.02
arunachal-pradesh,2018,3,Others,4854,0.085
arunachal-pradesh,2018,4,Xiaomi,18743,0.26
arunachal-pradesh,2018,4,Samsung,14699,0.2
arunachal-pradesh,2018,4,Vivo,10570,0.145
arunachal-pradesh,2018,4,Oppo,8767,0.115
arunachal-pradesh,2018,4,Realme,7056,0.095
arunachal-pradesh,2018,4,OnePlus,3378,0.045
arunachal-pradesh,2018,4,Apple,2475,0.035
arunachal-pradesh,2018,4,Motorola,1542,0.02
arunachal-pradesh,2018,4,Others,6439,0.085
arunachal-pradesh,2019,1,Xiaomi,15510,0.26
arunachal-pradesh,2019,1,Samsung,11544,0.2
arunachal-pradesh,2019,1,Vivo,8214,0.145
arunachal-pradesh,2019,1,Oppo,6383,0.115
arunachal-pradesh,2019,1,Realme,5422,0.095
arunachal-pradesh,2019,1,OnePlus,2590,0.045
arunachal-pradesh,2019,1,Apple,1965,0.035
arunachal-pradesh,2019,1,Motorola,1115,0.02
arunachal-pradesh,2019,1,Others,5023,0.085
arunachal-pradesh,2019,2,Xiaomi,16057,0.26
arunachal-pradesh,2019,2,Samsung,12530,0.2
arunachal-pradesh,2019,2,Vivo,9100,0.145
arunachal-pradesh,2019,2,Oppo,6974,0.115
arunachal-pradesh,2019,2,Realme,5693,0.095
arunachal-pradesh,2019,2,OnePlus,2961,0.045
arunachal-pradesh,2019,2,Apple,2129,0.035
arunachal-pradesh,2019,2,Motorola,1248,0.02
arunachal-pradesh,2019,2,Others,5574,0.085
arunachal-pradesh,2019,3,Xiaomi,18647,0.26
arunachal-pradesh,2019,3,Samsung,14398,0.2
arunachal-pradesh,2019,3,Vivo,10530,0.145
arunachal-pradesh,2019,3,Oppo,7816,0.115
arunachal-pradesh,2019,3,Realme,6855,0.095
arunachal-pradesh,2019,3,OnePlus,3098,0.045
arunachal-pradesh,2019,3,Apple,2531,0.035
arunachal-pradesh,2019,3,Motorola,1404,0.02
arunachal-pradesh,2019,3,Others,5822,0.085
arunachal-pradesh,2019,4,Xiaomi,22192,0.26
arunachal-pradesh,2019,4,Samsung,16580,0.2
arunachal-pradesh,2019,4,Vivo,12263,0.145
arunachal-pradesh,2019,4,Oppo,9548,0.115
arunachal-pradesh,2019,4,Realme,7462,0.095
arunachal-pradesh,2019,4,OnePlus,3649,0.045
arunachal-pradesh,2019,4,Apple,2989,0.035
arunachal-pradesh,2019,4,Motorola,1647,0.02
arunachal-pradesh,2019,4,Others,7116,0.085
arunachal-pradesh,2020,1,Xiaomi,21371,0.26
arunachal-pradesh,2020,1,Samsung,15564,0.2
arunachal-pradesh,2020,1,Vivo,11918,0.145
arunachal-pradesh,2020,1,Oppo,9408,0.115
arunachal-pradesh,2020,1,Realme,7306,0.095
arunachal-pradesh,2020,1,OnePlus,3508,0.045
arunachal-pradesh,2020,1,Apple,2772,0.035
arunachal-pradesh,2020,1,Motorola,1627,0.02
arunachal-pradesh,2020,1,Others,6899,0.085
arunachal-pradesh,2020,2,Xiaomi,19668,0.26
arunachal-pradesh,2020,2,Samsung,15136,0.2
arunachal-pradesh,2020,2,Vivo,11192,0.145
arunachal-pradesh,2020,2,Oppo,8798,0.115
arunachal-pradesh,2020,2,Realme,7090,0.095
arunachal-pradesh,2020,2,OnePlus,3455,0.045
arunachal-pradesh,2020,2,Apple,2638,0.035
arunachal-pradesh,2020,2,Motorola,1584,0.02
arunachal-pradesh,2020,2,Others,6785,0.085
arunachal-pradesh,2020,3,Xiaomi,23650,0.26
arunachal-pradesh,2020,3,Samsung,17895,0.2
arunachal-pradesh,2020,3,Vivo,13300,0.145
arunachal-pradesh,2020,3,Oppo,9910,0.115
arunachal-pradesh,2020,3,Realme,8024,0.095
arunachal-pradesh,2020,3,OnePlus,3851,0.045
arunachal-pradesh,2020,3,Apple,3202,0.035
arunachal-pradesh,2020,3,Motorola,1796,0.02
arunachal-pradesh,2020,3,Others,7663,0.085
arunachal-pradesh,2020,4,Xiaomi,26902,0.26
arunachal-pradesh,2020,4,Samsung,20892,0.2
arunachal-pradesh,2020,4,Vivo,15705,0.145
arunachal-pradesh,2020,4,Oppo,12504,0.115
arunachal-pradesh,2020,4,Realme,10114,0.095
arunachal-pradesh,2020,4,OnePlus,4938,0.045
arunachal-pradesh,2020,4,Apple,3859,0.035
arunachal-pradesh,2020,4,Motorola,2153,0.02
arunachal-pradesh,2020,4,Others,8906,0.085
arunachal-pradesh,2021,1,Xiaomi,23009,0.26
arunachal-pradesh,2021,1,Samsung,17509,0.2
arunachal-pradesh,2021,1,Vivo,12546,0.145
arunachal-pradesh,2021,1,Oppo,9860,0.115
arunachal-pradesh,2021,1,Realme,8606,0.095
arunachal-pradesh,2021,1,OnePlus,4149,0.045
arunachal-pradesh,2021,1,Apple,2928,0.035
arunachal-pradesh,2021,1,Motorola,1746,0.02
arunachal-pradesh,2021,1,Others,7488,0.085
arunachal-pradesh,2021,2,Xiaomi,21531,0.26
arunachal-pradesh,2021,2,Samsung,16550,0.2
arunachal-pradesh,2021,2,Vivo,12135,0.145
arunachal-pradesh,2021,2,Oppo,10018,0.115
arunachal-pradesh,2021,2,Realme,7781,0.095
arunachal-pradesh,2021,2,OnePlus,3668,0.045
arunachal-pradesh,2021,2,Apple,2857,0.035
arunachal-pradesh,2021,2,Motorola,1601,0.02
arunachal-pradesh,2021,2,Others,7462,0.085
arunachal-pradesh,2021,3,Xiaomi,27941,0.26
arunachal-pradesh,2021,3,Samsung,21199,0.2
arunachal-pradesh,2021,3,Vivo,15397,0.145
arunachal-pradesh,2021,3,Oppo,11704,0.115
arunachal-pradesh,2021,3,Realme,9870,0.095
arunachal-pradesh,2021,3,OnePlus,4563,0.045
arunachal-pradesh,2021,3,Apple,3728,0.035
arunachal-pradesh,2021,3,Motorola,2105,0.02
arunachal-pradesh,2021,3,Others,8440,0.085
arunachal-pradesh,2021,4,Xiaomi,29818,0.26
arunachal-pradesh,2021,4,Samsung,23779,0.2
arunachal-pradesh,2021,4,Vivo,17583,0.145
arunachal-pradesh,2021,4,Oppo,13543,0.115
arunachal-pradesh,2021,4,Realme,11346,0.095
arunachal-pradesh,2021,4,OnePlus,5399,0.045
arunachal-pradesh,2021,4,Apple,4193,0.035
arunachal-pradesh,2021,4,Motorola,2429,0.02
arunachal-pradesh,2021,4,Others,9505,0.085
arunachal-pradesh,2022,1,Xiaomi,23872,0.26
arunachal-pradesh,2022,1,Samsung,18240,0.2
arunachal-pradesh,2022,1,Vivo,13497,0.145
arunachal-pradesh,2022,1,Oppo,10784,0.115
arunachal-pradesh,2022,1,Realme,8569,0.095
arunachal-pradesh,2022,1,OnePlus,4443,0.045
arunachal-pradesh,2022,1,Apple,3340,0.035
arunachal-pradesh,2022,1,Motorola,1874,0.02
arunachal-pradesh,2022,1,Others,7615,0.085
arunachal-pradesh,2022,2,Xiaomi,29183,0.26
arunachal-pradesh,2022,2,Samsung,21499,0.2
arunachal-pradesh,2022,2,Vivo,16060,0.145
arunachal-pradesh,2022,2,Oppo,12401,0.115
arunachal-pradesh,2022,2,Realme,9863,0.095
arunachal-pradesh,2022,2,OnePlus,4780,0.045
arunachal-pradesh,2022,2,Apple,3742,0.035
arunachal-pradesh,2022,2,Motorola,2075,0.02
arunachal-pradesh,2022,2,Others,8929,0.085
arunachal-pradesh,2022,3,Xiaomi,31574,0.26
arunachal-pradesh,2022,3,Samsung,22049,0.2
arunachal-pradesh,2022,3,Vivo,16267,0.145
arunachal-pradesh,2022,3,Oppo,13188,0.115
arunachal-pradesh,2022,3,Realme,10455,0.095
arunachal-pradesh,2022,3,OnePlus,5082,0.045
arunachal-pradesh,2022,3,Apple,3920,0.035
arunachal-pradesh,2022,3,Motorola,2247,0.02
arunachal-pradesh,2022,3,Others,9359,0.085
arunachal-pradesh,2022,4,Xiaomi,32597,0.26
arunachal-pradesh,2022,4,Samsung,25237,0.2
arunachal-pradesh,2022,4,Vivo,18622,0.145
arunachal-pradesh,2022,4,Oppo,14094,0.115
arunachal-pradesh,2022,4,Realme,12005,0.095
arunachal-pradesh,2022,4,OnePlus,5517,0.045
arunachal-pradesh,2022,4,Apple,4378,0.035
arunachal-pradesh,2022,4,Motorola,2417,0.02
arunachal-pradesh,2022,4,Others,10697,0.085
arunachal-pradesh,2023,1,Xiaomi,28426,0.26
arunachal-pradesh,2023,1,Samsung,20377,0.2
arunachal-pradesh,2023,1,Vivo,14749,0.145
arunachal-pradesh,2023,1,Oppo,12004,0.115
arunachal-pradesh,2023,1,Realme,10276,0.095
arunachal-pradesh,2023,1,OnePlus,4536,0.045
arunachal-pradesh,2023,1,Apple,3681,0.035
arunachal-pradesh,2023,1,Motorola,2052,0.02
arunachal-pradesh,2023,1,Others,8496,0.085
arunachal-pradesh,2023,2,Xiaomi,32326,0.26
arunachal-pradesh,2023,2,Samsung,25278,0.2
arunachal-pradesh,2023,2,Vivo,17421,0.145
arunachal-pradesh,2023,2,Oppo,14713,0.115
arunachal-pradesh,2023,2,Realme,12470,0.095
arunachal-pradesh,2023,2,OnePlus,5631,0.045
arunachal-pradesh,2023,2,Apple,4315,0.035
arunachal-pradesh,2023,2,Motorola,2406,0.02
arunachal-pradesh,2023,2,Others,11103,0.085
arunachal-pradesh,2023,3,Xiaomi,30833,0.26
arunachal-pradesh,2023,3,Samsung,23460,0.2
arunachal-pradesh,2023,3,Vivo,17125,0.145
arunachal-pradesh,2023,3,Oppo,12789,0.115
arunachal-pradesh,2023,3,Realme,10721,0.095
arunachal-pradesh,2023,3,OnePlus,5033,0.045
arunachal-pradesh,2023,3,Apple,3863,0.035
arunachal-pradesh,2023,3,Motorola,2352,0.02
arunachal-pradesh,2023,3,Others,10096,0.085
arunachal-pradesh,2023,4,Xiaomi,37098,0.26
arunachal-pradesh,2023,4,Samsung,28259,0.2
arunachal-pradesh,2023,4,Vivo,20430,0.145
arunachal-pradesh,2023,4,Oppo,17270,0.115
arunachal-pradesh,2023,4,Realme,13143,0.095
arunachal-pradesh,2023,4,OnePlus,6525,0.045
arunachal-pradesh,2023,4,Apple,4944,0.035
arunachal-pradesh,2023,4,Motorola,2880,0.02
arunachal-pradesh,2023,4,Others,12613,0.085
assam,2018,1,Xiaomi,97046,0.26
assam,2018,1,Samsung,78496,0.2
assam,2018,1,Vivo,54654,0.145
assam,2018,1,Oppo,42389,0.115
assam,2018,1,Realme,34746,0.095
assam,2018,1,OnePlus,17933,0.045
assam,2018,1,Apple,12753,0.035
assam,2018,1,Motorola,7678,0.02
assam,2018,1,Others,32643,0.085
assam,2018,2,Xiaomi,141143,0.26
assam,2018,2,Samsung,101056,0.2
assam,2018,2,Vivo,74392,0.145
assam,2018,2,Oppo,62679,0.115
assam,2018,2,Realme,48105,0.095
assam,2018,2,OnePlus,23683,0.045
assam,2018,2,Apple,19334,0.035
assam,2018,2,Motorola,10961,0.02
assam,2018,2,Others,47067,0.085
assam,2018,3,Xiaomi,140855,0.26
assam,2018,3,Samsung,103476,0.2
assam,2018,3,Vivo,76211,0.145
assam,2018,3,Oppo,61411,0.115
assam,2018,3,Realme,49338,0.095
assam,2018,3,OnePlus,22262,0.045
assam,2018,3,Apple,19019,0.035
assam,2018,3,Motorola,10791,0.02
assam,2018,3,Others,42200,0.085
assam,2018,4,Xiaomi,188304,0.26
assam,2018,4,Samsung,148754,0.2
assam,2018,4,Vivo,105647,0.145
assam,2018,4,Oppo,82505,0.115
assam,2018,4,Realme,74940,0.095
assam,2018,4,OnePlus,32741,0.045
assam,2018,4,Apple,25883,0.035
assam,2018,4,Motorola,15288,0.02
assam,2018,4,Others,61085,0.085
assam,2019,1,Xiaomi,149504,0.26
assam,2019,1,Samsung,119558,0.2
assam,2019,1,Vivo,85864,0.145
assam,2019,1,Oppo,63714,0.115
assam,2019,1,Realme,52381,0.095
assam,2019,1,OnePlus,25716,0.045
assam,2019,1,Apple,19871,0.035
assam,2019,1,Motorola,11125,0.02
assam,2019,1,Others,49918,0.085
assam,2019,2,Xiaomi,151268,0.26
assam,2019,2,Samsung,120265,0.2
assam,2019,2,Vivo,83271,0.145
assam,2019,2,Oppo,71161,0.115
assam,2019,2,Realme,55051,0.095
assam,2019,2,OnePlus,27400,0.045
assam,2019,2,Apple,21041,0.035
assam,2019,2,Motorola,12046,0.02
assam,2019,2,Others,50488,0.085
assam,2019,3,Xiaomi,201085,0.26
assam,2019,3,Samsung,150092,0.2
assam,2019,3,Vivo,106010,0.145
assam,2019,3,Oppo,88458,0.115
assam,2019,3,Realme,73982,0.095
assam,2019,3,OnePlus,33982,0.045
assam,2019,3,Apple,26185,0.035
assam,2019,3,Motorola,15428,0.02
assam,2019,3,Others,66109,0.085
assam,2019,4,Xiaomi,238921,0.26
assam,2019,4,Samsung,195758,0.2
assam,2019,4,Vivo,135731,0.145
assam,2019,4,Oppo,113771,0.115
assam,2019,4,Realme,90832,0.095
assam,2019,4,OnePlus,44264,0.045
assam,2019,4,Apple,31717,0.035
assam,2019,4,Motorola,18270,0.02
assam,2019,4,Others,82419,0.085
assam,2020,1,Xiaomi,198007,0.26
assam,2020,1,Samsung,144397,0.2
assam,2020,1,Vivo,106373,0.145
assam,2020,1,Oppo,85661,0.115
assam,2020,1,Realme,69035,0.095
assam,2020,1,OnePlus,32990,0.045
assam,2020,1,Apple,26488,0.035
assam,2020,1,Motorola,14493,0.02
assam,2020,1,Others,66212,0.085
assam,2020,2,Xiaomi,223134,0.26
assam,2020,2,Samsung,168002,0.2
assam,2020,2,Vivo,125207,0.145
assam,2020,2,Oppo,93749,0.115
assam,2020,2,Realme,80146,0.095
assam,2020,2,OnePlus,38540,0.045
assam,2020,2,Apple,27629,0.035
assam,2020,2,Motorola,17240,0.02
assam,2020,2,Others,70949,0.085
assam,2020,3,Xiaomi,235007,0.26
assam,2020,3,Samsung,193936,0.2
assam,2020,3,Vivo,136370,0.145
assam,2020,3,Oppo,110436,0.115
assam,2020,3,Realme,87718,0.095
assam,2020,3,OnePlus,42435,0.045
assam,2020,3,Apple,32342,0.035
assam,2020,3,Motorola,18297,0.02
assam,2020,3,Others,80342,0.085
assam,2020,4,Xiaomi,260409,0.26
assam,2020,4,Samsung,190743,0.2
assam,2020,4,Vivo,140693,0.145
assam,2020,4,Oppo,117402,0.115
assam,2020,4,Realme,91244,0.095
assam,2020,4,OnePlus,44492,0.045
assam,2020,4,Apple,33750,0.035
assam,2020,4,Motorola,20442,0.02
assam,2020,4,Others,85457,0.085
assam,2021,1,Xiaomi,208657,0.26
assam,2021,1,Samsung,163476,0.2
assam,2021,1,Vivo,115563,0.145
assam,2021,1,Oppo,96364,0.115
assam,2021,1,Realme,74940,0.095
assam,2021,1,OnePlus,35411,0.045
assam,2021,1,Apple,29595,0.035
assam,2021,1,Motorola,15589,0.02
assam,2021,1,Others,66198,0.085
assam,2021,2,Xiaomi,259705,0.26
assam,2021,2,Samsung,198102,0.2
assam,2021,2,Vivo,140451,0.145
assam,2021,2,Oppo,108921,0.115
assam,2021,2,Realme,97365,0.095
assam,2021,2,OnePlus,42130,0.045
assam,2021,2,Apple,35134,0.035
assam,2021,2,Motorola,19278,0.02
assam,2021,2,Others,82743,0.085
assam,2021,3,Xiaomi,255617,0.26
assam,2021,3,Samsung,207826,0.2
assam,2021,3,Vivo,144991,0.145
assam,2021,3,Oppo,122097,0.115
assam,2021,3,Realme,101301,0.095
assam,2021,3,OnePlus,47603,0.045
assam,2021,3,Apple,36582,0.035
assam,2021,3,Motorola,19980,0.02
assam,2021,3,Others,83927,0.085
assam,2021,4,Xiaomi,296023,0.26
assam,2021,4,Samsung,219808,0.2
assam,2021,4,Vivo,152560,0.145
assam,2021,4,Oppo,124500,0.115
assam,2021,4,Realme,105434,0.095
assam,2021,4,OnePlus,49607,0.045
assam,2021,4,Apple,37003,0.035
assam,2021,4,Motorola,21125,0.02
assam,2021,4,Others,90479,0.085
assam,2022,1,Xiaomi,229106,0.26
assam,2022,1,Samsung,182326,0.2
assam,2022,1,Vivo,130605,0.145
assam,2022,1,Oppo,100468,0.115
assam,2022,1,Realme,78830,0.095
assam,2022,1,OnePlus,38973,0.045
assam,2022,1,Apple,30118,0.035
assam,2022,1,Motorola,17326,0.02
assam,2022,1,Others,77666,0.085
assam,2022,2,Xiaomi,271282,0.26
assam,2022,2,Samsung,212140,0.2
assam,2022,2,Vivo,155493,0.145
assam,2022,2,Oppo,122812,0.115
assam,2022,2,Realme,106474,0.095
assam,2022,2,OnePlus,49575,0.045
assam,2022,2,Apple,38170,0.035
assam,2022,2,Motorola,22154,0.02
assam,2022,2,Others,92130,0.085
assam,2022,3,Xiaomi,309191,0.26
assam,2022,3,Samsung,219450,0.2
assam,2022,3,Vivo,171475,0.145
assam,2022,3,Oppo,133612,0.115
assam,2022,3,Realme,110482,0.095
assam,2022,3,OnePlus,52123,0.045
assam,2022,3,Apple,41058,0.035
assam,2022,3,Motorola,23274,0.02
assam,2022,3,Others,99186,0.085
assam,2022,4,Xiaomi,294335,0.26
assam,2022,4,Samsung,234167,0.2
assam,2022,4,Vivo,167306,0.145
assam,2022,4,Oppo,135426,0.115
assam,2022,4,Realme,116938,0.095
assam,2022,4,OnePlus,56221,0.045
assam,2022,4,Apple,42719,0.035
assam,2022,4,Motorola,23773,0.02
assam,2022,4,Others,100789,0.085
assam,2023,1,Xiaomi,238278,0.26
assam,2023,1,Samsung,191493,0.2
assam,2023,1,Vivo,139324,0.145
assam,2023,1,Oppo,113346,0.115
assam,2023,1,Realme,94073,0.095
assam,2023,1,OnePlus,42787,0.045
assam,2023,1,Apple,33415,0.035
assam,2023,1,Motorola,18240,0.02
assam,2023,1,Others,77363,0.085
assam,2023,2,Xiaomi,321166,0.26
assam,2023,2,Samsung,253952,0.2
assam,2023,2,Vivo,183021,0.145
assam,2023,2,Oppo,151130,0.115
assam,2023,2,Realme,122256,0.095
assam,2023,2,OnePlus,56026,0.045
assam,2023,2,Apple,45366,0.035
assam,2023,2,Motorola,25064,0.02
assam,2023,2,Others,109040,0.085
assam,2023,3,Xiaomi,315349,0.26
assam,2023,3,Samsung,239892,0.2
assam,2023,3,Vivo,167599,0.145
assam,2023,3,Oppo,133666,0.115
assam,2023,3,Realme,114390,0.095
assam,2023,3,OnePlus,50763,0.045
assam,2023,3,Apple,40638,0.035
assam,2023,3,Motorola,24102,0.02
assam,2023,3,Others,103027,0.085
assam,2023,4,Xiaomi,394020,0.26
assam,2023,4,Samsung,285003,0.2
assam,2023,4,Vivo,220986,0.145
assam,2023,4,Oppo,176414,0.115
assam,2023,4,Realme,137515,0.095
assam,2023,4,OnePlus,70140,0.045
assam,2023,4,Apple,51974,0.035
assam,2023,4,Motorola,28754,0.02
assam,2023,4,Others,121519,0.085
bihar,2018,1,Xiaomi,165591,0.26
bihar,2018,1,Samsung,124265,0.2
bihar,2018,1,Vivo,88742,0.145
bihar,2018,1,Oppo,72107,0.115
bihar,2018,1,Realme,61108,0.095
bihar,2018,1,OnePlus,26692,0.045
bihar,2018,1,Apple,21990,0.035
bihar,2018,1,Motorola,12896,0.02
bihar,2018,1,Others,55308,0.085
bihar,2018,2,Xiaomi,202927,0.26
bihar,2018,2,Samsung,158041,0.2
bihar,2018,2,Vivo,108365,0.145
bihar,2018,2,Oppo,85265,0.115
bihar,2018,2,Realme,74751,0.095
bihar,2018,2,OnePlus,34076,0.045
bihar,2018,2,Apple,26816,0.035
bihar,2018,2,Motorola,15414,0.02
bihar,2018,2,Others,64029,0.085
bihar,2018,3,Xiaomi,245539,0.26
bihar,2018,3,Samsung,184823,0.2
bihar,2018,3,Vivo,133324,0.145
bihar,2018,3,Oppo,103067,0.115
bihar,2018,3,Realme,92879,0.095
bihar,2018,3,OnePlus,44285,0.045
bihar,2018,3,Apple,33116,0.035
bihar,2018,3,Motorola,18741,0.02
bihar,2018,3,Others,83458,0.085
bihar,2018,4,Xiaomi,342155,0.26
bihar,2018,4,Samsung,243263,0.2
bihar,2018,4,Vivo,173427,0.145
bihar,2018,4,Oppo,141152,0.115
bihar,2018,4,Realme,116784,0.095
bihar,2018,4,OnePlus,55468,0.045
bihar,2018,4,Apple,41760,0.035
bihar,2018,4,Motorola,24114,0.02
bihar,2018,4,Others,108598,0.085
bihar,2019,1,Xiaomi,252172,0.26
bihar,2019,1,Samsung,195508,0.2
bihar,2019,1,Vivo,144573,0.145
bihar,2019,1,Oppo,108263,0.115
bihar,2019,1,Realme,95991,0.095
bihar,2019,1,OnePlus,41469,0.045
bihar,2019,1,Apple,34760,0.035
bihar,2019,1,Motorola,18453,0.02
bihar,2019,1,Others,84726,0.085
bihar,2019,2,Xiaomi,278585,0.26
bihar,2019,2,Samsung,223123,0.2
bihar,2019,2,Vivo,163181,0.145
bihar,2019,2,Oppo,134470,0.115
bihar,2019,2,Realme,108328,0.095
bihar,2019,2,OnePlus,49645,0.045
bihar,2019,2,Apple,40458,0.035
bihar,2019,2,Motorola,21799,0.02
bihar,2019,2,Others,95427,0.085
bihar,2019,3,Xiaomi,332785,0.26
bihar,2019,3,Samsung,275076,0.2
bihar,2019,3,Vivo,197361,0.145
bihar,2019,3,Oppo,146679,0.115
bihar,2019,3,Realme,119693,0.095
bihar,2019,3,OnePlus,61805,0.045
bihar,2019,3,Apple,46806,0.035
bihar,2019,3,Motorola,26521,0.02
bihar,2019,3,Others,111138,0.085
bihar,2019,4,Xiaomi,380386,0.26
bihar,2019,4,Samsung,285758,0.2
bihar,2019,4,Vivo,199395,0.145
bihar,2019,4,Oppo,161590,0.115
bihar,2019,4,Realme,135381,0.095
bihar,2019,4,OnePlus,60585,0.045
bihar,2019,4,Apple,51163,0.035
bihar,2019,4,Motorola,28594,0.02
bihar,2019,4,Others,115030,0.085
bihar,2020,1,Xiaomi,349632,0.26
bihar,2020,1,Samsung,291019,0.2
bihar,2020,1,Vivo,198763,0.145
bihar,2020,1,Oppo,157697,0.115
bihar,2020,1,Realme,130412,0.095
bihar,2020,1,OnePlus,62761,0.045
bihar,2020,1,Apple,46404,0.035
bihar,2020,1,Motorola,27650,0.02
bihar,2020,1,Others,117860,0.085
bihar,2020,2,Xiaomi,388208,0.26
bihar,2020,2,Samsung,295329,0.2
bihar,2020,2,Vivo,217731,0.145
bihar,2020,2,Oppo,174064,0.115
bihar,2020,2,Realme,136721,0.095
bihar,2020,2,OnePlus,67711,0.045
bihar,2020,2,Apple,52877,0.035
bihar,2020,2,Motorola,30935,0.02
bihar,2020,2,Others,128531,0.085
bihar,2020,3,Xiaomi,394049,0.26
bihar,2020,3,Samsung,281019,0.2
bihar,2020,3,Vivo,217494,0.145
bihar,2020,3,Oppo,163171,0.115
bihar,2020,3,Realme,140896,0.095
bihar,2020,3,OnePlus,64048,0.045
bihar,2020,3,Apple,51745,0.035
bihar,2020,3,Motorola,29186,0.02
bihar,2020,3,Others,123259,0.085
bihar,2020,4,Xiaomi,444627,0.26
bihar,2020,4,Samsung,364380,0.2
bihar,2020,4,Vivo,265243,0.145
bihar,2020,4,Oppo,201404,0.115
bihar,2020,4,Realme,162152,0.095
bihar,2020,4,OnePlus,83739,0.045
bihar,2020,4,Apple,63434,0.035
bihar,2020,4,Motorola,36712,0.02
bihar,2020,4,Others,145155,0.085
bihar,2021,1,Xiaomi,387762,0.26
bihar,2021,1,Samsung,272724,0.2
bihar,2021,1,Vivo,207565,0.145
bihar,2021,1,Oppo,158103,0.115
bihar,2021,1,Realme,130246,0.095
bihar,2021,1,OnePlus,61980,0.045
bihar,2021,1,Apple,50786,0.035
bihar,2021,1,Motorola,29551,0.02
bihar,2021,1,Others,122382,0.085
bihar,2021,2,Xiaomi,431986,0.26
bihar,2021,2,Samsung,306411,0.2
bihar,2021,2,Vivo,231349,0.145
bihar,2021,2,Oppo,188965,0.115
bihar,2021,2,Realme,157599,0.095
bihar,2021,2,OnePlus,75371,0.045
bihar,2021,2,Apple,57337,0.035
bihar,2021,2,Motorola,32417,0.02
bihar,2021,2,Others,132112,0.085
bihar,2021,3,Xiaomi,424829,0.26
bihar,2021,3,Samsung,320547,0.2
bihar,2021,3,Vivo,237703,0.145
bihar,2021,3,Oppo,184696,0.115
bihar,2021,3,Realme,159758,0.095
bihar,2021,3,OnePlus,75184,0.045
bihar,2021,3,Apple,58046,0.035
bihar,2021,3,Motorola,33687,0.02
bihar,2021,3,Others,137978,0.085
bihar,2021,4,Xiaomi,517797,0.26
bihar,2021,4,Samsung,404031,0.2
bihar,2021,4,Vivo,294819,0.145
bihar,2021,4,Oppo,238616,0.115
bihar,2021,4,Realme,189000,0.095
bihar,2021,4,OnePlus,95421,0.045
bihar,2021,4,Apple,74283,0.035
bihar,2021,4,Motorola,42357,0.02
bihar,2021,4,Others,173246,0.085
bihar,2022,1,Xiaomi,458233,0.26
bihar,2022,1,Samsung,343400,0.2
bihar,2022,1,Vivo,258319,0.145
bihar,2022,1,Oppo,200874,0.115
bihar,2022,1,Realme,160518,0.095
bihar,2022,1,OnePlus,77602,0.045
bihar,2022,1,Apple,58580,0.035
bihar,2022,1,Motorola,35698,0.02
bihar,2022,1,Others,142442,0.085
bihar,2022,2,Xiaomi,474571,0.26
bihar,2022,2,Samsung,338310,0.2
bihar,2022,2,Vivo,254013,0.145
bihar,2022,2,Oppo,199336,0.115
bihar,2022,2,Realme,167631,0.095
bihar,2022,2,OnePlus,82805,0.045
bihar,2022,2,Apple,59512,0.035
bihar,2022,2,Motorola,33938,0.02
bihar,2022,2,Others,148176,0.085
bihar,2022,3,Xiaomi,568379,0.26
bihar,2022,3,Samsung,418635,0.2
bihar,2022,3,Vivo,306143,0.145
bihar,2022,3,Oppo,243277,0.115
bihar,2022,3,Realme,194775,0.095
bihar,2022,3,OnePlus,92532,0.045
bihar,2022,3,Apple,75744,0.035
bihar,2022,3,Motorola,40351,0.02
bihar,2022,3,Others,183954,0.085
bihar,2022,4,Xiaomi,581579,0.26
bihar,2022,4,Samsung,449255,0.2
bihar,2022,4,Vivo,332133,0.145
bihar,2022,4,Oppo,256703,0.115
bihar,2022,4,Realme,200808,0.095
bihar,2022,4,OnePlus,96066,0.045
bihar,2022,4,Apple,78296,0.035
bihar,2022,4,Motorola,44137,0.02
bihar,2022,4,Others,188396,0.085
bihar,2023,1,Xiaomi,443514,0.26
bihar,2023,1,Samsung,358124,0.2
bihar,2023,1,Vivo,253602,0.145
bihar,2023,1,Oppo,196054,0.115
bihar,2023,1,Realme,167246,0.095
bihar,2023,1,OnePlus,76161,0.045
bihar,2023,1,Apple,59418,0.035
bihar,2023,1,Motorola,33764,0.02
bihar,2023,1,Others,153043,0.085
bihar,2023,2,Xiaomi,531968,0.26
bihar,2023,2,Samsung,433653,0.2
bihar,2023,2,Vivo,303127,0.145
bihar,2023,2,Oppo,238215,0.115
bihar,2023,2,Realme,204208,0.095
bihar,2023,2,OnePlus,89779,0.045
bihar,2023,2,Apple,72577,0.035
bihar,2023,2,Motorola,40784,0.02
bihar,2023,2,Others,184191,0.085
bihar,2023,3,Xiaomi,573088,0.26
bihar,2023,3,Samsung,412445,0.2
bihar,2023,3,Vivo,301111,0.145
bihar,2023,3,Oppo,249477,0.115
bihar,2023,3,Realme,208898,0.095
bihar,2023,3,OnePlus,95988,0.045
bihar,2023,3,Apple,78355,0.035
bihar,2023,3,Motorola,42035,0.02
bihar,2023,3,Others,175121,0.085
bihar,2023,4,Xiaomi,609265,0.26
bihar,2023,4,Samsung,442200,0.2
bihar,2023,4,Vivo,325298,0.145
bihar,2023,4,Oppo,259920,0.115
bihar,2023,4,Realme,206871,0.095
bihar,2023,4,OnePlus,98904,0.045
bihar,2023,4,Apple,78104,0.035
bihar,2023,4,Motorola,44395,0.02
bihar,2023,4,Others,203012,0.085
chandigarh,2018,1,Xiaomi,19426,0.26
chandigarh,2018,1,Samsung,15006,0.2
chandigarh,2018,1,Vivo,11096,0.145
chandigarh,2018,1,Oppo,8844,0.115
chandigarh,2018,1,Realme,7300,0.095
chandigarh,2018,1,OnePlus,3610,0.045
chandigarh,2018,1,Apple,2748,0.035
chandigarh,2018,1,Motorola,1554,0.02
chandigarh,2018,1,Others,6821,0.085
chandigarh,2018,2,Xiaomi,23006,0.26
chandigarh,2018,2,Samsung,18356,0.2
chandigarh,2018,2,Vivo,12753,0.145
chandigarh,2018,2,Oppo,10361,0.115
chandigarh,2018,2,Realme,8321,0.095
chandigarh,2018,2,OnePlus,4116,0.045
chandigarh,2018,2,Apple,3205,0.035
chandigarh,2018,2,Motorola,1729,0.02
chandigarh,2018,2,Others,7775,0.085
chandigarh,2018,3,Xiaomi,30843,0.26
chandigarh,2018,3,Samsung,25013,0.2
chandigarh,2018,3,Vivo,18096,0.145
chandigarh,2018,3,Oppo,13401,0.115
chandigarh,2018,3,Realme,11317,0.095
chandigarh,2018,3,OnePlus,5533,0.045
chandigarh,2018,3,Apple,4364,0.035
chandigarh,2018,3,Motorola,2359,0.02
chandigarh,2018,3,Others,10082,0.085
chandigarh,2018,4,Xiaomi,32222,0.26
chandigarh,2018,4,Samsung,24937,0.2
chandigarh,2018,4,Vivo,17794,0.145
chandigarh,2018,4,Oppo,14241,0.115
chandigarh,2018,4,Realme,11882,0.095
chandigarh,2018,4,OnePlus,5843,0.045
chandigarh,2018,4,Apple,4348,0.035
chandigarh,2018,4,Motorola,2496,0.02
chandigarh,2018,4,Others,10879,0.085
chandigarh,2019,1,Xiaomi,29712,0.26
chandigarh,2019,1,Samsung,23470,0.2
chandigarh,2019,1,Vivo,17459,0.145
chandigarh,2019,1,Oppo,13347,0.115
chandigarh,2019,1,Realme,11331,0.095
chandigarh,2019,1,OnePlus,5315,0.045
chandigarh,2019,1,Apple,3941,0.035
chandigarh,2019,1,Motorola,2374,0.02
chandigarh,2019,1,Others,10165,0.085
chandigarh,2019,2,Xiaomi,33087,0.26
chandigarh,2019,2,Samsung,27202,0.2
chandigarh,2019,2,Vivo,19789,0.145
chandigarh,2019,2,Oppo,15847,0.115
chandigarh,2019,2,Realme,12289,0.095
chandigarh,2019,2,OnePlus,5710,0.045
chandigarh,2019,2,Apple,4549,0.035
chandigarh,2019,2,Motorola,2760,0.02
chandigarh,2019,2,Others,10858,0.085
chandigarh,2019,3,Xiaomi,41839,0.26
chandigarh,2019,3,Samsung,32958,0.2
chandigarh,2019,3,Vivo,24638,0.145
chandigarh,2019,3,Oppo,18207,0.115
chandigarh,2019,3,Realme,15004,0.095
chandigarh,2019,3,OnePlus,7583,0.045
chandigarh,2019,3,Apple,5884,0.035
chandigarh,2019,3,Motorola,3347,0.02
chandigarh,2019,3,Others,13865,0.085
chandigarh,2019,4,Xiaomi,47752,0.26
chandigarh,2019,4,Samsung,40162,0.2
chandigarh,2019,4,Vivo,27634,0.145
chandigarh,2019,4,Oppo,22741,0.115
chandigarh,2019,4,Realme,19141,0.095
chandigarh,2019,4,OnePlus,8889,0.045
chandigarh,2019,4,Apple,6487,0.035
chandigarh,2019,4,Motorola,4050,0.02
chandigarh,2019,4,Others,16477,0.085
chandigarh,2020,1,Xiaomi,38139,0.26
chandigarh,2020,1,Samsung,28868,0.2
chandigarh,2020,1,Vivo,20745,0.145
chandigarh,2020,1,Oppo,17876,0.115
chandigarh,2020,1,Realme,14071,0.095
chandigarh,2020,1,OnePlus,6873,0.045
chandigarh,2020,1,Apple,5448,0.035
chandigarh,2020,1,Motorola,3017,0.02
chandigarh,2020,1,Others,12154,0.085
chandigarh,2020,2,Xiaomi,39762,0.26
chandigarh,2020,2,Samsung,29222,0.2
chandigarh,2020,2,Vivo,21350,0.145
chandigarh,2020,2,Oppo,16779,0.115
chandigarh,2020,2,Realme,14579,0.095
chandigarh,2020,2,OnePlus,6278,0.045
chandigarh,2020,2,Apple,4991,0.035
chandigarh,2020,2,Motorola,2850,0.02
chandigarh,2020,2,Others,12778,0.085
chandigarh,2020,3,Xiaomi,51148,0.26
chandigarh,2020,3,Samsung,41185,0.2
chandigarh,2020,3,Vivo,29736,0.145
chandigarh,2020,3,Oppo,24135,0.115
chandigarh,2020,3,Realme,19054,0.095
chandigarh,2020,3,OnePlus,9432,0.045
chandigarh,2020,3,Apple,6787,0.035
chandigarh,2020,3,Motorola,4002,0.02
chandigarh,2020,3,Others,17019,0.085
chandigarh,2020,4,Xiaomi,48228,0.26
chandigarh,2020,4,Samsung,39303,0.2
chandigarh,2020,4,Vivo,28053,0.145
chandigarh,2020,4,Oppo,22723,0.115
chandigarh,2020,4,Realme,18742,0.095
chandigarh,2020,4,OnePlus,9055,0.045
chandigarh,2020,4,Apple,7005,0.035
chandigarh,2020,4,Motorola,3767,0.02
chandigarh,2020,4,Others,16588,0.085
chandigarh,2021,1,Xiaomi,41802,0.26
chandigarh,2021,1,Samsung,33586,0.2
chandigarh,2021,1,Vivo,24176,0.145
chandigarh,2021,1,Oppo,19501,0.115
chandigarh,2021,1,Realme,16157,0.095
chandigarh,2021,1,OnePlus,7197,0.045
chandigarh,2021,1,Apple,5659,0.035
chandigarh,2021,1,Motorola,3449,0.02
chandigarh,2021,1,Others,14633,0.085
chandigarh,2021,2,Xiaomi,47513,0.26
chandigarh,2021,2,Samsung,36374,0.2
chandigarh,2021,2,Vivo,25343,0.145
chandigarh,2021,2,Oppo,21051,0.115
chandigarh,2021,2,Realme,18271,0.095
chandigarh,2021,2,OnePlus,7927,0.045
chandigarh,2021,2,Apple,6482,0.035
chandigarh,2021,2,Motorola,3586,0.02
chandigarh,2021,2,Others,15019,0.085
chandigarh,2021,3,Xiaomi,48714,0.26
chandigarh,2021,3,Samsung,36309,0.2
chandigarh,2021,3,Vivo,27193,0.145
chandigarh,2021,3,Oppo,20783,0.115
chandigarh,2021,3,Realme,17726,0.095
chandigarh,2021,3,OnePlus,8029,0.045
chandigarh,2021,3,Apple,6701,0.035
chandigarh,2021,3,Motorola,3897,0.02
chandigarh,2021,3,Others,16668,0.085
chandigarh,2021,4,Xiaomi,57988,0.26
chandigarh,2021,4,Samsung,46750,0.2
chandigarh,2021,4,Vivo,32053,0.145
chandigarh,2021,4,Oppo,25477,0.115
chandigarh,2021,4,Realme,21658,0.095
chandigarh,2021,4,OnePlus,9620,0.045
chandigarh,2021,4,Apple,8099,0.035
chandigarh,2021,4,Motorola,4310,0.02
chandigarh,2021,4,Others,18283,0.085
chandigarh,2022,1,Xiaomi,48388,0.26
chandigarh,2022,1,Samsung,36296,0.2
chandigarh,2022,1,Vivo,28579,0.145
chandigarh,2022,1,Oppo,22640,0.115
chandigarh,2022,1,Realme,18079,0.095
chandigarh,2022,1,OnePlus,8310,0.045
chandigarh,2022,1,Apple,6687,0.035
chandigarh,2022,1,Motorola,3746,0.02
chandigarh,2022,1,Others,16212,0.085
chandigarh,2022,2,Xiaomi,54637,0.26
chandigarh,2022,2,Samsung,42274,0.2
chandigarh,2022,2,Vivo,29271,0.145
chandigarh,2022,2,Oppo,24394,0.115
chandigarh,2022,2,Realme,19122,0.095
chandigarh,2022,2,OnePlus,9806,0.045
chandigarh,2022,2,Apple,7621,0.035
chandigarh,2022,2,Motorola,4174,0.02
chandigarh,2022,2,Others,17754,0.085
chandigarh,2022,3,Xiaomi,55042,0.26
chandigarh,2022,3,Samsung,41900,0.2
chandigarh,2022,3,Vivo,31677,0.145
chandigarh,2022,3,Oppo,25328,0.115
chandigarh,2022,3,Realme,20501,0.095
chandigarh,2022,3,OnePlus,9831,0.045
chandigarh,2022,3,Apple,7140,0.035
chandigarh,2022,3,Motorola,4163,0.02
chandigarh,2022,3,Others,17780,0.085
chandigarh,2022,4,Xiaomi,64212,0.26
chandigarh,2022,4,Samsung,46331,0.2
chandigarh,2022,4,Vivo,35927,0.145
chandigarh,2022,4,Oppo,28238,0.115
chandigarh,2022,4,Realme,22000,0.095
chandigarh,2022,4,OnePlus,10989,0.045
chandigarh,2022,4,Apple,8832,0.035
chandigarh,2022,4,Motorola,4826,0.02
chandigarh,2022,4,Others,21170,0.085
chandigarh,2023,1,Xiaomi,48958,0.26
chandigarh,2023,1,Samsung,38976,0.2
chandigarh,2023,1,Vivo,26761,0.145
chandigarh,2023,1,Oppo,22868,0.115
chandigarh,2023,1,Realme,17819,0.095
chandigarh,2023,1,OnePlus,8299,0.045
chandigarh,2023,1,Apple,6819,0.035
chandigarh,2023,1,Motorola,3912,0.02
chandigarh,2023,1,Others,16688,0.085
chandigarh,2023,2,Xiaomi,64626,0.26
chandigarh,2023,2,Samsung,48893,0.2
chandigarh,2023,2,Vivo,35378,0.145
chandigarh,2023,2,Oppo,28042,0.115
chandigarh,2023,2,Realme,23177,0.095
chandigarh,2023,2,OnePlus,11139,0.045
chandigarh,2023,2,Apple,8619,0.035
chandigarh,2023,2,Motorola,5016,0.02
chandigarh,2023,2,Others,22301,0.085
chandigarh,2023,3,Xiaomi,64740,0.26
chandigarh,2023,3,Samsung,46321,0.2
chandigarh,2023,3,Vivo,33446,0.145
chandigarh,2023,3,Oppo,27117,0.115
chandigarh,2023,3,Realme,22440,0.095
chandigarh,2023,3,OnePlus,10858,0.045
chandigarh,2023,3,Apple,8776,0.035
chandigarh,2023,3,Motorola,4774,0.02
chandigarh,2023,3,Others,19750,0.085
chandigarh,2023,4,Xiaomi,70797,0.26
chandigarh,2023,4,Samsung,54994,0.2
chandigarh,2023,4,Vivo,39889,0.145
chandigarh,2023,4,Oppo,32879,0.115
chandigarh,2023,4,Realme,27623,0.095
chandigarh,2023,4,OnePlus,12487,0.045
chandigarh,2023,4,Apple,9831,0.035
chandigarh,2023,4,Motorola,5553,0.02
chandigarh,2023,4,Others,23695,0.085
chhattisgarh,2018,1,Xiaomi,108104,0.26
chhattisgarh,2018,1,Samsung,81624,0.2
chhattisgarh,2018,1,Vivo,55084,0.145
chhattisgarh,2018,1,Oppo,47471,0.115
chhattisgarh,2018,1,Realme,36687,0.095
chhattisgarh,2018,1,OnePlus,17904,0.045
chhattisgarh,2018,1,Apple,13886,0.035
chhattisgarh,2018,1,Motorola,8364,0.02
chhattisgarh,2018,1,Others,35039,0.085
chhattisgarh,2018,2,Xiaomi,104942,0.26
chhattisgarh,2018,2,Samsung,80994,0.2
chhattisgarh,2018,2,Vivo,60993,0.145
chhattisgarh,2018,2,Oppo,48072,0.115
chhattisgarh,2018,2,Realme,40325,0.095
chhattisgarh,2018,2,OnePlus,18747,0.045
chhattisgarh,2018,2,Apple,14167,0.035
chhattisgarh,2018,2,Motorola,8280,0.02
chhattisgarh,2018,2,Others,37554,0.085
chhattisgarh,2018,3,Xiaomi,123328,0.26
chhattisgarh,2018,3,Samsung,95041,0.2
chhattisgarh,2018,3,Vivo,68348,0.145
chhattisgarh,2018,3,Oppo,50948,0.115
chhattisgarh,2018,3,Realme,43793,0.095
chhattisgarh,2018,3,OnePlus,19841,0.045
chhattisgarh,2018,3,Apple,15579,0.035
chhattisgarh,2018,3,Motorola,9114,0.02
chhattisgarh,2018,3,Others,39028,0.085
chhattisgarh,2018,4,Xiaomi,167452,0.26
chhattisgarh,2018,4,Samsung,125958,0.2
chhattisgarh,2018,4,Vivo,93526,0.145
chhattisgarh,2018,4,Oppo,67975,0.115
chhattisgarh,2018,4,Realme,61121,0.095
chhattisgarh,2018,4,OnePlus,28212,0.045
chhattisgarh,2018,4,Apple,22167,0.035
chhattisgarh,2018,4,Motorola,12746,0.02
chhattisgarh,2018,4,Others,51328,0.085
chhattisgarh,2019,1,Xiaomi,142446,0.26
chhattisgarh,2019,1,Samsung,105218,0.2
chhattisgarh,2019,1,Vivo,77153,0.145
chhattisgarh,2019,1,Oppo,61449,0.115
chhattisgarh,2019,1,Realme,49345,0.095
chhattisgarh,2019,1,OnePlus,23629,0.045
chhattisgarh,2019,1,Apple,19146,0.035
chhattisgarh,2019,1,Motorola,10557,0.02
chhattisgarh,2019,1,Others,45610,0.085
chhattisgarh,2019,2,Xiaomi,167777,0.26
chhattisgarh,2019,2,Samsung,134133,0.2
chhattisgarh,2019,2,Vivo,100400,0.145
chhattisgarh,2019,2,Oppo,73512,0.115
chhattisgarh,2019,2,Realme,64790,0.095
chhattisgarh,2019,2,OnePlus,28842,0.045
chhattisgarh,2019,2,Apple,23415,0.035
chhattisgarh,2019,2,Motorola,13566,0.02
chhattisgarh,2019,2,Others,59115,0.085
chhattisgarh,2019,3,Xiaomi,177443,0.26
chhattisgarh,2019,3,Samsung,128412,0.2
chhattisgarh,2019,3,Vivo,95796,0.145
chhattisgarh,2019,3,Oppo,77356,0.115
chhattisgarh,2019,3,Realme,60070,0.095
chhattisgarh,2019,3,OnePlus,28397,0.045
chhattisgarh,2019,3,Apple,21782,0.035
chhattisgarh,2019,3,Motorola,13589,0.02
chhattisgarh,2019,3,Others,52909,0.085
chhattisgarh,2019,4,Xiaomi,220665,0.26
chhattisgarh,2019,4,Samsung,174056,0.2
chhattisgarh,2019,4,Vivo,121113,0.145
chhattisgarh,2019,4,Oppo,98741,0.115
chhattisgarh,2019,4,Realme,79961,0.095
chhattisgarh,2019,4,OnePlus,40068,0.045
chhattisgarh,2019,4,Apple,28407,0.035
chhattisgarh,2019,4,Motorola,16472,0.02
chhattisgarh,2019,4,Others,75066,0.085
chhattisgarh,2020,1,Xiaomi,159163,0.26
chhattisgarh,2020,1,Samsung,113447,0.2
chhattisgarh,2020,1,Vivo,83427,0.145
chhattisgarh,2020,1,Oppo,66030,0.115
chhattisgarh,2020,1,Realme,56600,0.095
chhattisgarh,2020,1,OnePlus,26201,0.045
chhattisgarh,2020,1,Apple,21612,0.035
chhattisgarh,2020,1,Motorola,12444,0.02
chhattisgarh,2020,1,Others,52888,0.085
chhattisgarh,2020,2,Xiaomi,178324,0.26
chhattisgarh,2020,2,Samsung,145133,0.2
chhattisgarh,2020,2,Vivo,102630,0.145
chhattisgarh,2020,2,Oppo,80543,0.115
chhattisgarh,2020,2,Realme,70793,0.095
chhattisgarh,2020,2,OnePlus,31158,0.045
chhattisgarh,2020,2,Apple,25032,0.035
chhattisgarh,2020,2,Motorola,14846,0.02
chhattisgarh,2020,2,Others,60748,0.085
chhattisgarh,2020,3,Xiaomi,215194,0.26
chhattisgarh,2020,3,Samsung,157128,0.2
chhattisgarh,2020,3,Vivo,121907,0.145
chhattisgarh,2020,3,Oppo,93390,0.115
chhattisgarh,2020,3,Realme,79867,0.095
chhattisgarh,2020,3,OnePlus,38272,0.045
chhattisgarh,2020,3,Apple,28671,0.035
chhattisgarh,2020,3,Motorola,16279,0.02
chhattisgarh,2020,3,Others,72375,0.085
chhattisgarh,2020,4,Xiaomi,242544,0.26
chhattisgarh,2020,4,Samsung,193853,0.2
chhattisgarh,2020,4,Vivo,141265,0.145
chhattisgarh,2020,4,Oppo,111672,0.115
chhattisgarh,2020,4,Realme,92358,0.095
chhattisgarh,2020,4,OnePlus,41838,0.045
chhattisgarh,2020,4,Apple,32049,0.035
chhattisgarh,2020,4,Motorola,19079,0.02
chhattisgarh,2020,4,Others,79299,0.085
chhattisgarh,2021,1,Xiaomi,208940,0.26
chhattisgarh,2021,1,Samsung,155585,0.2
chhattisgarh,2021,1,Vivo,117591,0.145
chhattisgarh,2021,1,Oppo,95785,0.115
chhattisgarh,2021,1,Realme,79517,0.095
chhattisgarh,2021,1,OnePlus,37554,0.045
chhattisgarh,2021,1,Apple,28107,0.035
chhattisgarh,2021,1,Motorola,17020,0.02
chhattisgarh,2021,1,Others,68039,0.085
chhattisgarh,2021,2,Xiaomi,213210,0.26
chhattisgarh,2021,2,Samsung,155761,0.2
chhattisgarh,2021,2,Vivo,116305,0.145
chhattisgarh,2021,2,Oppo,95750,0.115
chhattisgarh,2021,2,Realme,72715,0.095
chhattisgarh,2021,2,OnePlus,36229,0.045
chhattisgarh,2021,2,Apple,28590,0.035
chhattisgarh,2021,2,Motorola,16548,0.02
chhattisgarh,2021,2,Others,70679,0.085
chhattisgarh,2021,3,Xiaomi,223164,0.26
chhattisgarh,2021,3,Samsung,178994,0.2
chhattisgarh,2021,3,Vivo,131012,0.145
chhattisgarh,2021,3,Oppo,99403,0.115
chhattisgarh,2021,3,Realme,81768,0.095
chhattisgarh,2021,3,OnePlus,39296,0.045
chhattisgarh,2021,3,Apple,31273,0.035
chhattisgarh,2021,3,Motorola,16773,0.02
chhattisgarh,2021,3,Others,71821,0.085
chhattisgarh,2021,4,Xiaomi,241963,0.26
chhattisgarh,2021,4,Samsung,196046,0.2
chhattisgarh,2021,4,Vivo,143224,0.145
chhattisgarh,2021,4,Oppo,113618,0.115
chhattisgarh,2021,4,Realme,92768,0.095
chhattisgarh,2021,4,OnePlus,41191,0.045
chhattisgarh,2021,4,Apple,34826,0.035
chhattisgarh,2021,4,Motorola,19515,0.02
chhattisgarh,2021,4,Others,81261,0.085
chhattisgarh,2022,1,Xiaomi,228517,0.26
chhattisgarh,2022,1,Samsung,180201,0.2
chhattisgarh,2022,1,Vivo,133067,0.145
chhattisgarh,2022,1,Oppo,97497,0.115
chhattisgarh,2022,1,Realme,85548,0.095
chhattisgarh,2022,1,OnePlus,39217,0.045
chhattisgarh,2022,1,Apple,29890,0.035
chhattisgarh,2022,1,Motorola,17751,0.02
chhattisgarh,2022,1,Others,72982,0.085
chhattisgarh,2022,2,Xiaomi,255746,0.26
chhattisgarh,2022,2,Samsung,193005,0.2
chhattisgarh,2022,2,Vivo,139251,0.145
chhattisgarh,2022,2,Oppo,109477,0.115
chhattisgarh,2022,2,Realme,96907,0.095
chhattisgarh,2022,2,OnePlus,43854,0.045
chhattisgarh,2022,2,Apple,35526,0.035
chhattisgarh,2022,2,Motorola,19109,0.02
chhattisgarh,2022,2,Others,87018,0.085
chhattisgarh,2022,3,Xiaomi,263729,0.26
chhattisgarh,2022,3,Samsung,196662,0.2
chhattisgarh,2022,3,Vivo,141775,0.145
chhattisgarh,2022,3,Oppo,112240,0.115
chhattisgarh,2022,3,Realme,100114,0.095
chhattisgarh,2022,3,OnePlus,44138,0.045
chhattisgarh,2022,3,Apple,34950,0.035
chhattisgarh,2022,3,Motorola,20590,0.02
chhattisgarh,2022,3,Others,86250,0.085
chhattisgarh,2022,4,Xiaomi,287049,0.26
chhattisgarh,2022,4,Samsung,224747,0.2
chhattisgarh,2022,4,Vivo,160277,0.145
chhattisgarh,2022,4,Oppo,125279,0.115
chhattisgarh,2022,4,Realme,97485,0.095
chhattisgarh,2022,4,OnePlus,50238,0.045
chhattisgarh,2022,4,Apple,36533,0.035
chhattisgarh,2022,4,Motorola,20609,0.02
chhattisgarh,2022,4,Others,88724,0.085
chhattisgarh,2023,1,Xiaomi,266507,0.26
chhattisgarh,2023,1,Samsung,189817,0.2
chhattisgarh,2023,1,Vivo,148710,0.145
chhattisgarh,2023,1,Oppo,110669,0.115
chhattisgarh,2023,1,Realme,97586,0.095
chhattisgarh,2023,1,OnePlus,43337,0.045
chhattisgarh,2023,1,Apple,34915,0.035
chhattisgarh,2023,1,Motorola,20156,0.02
chhattisgarh,2023,1,Others,86909,0.085
chhattisgarh,2023,2,Xiaomi,265649,0.26
chhattisgarh,2023,2,Samsung,201003,0.2
chhattisgarh,2023,2,Vivo,152787,0.145
chhattisgarh,2023,2,Oppo,120031,0.115
chhattisgarh,2023,2,Realme,97582,0.095
chhattisgarh,2023,2,OnePlus,47555,0.045
chhattisgarh,2023,2,Apple,37658,0.035
chhattisgarh,2023,2,Motorola,20327,0.02
chhattisgarh,2023,2,Others,88378,0.085
chhattisgarh,2023,3,Xiaomi,267369,0.26
chhattisgarh,2023,3,Samsung,209317,0.2
chhattisgarh,2023,3,Vivo,153360,0.145
chhattisgarh,2023,3,Oppo,118901,0.115
chhattisgarh,2023,3,Realme,100168,0.095
chhattisgarh,2023,3,OnePlus,50450,0.045
chhattisgarh,2023,3,Apple,38402,0.035
chhattisgarh,2023,3,Motorola,20841,0.02
chhattisgarh,2023,3,Others,89179,0.085
chhattisgarh,2023,4,Xiaomi,321550,0.26
chhattisgarh,2023,4,Samsung,262772,0.2
chhattisgarh,2023,4,Vivo,177070,0.145
chhattisgarh,2023,4,Oppo,153476,0.115
chhattisgarh,2023,4,Realme,124148,0.095
chhattisgarh,2023,4,OnePlus,58105,0.045
chhattisgarh,2023,4,Apple,45844,0.035
chhattisgarh,2023,4,Motorola,26763,0.02
chhattisgarh,2023,4,Others,103839,0.085
dadra-&-nagar-haveli-&-daman-&-diu,2018,1,Xiaomi,9000,0.26
dadra-&-nagar-haveli-&-daman-&-diu,2018,1,Samsung,7314,0.2
dadra-&-nagar-haveli-&-daman-&-diu,2018,1,Vivo,5005,0.145
dadra-&-nagar-haveli-&-daman-&-diu,2018,1,Oppo,3960,0.115
dadra-&-nagar-haveli-&-daman-&-diu,2018,1,Realme,3563,0.095
dadra-&-nagar-haveli-&-daman-&-diu,2018,1,OnePlus,1678,0.045
dadra-&-nagar-haveli-&-daman-&-diu,2018,1,Apple,1320,0.035
dadra-&-nagar-haveli-&-daman-&-diu,2018,1,Motorola,743,0.02
dadra-&-nagar-haveli-&-daman-&-diu,2018,1,Others,3011,0.085
dadra-&-nagar-haveli-&-daman-&-diu,2018,2,Xiaomi,10918,0.26
dadra-&-nagar-haveli-&-daman-&-diu,2018,2,Samsung,8560,0.2
dadra-&-nagar-haveli-&-daman-&-diu,2018,2,Vivo,6060,0.145
dadra-&-nagar-haveli-&-daman-&-diu,2018,2,Oppo,4852,0.115
dadra-&-nagar-haveli-&-daman-&-diu,2018,2,Realme,4229,0.095
dadra-&-nagar-haveli-&-daman-&-diu,2018,2,OnePlus,1926,0.045
dadra-&-nagar-haveli-&-daman-&-diu,2018,2,Apple,1527,0.035
dadra-&-nagar-haveli-&-daman-&-diu,2018,2,Motorola,860,0.02
dadra-&-nagar-haveli-&-daman-&-diu,2018,2,Others,3572,0.085
dadra-&-nagar-haveli-&-daman-&-diu,2018,3,Xiaomi,14006,0.26
dadra-&-nagar-haveli-&-daman-&-diu,2018,3,Samsung,10690,0.2
dadra-&-nagar-haveli-&-daman-&-diu,2018,3,Vivo,7685,0.145
dadra-&-nagar-haveli-&-daman-&-diu,2018,3,Oppo,6365,0.115
dadra-&-nagar-haveli-&-daman-&-diu,2018,3,Realme,5250,0.095
dadra-&-nagar-haveli-&-daman-&-diu,2018,3,OnePlus,2606,0.045
dadra-&-nagar-haveli-&-daman-&-diu,2018,3,Apple,1949,0.035
dadra-&-nagar-haveli-&-daman-&-diu,2018,3,Motorola,1078,0.02
dadra-&-nagar-haveli-&-daman-&-diu,2018,3,Others,4744,0.085
dadra-&-nagar-haveli-&-daman-&-diu,2018,4,Xiaomi,16705,0.26
dadra-&-nagar-haveli-&-daman-&-diu,2018,4,Samsung,13686,0.2
dadra-&-nagar-haveli-&-daman-&-diu,2018,4,Vivo,9876,0.145
dadra-&-nagar-haveli-&-daman-&-diu,2018,4,Oppo,7666,0.115
dadra-&-nagar-haveli-&-daman-&-diu,2018,4,Realme,6129,0.095
dadra-&-nagar-haveli-&-daman-&-diu,2018,4,OnePlus,3035,0.045
dadra-&-nagar-haveli-&-daman-&-diu,2018,4,Apple,2384,0.035
dadra-&-nagar-haveli-&-daman-&-diu,2018,4,Motorola,1272,0.02
dadra-&-nagar-haveli-&-daman-&-diu,2018,4,Others,5515,0.085
dadra-&-nagar-haveli-&-daman-&-diu,2019,1,Xiaomi,14190,0.26
dadra-&-nagar-haveli-&-daman-&-diu,2019,1,Samsung,10954,0.2
dadra-&-nagar-haveli-&-daman-&-diu,2019,1,Vivo,7885,0.145
dadra-&-nagar-haveli-&-daman-&-diu,2019,1,Oppo,6541,0.115
dadra-&-nagar-haveli-&-daman-&-diu,2019,1,Realme,5415,0.095
dadra-&-nagar-haveli-&-daman-&-diu,2019,1,OnePlus,2508,0.045
dadra-&-nagar-haveli-&-daman-&-diu,2019,1,Apple,2000,0.035
dadra-&-nagar-haveli-&-daman-&-diu,2019,1,Motorola,1108,0.02
dadra-&-nagar-haveli-&-daman-&-diu,2019,1,Others,4743,0.085
dadra-&-nagar-haveli-&-daman-&-diu,2019,2,Xiaomi,17202,0.26
dadra-&-nagar-haveli-&-daman-&-diu,2019,2,Samsung,13599,0.2
dadra-&-nagar-haveli-&-daman-&-diu,2019,2,Vivo,10166,0.145
dadra-&-nagar-haveli-&-daman-&-diu,2019,2,Oppo,8031,0.115
dadra-&-nagar-haveli-&-daman-&-diu,2019,2,Realme,6306,0.095
dadra-&-nagar-haveli-&-daman-&-diu,2019,2,OnePlus,3140,0.045
dadra-&-nagar-haveli-&-daman-&-diu,2019,2,Apple,2288,0.035
dadra-&-nagar-haveli-&-daman-&-diu,2019,2,Motorola,1385,0.02
dadra-&-nagar-haveli-&-daman-&-diu,2019,2,Others,6050,0.085
dadra-&-nagar-haveli-&-daman-&-diu,2019,3,Xiaomi,21467,0.26
dadra-&-nagar-haveli-&-daman-&-diu,2019,3,Samsung,15393,0.2
dadra-&-nagar-haveli-&-daman-&-diu,2019,3,Vivo,11771,0.145
dadra-&-nagar-haveli-&-daman-&-diu,2019,3,Oppo,9235,0.115
dadra-&-nagar-haveli-&-daman-&-diu,2019,3,Realme,7697,0.095
dadra-&-nagar-haveli-&-daman-&-diu,2019,3,OnePlus,3723,0.045
dadra-&-nagar-haveli-&-daman-&-diu,2019,3,Apple,2685,0.035
dadra-&-nagar-haveli-&-daman-&-diu,2019,3,Motorola,1577,0.02
dadra-&-nagar-haveli-&-daman-&-diu,2019,3,Others,6588,0.085
dadra-&-nagar-haveli-&-daman-&-diu,2019,4,Xiaomi,23167,0.26
dadra-&-nagar-haveli-&-daman-&-diu,2019,4,Samsung,17698,0.2
dadra-&-nagar-haveli-&-daman-&-diu,2019,4,Vivo,12736,0.145
dadra-&-nagar-haveli-&-daman-&-diu,2019,4,Oppo,10058,0.115
dadra-&-nagar-haveli-&-daman-&-diu,2019,4,Realme,8036,0.095
dadra-&-nagar-haveli-&-daman-&-diu,2019,4,OnePlus,3938,0.045
dadra-&-nagar-haveli-&-daman-&-diu,2019,4,Apple,2925,0.035
dadra-&-nagar-haveli-&-daman-&-diu,2019,4,Motorola,1727,0.02
dadra-&-nagar-haveli-&-daman-&-diu,2019,4,Others,7193,0.085
dadra-&-nagar-haveli-&-daman-&-diu,2020,1,Xiaomi,19361,0.26
dadra-&-nagar-haveli-&-daman-&-diu,2020,1,Samsung,14483,0.2
dadra-&-nagar-haveli-&-daman-&-diu,2020,1,Vivo,10782,0.145
dadra-&-nagar-haveli-&-daman-&-diu,2020,1,Oppo,8678,0.115
dadra-&-nagar-haveli-&-daman-&-diu,2020,1,Realme,6593,0.095
dadra-&-nagar-haveli-&-daman-&-diu,2020,1,OnePlus,3340,0.045
dadra-&-nagar-haveli-&-daman-&-diu,2020,1,Apple,2514,0.035
dadra-&-nagar-haveli-&-daman-&-diu,2020,1,Motorola,1430,0.02
dadra-&-nagar-haveli-&-daman-&-diu,2020,1,Others,6350,0.085
dadra-&-nagar-haveli-&-daman-&-diu,2020,2,Xiaomi,23209,0.26
dadra-&-nagar-haveli-&-daman-&-diu,2020,2,Samsung,17241,0.2
dadra-&-nagar-haveli-&-daman-&-diu,2020,2,Vivo,12255,0.145
dadra-&-nagar-haveli-&-daman-&-diu,2020,2,Oppo,9765,0.115
dadra-&-nagar-haveli-&-daman-&-diu,2020,2,Realme,8386,0.095
dadra-&-nagar-haveli-&-daman-&-diu,2020,2,OnePlus,4061,0.045
dadra-&-nagar-haveli-&-daman-&-diu,2020,2,Apple,3114,0.035
dadra-&-nagar-haveli-&-daman-&-diu,2020,2,Motorola,1711,0.02
dadra-&-nagar-haveli-&-daman-&-diu,2020,2,Others,7828,0.085
dadra-&-nagar-haveli-&-daman-&-diu,2020,3,Xiaomi,20470,0.26
dadra-&-nagar-haveli-&-daman-&-diu,2020,3,Samsung,16709,0.2
dadra-&-nagar-haveli-&-daman-&-diu,2020,3,Vivo,11644,0.145
dadra-&-nagar-haveli-&-daman-&-diu,2020,3,Oppo,9699,0.115
dadra-&-nagar-haveli-&-daman-&-diu,2020,3,Realme,7626,0.095
dadra-&-nagar-haveli-&-daman-&-diu,2020,3,OnePlus,3684,0.045
dadra-&-nagar-haveli-&-daman-&-diu,2020,3,Apple,2898,0.035
dadra-&-nagar-haveli-&-daman-&-diu,2020,3,Motorola,1687,0.02
dadra-&-nagar-haveli-&-daman-&-diu,2020,3,Others,6959,0.085
dadra-&-nagar-haveli-&-daman-&-diu,2020,4,Xiaomi,25956,0.26
dadra-&-nagar-haveli-&-daman-&-diu,2020,4,Samsung,20237,0.2
dadra-&-nagar-haveli-&-daman-&-diu,2020,4,Vivo,14386,0.145
dadra-&-nagar-haveli-&-daman-&-diu,2020,4,Oppo,11187,0.115
dadra-&-nagar-haveli-&-daman-&-diu,2020,4,Realme,9466,0.095
dadra-&-nagar-haveli-&-daman-&-diu,2020,4,OnePlus,4709,0.045
dadra-&-nagar-haveli-&-daman-&-diu,2020,4,Apple,3591,0.035
dadra-&-nagar-haveli-&-daman-&-diu,2020,4,Motorola,2006,0.02
dadra-&-nagar-haveli-&-daman-&-diu,2020,4,Others,8518,0.085
dadra-&-nagar-haveli-&-daman-&-diu,2021,1,Xiaomi,20468,0.26
dadra-&-nagar-haveli-&-daman-&-diu,2021,1,Samsung,16219,0.2
dadra-&-nagar-haveli-&-daman-&-diu,2021,1,Vivo,12526,0.145
dadra-&-nagar-haveli-&-daman-&-diu,2021,1,Oppo,9558,0.115
dadra-&-nagar-haveli-&-daman-&-diu,2021,1,Realme,7752,0.095
dadra-&-nagar-haveli-&-daman-&-diu,2021,1,OnePlus,3780,0.045
dadra-&-nagar-haveli-&-daman-&-diu,2021,1,Apple,2774,0.035
dadra-&-nagar-haveli-&-daman-&-diu,2021,1,Motorola,1678,0.02
dadra-&-nagar-haveli-&-daman-&-diu,2021,1,Others,7271,0.085
dadra-&-nagar-haveli-&-daman-&-diu,2021,2,Xiaomi,26571,0.26
dadra-&-nagar-haveli-&-daman-&-diu,2021,2,Samsung,19993,0.2
dadra-&-nagar-haveli-&-daman-&-diu,2021,2,Vivo,14285,0.145
dadra-&-nagar-haveli-&-daman-&-diu,2021,2,Oppo,11654,0.115
dadra-&-nagar-haveli-&-daman-&-diu,2021,2,Realme,9203,0.095
dadra-&-nagar-haveli-&-daman-&-diu,2021,2,OnePlus,4651,0.045
dadra-&-nagar-haveli-&-daman-&-diu,2021,2,Apple,3404,0.035
dadra-&-nagar-haveli-&-daman-&-diu,2021,2,Motorola,2010,0.02
dadra-&-nagar-haveli-&-daman-&-diu,2021,2,Others,8543,0.085
dadra-&-nagar-haveli-&-daman-&-diu,2021,3,Xiaomi,26406,0.26
dadra-&-nagar-haveli-&-daman-&-diu,2021,3,Samsung,21108,0.2
dadra-&-nagar-haveli-&-daman-&-diu,2021,3,Vivo,15642,0.145
dadra-&-nagar-haveli-&-daman-&-diu,2021,3,Oppo,11632,0.115
dadra-&-nagar-haveli-&-daman-&-diu,2021,3,Realme,10258,0.095
dadra-&-nagar-haveli-&-daman-&-diu,2021,3,OnePlus,4985,0.045
dadra-&-nagar-haveli-&-daman-&-diu,2021,3,Apple,3678,0.035
dadra-&-nagar-haveli-&-daman-&-diu,2021,3,Motorola,2040,0.02
dadra-&-nagar-haveli-&-daman-&-diu,2021,3,Others,9007,0.085
dadra-&-nagar-haveli-&-daman-&-diu,2021,4,Xiaomi,34277,0.26
dadra-&-nagar-haveli-&-daman-&-diu,2021,4,Samsung,25493,0.2
dadra-&-nagar-haveli-&-daman-&-diu,2021,4,Vivo,19054,0.145
dadra-&-nagar-haveli-&-daman-&-diu,2021,4,Oppo,15597,0.115
dadra-&-nagar-haveli-&-daman-&-diu,2021,4,Realme,12745,0.095
dadra-&-nagar-haveli-&-daman-&-diu,2021,4,OnePlus,5997,0.045
dadra-&-nagar-haveli-&-daman-&-diu,2021,4,Apple,4619,0.035
dadra-&-nagar-haveli-&-daman-&-diu,2021,4,Motorola,2591,0.02
dadra-&-nagar-haveli-&-daman-&-diu,2021,4,Others,10964,0.085
dadra-&-nagar-haveli-&-daman-&-diu,2022,1,Xiaomi,24370,0.26
dadra-&-nagar-haveli-&-daman-&-diu,2022,1,Samsung,19042,0.2
dadra-&-nagar-haveli-&-daman-&-diu,2022,1,Vivo,13818,0.145
dadra-&-nagar-haveli-&-daman-&-diu,2022,1,Oppo,11082,0.115
dadra-&-nagar-haveli-&-daman-&-diu,2022,1,Realme,9012,0.095
dadra-&-nagar-haveli-&-daman-&-diu,2022,1,OnePlus,4124,0.045
dadra-&-nagar-haveli-&-daman-&-diu,2022,1,Apple,3270,0.035
dadra-&-nagar-haveli-&-daman-&-diu,2022,1,Motorola,1898,0.02
dadra-&-nagar-haveli-&-daman-&-diu,2022,1,Others,8211,0.085
dadra-&-nagar-haveli-&-daman-&-diu,2022,2,Xiaomi,24230,0.26
dadra-&-nagar-haveli-&-daman-&-diu,2022,2,Samsung,19166,0.2
dadra-&-nagar-haveli-&-daman-&-diu,2022,2,Vivo,13834,0.145
dadra-&-nagar-haveli-&-daman-&-diu,2022,2,Oppo,10355,0.115
dadra-&-nagar-haveli-&-daman-&-diu,2022,2,Realme,9406,0.095
dadra-&-nagar-haveli-&-daman-&-diu,2022,2,OnePlus,4101,0.045
dadra-&-nagar-haveli-&-daman-&-diu,2022,2,Apple,3353,0.035
dadra-&-nagar-haveli-&-daman-&-diu,2022,2,Motorola,1918,0.02
dadra-&-nagar-haveli-&-daman-&-diu,2022,2,Others,8283,0.085
dadra-&-nagar-haveli-&-daman-&-diu,2022,3,Xiaomi,34046,0.26
dadra-&-nagar-haveli-&-daman-&-diu,2022,3,Samsung,24561,0.2
dadra-&-nagar-haveli-&-daman-&-diu,2022,3,Vivo,18688,0.145
dadra-&-nagar-haveli-&-daman-&-diu,2022,3,Oppo,14825,0.115
dadra-&-nagar-haveli-&-daman-&-diu,2022,3,Realme,11902,0.095
dadra-&-nagar-haveli-&-daman-&-diu,2022,3,OnePlus,5906,0.045
dadra-&-nagar-haveli-&-daman-&-diu,2022,3,Apple,4244,0.035
dadra-&-nagar-haveli-&-daman-&-diu,2022,3,Motorola,2383,0.02
dadra-&-nagar-haveli-&-daman-&-diu,2022,3,Others,10234,0.085
dadra-&-nagar-haveli-&-daman-&-diu,2022,4,Xiaomi,31386,0.26
dadra-&-nagar-haveli-&-daman-&-diu,2022,4,Samsung,23361,0.2
dadra-&-nagar-haveli-&-daman-&-diu,2022,4,Vivo,17527,0.145
dadra-&-nagar-haveli-&-daman-&-diu,2022,4,Oppo,13658,0.115
dadra-&-nagar-haveli-&-daman-&-diu,2022,4,Realme,10715,0.095
dadra-&-nagar-haveli-&-daman-&-diu,2022,4,OnePlus,5499,0.045
dadra-&-nagar-haveli-&-daman-&-diu,2022,4,Apple,4011,0.035
dadra-&-nagar-haveli-&-daman-&-diu,2022,4,Motorola,2359,0.02
dadra-&-nagar-haveli-&-daman-&-diu,2022,4,Others,10241,0.085
dadra-&-nagar-haveli-&-daman-&-diu,2023,1,Xiaomi,28958,0.26
dadra-&-nagar-haveli-&-daman-&-diu,2023,1,Samsung,23418,0.2
dadra-&-nagar-haveli-&-daman-&-diu,2023,1,Vivo,17306,0.145
dadra-&-nagar-haveli-&-daman-&-diu,2023,1,Oppo,14115,0.115
dadra-&-nagar-haveli-&-daman-&-diu,2023,1,Realme,10688,0.095
dadra-&-nagar-haveli-&-daman-&-diu,2023,1,OnePlus,5293,0.045
dadra-&-nagar-haveli-&-daman-&-diu,2023,1,Apple,4164,0.035
dadra-&-nagar-haveli-&-daman-&-diu,2023,1,Motorola,2386,0.02
dadra-&-nagar-haveli-&-daman-&-diu,2023,1,Others,9684,0.085
dadra-&-nagar-haveli-&-daman-&-diu,2023,2,Xiaomi,32038,0.26
dadra-&-nagar-haveli-&-daman-&-diu,2023,2,Samsung,24494,0.2
dadra-&-nagar-haveli-&-daman-&-diu,2023,2,Vivo,18091,0.145
dadra-&-nagar-haveli-&-daman-&-diu,2023,2,Oppo,13611,0.115
dadra-&-nagar-haveli-&-daman-&-diu,2023,2,Realme,11976,0.095
dadra-&-nagar-haveli-&-daman-&-diu,2023,2,OnePlus,5645,0.045
dadra-&-nagar-haveli-&-daman-&-diu,2023,2,Apple,4238,0.035
dadra-&-nagar-haveli-&-daman-&-diu,2023,2,Motorola,2437,0.02
dadra-&-nagar-haveli-&-daman-&-diu,2023,2,Others,10016,0.085
dadra-&-nagar-haveli-&-daman-&-diu,2023,3,Xiaomi,32234,0.26
dadra-&-nagar-haveli-&-daman-&-diu,2023,3,Samsung,26601,0.2
dadra-&-nagar-haveli-&-daman-&-diu,2023,3,Vivo,17939,0.145
dadra-&-nagar-haveli-&-daman-&-diu,2023,3,Oppo,14037,0.115
dadra-&-nagar-haveli-&-daman-&-diu,2023,3,Realme,11662,0.095
dadra-&-nagar-haveli-&-daman-&-diu,2023,3,OnePlus,5778,0.045
dadra-&-nagar-haveli-&-daman-&-diu,2023,3,Apple,4443,0.035
dadra-&-nagar-haveli-&-daman-&-diu,2023,3,Motorola,2480,0.02
dadra-&-nagar-haveli-&-daman-&-diu,2023,3,Others,10571,0.085
dadra-&-nagar-haveli-&-daman-&-diu,2023,4,Xiaomi,39207,0.26
dadra-&-nagar-haveli-&-daman-&-diu,2023,4,Samsung,29098,0.2
dadra-&-nagar-haveli-&-daman-&-diu,2023,4,Vivo,20498,0.145
dadra-&-nagar-haveli-&-daman-&-diu,2023,4,Oppo,17031,0.115
dadra-&-nagar-haveli-&-daman-&-diu,2023,4,Realme,13617,0.095
dadra-&-nagar-haveli-&-daman-&-diu,2023,4,OnePlus,6812,0.045
dadra-&-nagar-haveli-&-daman-&-diu,2023,4,Apple,4976,0.035
dadra-&-nagar-haveli-&-daman-&-diu,2023,4,Motorola,2802,0.02
dadra-&-nagar-haveli-&-daman-&-diu,2023,4,Others,12507,0.085
delhi,2018,1,Xiaomi,256649,0.26
delhi,2018,1,Samsung,204253,0.2
delhi,2018,1,Vivo,142156,0.145
delhi,2018,1,Oppo,116703,0.115
delhi,2018,1,Realme,97138,0.095
delhi,2018,1,OnePlus,47601,0.045
delhi,2018,1,Apple,36473,0.035
delhi,2018,1,Motorola,19626,0.02
delhi,2018,1,Others,85505,0.085
delhi,2018,2,Xiaomi,313581,0.26
delhi,2018,2,Samsung,247434,0.2
delhi,2018,2,Vivo,180951,0.145
delhi,2018,2,Oppo,132115,0.115
delhi,2018,2,Realme,110686,0.095
delhi,2018,2,OnePlus,51720,0.045
delhi,2018,2,Apple,44282,0.035
delhi,2018,2,Motorola,24913,0.02
delhi,2018,2,Others,101198,0.085
delhi,2018,3,Xiaomi,449336,0.26
delhi,2018,3,Samsung,352580,0.2
delhi,2018,3,Vivo,251990,0.145
delhi,2018,3,Oppo,199846,0.115
delhi,2018,3,Realme,170191,0.095
delhi,2018,3,OnePlus,80431,0.045
delhi,2018,3,Apple,62130,0.035
delhi,2018,3,Motorola,34990,0.02
delhi,2018,3,Others,142739,0.085
delhi,2018,4,Xiaomi,411007,0.26
delhi,2018,4,Samsung,328339,0.2
delhi,2018,4,Vivo,229465,0.145
delhi,2018,4,Oppo,178705,0.115
delhi,2018,4,Realme,159274,0.095
delhi,2018,4,OnePlus,72666,0.045
delhi,2018,4,Apple,57272,0.035
delhi,2018,4,Motorola,34000,0.02
delhi,2018,4,Others,138007,0.085
delhi,2019,1,Xiaomi,494398,0.26
delhi,2019,1,Samsung,349641,0.2
delhi,2019,1,Vivo,254829,0.145
delhi,2019,1,Oppo,208306,0.115
delhi,2019,1,Realme,167859,0.095
delhi,2019,1,OnePlus,82732,0.045
delhi,2019,1,Apple,63114,0.035
delhi,2019,1,Motorola,36821,0.02
delhi,2019,1,Others,156922,0.085
delhi,2019,2,Xiaomi,450975,0.26
delhi,2019,2,Samsung,376176,0.2
delhi,2019,2,Vivo,272767,0.145
delhi,2019,2,Oppo,216857,0.115
delhi,2019,2,Realme,166098,0.095
delhi,2019,2,OnePlus,82133,0.045
delhi,2019,2,Apple,66002,0.035
delhi,2019,2,Motorola,34983,0.02
delhi,2019,2,Others,158953,0.085
delhi,2019,3,Xiaomi,524841,0.26
delhi,2019,3,Samsung,416160,0.2
delhi,2019,3,Vivo,292489,0.145
delhi,2019,3,Oppo,239404,0.115
delhi,2019,3,Realme,184802,0.095
delhi,2019,3,OnePlus,85150,0.045
delhi,2019,3,Apple,68583,0.035
delhi,2019,3,Motorola,39635,0.02
delhi,2019,3,Others,172158,0.085
delhi,2019,4,Xiaomi,586634,0.26
delhi,2019,4,Samsung,464220,0.2
delhi,2019,4,Vivo,322431,0.145
delhi,2019,4,Oppo,270022,0.115
delhi,2019,4,Realme,209541,0.095
delhi,2019,4,OnePlus,104848,0.045
delhi,2019,4,Apple,82477,0.035
delhi,2019,4,Motorola,44887,0.02
delhi,2019,4,Others,190903,0.085
delhi,2020,1,Xiaomi,539545,0.26
delhi,2020,1,Samsung,403382,0.2
delhi,2020,1,Vivo,315312,0.145
delhi,2020,1,Oppo,239828,0.115
delhi,2020,1,Realme,191511,0.095
delhi,2020,1,OnePlus,95690,0.045
delhi,2020,1,Apple,72130,0.035
delhi,2020,1,Motorola,41888,0.02
delhi,2020,1,Others,178003,0.085
delhi,2020,2,Xiaomi,542546,0.26
delhi,2020,2,Samsung,403226,0.2
delhi,2020,2,Vivo,315302,0.145
delhi,2020,2,Oppo,241796,0.115
delhi,2020,2,Realme,196834,0.095
delhi,2020,2,OnePlus,92172,0.045
delhi,2020,2,Apple,70764,0.035
delhi,2020,2,Motorola,42993,0.02
delhi,2020,2,Others,181428,0.085
delhi,2020,3,Xiaomi,611240,0.26
delhi,2020,3,Samsung,457099,0.2
delhi,2020,3,Vivo,336193,0.145
delhi,2020,3,Oppo,278171,0.115
delhi,2020,3,Realme,223859,0.095
delhi,2020,3,OnePlus,104836,0.045
delhi,2020,3,Apple,85451,0.035
delhi,2020,3,Motorola,45954,0.02
delhi,2020,3,Others,210298,0.085
delhi,2020,4,Xiaomi,732895,0.26
delhi,2020,4,Samsung,585840,0.2
delhi,2020,4,Vivo,398810,0.145
delhi,2020,4,Oppo,310534,0.115
delhi,2020,4,Realme,258820,0.095
delhi,2020,4,OnePlus,131512,0.045
delhi,2020,4,Apple,102578,0.035
delhi,2020,4,Motorola,54204,0.02
delhi,2020,4,Others,241419,0.085
delhi,2021,1,Xiaomi,616534,0.26
delhi,2021,1,Samsung,484580,0.2
delhi,2021,1,Vivo,346726,0.145
delhi,2021,1,Oppo,276845,0.115
delhi,2021,1,Realme,226666,0.095
delhi,2021,1,OnePlus,108608,0.045
delhi,2021,1,Apple,85769,0.035
delhi,2021,1,Motorola,50126,0.02
delhi,2021,1,Others,206976,0.085
delhi,2021,2,Xiaomi,665092,0.26
delhi,2021,2,Samsung,501121,0.2
delhi,2021,2,Vivo,377824,0.145
delhi,2021,2,Oppo,307398,0.115
delhi,2021,2,Realme,254337,0.095
delhi,2021,2,OnePlus,109705,0.045
delhi,2021,2,Apple,92369,0.035
delhi,2021,2,Motorola,53069,0.02
delhi,2021,2,Others,223956,0.085
delhi,2021,3,Xiaomi,807212,0.26
delhi,2021,3,Samsung,629889,0.2
delhi,2021,3,Vivo,460775,0.145
delhi,2021,3,Oppo,335484,0.115
delhi,2021,3,Realme,302254,0.095
delhi,2021,3,OnePlus,139126,0.045
delhi,2021,3,Apple,109795,0.035
delhi,2021,3,Motorola,61001,0.02
delhi,2021,3,Others,265177,0.085
delhi,2021,4,Xiaomi,892278,0.26
delhi,2021,4,Samsung,674750,0.2
delhi,2021,4,Vivo,470667,0.145
delhi,2021,4,Oppo,390501,0.115
delhi,2021,4,Realme,313140,0.095
delhi,2021,4,OnePlus,151290,0.045
delhi,2021,4,Apple,115814,0.035
delhi,2021,4,Motorola,62698,0.02
delhi,2021,4,Others,292239,0.085
delhi,2022,1,Xiaomi,702210,0.26
delhi,2022,1,Samsung,560203,0.2
delhi,2022,1,Vivo,394394,0.145
delhi,2022,1,Oppo,322741,0.115
delhi,2022,1,Realme,253598,0.095
delhi,2022,1,OnePlus,127820,0.045
delhi,2022,1,Apple,99403,0.035
delhi,2022,1,Motorola,54546,0.02
delhi,2022,1,Others,224983,0.085
delhi,2022,2,Xiaomi,700046,0.26
delhi,2022,2,Samsung,517040,0.2
delhi,2022,2,Vivo,386068,0.145
delhi,2022,2,Oppo,300911,0.115
delhi,2022,2,Realme,257926,0.095
delhi,2022,2,OnePlus,113623,0.045
delhi,2022,2,Apple,91838,0.035
delhi,2022,2,Motorola,55136,0.02
delhi,2022,2,Others,214778,0.085
delhi,2022,3,Xiaomi,728982,0.26
delhi,2022,3,Samsung,563959,0.2
delhi,2022,3,Vivo,404102,0.145
delhi,2022,3,Oppo,336615,0.115
delhi,2022,3,Realme,271323,0.095
delhi,2022,3,OnePlus,138246,0.045
delhi,2022,3,Apple,102250,0.035
delhi,2022,3,Motorola,58855,0.02
delhi,2022,3,Others,243897,0.085
delhi,2022,4,Xiaomi,981595,0.26
delhi,2022,4,Samsung,749000,0.2
delhi,2022,4,Vivo,518363,0.145
delhi,2022,4,Oppo,438971,0.115
delhi,2022,4,Realme,340971,0.095
delhi,2022,4,OnePlus,168850,0.045
delhi,2022,4,Apple,128023,0.035
delhi,2022,4,Motorola,76780,0.02
delhi,2022,4,Others,323650,0.085
delhi,2023,1,Xiaomi,740731,0.26
delhi,2023,1,Samsung,557803,0.2
delhi,2023,1,Vivo,402621,0.145
delhi,2023,1,Oppo,316358,0.115
delhi,2023,1,Realme,266764,0.095
delhi,2023,1,OnePlus,130185,0.045
delhi,2023,1,Apple,96704,0.035
delhi,2023,1,Motorola,56141,0.02
delhi,2023,1,Others,246895,0.085
delhi,2023,2,Xiaomi,884335,0.26
delhi,2023,2,Samsung,659570,0.2
delhi,2023,2,Vivo,464873,0.145
delhi,2023,2,Oppo,361894,0.115
delhi,2023,2,Realme,318268,0.095
delhi,2023,2,OnePlus,145936,0.045
delhi,2023,2,Apple,115547,0.035
delhi,2023,2,Motorola,68058,0.02
delhi,2023,2,Others,283181,0.085
delhi,2023,3,Xiaomi,778329,0.26
delhi,2023,3,Samsung,611978,0.2
delhi,2023,3,Vivo,427255,0.145
delhi,2023,3,Oppo,341720,0.115
delhi,2023,3,Realme,275587,0.095
delhi,2023,3,OnePlus,143799,0.045
delhi,2023,3,Apple,111039,0.035
delhi,2023,3,Motorola,59795,0.02
delhi,2023,3,Others,250792,0.085
delhi,2023,4,Xiaomi,940074,0.26
delhi,2023,4,Samsung,707007,0.2
delhi,2023,4,Vivo,525437,0.145
delhi,2023,4,Oppo,399352,0.115
delhi,2023,4,Realme,349767,0.095
delhi,2023,4,OnePlus,160023,0.045
delhi,2023,4,Apple,127481,0.035
delhi,2023,4,Motorola,69583,0.02
delhi,2023,4,Others,299654,0.085
goa,2018,1,Xiaomi,28940,0.26
goa,2018,1,Samsung,24017,0.2
goa,2018,1,Vivo,16004,0.145
goa,2018,1,Oppo,13635,0.115
goa,2018,1,Realme,10661,0.095
goa,2018,1,OnePlus,5042,0.045
goa,2018,1,Apple,3909,0.035
goa,2018,1,Motorola,2367,0.02
goa,2018,1,Others,9660,0.085
goa,2018,2,Xiaomi,37937,0.26
goa,2018,2,Samsung,28311,0.2
goa,2018,2,Vivo,21459,0.145
goa,2018,2,Oppo,17038,0.115
goa,2018,2,Realme,13836,0.095
goa,2018,2,OnePlus,6438,0.045
goa,2018,2,Apple,5041,0.035
goa,2018,2,Motorola,2781,0.02
goa,2018,2,Others,12449,0.085
goa,2018,3,Xiaomi,44817,0.26
goa,2018,3,Samsung,34756,0.2
goa,2018,3,Vivo,23956,0.145
goa,2018,3,Oppo,20432,0.115
goa,2018,3,Realme,16851,0.095
goa,2018,3,OnePlus,8092,0.045
goa,2018,3,Apple,6296,0.035
goa,2018,3,Motorola,3407,0.02
goa,2018,3,Others,14599,0.085
goa,2018,4,Xiaomi,52722,0.26
goa,2018,4,Samsung,39068,0.2
goa,2018,4,Vivo,30795,0.145
goa,2018,4,Oppo,24190,0.115
goa,2018,4,Realme,18690,0.095
goa,2018,4,OnePlus,9626,0.045
goa,2018,4,Apple,7196,0.035
goa,2018,4,Motorola,4130,0.02
goa,2018,4,Others,17453,0.085
goa,2019,1,Xiaomi,50167,0.26
goa,2019,1,Samsung,39276,0.2
goa,2019,1,Vivo,27342,0.145
goa,2019,1,Oppo,23104,0.115
goa,2019,1,Realme,19082,0.095
goa,2019,1,OnePlus,8418,0.045
goa,2019,1,Apple,6946,0.035
goa,2019,1,Motorola,3988,0.02
goa,2019,1,Others,15700,0.085
goa,2019,2,Xiaomi,51087,0.26
goa,2019,2,Samsung,37064,0.2
goa,2019,2,Vivo,28373,0.145
goa,2019,2,Oppo,22521,0.115
goa,2019,2,Realme,17867,0.095
goa,2019,2,OnePlus,8437,0.045
goa,2019,2,Apple,6523,0.035
goa,2019,2,Motorola,3653,0.02
goa,2019,2,Others,15963,0.085
goa,2019,3,Xiaomi,61987,0.26
goa,2019,3,Samsung,47175,0.2
goa,2019,3,Vivo,34015,0.145
goa,2019,3,Oppo,27941,0.115
goa,2019,3,Realme,21750,0.095
goa,2019,3,OnePlus,10720,0.045
goa,2019,3,Apple,8018,0.035
goa,2019,3,Motorola,4496,0.02
goa,2019,3,Others,19915,0.085
goa,2019,4,Xiaomi,68112,0.26
goa,2019,4,Samsung,49525,0.2
goa,2019,4,Vivo,36115,0.145
goa,2019,4,Oppo,27602,0.115
goa,2019,4,Realme,23026,0.095
goa,2019,4,OnePlus,11772,0.045
goa,2019,4,Apple,8811,0.035
goa,2019,4,Motorola,4832,0.02
goa,2019,4,Others,20907,0.085
goa,2020,1,Xiaomi,57764,0.26
goa,2020,1,Samsung,42137,0.2
goa,2020,1,Vivo,30985,0.145
goa,2020,1,Oppo,26436,0.115
goa,2020,1,Realme,21506,0.095
goa,2020,1,OnePlus,9841,0.045
goa,2020,1,Apple,7702,0.035
goa,2020,1,Motorola,4285,0.02
goa,2020,1,Others,19023,0.085
goa,2020,2,Xiaomi,65372,0.26
goa,2020,2,Samsung,50344,0.2
goa,2020,2,Vivo,34771,0.145
goa,2020,2,Oppo,26635,0.115
goa,2020,2,Realme,23876,0.095
goa,2020,2,OnePlus,10745,0.045
goa,2020,2,Apple,8792,0.035
goa,2020,2,Motorola,4795,0.02
goa,2020,2,Others,21202,0.085
goa,2020,3,Xiaomi,75078,0.26
goa,2020,3,Samsung,54988,0.2
goa,2020,3,Vivo,40803,0.145
goa,2020,3,Oppo,30245,0.115
goa,2020,3,Realme,27395,0.095
goa,2020,3,OnePlus,12512,0.045
goa,2020,3,Apple,9548,0.035
goa,2020,3,Motorola,5506,0.02
goa,2020,3,Others,22465,0.085
goa,2020,4,Xiaomi,84549,0.26
goa,2020,4,Samsung,65386,0.2
goa,2020,4,Vivo,47559,0.145
goa,2020,4,Oppo,38071,0.115
goa,2020,4,Realme,29006,0.095
goa,2020,4,OnePlus,13966,0.045
goa,2020,4,Apple,10968,0.035
goa,2020,4,Motorola,6210,0.02
goa,2020,4,Others,25831,0.085
goa,2021,1,Xiaomi,68992,0.26
goa,2021,1,Samsung,49952,0.2
goa,2021,1,Vivo,36984,0.145
goa,2021,1,Oppo,29365,0.115
goa,2021,1,Realme,24187,0.095
goa,2021,1,OnePlus,11265,0.045
goa,2021,1,Apple,9102,0.035
goa,2021,1,Motorola,5215,0.02
goa,2021,1,Others,20943,0.085
goa,2021,2,Xiaomi,76610,0.26
goa,2021,2,Samsung,55116,0.2
goa,2021,2,Vivo,41215,0.145
goa,2021,2,Oppo,31934,0.115
goa,2021,2,Realme,26121,0.095
goa,2021,2,OnePlus,12060,0.045
goa,2021,2,Apple,9856,0.035
goa,2021,2,Motorola,5554,0.02
goa,2021,2,Others,24608,0.085
goa,2021,3,Xiaomi,74586,0.26
goa,2021,3,Samsung,59397,0.2
goa,2021,3,Vivo,42849,0.145
goa,2021,3,Oppo,34300,0.115
goa,2021,3,Realme,27540,0.095
goa,2021,3,OnePlus,13771,0.045
goa,2021,3,Apple,10512,0.035
goa,2021,3,Motorola,5891,0.02
goa,2021,3,Others,26392,0.085
goa,2021,4,Xiaomi,86403,0.26
goa,2021,4,Samsung,62067,0.2
goa,2021,4,Vivo,45892,0.145
goa,2021,4,Oppo,37211,0.115
goa,2021,4,Realme,31043,0.095
goa,2021,4,OnePlus,15005,0.045
goa,2021,4,Apple,11484,0.035
goa,2021,4,Motorola,6638,0.02
goa,2021,4,Others,27602,0.085
goa,2022,1,Xiaomi,68868,0.26
goa,2022,1,Samsung,51601,0.2
goa,2022,1,Vivo,39182,0.145
goa,2022,1,Oppo,29265,0.115
goa,2022,1,Realme,24166,0.095
goa,2022,1,OnePlus,12244,0.045
goa,2022,1,Apple,8817,0.035
goa,2022,1,Motorola,5294,0.02
goa,2022,1,Others,22046,0.085
goa,2022,2,Xiaomi,91396,0.26
goa,2022,2,Samsung,67683,0.2
goa,2022,2,Vivo,51711,0.145
goa,2022,2,Oppo,39908,0.115
goa,2022,2,Realme,31280,0.095
goa,2022,2,OnePlus,15104,0.045
goa,2022,2,Apple,11411,0.035
goa,2022,2,Motorola,6806,0.02
goa,2022,2,Others,30128,0.085
goa,2022,3,Xiaomi,90485,0.26
goa,2022,3,Samsung,69313,0.2
goa,2022,3,Vivo,51947,0.145
goa,2022,3,Oppo,41185,0.115
goa,2022,3,Realme,31728,0.095
goa,2022,3,OnePlus,15158,0.045
goa,2022,3,Apple,11678,0.035
goa,2022,3,Motorola,7090,0.02
goa,2022,3,Others,28236,0.085
goa,2022,4,Xiaomi,92854,0.26
goa,2022,4,Samsung,68869,0.2
goa,2022,4,Vivo,53793,0.145
goa,2022,4,Oppo,41259,0.115
goa,2022,4,Realme,35147,0.095
goa,2022,4,OnePlus,15617,0.045
goa,2022,4,Apple,12834,0.035
goa,2022,4,Motorola,6844,0.02
goa,2022,4,Others,30119,0.085
goa,2023,1,Xiaomi,74234,0.26
goa,2023,1,Samsung,58078,0.2
goa,2023,1,Vivo,43743,0.145
goa,2023,1,Oppo,33821,0.115
goa,2023,1,Realme,27753,0.095
goa,2023,1,OnePlus,13306,0.045
goa,2023,1,Apple,10294,0.035
goa,2023,1,Motorola,5725,0.02
goa,2023,1,Others,25371,0.085
goa,2023,2,Xiaomi,85443,0.26
goa,2023,2,Samsung,65273,0.2
goa,2023,2,Vivo,47779,0.145
goa,2023,2,Oppo,37071,0.115
goa,2023,2,Realme,30592,0.095
goa,2023,2,OnePlus,15146,0.045
goa,2023,2,Apple,11665,0.035
goa,2023,2,Motorola,6542,0.02
goa,2023,2,Others,28610,0.085
goa,2023,3,Xiaomi,89279,0.26
goa,2023,3,Samsung,72262,0.2
goa,2023,3,Vivo,51711,0.145
goa,2023,3,Oppo,41665,0.115
goa,2023,3,Realme,33972,0.095
goa,2023,3,OnePlus,15753,0.045
goa,2023,3,Apple,11806,0.035
goa,2023,3,Motorola,6987,0.02
goa,2023,3,Others,29168,0.085
goa,2023,4,Xiaomi,100351,0.26
goa,2023,4,Samsung,77785,0.2
goa,2023,4,Vivo,58676,0.145
goa,2023,4,Oppo,45732,0.115
goa,2023,4,Realme,36891,0.095
goa,2023,4,OnePlus,17986,0.045
goa,2023,4,Apple,13760,0.035
goa,2023,4,Motorola,8328,0.02
goa,2023,4,Others,35325,0.085
gujarat,2018,1,Xiaomi,273616,0.26
gujarat,2018,1,Samsung,202645,0.2
gujarat,2018,1,Vivo,157993,0.145
gujarat,2018,1,Oppo,123429,0.115
gujarat,2018,1,Realme,104665,0.095
gujarat,2018,1,OnePlus,49040,0.045
gujarat,2018,1,Apple,38560,0.035
gujarat,2018,1,Motorola,20370,0.02
gujarat,2018,1,Others,92700,0.085
gujarat,2018,2,Xiaomi,315170,0.26
gujarat,2018,2,Samsung,236322,0.2
gujarat,2018,2,Vivo,176709,0.145
gujarat,2018,2,Oppo,142537,0.115
gujarat,2018,2,Realme,116175,0.095
gujarat,2018,2,OnePlus,57044,0.045
gujarat,2018,2,Apple,41296,0.035
gujarat,2018,2,Motorola,24079,0.02
gujarat,2018,2,Others,103197,0.085
gujarat,2018,3,Xiaomi,368097,0.26
gujarat,2018,3,Samsung,270887,0.2
gujarat,2018,3,Vivo,209715,0.145
gujarat,2018,3,Oppo,155243,0.115
gujarat,2018,3,Realme,132255,0.095
gujarat,2018,3,OnePlus,63656,0.045
gujarat,2018,3,Apple,49885,0.035
gujarat,2018,3,Motorola,29008,0.02
gujarat,2018,3,Others,114799,0.085
gujarat,2018,4,Xiaomi,441214,0.26
gujarat,2018,4,Samsung,331828,0.2
gujarat,2018,4,Vivo,240082,0.145
gujarat,2018,4,Oppo,188106,0.115
gujarat,2018,4,Realme,166094,0.095
gujarat,2018,4,OnePlus,73111,0.045
gujarat,2018,4,Apple,56187,0.035
gujarat,2018,4,Motorola,32882,0.02
gujarat,2018,4,Others,147321,0.085
gujarat,2019,1,Xiaomi,377910,0.26
gujarat,2019,1,Samsung,276353,0.2
gujarat,2019,1,Vivo,204823,0.145
gujarat,2019,1,Oppo,159768,0.115
gujarat,2019,1,Realme,139866,0.095
gujarat,2019,1,OnePlus,65108,0.045
gujarat,2019,1,Apple,50141,0.035
gujarat,2019,1,Motorola,27432,0.02
gujarat,2019,1,Others,125265,0.085
gujarat,2019,2,Xiaomi,485992,0.26
gujarat,2019,2,Samsung,365522,0.2
gujarat,2019,2,Vivo,250007,0.145
gujarat,2019,2,Oppo,205577,0.115
gujarat,2019,2,Realme,167005,0.095
gujarat,2019,2,OnePlus,78102,0.045
gujarat,2019,2,Apple,64265,0.035
gujarat,2019,2,Motorola,34541,0.02
gujarat,2019,2,Others,155022,0.085
gujarat,2019,3,Xiaomi,517914,0.26
gujarat,2019,3,Samsung,390168,0.2
gujarat,2019,3,Vivo,270932,0.145
gujarat,2019,3,Oppo,222141,0.115
gujarat,2019,3,Realme,188793,0.095
gujarat,2019,3,OnePlus,89857,0.045
gujarat,2019,3,Apple,64998,0.035
gujarat,2019,3,Motorola,39889,0.02
gujarat,2019,3,Others,156861,0.085
gujarat,2019,4,Xiaomi,589299,0.26
gujarat,2019,4,Samsung,471611,0.2
gujarat,2019,4,Vivo,321692,0.145
gujarat,2019,4,Oppo,266809,0.115
gujarat,2019,4,Realme,221498,0.095
gujarat,2019,4,OnePlus,103405,0.045
gujarat,2019,4,Apple,83485,0.035
gujarat,2019,4,Motorola,44136,0.02
gujarat,2019,4,Others,200447,0.085
gujarat,2020,1,Xiaomi,496405,0.26
gujarat,2020,1,Samsung,349163,0.2
gujarat,2020,1,Vivo,274970,0.145
gujarat,2020,1,Oppo,213872,0.115
gujarat,2020,1,Realme,169518,0.095
gujarat,2020,1,OnePlus,84578,0.045
gujarat,2020,1,Apple,62775,0.035
gujarat,2020,1,Motorola,35959,0.02
gujarat,2020,1,Others,150818,0.085
gujarat,2020,2,Xiaomi,556621,0.26
gujarat,2020,2,Samsung,460287,0.2
gujarat,2020,2,Vivo,329243,0.145
gujarat,2020,2,Oppo,251724,0.115
gujarat,2020,2,Realme,211329,0.095
gujarat,2020,2,OnePlus,102775,0.045
gujarat,2020,2,Apple,78643,0.035
gujarat,2020,2,Motorola,42470,0.02
gujarat,2020,2,Others,187592,0.085
gujarat,2020,3,Xiaomi,645293,0.26
gujarat,2020,3,Samsung,489548,0.2
gujarat,2020,3,Vivo,339197,0.145
gujarat,2020,3,Oppo,287445,0.115
gujarat,2020,3,Realme,226743,0.095
gujarat,2020,3,OnePlus,109616,0.045
gujarat,2020,3,Apple,82468,0.035
gujarat,2020,3,Motorola,49348,0.02
gujarat,2020,3,Others,207613,0.085
gujarat,2020,4,Xiaomi,690385,0.26
gujarat,2020,4,Samsung,534733,0.2
gujarat,2020,4,Vivo,386085,0.145
gujarat,2020,4,Oppo,295677,0.115
gujarat,2020,4,Realme,236994,0.095
gujarat,2020,4,OnePlus,118785,0.045
gujarat,2020,4,Apple,87418,0.035
gujarat,2020,4,Motorola,50591,0.02
gujarat,2020,4,Others,221873,0.085
gujarat,2021,1,Xiaomi,571234,0.26
gujarat,2021,1,Samsung,437667,0.2
gujarat,2021,1,Vivo,313804,0.145
gujarat,2021,1,Oppo,246615,0.115
gujarat,2021,1,Realme,199758,0.095
gujarat,2021,1,OnePlus,96178,0.045
gujarat,2021,1,Apple,78088,0.035
gujarat,2021,1,Motorola,44410,0.02
gujarat,2021,1,Others,181651,0.085
gujarat,2021,2,Xiaomi,661684,0.26
gujarat,2021,2,Samsung,534364,0.2
gujarat,2021,2,Vivo,368848,0.145
gujarat,2021,2,Oppo,305339,0.115
gujarat,2021,2,Realme,244475,0.095
gujarat,2021,2,OnePlus,120017,0.045
gujarat,2021,2,Apple,91681,0.035
gujarat,2021,2,Motorola,52720,0.02
gujarat,2021,2,Others,213823,0.085
gujarat,2021,3,Xiaomi,627798,0.26
gujarat,2021,3,Samsung,518209,0.2
gujarat,2021,3,Vivo,356863,0.145
gujarat,2021,3,Oppo,279543,0.115
gujarat,2021,3,Realme,226092,0.095
gujarat,2021,3,OnePlus,108710,0.045
gujarat,2021,3,Apple,86214,0.035
gujarat,2021,3,Motorola,49891,0.02
gujarat,2021,3,Others,210088,0.085
gujarat,2021,4,Xiaomi,717669,0.26
gujarat,2021,4,Samsung,555328,0.2
gujarat,2021,4,Vivo,397000,0.145
gujarat,2021,4,Oppo,338860,0.115
gujarat,2021,4,Realme,277286,0.095
gujarat,2021,4,OnePlus,130405,0.045
gujarat,2021,4,Apple,95735,0.035
gujarat,2021,4,Motorola,55274,0.02
gujarat,2021,4,Others,246781,0.085
gujarat,2022,1,Xiaomi,609296,0.26
gujarat,2022,1,Samsung,505221,0.2
gujarat,2022,1,Vivo,336006,0.145
gujarat,2022,1,Oppo,279923,0.115
gujarat,2022,1,Realme,231956,0.095
gujarat,2022,1,OnePlus,114134,0.045
gujarat,2022,1,Apple,88264,0.035
gujarat,2022,1,Motorola,47377,0.02
gujarat,2022,1,Others,212598,0.085
gujarat,2022,2,Xiaomi,661214,0.26
gujarat,2022,2,Samsung,527722,0.2
gujarat,2022,2,Vivo,350051,0.145
gujarat,2022,2,Oppo,285038,0.115
gujarat,2022,2,Realme,241227,0.095
gujarat,2022,2,OnePlus,113527,0.045
gujarat,2022,2,Apple,88646,0.035
gujarat,2022,2,Motorola,48264,0.02
gujarat,2022,2,Others,225570,0.085
gujarat,2022,3,Xiaomi,813925,0.26
gujarat,2022,3,Samsung,582115,0.2
gujarat,2022,3,Vivo,445660,0.145
gujarat,2022,3,Oppo,347320,0.115
gujarat,2022,3,Realme,280537,0.095
gujarat,2022,3,OnePlus,143144,0.045
gujarat,2022,3,Apple,105634,0.035
gujarat,2022,3,Motorola,61199,0.02
gujarat,2022,3,Others,261420,0.085
gujarat,2022,4,Xiaomi,960256,0.26
gujarat,2022,4,Samsung,683792,0.2
gujarat,2022,4,Vivo,536107,0.145
gujarat,2022,4,Oppo,389993,0.115
gujarat,2022,4,Realme,353036,0.095
gujarat,2022,4,OnePlus,158371,0.045
gujarat,2022,4,Apple,124261,0.035
gujarat,2022,4,Motorola,68532,0.02
gujarat,2022,4,Others,300537,0.085
gujarat,2023,1,Xiaomi,698334,0.26
gujarat,2023,1,Samsung,521968,0.2
gujarat,2023,1,Vivo,386140,0.145
gujarat,2023,1,Oppo,285617,0.115
gujarat,2023,1,Realme,247624,0.095
gujarat,2023,1,OnePlus,113062,0.045
gujarat,2023,1,Apple,93360,0.035
gujarat,2023,1,Motorola,50865,0.02
gujarat,2023,1,Others,216277,0.085
gujarat,2023,2,Xiaomi,776758,0.26
gujarat,2023,2,Samsung,598007,0.2
gujarat,2023,2,Vivo,444366,0.145
gujarat,2023,2,Oppo,324941,0.115
gujarat,2023,2,Realme,267534,0.095
gujarat,2023,2,OnePlus,135793,0.045
gujarat,2023,2,Apple,98528,0.035
gujarat,2023,2,Motorola,57126,0.02
gujarat,2023,2,Others,259078,0.085
gujarat,2023,3,Xiaomi,992735,0.26
gujarat,2023,3,Samsung,737379,0.2
gujarat,2023,3,Vivo,536244,0.145
gujarat,2023,3,Oppo,418629,0.115
gujarat,2023,3,Realme,348049,0.095
gujarat,2023,3,OnePlus,170771,0.045
gujarat,2023,3,Apple,126193,0.035
gujarat,2023,3,Motorola,70520,0.02
gujarat,2023,3,Others,324227,0.085
gujarat,2023,4,Xiaomi,977358,0.26
gujarat,2023,4,Samsung,750682,0.2
gujarat,2023,4,Vivo,530150,0.145
gujarat,2023,4,Oppo,439033,0.115
gujarat,2023,4,Realme,367091,0.095
gujarat,2023,4,OnePlus,170981,0.045
gujarat,2023,4,Apple,133560,0.035
gujarat,2023,4,Motorola,76310,0.02
gujarat,2023,4,Others,328626,0.085
haryana,2018,1,Xiaomi,182740,0.26
haryana,2018,1,Samsung,131525,0.2
haryana,2018,1,Vivo,99219,0.145
haryana,2018,1,Oppo,75852,0.115
haryana,2018,1,Realme,65871,0.095
haryana,2018,1,OnePlus,31295,0.045
haryana,2018,1,Apple,23812,0.035
haryana,2018,1,Motorola,13499,0.02
haryana,2018,1,Others,60110,0.085
haryana,2018,2,Xiaomi,230318,0.26
haryana,2018,2,Samsung,166220,0.2
haryana,2018,2,Vivo,130879,0.145
haryana,2018,2,Oppo,95493,0.115
haryana,2018,2,Realme,80353,0.095
haryana,2018,2,OnePlus,41091,0.045
haryana,2018,2,Apple,30764,0.035
haryana,2018,2,Motorola,17200,0.02
haryana,2018,2,Others,73565,0.085
haryana,2018,3,Xiaomi,272961,0.26
haryana,2018,3,Samsung,206673,0.2
haryana,2018,3,Vivo,154684,0.145
haryana,2018,3,Oppo,120776,0.115
haryana,2018,3,Realme,106819,0.095
haryana,2018,3,OnePlus,46628,0.045
haryana,2018,3,Apple,37725,0.035
haryana,2018,3,Motorola,22065,0.02
haryana,2018,3,Others,89477,0.085
haryana,2018,4,Xiaomi,343682,0.26
haryana,2018,4,Samsung,266636,0.2
haryana,2018,4,Vivo,189139,0.145
haryana,2018,4,Oppo,153196,0.115
haryana,2018,4,Realme,122154,0.095
haryana,2018,4,OnePlus,58840,0.045
haryana,2018,4,Apple,46719,0.035
haryana,2018,4,Motorola,25779,0.02
haryana,2018,4,Others,105348,0.085
haryana,2019,1,Xiaomi,298791,0.26
haryana,2019,1,Samsung,233140,0.2
haryana,2019,1,Vivo,171288,0.145
haryana,2019,1,Oppo,135448,0.115
haryana,2019,1,Realme,108634,0.095
haryana,2019,1,OnePlus,52407,0.045
haryana,2019,1,Apple,41336,0.035
haryana,2019,1,Motorola,23864,0.02
haryana,2019,1,Others,98300,0.085
haryana,2019,2,Xiaomi,301766,0.26
haryana,2019,2,Samsung,228123,0.2
haryana,2019,2,Vivo,164446,0.145
haryana,2019,2,Oppo,127352,0.115
haryana,2019,2,Realme,104487,0.095
haryana,2019,2,OnePlus,49725,0.045
haryana,2019,2,Apple,41038,0.035
haryana,2019,2,Motorola,22831,0.02
haryana,2019,2,Others,95864,0.085
haryana,2019,3,Xiaomi,349629,0.26
haryana,2019,3,Samsung,276811,0.2
haryana,2019,3,Vivo,188814,0.145
haryana,2019,3,Oppo,153396,0.115
haryana,2019,3,Realme,123639,0.095
haryana,2019,3,OnePlus,62564,0.045
haryana,2019,3,Apple,47334,0.035
haryana,2019,3,Motorola,26187,0.02
haryana,2019,3,Others,114708,0.085
haryana,2019,4,Xiaomi,464090,0.26
haryana,2019,4,Samsung,343947,0.2
haryana,2019,4,Vivo,251416,0.145
haryana,2019,4,Oppo,200467,0.115
haryana,2019,4,Realme,157955,0.095
haryana,2019,4,OnePlus,81966,0.045
haryana,2019,4,Apple,59394,0.035
haryana,2019,4,Motorola,33914,0.02
haryana,2019,4,Others,141172,0.085
haryana,2020,1,Xiaomi,355975,0.26
haryana,2020,1,Samsung,272317,0.2
haryana,2020,1,Vivo,195689,0.145
haryana,2020,1,Oppo,153013,0.115
haryana,2020,1,Realme,128261,0.095
haryana,2020,1,OnePlus,58869,0.045
haryana,2020,1,Apple,44912,0.035
haryana,2020,1,Motorola,27513,0.02
haryana,2020,1,Others,115286,0.085
haryana,2020,2,Xiaomi,357411,0.26
haryana,2020,2,Samsung,299092,0.2
haryana,2020,2,Vivo,209607,0.145
haryana,2020,2,Oppo,158576,0.115
haryana,2020,2,Realme,135338,0.095
haryana,2020,2,OnePlus,67820,0.045
haryana,2020,2,Apple,51688,0.035
haryana,2020,2,Motorola,29343,0.02
haryana,2020,2,Others,119397,0.085
haryana,2020,3,Xiaomi,385735,0.26
haryana,2020,3,Samsung,312080,0.2
haryana,2020,3,Vivo,208134,0.145
haryana,2020,3,Oppo,164791,0.115
haryana,2020,3,Realme,137211,0.095
haryana,2020,3,OnePlus,67753,0.045
haryana,2020,3,Apple,49655,0.035
haryana,2020,3,Motorola,29418,0.02
haryana,2020,3,Others,127092,0.085
haryana,2020,4,Xiaomi,499183,0.26
haryana,2020,4,Samsung,357192,0.2
haryana,2020,4,Vivo,268718,0.145
haryana,2020,4,Oppo,214713,0.115
haryana,2020,4,Realme,179970,0.095
haryana,2020,4,OnePlus,88190,0.045
haryana,2020,4,Apple,67515,0.035
haryana,2020,4,Motorola,37548,0.02
haryana,2020,4,Others,157263,0.085
haryana,2021,1,Xiaomi,408990,0.26
haryana,2021,1,Samsung,326707,0.2
haryana,2021,1,Vivo,228272,0.145
haryana,2021,1,Oppo,176013,0.115
haryana,2021,1,Realme,148348,0.095
haryana,2021,1,OnePlus,69223,0.045
haryana,2021,1,Apple,56752,0.035
haryana,2021,1,Motorola,32032,0.02
haryana,2021,1,Others,130747,0.085
haryana,2021,2,Xiaomi,438492,0.26
haryana,2021,2,Samsung,330031,0.2
haryana,2021,2,Vivo,240487,0.145
haryana,2021,2,Oppo,193059,0.115
haryana,2021,2,Realme,149177,0.095
haryana,2021,2,OnePlus,70812,0.045
haryana,2021,2,Apple,58848,0.035
haryana,2021,2,Motorola,33017,0.02
haryana,2021,2,Others,139765,0.085
haryana,2021,3,Xiaomi,451196,0.26
haryana,2021,3,Samsung,360935,0.2
haryana,2021,3,Vivo,256889,0.145
haryana,2021,3,Oppo,208279,0.115
haryana,2021,3,Realme,168844,0.095
haryana,2021,3,OnePlus,76364,0.045
haryana,2021,3,Apple,58149,0.035
haryana,2021,3,Motorola,34707,0.02
haryana,2021,3,Others,155113,0.085
haryana,2021,4,Xiaomi,514972,0.26
haryana,2021,4,Samsung,400404,0.2
haryana,2021,4,Vivo,289038,0.145
haryana,2021,4,Oppo,223349,0.115
haryana,2021,4,Realme,184073,0.095
haryana,2021,4,OnePlus,91104,0.045
haryana,2021,4,Apple,66949,0.035
haryana,2021,4,Motorola,37587,0.02
haryana,2021,4,Others,164297,0.085
haryana,2022,1,Xiaomi,460022,0.26
haryana,2022,1,Samsung,360446,0.2
haryana,2022,1,Vivo,250876,0.145
haryana,2022,1,Oppo,198735,0.115
haryana,2022,1,Realme,168207,0.095
haryana,2022,1,OnePlus,83548,0.045
haryana,2022,1,Apple,63868,0.035
haryana,2022,1,Motorola,36366,0.02
haryana,2022,1,Others,145498,0.085
haryana,2022,2,Xiaomi,484816,0.26
haryana,2022,2,Samsung,367123,0.2
haryana,2022,2,Vivo,268165,0.145
haryana,2022,2,Oppo,216591,0.115
haryana,2022,2,Realme,187689,0.095
haryana,2022,2,OnePlus,89386,0.045
haryana,2022,2,Apple,66956,0.035
haryana,2022,2,Motorola,39658,0.02
haryana,2022,2,Others,168624,0.085
haryana,2022,3,Xiaomi,582118,0.26
haryana,2022,3,Samsung,458623,0.2
haryana,2022,3,Vivo,340581,0.145
haryana,2022,3,Oppo,263243,0.115
haryana,2022,3,Realme,212707,0.095
haryana,2022,3,OnePlus,107966,0.045
haryana,2022,3,Apple,81345,0.035
haryana,2022,3,Motorola,45314,0.02
haryana,2022,3,Others,192716,0.085
haryana,2022,4,Xiaomi,562750,0.26
haryana,2022,4,Samsung,413798,0.2
haryana,2022,4,Vivo,319277,0.145
haryana,2022,4,Oppo,236811,0.115
haryana,2022,4,Realme,202275,0.095
haryana,2022,4,OnePlus,101491,0.045
haryana,2022,4,Apple,77351,0.035
haryana,2022,4,Motorola,45033,0.02
haryana,2022,4,Others,181084,0.085
haryana,2023,1,Xiaomi,495304,0.26
haryana,2023,1,Samsung,371828,0.2
haryana,2023,1,Vivo,266792,0.145
haryana,2023,1,Oppo,220009,0.115
haryana,2023,1,Realme,177776,0.095
haryana,2023,1,OnePlus,87340,0.045
haryana,2023,1,Apple,62631,0.035
haryana,2023,1,Motorola,38955,0.02
haryana,2023,1,Others,160590,0.085
haryana,2023,2,Xiaomi,481142,0.26
haryana,2023,2,Samsung,367051,0.2
haryana,2023,2,Vivo,277569,0.145
haryana,2023,2,Oppo,217452,0.115
haryana,2023,2,Realme,174866,0.095
haryana,2023,2,OnePlus,84989,0.045
haryana,2023,2,Apple,64326,0.035
haryana,2023,2,Motorola,37709,0.02
haryana,2023,2,Others,167711,0.085
haryana,2023,3,Xiaomi,604735,0.26
haryana,2023,3,Samsung,446244,0.2
haryana,2023,3,Vivo,345960,0.145
haryana,2023,3,Oppo,276822,0.115
haryana,2023,3,Realme,227773,0.095
haryana,2023,3,OnePlus,102193,0.045
haryana,2023,3,Apple,79150,0.035
haryana,2023,3,Motorola,45002,0.02
haryana,2023,3,Others,197418,0.085
haryana,2023,4,Xiaomi,706264,0.26
haryana,2023,4,Samsung,541034,0.2
haryana,2023,4,Vivo,373561,0.145
haryana,2023,4,Oppo,300308,0.115
haryana,2023,4,Realme,249913,0.095
haryana,2023,4,OnePlus,118643,0.045
haryana,2023,4,Apple,94854,0.035
haryana,2023,4,Motorola,50052,0.02
haryana,2023,4,Others,220590,0.085
himachal-pradesh,2018,1,Xiaomi,45907,0.26
himachal-pradesh,2018,1,Samsung,38042,0.2
himachal-pradesh,2018,1,Vivo,25772,0.145
himachal-pradesh,2018,1,Oppo,22093,0.115
himachal-pradesh,2018,1,Realme,18128,0.095
himachal-pradesh,2018,1,OnePlus,8082,0.045
himachal-pradesh,2018,1,Apple,6139,0.035
himachal-pradesh,2018,1,Motorola,3655,0.02
himachal-pradesh,2018,1,Others,15239,0.085
himachal-pradesh,2018,2,Xiaomi,56196,0.26
himachal-pradesh,2018,2,Samsung,45170,0.2
himachal-pradesh,2018,2,Vivo,32280,0.145
himachal-pradesh,2018,2,Oppo,25946,0.115
himachal-pradesh,2018,2,Realme,21603,0.095
himachal-pradesh,2018,2,OnePlus,9421,0.045
himachal-pradesh,2018,2,Apple,7342,0.035
himachal-pradesh,2018,2,Motorola,4431,0.02
himachal-pradesh,2018,2,Others,18235,0.085
himachal-pradesh,2018,3,Xiaomi,60185,0.26
himachal-pradesh,2018,3,Samsung,49686,0.2
himachal-pradesh,2018,3,Vivo,35118,0.145
himachal-pradesh,2018,3,Oppo,26810,0.115
himachal-pradesh,2018,3,Realme,22225,0.095
himachal-pradesh,2018,3,OnePlus,10689,0.045
himachal-pradesh,2018,3,Apple,8102,0.035
himachal-pradesh,2018,3,Motorola,4592,0.02
himachal-pradesh,2018,3,Others,20165,0.085
himachal-pradesh,2018,4,Xiaomi,85208,0.26
himachal-pradesh,2018,4,Samsung,63846,0.2
himachal-pradesh,2018,4,Vivo,45323,0.145
himachal-pradesh,2018,4,Oppo,37026,0.115
himachal-pradesh,2018,4,Realme,30570,0.095
himachal-pradesh,2018,4,OnePlus,14884,0.045
himachal-pradesh,2018,4,Apple,10803,0.035
himachal-pradesh,2018,4,Motorola,6549,0.02
himachal-pradesh,2018,4,Others,25796,0.085
himachal-pradesh,2019,1,Xiaomi,66388,0.26
himachal-pradesh,2019,1,Samsung,52191,0.2
himachal-pradesh,2019,1,Vivo,35738,0.145
himachal-pradesh,2019,1,Oppo,29928,0.115
himachal-pradesh,2019,1,Realme,23159,0.095
himachal-pradesh,2019,1,OnePlus,11958,0.045
himachal-pradesh,2019,1,Apple,9304,0.035
himachal-pradesh,2019,1,Motorola,5298,0.02
himachal-pradesh,2019,1,Others,20982,0.085
himachal-pradesh,2019,2,Xiaomi,78156,0.26
himachal-pradesh,2019,2,Samsung,62374,0.2
himachal-pradesh,2019,2,Vivo,42893,0.145
himachal-pradesh,2019,2,Oppo,36927,0.115
himachal-pradesh,2019,2,Realme,28056,0.095
himachal-pradesh,2019,2,OnePlus,13552,0.045
himachal-pradesh,2019,2,Apple,10339,0.035
himachal-pradesh,2019,2,Motorola,6465,0.02
himachal-pradesh,2019,2,Others,27181,0.085
himachal-pradesh,2019,3,Xiaomi,75712,0.26
himachal-pradesh,2019,3,Samsung,59698,0.2
himachal-pradesh,2019,3,Vivo,43479,0.145
himachal-pradesh,2019,3,Oppo,35822,0.115
himachal-pradesh,2019,3,Realme,28785,0.095
himachal-pradesh,2019,3,OnePlus,13555,0.045
himachal-pradesh,2019,3,Apple,10852,0.035
himachal-pradesh,2019,3,Motorola,6174,0.02
himachal-pradesh,2019,3,Others,24895,0.085
himachal-pradesh,2019,4,Xiaomi,99979,0.26
himachal-pradesh,2019,4,Samsung,74784,0.2
himachal-pradesh,2019,4,Vivo,58691,0.145
himachal-pradesh,2019,4,Oppo,45975,0.115
himachal-pradesh,2019,4,Realme,35402,0.095
himachal-pradesh,2019,4,OnePlus,18362,0.045
himachal-pradesh,2019,4,Apple,13277,0.035
himachal-pradesh,2019,4,Motorola,7835,0.02
himachal-pradesh,2019,4,Others,34123,0.085
himachal-pradesh,2020,1,Xiaomi,78744,0.26
himachal-pradesh,2020,1,Samsung,58782,0.2
himachal-pradesh,2020,1,Vivo,42104,0.145
himachal-pradesh,2020,1,Oppo,34787,0.115
himachal-pradesh,2020,1,Realme,29429,0.095
himachal-pradesh,2020,1,OnePlus,12876,0.045
himachal-pradesh,2020,1,Apple,10513,0.035
himachal-pradesh,2020,1,Motorola,5723,0.02
himachal-pradesh,2020,1,Others,26430,0.085
himachal-pradesh,2020,2,Xiaomi,87807,0.26
himachal-pradesh,2020,2,Samsung,69439,0.2
himachal-pradesh,2020,2,Vivo,49011,0.145
himachal-pradesh,2020,2,Oppo,38975,0.115
himachal-pradesh,2020,2,Realme,33060,0.095
himachal-pradesh,2020,2,OnePlus,15490,0.045
himachal-pradesh,2020,2,Apple,11338,0.035
himachal-pradesh,2020,2,Motorola,6770,0.02
himachal-pradesh,2020,2,Others,29594,0.085
himachal-pradesh,2020,3,Xiaomi,96570,0.26
himachal-pradesh,2020,3,Samsung,70658,0.2
himachal-pradesh,2020,3,Vivo,54269,0.145
himachal-pradesh,2020,3,Oppo,40523,0.115
himachal-pradesh,2020,3,Realme,35169,0.095
himachal-pradesh,2020,3,OnePlus,16063,0.045
himachal-pradesh,2020,3,Apple,12375,0.035
himachal-pradesh,2020,3,Motorola,7189,0.02
himachal-pradesh,2020,3,Others,30103,0.085
himachal-pradesh,2020,4,Xiaomi,112626,0.26
himachal-pradesh,2020,4,Samsung,93491,0.2
himachal-pradesh,2020,4,Vivo,62662,0.145
himachal-pradesh,2020,4,Oppo,50228,0.115
himachal-pradesh,2020,4,Realme,41849,0.095
himachal-pradesh,2020,4,OnePlus,20532,0.045
himachal-pradesh,2020,4,Apple,14998,0.035
himachal-pradesh,2020,4,Motorola,8574,0.02
himachal-pradesh,2020,4,Others,36420,0.085
himachal-pradesh,2021,1,Xiaomi,94110,0.26
himachal-pradesh,2021,1,Samsung,79045,0.2
himachal-pradesh,2021,1,Vivo,57115,0.145
himachal-pradesh,2021,1,Oppo,41312,0.115
himachal-pradesh,2021,1,Realme,34898,0.095
himachal-pradesh,2021,1,OnePlus,17701,0.045
himachal-pradesh,2021,1,Apple,13047,0.035
himachal-pradesh,2021,1,Motorola,7440,0.02
himachal-pradesh,2021,1,Others,31509,0.085
himachal-pradesh,2021,2,Xiaomi,100121,0.26
himachal-pradesh,2021,2,Samsung,77605,0.2
himachal-pradesh,2021,2,Vivo,55490,0.145
himachal-pradesh,2021,2,Oppo,44807,0.115
himachal-pradesh,2021,2,Realme,36432,0.095
himachal-pradesh,2021,2,OnePlus,17490,0.045
himachal-pradesh,2021,2,Apple,13749,0.035
himachal-pradesh,2021,2,Motorola,7888,0.02
himachal-pradesh,2021,2,Others,33088,0.085
himachal-pradesh,2021,3,Xiaomi,109535,0.26
himachal-pradesh,2021,3,Samsung,87086,0.2
himachal-pradesh,2021,3,Vivo,61276,0.145
himachal-pradesh,2021,3,Oppo,49115,0.115
himachal-pradesh,2021,3,Realme,42256,0.095
himachal-pradesh,2021,3,OnePlus,19639,0.045
himachal-pradesh,2021,3,Apple,15401,0.035
himachal-pradesh,2021,3,Motorola,8640,0.02
himachal-pradesh,2021,3,Others,36458,0.085
himachal-pradesh,2021,4,Xiaomi,119568,0.26
himachal-pradesh,2021,4,Samsung,92835,0.2
himachal-pradesh,2021,4,Vivo,67820,0.145
himachal-pradesh,2021,4,Oppo,55454,0.115
himachal-pradesh,2021,4,Realme,43671,0.095
himachal-pradesh,2021,4,OnePlus,20490,0.045
himachal-pradesh,2021,4,Apple,16524,0.035
himachal-pradesh,2021,4,Motorola,9041,0.02
himachal-pradesh,2021,4,Others,39095,0.085
himachal-pradesh,2022,1,Xiaomi,122901,0.26
himachal-pradesh,2022,1,Samsung,95301,0.2
himachal-pradesh,2022,1,Vivo,70066,0.145
himachal-pradesh,2022,1,Oppo,55230,0.115
himachal-pradesh,2022,1,Realme,42838,0.095
himachal-pradesh,2022,1,OnePlus,21556,0.045
himachal-pradesh,2022,1,Apple,16190,0.035
himachal-pradesh,2022,1,Motorola,9038,0.02
himachal-pradesh,2022,1,Others,40482,0.085
himachal-pradesh,2022,2,Xiaomi,121944,0.26
himachal-pradesh,2022,2,Samsung,94512,0.2
himachal-pradesh,2022,2,Vivo,71469,0.145
himachal-pradesh,2022,2,Oppo,57999,0.115
himachal-pradesh,2022,2,Realme,47417,0.095
himachal-pradesh,2022,2,OnePlus,22801,0.045
himachal-pradesh,2022,2,Apple,16629,0.035
himachal-pradesh,2022,2,Motorola,9715,0.02
himachal-pradesh,2022,2,Others,42847,0.085
himachal-pradesh,2022,3,Xiaomi,123961,0.26
himachal-pradesh,2022,3,Samsung,97400,0.2
himachal-pradesh,2022,3,Vivo,74182,0.145
himachal-pradesh,2022,3,Oppo,58838,0.115
himachal-pradesh,2022,3,Realme,45236,0.095
himachal-pradesh,2022,3,OnePlus,21902,0.045
himachal-pradesh,2022,3,Apple,17905,0.035
himachal-pradesh,2022,3,Motorola,10397,0.02
himachal-pradesh,2022,3,Others,40449,0.085
himachal-pradesh,2022,4,Xiaomi,168783,0.26
himachal-pradesh,2022,4,Samsung,127955,0.2
himachal-pradesh,2022,4,Vivo,90911,0.145
himachal-pradesh,2022,4,Oppo,70828,0.115
himachal-pradesh,2022,4,Realme,61299,0.095
himachal-pradesh,2022,4,OnePlus,29049,0.045
himachal-pradesh,2022,4,Apple,20808,0.035
himachal-pradesh,2022,4,Motorola,12822,0.02
himachal-pradesh,2022,4,Others,54222,0.085
himachal-pradesh,2023,1,Xiaomi,121326,0.26
himachal-pradesh,2023,1,Samsung,98425,0.2
himachal-pradesh,2023,1,Vivo,71235,0.145
himachal-pradesh,2023,1,Oppo,55077,0.115
himachal-pradesh,2023,1,Realme,44604,0.095
himachal-pradesh,2023,1,OnePlus,20603,0.045
himachal-pradesh,2023,1,Apple,17438,0.035
himachal-pradesh,2023,1,Motorola,9216,0.02
himachal-pradesh,2023,1,Others,40744,0.085
himachal-pradesh,2023,2,Xiaomi,135643,0.26
himachal-pradesh,2023,2,Samsung,105081,0.2
himachal-pradesh,2023,2,Vivo,77689,0.145
himachal-pradesh,2023,2,Oppo,62829,0.115
himachal-pradesh,2023,2,Realme,48355,0.095
himachal-pradesh,2023,2,OnePlus,24599,0.045
himachal-pradesh,2023,2,Apple,19093,0.035
himachal-pradesh,2023,2,Motorola,10301,0.02
himachal-pradesh,2023,2,Others,44378,0.085
himachal-pradesh,2023,3,Xiaomi,150254,0.26
himachal-pradesh,2023,3,Samsung,117506,0.2
himachal-pradesh,2023,3,Vivo,79767,0.145
himachal-pradesh,2023,3,Oppo,65466,0.115
himachal-pradesh,2023,3,Realme,56315,0.095
himachal-pradesh,2023,3,OnePlus,24364,0.045
himachal-pradesh,2023,3,Apple,19715,0.035
himachal-pradesh,2023,3,Motorola,10900,0.02
himachal-pradesh,2023,3,Others,46479,0.085
himachal-pradesh,2023,4,Xiaomi,169248,0.26
himachal-pradesh,2023,4,Samsung,131311,0.2
himachal-pradesh,2023,4,Vivo,90125,0.145
himachal-pradesh,2023,4,Oppo,69464,0.115
himachal-pradesh,2023,4,Realme,58560,0.095
himachal-pradesh,2023,4,OnePlus,27348,0.045
himachal-pradesh,2023,4,Apple,22976,0.035
himachal-pradesh,2023,4,Motorola,12892,0.02
himachal-pradesh,2023,4,Others,53373,0.085
jammu-&-kashmir,2018,1,Xiaomi,57256,0.26
jammu-&-kashmir,2018,1,Samsung,44947,0.2
jammu-&-kashmir,2018,1,Vivo,33921,0.145
jammu-&-kashmir,2018,1,Oppo,26576,0.115
jammu-&-kashmir,2018,1,Realme,20236,0.095
jammu-&-kashmir,2018,1,OnePlus,10050,0.045
jammu-&-kashmir,2018,1,Apple,7566,0.035
jammu-&-kashmir,2018,1,Motorola,4659,0.02
jammu-&-kashmir,2018,1,Others,19346,0.085
jammu-&-kashmir,2018,2,Xiaomi,57568,0.26
jammu-&-kashmir,2018,2,Samsung,44047,0.2
jammu-&-kashmir,2018,2,Vivo,30866,0.145
jammu-&-kashmir,2018,2,Oppo,24612,0.115
jammu-&-kashmir,2018,2,Realme,21194,0.095
jammu-&-kashmir,2018,2,OnePlus,9441,0.045
jammu-&-kashmir,2018,2,Apple,7602,0.035
jammu-&-kashmir,2018,2,Motorola,4287,0.02
jammu-&-kashmir,2018,2,Others,17712,0.085
jammu-&-kashmir,2018,3,Xiaomi,66767,0.26
jammu-&-kashmir,2018,3,Samsung,53870,0.2
jammu-&-kashmir,2018,3,Vivo,38691,0.145
jammu-&-kashmir,2018,3,Oppo,30981,0.115
jammu-&-kashmir,2018,3,Realme,25646,0.095
jammu-&-kashmir,2018,3,OnePlus,11330,0.045
jammu-&-kashmir,2018,3,Apple,9125,0.035
jammu-&-kashmir,2018,3,Motorola,5091,0.02
jammu-&-kashmir,2018,3,Others,22160,0.085
jammu-&-kashmir,2018,4,Xiaomi,83656,0.26
jammu-&-kashmir,2018,4,Samsung,61731,0.2
jammu-&-kashmir,2018,4,Vivo,44968,0.145
jammu-&-kashmir,2018,4,Oppo,36664,0.115
jammu-&-kashmir,2018,4,Realme,28556,0.095
jammu-&-kashmir,2018,4,OnePlus,14267,0.045
jammu-&-kashmir,2018,4,Apple,10671,0.035
jammu-&-kashmir,2018,4,Motorola,5979,0.02
jammu-&-kashmir,2018,4,Others,26187,0.085
jammu-&-kashmir,2019,1,Xiaomi,79785,0.26
jammu-&-kashmir,2019,1,Samsung,57876,0.2
jammu-&-kashmir,2019,1,Vivo,42134,0.145
jammu-&-kashmir,2019,1,Oppo,33233,0.115
jammu-&-kashmir,2019,1,Realme,29214,0.095
jammu-&-kashmir,2019,1,OnePlus,13577,0.045
jammu-&-kashmir,2019,1,Apple,10632,0.035
jammu-&-kashmir,2019,1,Motorola,5821,0.02
jammu-&-kashmir,2019,1,Others,23986,0.085
jammu-&-kashmir,2019,2,Xiaomi,91428,0.26
jammu-&-kashmir,2019,2,Samsung,63999,0.2
jammu-&-kashmir,2019,2,Vivo,50731,0.145
jammu-&-kashmir,2019,2,Oppo,37388,0.115
jammu-&-kashmir,2019,2,Realme,31574,0.095
jammu-&-kashmir,2019,2,OnePlus,14796,0.045
jammu-&-kashmir,2019,2,Apple,12194,0.035
jammu-&-kashmir,2019,2,Motorola,6873,0.02
jammu-&-kashmir,2019,2,Others,29911,0.085
jammu-&-kashmir,2019,3,Xiaomi,107820,0.26
jammu-&-kashmir,2019,3,Samsung,77593,0.2
jammu-&-kashmir,2019,3,Vivo,55111,0.145
jammu-&-kashmir,2019,3,Oppo,47079,0.115
jammu-&-kashmir,2019,3,Realme,36949,0.095
jammu-&-kashmir,2019,3,OnePlus,18213,0.045
jammu-&-kashmir,2019,3,Apple,13543,0.035
jammu-&-kashmir,2019,3,Motorola,7636,0.02
jammu-&-kashmir,2019,3,Others,34318,0.085
jammu-&-kashmir,2019,4,Xiaomi,106655,0.26
jammu-&-kashmir,2019,4,Samsung,84086,0.2
jammu-&-kashmir,2019,4,Vivo,60961,0.145
jammu-&-kashmir,2019,4,Oppo,47919,0.115
jammu-&-kashmir,2019,4,Realme,38804,0.095
jammu-&-kashmir,2019,4,OnePlus,19363,0.045
jammu-&-kashmir,2019,4,Apple,15430,0.035
jammu-&-kashmir,2019,4,Motorola,8514,0.02
jammu-&-kashmir,2019,4,Others,34524,0.085
jammu-&-kashmir,2020,1,Xiaomi,81633,0.26
jammu-&-kashmir,2020,1,Samsung,65937,0.2
jammu-&-kashmir,2020,1,Vivo,46009,0.145
jammu-&-kashmir,2020,1,Oppo,39125,0.115
jammu-&-kashmir,2020,1,Realme,32182,0.095
jammu-&-kashmir,2020,1,OnePlus,14317,0.045
jammu-&-kashmir,2020,1,Apple,11040,0.035
jammu-&-kashmir,2020,1,Motorola,6266,0.02
jammu-&-kashmir,2020,1,Others,28006,0.085
jammu-&-kashmir,2020,2,Xiaomi,101677,0.26
jammu-&-kashmir,2020,2,Samsung,76894,0.2
jammu-&-kashmir,2020,2,Vivo,56650,0.145
jammu-&-kashmir,2020,2,Oppo,43234,0.115
jammu-&-kashmir,2020,2,Realme,36400,0.095
jammu-&-kashmir,2020,2,OnePlus,17204,0.045
jammu-&-kashmir,2020,2,Apple,12712,0.035
jammu-&-kashmir,2020,2,Motorola,7843,0.02
jammu-&-kashmir,2020,2,Others,31562,0.085
jammu-&-kashmir,2020,3,Xiaomi,98864,0.26
jammu-&-kashmir,2020,3,Samsung,75235,0.2
jammu-&-kashmir,2020,3,Vivo,55184,0.145
jammu-&-kashmir,2020,3,Oppo,45984,0.115
jammu-&-kashmir,2020,3,Realme,35423,0.095
jammu-&-kashmir,2020,3,OnePlus,18057,0.045
jammu-&-kashmir,2020,3,Apple,13971,0.035
jammu-&-kashmir,2020,3,Motorola,7454,0.02
jammu-&-kashmir,2020,3,Others,33824,0.085
jammu-&-kashmir,2020,4,Xiaomi,144929,0.26
jammu-&-kashmir,2020,4,Samsung,118019,0.2
jammu-&-kashmir,2020,4,Vivo,88338,0.145
jammu-&-kashmir,2020,4,Oppo,70397,0.115
jammu-&-kashmir,2020,4,Realme,56561,0.095
jammu-&-kashmir,2020,4,OnePlus,26449,0.045
jammu-&-kashmir,2020,4,Apple,19597,0.035
jammu-&-kashmir,2020,4,Motorola,11543,0.02
jammu-&-kashmir,2020,4,Others,48552,0.085
jammu-&-kashmir,2021,1,Xiaomi,118837,0.26
jammu-&-kashmir,2021,1,Samsung,93957,0.2
jammu-&-kashmir,2021,1,Vivo,66415,0.145
jammu-&-kashmir,2021,1,Oppo,54889,0.115
jammu-&-kashmir,2021,1,Realme,43439,0.095
jammu-&-kashmir,2021,1,OnePlus,21291,0.045
jammu-&-kashmir,2021,1,Apple,15814,0.035
jammu-&-kashmir,2021,1,Motorola,9292,0.02
jammu-&-kashmir,2021,1,Others,39437,0.085
jammu-&-kashmir,2021,2,Xiaomi,115429,0.26
jammu-&-kashmir,2021,2,Samsung,89850,0.2
jammu-&-kashmir,2021,2,Vivo,63474,0.145
jammu-&-kashmir,2021,2,Oppo,50298,0.115
jammu-&-kashmir,2021,2,Realme,41167,0.095
jammu-&-kashmir,2021,2,OnePlus,19275,0.045
jammu-&-kashmir,2021,2,Apple,14772,0.035
jammu-&-kashmir,2021,2,Motorola,8379,0.02
jammu-&-kashmir,2021,2,Others,38402,0.085
jammu-&-kashmir,2021,3,Xiaomi,124097,0.26
jammu-&-kashmir,2021,3,Samsung,99888,0.2
jammu-&-kashmir,2021,3,Vivo,69855,0.145
jammu-&-kashmir,2021,3,Oppo,56226,0.115
jammu-&-kashmir,2021,3,Realme,49220,0.095
jammu-&-kashmir,2021,3,OnePlus,22393,0.045
jammu-&-kashmir,2021,3,Apple,18055,0.035
jammu-&-kashmir,2021,3,Motorola,10098,0.02
jammu-&-kashmir,2021,3,Others,42897,0.085
jammu-&-kashmir,2021,4,Xiaomi,140765,0.26
jammu-&-kashmir,2021,4,Samsung,107744,0.2
jammu-&-kashmir,2021,4,Vivo,83490,0.145
jammu-&-kashmir,2021,4,Oppo,65507,0.115
jammu-&-kashmir,2021,4,Realme,51393,0.095
jammu-&-kashmir,2021,4,OnePlus,24623,0.045
jammu-&-kashmir,2021,4,Apple,19306,0.035
jammu-&-kashmir,2021,4,Motorola,10835,0.02
jammu-&-kashmir,2021,4,Others,48506,0.085
jammu-&-kashmir,2022,1,Xiaomi,125336,0.26
jammu-&-kashmir,2022,1,Samsung,104396,0.2
jammu-&-kashmir,2022,1,Vivo,72898,0.145
jammu-&-kashmir,2022,1,Oppo,55394,0.115
jammu-&-kashmir,2022,1,Realme,49692,0.095
jammu-&-kashmir,2022,1,OnePlus,23017,0.045
jammu-&-kashmir,2022,1,Apple,18578,0.035
jammu-&-kashmir,2022,1,Motorola,10355,0.02
jammu-&-kashmir,2022,1,Others,41258,0.085
jammu-&-kashmir,2022,2,Xiaomi,128449,0.26
jammu-&-kashmir,2022,2,Samsung,97704,0.2
jammu-&-kashmir,2022,2,Vivo,75127,0.145
jammu-&-kashmir,2022,2,Oppo,55999,0.115
jammu-&-kashmir,2022,2,Realme,46088,0.095
jammu-&-kashmir,2022,2,OnePlus,22710,0.045
jammu-&-kashmir,2022,2,Apple,17135,0.035
jammu-&-kashmir,2022,2,Motorola,10003,0.02
jammu-&-kashmir,2022,2,Others,41168,0.085
jammu-&-kashmir,2022,3,Xiaomi,141437,0.26
jammu-&-kashmir,2022,3,Samsung,110563,0.2
jammu-&-kashmir,2022,3,Vivo,75374,0.145
jammu-&-kashmir,2022,3,Oppo,58041,0.115
jammu-&-kashmir,2022,3,Realme,51031,0.095
jammu-&-kashmir,2022,3,OnePlus,24227,0.045
jammu-&-kashmir,2022,3,Apple,19069,0.035
jammu-&-kashmir,2022,3,Motorola,10266,0.02
jammu-&-kashmir,2022,3,Others,44727,0.085
jammu-&-kashmir,2022,4,Xiaomi,172989,0.26
jammu-&-kashmir,2022,4,Samsung,123687,0.2
jammu-&-kashmir,2022,4,Vivo,88598,0.145
jammu-&-kashmir,2022,4,Oppo,73950,0.115
jammu-&-kashmir,2022,4,Realme,59908,0.095
jammu-&-kashmir,2022,4,OnePlus,28386,0.045
jammu-&-kashmir,2022,4,Apple,22192,0.035
jammu-&-kashmir,2022,4,Motorola,12188,0.02
jammu-&-kashmir,2022,4,Others,56410,0.085
jammu-&-kashmir,2023,1,Xiaomi,140430,0.26
jammu-&-kashmir,2023,1,Samsung,106904,0.2
jammu-&-kashmir,2023,1,Vivo,74963,0.145
jammu-&-kashmir,2023,1,Oppo,64032,0.115
jammu-&-kashmir,2023,1,Realme,50028,0.095
jammu-&-kashmir,2023,1,OnePlus,25001,0.045
jammu-&-kashmir,2023,1,Apple,17825,0.035
jammu-&-kashmir,2023,1,Motorola,10209,0.02
jammu-&-kashmir,2023,1,Others,45435,0.085
jammu-&-kashmir,2023,2,Xiaomi,143883,0.26
jammu-&-kashmir,2023,2,Samsung,112568,0.2
jammu-&-kashmir,2023,2,Vivo,84053,0.145
jammu-&-kashmir,2023,2,Oppo,66131,0.115
jammu-&-kashmir,2023,2,Realme,52193,0.095
jammu-&-kashmir,2023,2,OnePlus,25279,0.045
jammu-&-kashmir,2023,2,Apple,18953,0.035
jammu-&-kashmir,2023,2,Motorola,10529,0.02
jammu-&-kashmir,2023,2,Others,47146,0.085
jammu-&-kashmir,2023,3,Xiaomi,159025,0.26
jammu-&-kashmir,2023,3,Samsung,125925,0.2
jammu-&-kashmir,2023,3,Vivo,95188,0.145
jammu-&-kashmir,2023,3,Oppo,72934,0.115
jammu-&-kashmir,2023,3,Realme,62330,0.095
jammu-&-kashmir,2023,3,OnePlus,28541,0.045
jammu-&-kashmir,2023,3,Apple,22599,0.035
jammu-&-kashmir,2023,3,Motorola,12384,0.02
jammu-&-kashmir,2023,3,Others,54521,0.085
jammu-&-kashmir,2023,4,Xiaomi,202834,0.26
jammu-&-kashmir,2023,4,Samsung,155348,0.2
jammu-&-kashmir,2023,4,Vivo,108779,0.145
jammu-&-kashmir,2023,4,Oppo,85390,0.115
jammu-&-kashmir,2023,4,Realme,73079,0.095
jammu-&-kashmir,2023,4,OnePlus,33927,0.045
jammu-&-kashmir,2023,4,Apple,25019,0.035
jammu-&-kashmir,2023,4,Motorola,14713,0.02
jammu-&-kashmir,2023,4,Others,60541,0.085
jharkhand,2018,1,Xiaomi,92525,0.26
jharkhand,2018,1,Samsung,74374,0.2
jharkhand,2018,1,Vivo,53064,0.145
jharkhand,2018,1,Oppo,43838,0.115
jharkhand,2018,1,Realme,35297,0.095
jharkhand,2018,1,OnePlus,17129,0.045
jharkhand,2018,1,Apple,12600,0.035
jharkhand,2018,1,Motorola,7663,0.02
jharkhand,2018,1,Others,30988,0.085
jharkhand,2018,2,Xiaomi,115309,0.26
jharkhand,2018,2,Samsung,84110,0.2
jharkhand,2018,2,Vivo,62729,0.145
jharkhand,2018,2,Oppo,47806,0.115
jharkhand,2018,2,Realme,42235,0.095
jharkhand,2018,2,OnePlus,18306,0.045
jharkhand,2018,2,Apple,14164,0.035
jharkhand,2018,2,Motorola,8539,0.02
jharkhand,2018,2,Others,35617,0.085
jharkhand,2018,3,Xiaomi,130640,0.26
jharkhand,2018,3,Samsung,98296,0.2
jharkhand,2018,3,Vivo,74294,0.145
jharkhand,2018,3,Oppo,59164,0.115
jharkhand,2018,3,Realme,47868,0.095
jharkhand,2018,3,OnePlus,23293,0.045
jharkhand,2018,3,Apple,17288,0.035
jharkhand,2018,3,Motorola,10500,0.02
jharkhand,2018,3,Others,42367,0.085
jharkhand,2018,4,Xiaomi,158237,0.26
jharkhand,2018,4,Samsung,126488,0.2
jharkhand,2018,4,Vivo,87866,0.145
jharkhand,2018,4,Oppo,72387,0.115
jharkhand,2018,4,Realme,61872,0.095
jharkhand,2018,4,OnePlus,29158,0.045
jharkhand,2018,4,Apple,22142,0.035
jharkhand,2018,4,Motorola,12377,0.02
jharkhand,2018,4,Others,53735,0.085
jharkhand,2019,1,Xiaomi,129267,0.26
jharkhand,2019,1,Samsung,100818,0.2
jharkhand,2019,1,Vivo,76645,0.145
jharkhand,2019,1,Oppo,56104,0.115
jharkhand,2019,1,Realme,49590,0.095
jharkhand,2019,1,OnePlus,22690,0.045
jharkhand,2019,1,Apple,17815,0.035
jharkhand,2019,1,Motorola,10592,0.02
jharkhand,2019,1,Others,41259,0.085
jharkhand,2019,2,Xiaomi,154164,0.26
jharkhand,2019,2,Samsung,119584,0.2
jharkhand,2019,2,Vivo,90146,0.145
jharkhand,2019,2,Oppo,69531,0.115
jharkhand,2019,2,Realme,59011,0.095
jharkhand,2019,2,OnePlus,28428,0.045
jharkhand,2019,2,Apple,20419,0.035
jharkhand,2019,2,Motorola,11654,0.02
jharkhand,2019,2,Others,49465,0.085
jharkhand,2019,3,Xiaomi,172854,0.26
jharkhand,2019,3,Samsung,131879,0.2
jharkhand,2019,3,Vivo,91907,0.145
jharkhand,2019,3,Oppo,74623,0.115
jharkhand,2019,3,Realme,61185,0.095
jharkhand,2019,3,OnePlus,29116,0.045
jharkhand,2019,3,Apple,22424,0.035
jharkhand,2019,3,Motorola,12881,0.02
jharkhand,2019,3,Others,55051,0.085
jharkhand,2019,4,Xiaomi,227438,0.26
jharkhand,2019,4,Samsung,179013,0.2
jharkhand,2019,4,Vivo,130258,0.145
jharkhand,2019,4,Oppo,98567,0.115
jharkhand,2019,4,Realme,80746,0.095
jharkhand,2019,4,OnePlus,37808,0.045
jharkhand,2019,4,Apple,28876,0.035
jharkhand,2019,4,Motorola,17142,0.02
jharkhand,2019,4,Others,73363,0.085
jharkhand,2020,1,Xiaomi,158197,0.26
jharkhand,2020,1,Samsung,125416,0.2
jharkhand,2020,1,Vivo,95285,0.145
jharkhand,2020,1,Oppo,72281,0.115
jharkhand,2020,1,Realme,61928,0.095
jharkhand,2020,1,OnePlus,27419,0.045
jharkhand,2020,1,Apple,21847,0.035
jharkhand,2020,1,Motorola,12693,0.02
jharkhand,2020,1,Others,53049,0.085
jharkhand,2020,2,Xiaomi,220207,0.26
jharkhand,2020,2,Samsung,169178,0.2
jharkhand,2020,2,Vivo,117946,0.145
jharkhand,2020,2,Oppo,96288,0.115
jharkhand,2020,2,Realme,76879,0.095
jharkhand,2020,2,OnePlus,37266,0.045
jharkhand,2020,2,Apple,29079,0.035
jharkhand,2020,2,Motorola,15879,0.02
jharkhand,2020,2,Others,67549,0.085
jharkhand,2020,3,Xiaomi,241291,0.26
jharkhand,2020,3,Samsung,181070,0.2
jharkhand,2020,3,Vivo,141009,0.145
jharkhand,2020,3,Oppo,103933,0.115
jharkhand,2020,3,Realme,88637,0.095
jharkhand,2020,3,OnePlus,43898,0.045
jharkhand,2020,3,Apple,33678,0.035
jharkhand,2020,3,Motorola,19652,0.02
jharkhand,2020,3,Others,77650,0.085
jharkhand,2020,4,Xiaomi,247054,0.26
jharkhand,2020,4,Samsung,183297,0.2
jharkhand,2020,4,Vivo,134021,0.145
jharkhand,2020,4,Oppo,108523,0.115
jharkhand,2020,4,Realme,94526,0.095
jharkhand,2020,4,OnePlus,43767,0.045
jharkhand,2020,4,Apple,34241,0.035
jharkhand,2020,4,Motorola,18668,0.02
jharkhand,2020,4,Others,83372,0.085
jharkhand,2021,1,Xiaomi,210326,0.26
jharkhand,2021,1,Samsung,159730,0.2
jharkhand,2021,1,Vivo,124123,0.145
jharkhand,2021,1,Oppo,90376,0.115
jharkhand,2021,1,Realme,73907,0.095
jharkhand,2021,1,OnePlus,36827,0.045
jharkhand,2021,1,Apple,29842,0.035
jharkhand,2021,1,Motorola,16697,0.02
jharkhand,2021,1,Others,65967,0.085
jharkhand,2021,2,Xiaomi,225532,0.26
jharkhand,2021,2,Samsung,183373,0.2
jharkhand,2021,2,Vivo,124623,0.145
jharkhand,2021,2,Oppo,103099,0.115
jharkhand,2021,2,Realme,83034,0.095
jharkhand,2021,2,OnePlus,38925,0.045
jharkhand,2021,2,Apple,30665,0.035
jharkhand,2021,2,Motorola,18100,0.02
jharkhand,2021,2,Others,78345,0.085
jharkhand,2021,3,Xiaomi,257035,0.26
jharkhand,2021,3,Samsung,185540,0.2
jharkhand,2021,3,Vivo,138022,0.145
jharkhand,2021,3,Oppo,114292,0.115
jharkhand,2021,3,Realme,89465,0.095
jharkhand,2021,3,OnePlus,44936,0.045
jharkhand,2021,3,Apple,32809,0.035
jharkhand,2021,3,Motorola,19740,0.02
jharkhand,2021,3,Others,83859,0.085
jharkhand,2021,4,Xiaomi,295718,0.26
jharkhand,2021,4,Samsung,216305,0.2
jharkhand,2021,4,Vivo,166328,0.145
jharkhand,2021,4,Oppo,122059,0.115
jharkhand,2021,4,Realme,107513,0.095
jharkhand,2021,4,OnePlus,48298,0.045
jharkhand,2021,4,Apple,40071,0.035
jharkhand,2021,4,Motorola,21160,0.02
jharkhand,2021,4,Others,91052,0.085
jharkhand,2022,1,Xiaomi,223661,0.26
jharkhand,2022,1,Samsung,169751,0.2
jharkhand,2022,1,Vivo,133158,0.145
jharkhand,2022,1,Oppo,104888,0.115
jharkhand,2022,1,Realme,82984,0.095
jharkhand,2022,1,OnePlus,41154,0.045
jharkhand,2022,1,Apple,29474,0.035
jharkhand,2022,1,Motorola,17511,0.02
jharkhand,2022,1,Others,72179,0.085
jharkhand,2022,2,Xiaomi,255426,0.26
jharkhand,2022,2,Samsung,185830,0.2
jharkhand,2022,2,Vivo,138902,0.145
jharkhand,2022,2,Oppo,108274,0.115
jharkhand,2022,2,Realme,93164,0.095
jharkhand,2022,2,OnePlus,43176,0.045
jharkhand,2022,2,Apple,32626,0.035
jharkhand,2022,2,Motorola,18879,0.02
jharkhand,2022,2,Others,82528,0.085
jharkhand,2022,3,Xiaomi,271151,0.26
jharkhand,2022,3,Samsung,197157,0.2
jharkhand,2022,3,Vivo,151301,0.145
jharkhand,2022,3,Oppo,121617,0.115
jharkhand,2022,3,Realme,96221,0.095
jharkhand,2022,3,OnePlus,48140,0.045
jharkhand,2022,3,Apple,35521,0.035
jharkhand,2022,3,Motorola,19513,0.02
jharkhand,2022,3,Others,90874,0.085
jharkhand,2022,4,Xiaomi,323481,0.26
jharkhand,2022,4,Samsung,249407,0.2
jharkhand,2022,4,Vivo,185559,0.145
jharkhand,2022,4,Oppo,145451,0.115
jharkhand,2022,4,Realme,118093,0.095
jharkhand,2022,4,OnePlus,53902,0.045
jharkhand,2022,4,Apple,41108,0.035
jharkhand,2022,4,Motorola,25393,0.02
jharkhand,2022,4,Others,104124,0.085
jharkhand,2023,1,Xiaomi,291914,0.26
jharkhand,2023,1,Samsung,231216,0.2
jharkhand,2023,1,Vivo,166289,0.145
jharkhand,2023,1,Oppo,129969,0.115
jharkhand,2023,1,Realme,110967,0.095
jharkhand,2023,1,OnePlus,50248,0.045
jharkhand,2023,1,Apple,41508,0.035
jharkhand,2023,1,Motorola,23650,0.02
jharkhand,2023,1,Others,100373,0.085
jharkhand,2023,2,Xiaomi,260578,0.26
jharkhand,2023,2,Samsung,211346,0.2
jharkhand,2023,2,Vivo,155080,0.145
jharkhand,2023,2,Oppo,119445,0.115
jharkhand,2023,2,Realme,94169,0.095
jharkhand,2023,2,OnePlus,45447,0.045
jharkhand,2023,2,Apple,34402,0.035
jharkhand,2023,2,Motorola,19892,0.02
jharkhand,2023,2,Others,91965,0.085
jharkhand,2023,3,Xiaomi,323703,0.26
jharkhand,2023,3,Samsung,247126,0.2
jharkhand,2023,3,Vivo,186849,0.145
jharkhand,2023,3,Oppo,136503,0.115
jharkhand,2023,3,Realme,119056,0.095
jharkhand,2023,3,OnePlus,55400,0.045
jharkhand,2023,3,Apple,43618,0.035
jharkhand,2023,3,Motorola,25514,0.02
jharkhand,2023,3,Others,109340,0.085
jharkhand,2023,4,Xiaomi,323146,0.26
jharkhand,2023,4,Samsung,262381,0.2
jharkhand,2023,4,Vivo,195554,0.145
jharkhand,2023,4,Oppo,149686,0.115
jharkhand,2023,4,Realme,127492,0.095
jharkhand,2023,4,OnePlus,55508,0.045
jharkhand,2023,4,Apple,46423,0.035
jharkhand,2023,4,Motorola,24654,0.02
jharkhand,2023,4,Others,113397,0.085
karnataka,2018,1,Xiaomi,452043,0.26
karnataka,2018,1,Samsung,349112,0.2
karnataka,2018,1,Vivo,253978,0.145
karnataka,2018,1,Oppo,202421,0.115
karnataka,2018,1,Realme,172694,0.095
karnataka,2018,1,OnePlus,83166,0.045
karnataka,2018,1,Apple,61536,0.035
karnataka,2018,1,Motorola,36662,0.02
karnataka,2018,1,Others,152440,0.085
karnataka,2018,2,Xiaomi,531681,0.26
karnataka,2018,2,Samsung,400438,0.2
karnataka,2018,2,Vivo,304775,0.145
karnataka,2018,2,Oppo,239974,0.115
karnataka,2018,2,Realme,200406,0.095
karnataka,2018,2,OnePlus,90840,0.045
karnataka,2018,2,Apple,70196,0.035
karnataka,2018,2,Motorola,42171,0.02
karnataka,2018,2,Others,173310,0.085
karnataka,2018,3,Xiaomi,570001,0.26
karnataka,2018,3,Samsung,427406,0.2
karnataka,2018,3,Vivo,315952,0.145
karnataka,2018,3,Oppo,235147,0.115
karnataka,2018,3,Realme,201286,0.095
karnataka,2018,3,OnePlus,98396,0.045
karnataka,2018,3,Apple,71248,0.035
karnataka,2018,3,Motorola,43017,0.02
karnataka,2018,3,Others,184829,0.085
karnataka,2018,4,Xiaomi,703062,0.26
karnataka,2018,4,Samsung,521221,0.2
karnataka,2018,4,Vivo,392406,0.145
karnataka,2018,4,Oppo,307367,0.115
karnataka,2018,4,Realme,245372,0.095
karnataka,2018,4,OnePlus,115820,0.045
karnataka,2018,4,Apple,95524,0.035
karnataka,2018,4,Motorola,51089,0.02
karnataka,2018,4,Others,233710,0.085
karnataka,2019,1,Xiaomi,593518,0.26
karnataka,2019,1,Samsung,424114,0.2
karnataka,2019,1,Vivo,325865,0.145
karnataka,2019,1,Oppo,251448,0.115
karnataka,2019,1,Realme,215028,0.095
karnataka,2019,1,OnePlus,96933,0.045
karnataka,2019,1,Apple,77562,0.035
karnataka,2019,1,Motorola,41762,0.02
karnataka,2019,1,Others,180875,0.085
karnataka,2019,2,Xiaomi,649406,0.26
karnataka,2019,2,Samsung,478576,0.2
karnataka,2019,2,Vivo,371985,0.145
karnataka,2019,2,Oppo,278724,0.115
karnataka,2019,2,Realme,225131,0.095
karnataka,2019,2,OnePlus,114181,0.045
karnataka,2019,2,Apple,88569,0.035
karnataka,2019,2,Motorola,47252,0.02
karnataka,2019,2,Others,206535,0.085
karnataka,2019,3,Xiaomi,884682,0.26
karnataka,2019,3,Samsung,672484,0.2
karnataka,2019,3,Vivo,462393,0.145
karnataka,2019,3,Oppo,364653,0.115
karnataka,2019,3,Realme,304304,0.095
karnataka,2019,3,OnePlus,154622,0.045
karnataka,2019,3,Apple,110920,0.035
karnataka,2019,3,Motorola,68867,0.02
karnataka,2019,3,Others,285912,0.085
karnataka,2019,4,Xiaomi,895507,0.26
karnataka,2019,4,Samsung,690442,0.2
karnataka,2019,4,Vivo,521505,0.145
karnataka,2019,4,Oppo,403292,0.115
karnataka,2019,4,Realme,337987,0.095
karnataka,2019,4,OnePlus,159993,0.045
karnataka,2019,4,Apple,131479,0.035
karnataka,2019,4,Motorola,71998,0.02
karnataka,2019,4,Others,306581,0.085
karnataka,2020,1,Xiaomi,704827,0.26
karnataka,2020,1,Samsung,574221,0.2
karnataka,2020,1,Vivo,413781,0.145
karnataka,2020,1,Oppo,336130,0.115
karnataka,2020,1,Realme,278772,0.095
karnataka,2020,1,OnePlus,129405,0.045
karnataka,2020,1,Apple,97295,0.035
karnataka,2020,1,Motorola,58440,0.02
karnataka,2020,1,Others,228402,0.085
karnataka,2020,2,Xiaomi,784048,0.26
karnataka,2020,2,Samsung,635493,0.2
karnataka,2020,2,Vivo,470794,0.145
karnataka,2020,2,Oppo,360125,0.115
karnataka,2020,2,Realme,285448,0.095
karnataka,2020,2,OnePlus,142237,0.045
karnataka,2020,2,Apple,110665,0.035
karnataka,2020,2,Motorola,64234,0.02
karnataka,2020,2,Others,275790,0.085
karnataka,2020,3,Xiaomi,844402,0.26
karnataka,2020,3,Samsung,681700,0.2
karnataka,2020,3,Vivo,492389,0.145
karnataka,2020,3,Oppo,379422,0.115
karnataka,2020,3,Realme,309135,0.095
karnataka,2020,3,OnePlus,159012,0.045
karnataka,2020,3,Apple,115847,0.035
karnataka,2020,3,Motorola,68418,0.02
karnataka,2020,3,Others,294889,0.085
karnataka,2020,4,Xiaomi,964892,0.26
karnataka,2020,4,Samsung,773304,0.2
karnataka,2020,4,Vivo,563422,0.145
karnataka,2020,4,Oppo,439701,0.115
karnataka,2020,4,Realme,382651,0.095
karnataka,2020,4,OnePlus,169900,0.045
karnataka,2020,4,Apple,137884,0.035
karnataka,2020,4,Motorola,79209,0.02
karnataka,2020,4,Others,335648,0.085
karnataka,2021,1,Xiaomi,878447,0.26
karnataka,2021,1,Samsung,640395,0.2
karnataka,2021,1,Vivo,471833,0.145
karnataka,2021,1,Oppo,372719,0.115
karnataka,2021,1,Realme,324576,0.095
karnataka,2021,1,OnePlus,152221,0.045
karnataka,2021,1,Apple,117125,0.035
karnataka,2021,1,Motorola,63301,0.02
karnataka,2021,1,Others,273249,0.085
karnataka,2021,2,Xiaomi,928733,0.26
karnataka,2021,2,Samsung,703252,0.2
karnataka,2021,2,Vivo,556805,0.145
karnataka,2021,2,Oppo,428149,0.115
karnataka,2021,2,Realme,344560,0.095
karnataka,2021,2,OnePlus,165058,0.045
karnataka,2021,2,Apple,135114,0.035
karnataka,2021,2,Motorola,70236,0.02
karnataka,2021,2,Others,309191,0.085
karnataka,2021,3,Xiaomi,1092501,0.26
karnataka,2021,3,Samsung,831130,0.2
karnataka,2021,3,Vivo,649562,0.145
karnataka,2021,3,Oppo,480685,0.115
karnataka,2021,3,Realme,423145,0.095
karnataka,2021,3,OnePlus,196618,0.045
karnataka,2021,3,Apple,156145,0.035
karnataka,2021,3,Motorola,83583,0.02
karnataka,2021,3,Others,370529,0.085
karnataka,2021,4,Xiaomi,1263188,0.26
karnataka,2021,4,Samsung,998008,0.2
karnataka,2021,4,Vivo,688305,0.145
karnataka,2021,4,Oppo,539184,0.115
karnataka,2021,4,Realme,445585,0.095
karnataka,2021,4,OnePlus,218561,0.045
karnataka,2021,4,Apple,178142,0.035
karnataka,2021,4,Motorola,101618,0.02
karnataka,2021,4,Others,397018,0.085
karnataka,2022,1,Xiaomi,1004142,0.26
karnataka,2022,1,Samsung,745911,0.2
karnataka,2022,1,Vivo,583100,0.145
karnataka,2022,1,Oppo,459668,0.115
karnataka,2022,1,Realme,384064,0.095
karnataka,2022,1,OnePlus,183131,0.045
karnataka,2022,1,Apple,142100,0.035
karnataka,2022,1,Motorola,75153,0.02
karnataka,2022,1,Others,315463,0.085
karnataka,2022,2,Xiaomi,965633,0.26
karnataka,2022,2,Samsung,784226,0.2
karnataka,2022,2,Vivo,584421,0.145
karnataka,2022,2,Oppo,451417,0.115
karnataka,2022,2,Realme,387662,0.095
karnataka,2022,2,OnePlus,174619,0.045
karnataka,2022,2,Apple,136149,0.035
karnataka,2022,2,Motorola,79251,0.02
karnataka,2022,2,Others,318641,0.085
karnataka,2022,3,Xiaomi,1143806,0.26
karnataka,2022,3,Samsung,878893,0.2
karnataka,2022,3,Vivo,602137,0.145
karnataka,2022,3,Oppo,522300,0.115
karnataka,2022,3,Realme,411314,0.095
karnataka,2022,3,OnePlus,195087,0.045
karnataka,2022,3,Apple,146568,0.035
karnataka,2022,3,Motorola,83978,0.02
karnataka,2022,3,Others,367507,0.085
karnataka,2022,4,Xiaomi,1271888,0.26
karnataka,2022,4,Samsung,1011436,0.2
karnataka,2022,4,Vivo,718088,0.145
karnataka,2022,4,Oppo,566553,0.115
karnataka,2022,4,Realme,497392,0.095
karnataka,2022,4,OnePlus,230728,0.045
karnataka,2022,4,Apple,175735,0.035
karnataka,2022,4,Motorola,95106,0.02
karnataka,2022,4,Others,403680,0.085
karnataka,2023,1,Xiaomi,1038070,0.26
karnataka,2023,1,Samsung,790014,0.2
karnataka,2023,1,Vivo,548836,0.145
karnataka,2023,1,Oppo,456716,0.115
karnataka,2023,1,Realme,360437,0.095
karnataka,2023,1,OnePlus,184947,0.045
karnataka,2023,1,Apple,141503,0.035
karnataka,2023,1,Motorola,82332,0.02
karnataka,2023,1,Others,336316,0.085
karnataka,2023,2,Xiaomi,1337831,0.26
karnataka,2023,2,Samsung,1072247,0.2
karnataka,2023,2,Vivo,805902,0.145
karnataka,2023,2,Oppo,584611,0.115
karnataka,2023,2,Realme,507732,0.095
karnataka,2023,2,OnePlus,233707,0.045
karnataka,2023,2,Apple,179441,0.035
karnataka,2023,2,Motorola,110017,0.02
karnataka,2023,2,Others,455536,0.085
karnataka,2023,3,Xiaomi,1405477,0.26
karnataka,2023,3,Samsung,1033511,0.2
karnataka,2023,3,Vivo,794442,0.145
karnataka,2023,3,Oppo,588136,0.115
karnataka,2023,3,Realme,518292,0.095
karnataka,2023,3,OnePlus,245118,0.045
karnataka,2023,3,Apple,187653,0.035
karnataka,2023,3,Motorola,103273,0.02
karnataka,2023,3,Others,454596,0.085
karnataka,2023,4,Xiaomi,1650313,0.26
karnataka,2023,4,Samsung,1175945,0.2
karnataka,2023,4,Vivo,848887,0.145
karnataka,2023,4,Oppo,668246,0.115
karnataka,2023,4,Realme,606342,0.095
karnataka,2023,4,OnePlus,272275,0.045
karnataka,2023,4,Apple,206027,0.035
karnataka,2023,4,Motorola,127584,0.02
karnataka,2023,4,Others,527166,0.085
kerala,2018,1,Xiaomi,236772,0.26
kerala,2018,1,Samsung,177847,0.2
kerala,2018,1,Vivo,130745,0.145
kerala,2018,1,Oppo,105292,0.115
kerala,2018,1,Realme,83703,0.095
kerala,2018,1,OnePlus,38215,0.045
kerala,2018,1,Apple,32074,0.035
kerala,2018,1,Motorola,17418,0.02
kerala,2018,1,Others,74099,0.085
kerala,2018,2,Xiaomi,267810,0.26
kerala,2018,2,Samsung,194787,0.2
kerala,2018,2,Vivo,147895,0.145
kerala,2018,2,Oppo,113669,0.115
kerala,2018,2,Realme,95156,0.095
kerala,2018,2,OnePlus,46046,0.045
kerala,2018,2,Apple,35582,0.035
kerala,2018,2,Motorola,19552,0.02
kerala,2018,2,Others,89048,0.085
kerala,2018,3,Xiaomi,298109,0.26
kerala,2018,3,Samsung,247699,0.2
kerala,2018,3,Vivo,164896,0.145
kerala,2018,3,Oppo,132218,0.115
kerala,2018,3,Realme,115289,0.095
kerala,2018,3,OnePlus,51580,0.045
kerala,2018,3,Apple,42324,0.035
kerala,2018,3,Motorola,23726,0.02
kerala,2018,3,Others,104614,0.085
kerala,2018,4,Xiaomi,404808,0.26
kerala,2018,4,Samsung,301905,0.2
kerala,2018,4,Vivo,238611,0.145
kerala,2018,4,Oppo,189401,0.115
kerala,2018,4,Realme,149067,0.095
kerala,2018,4,OnePlus,73617,0.045
kerala,2018,4,Apple,53787,0.035
kerala,2018,4,Motorola,31345,0.02
kerala,2018,4,Others,130132,0.085
kerala,2019,1,Xiaomi,330193,0.26
kerala,2019,1,Samsung,255569,0.2
kerala,2019,1,Vivo,174100,0.145
kerala,2019,1,Oppo,145330,0.115
kerala,2019,1,Realme,120273,0.095
kerala,2019,1,OnePlus,56719,0.045
kerala,2019,1,Apple,45510,0.035
kerala,2019,1,Motorola,26132,0.02
kerala,2019,1,Others,106905,0.085
kerala,2019,2,Xiaomi,398226,0.26
kerala,2019,2,Samsung,301594,0.2
kerala,2019,2,Vivo,209096,0.145
kerala,2019,2,Oppo,167748,0.115
kerala,2019,2,Realme,143091,0.095
kerala,2019,2,OnePlus,66947,0.045
kerala,2019,2,Apple,51558,0.035
kerala,2019,2,Motorola,28742,0.02
kerala,2019,2,Others,125381,0.085
kerala,2019,3,Xiaomi,426303,0.26
kerala,2019,3,Samsung,316546,0.2
kerala,2019,3,Vivo,230336,0.145
kerala,2019,3,Oppo,189919,0.115
kerala,2019,3,Realme,155199,0.095
kerala,2019,3,OnePlus,73010,0.045
kerala,2019,3,Apple,55699,0.035
kerala,2019,3,Motorola,33096,0.02
kerala,2019,3,Others,130274,0.085
kerala,2019,4,Xiaomi,495808,0.26
kerala,2019,4,Samsung,406461,0.2
kerala,2019,4,Vivo,277945,0.145
kerala,2019,4,Oppo,224604,0.115
kerala,2019,4,Realme,180737,0.095
kerala,2019,4,OnePlus,89883,0.045
kerala,2019,4,Apple,72729,0.035
kerala,2019,4,Motorola,39691,0.02
kerala,2019,4,Others,163947,0.085
kerala,2020,1,Xiaomi,385188,0.26
kerala,2020,1,Samsung,293733,0.2
kerala,2020,1,Vivo,198377,0.145
kerala,2020,1,Oppo,164686,0.115
kerala,2020,1,Realme,134990,0.095
kerala,2020,1,OnePlus,61376,0.045
kerala,2020,1,Apple,48313,0.035
kerala,2020,1,Motorola,29574,0.02
kerala,2020,1,Others,125037,0.085
kerala,2020,2,Xiaomi,463772,0.26
kerala,2020,2,Samsung,367397,0.2
kerala,2020,2,Vivo,264386,0.145
kerala,2020,2,Oppo,221205,0.115
kerala,2020,2,Realme,175566,0.095
kerala,2020,2,OnePlus,86368,0.045
kerala,2020,2,Apple,61689,0.035
kerala,2020,2,Motorola,35530,0.02
kerala,2020,2,Others,159618,0.085
kerala,2020,3,Xiaomi,501520,0.26
kerala,2020,3,Samsung,400758,0.2
kerala,2020,3,Vivo,281395,0.145
kerala,2020,3,Oppo,213391,0.115
kerala,2020,3,Realme,177668,0.095
kerala,2020,3,OnePlus,84034,0.045
kerala,2020,3,Apple,64775,0.035
kerala,2020,3,Motorola,37807,0.02
kerala,2020,3,Others,162718,0.085
kerala,2020,4,Xiaomi,622587,0.26
kerala,2020,4,Samsung,487050,0.2
kerala,2020,4,Vivo,350622,0.145
kerala,2020,4,Oppo,273652,0.115
kerala,2020,4,Realme,216076,0.095
kerala,2020,4,OnePlus,102471,0.045
kerala,2020,4,Apple,83987,0.035
kerala,2020,4,Motorola,48678,0.02
kerala,2020,4,Others,209293,0.085
kerala,2021,1,Xiaomi,489896,0.26
kerala,2021,1,Samsung,368473,0.2
kerala,2021,1,Vivo,274599,0.145
kerala,2021,1,Oppo,221790,0.115
kerala,2021,1,Realme,168180,0.095
kerala,2021,1,OnePlus,85065,0.045
kerala,2021,1,Apple,67453,0.035
kerala,2021,1,Motorola,37644,0.02
kerala,2021,1,Others,161029,0.085
kerala,2021,2,Xiaomi,569631,0.26
kerala,2021,2,Samsung,432817,0.2
kerala,2021,2,Vivo,309665,0.145
kerala,2021,2,Oppo,240492,0.115
kerala,2021,2,Realme,209659,0.095
kerala,2021,2,OnePlus,98495,0.045
kerala,2021,2,Apple,75989,0.035
kerala,2021,2,Motorola,43731,0.02
kerala,2021,2,Others,175713,0.085
kerala,2021,3,Xiaomi,558146,0.26
kerala,2021,3,Samsung,405224,0.2
kerala,2021,3,Vivo,297630,0.145
kerala,2021,3,Oppo,244837,0.115
kerala,2021,3,Realme,197683,0.095
kerala,2021,3,OnePlus,89360,0.045
kerala,2021,3,Apple,73513,0.035
kerala,2021,3,Motorola,40585,0.02
kerala,2021,3,Others,184167,0.085
kerala,2021,4,Xiaomi,642903,0.26
kerala,2021,4,Samsung,476157,0.2
kerala,2021,4,Vivo,367551,0.145
kerala,2021,4,Oppo,267081,0.115
kerala,2021,4,Realme,228195,0.095
kerala,2021,4,OnePlus,113391,0.045
kerala,2021,4,Apple,86335,0.035
kerala,2021,4,Motorola,48837,0.02
kerala,2021,4,Others,206806,0.085
kerala,2022,1,Xiaomi,504144,0.26
kerala,2022,1,Samsung,372827,0.2
kerala,2022,1,Vivo,272615,0.145
kerala,2022,1,Oppo,232473,0.115
kerala,2022,1,Realme,192849,0.095
kerala,2022,1,OnePlus,89997,0.045
kerala,2022,1,Apple,70701,0.035
kerala,2022,1,Motorola,37366,0.02
kerala,2022,1,Others,171407,0.085
kerala,2022,2,Xiaomi,594043,0.26
kerala,2022,2,Samsung,454612,0.2
kerala,2022,2,Vivo,350637,0.145
kerala,2022,2,Oppo,278917,0.115
kerala,2022,2,Realme,220168,0.095
kerala,2022,2,OnePlus,107536,0.045
kerala,2022,2,Apple,80217,0.035
kerala,2022,2,Motorola,45726,0.02
kerala,2022,2,Others,199232,0.085
kerala,2022,3,Xiaomi,588519,0.26
kerala,2022,3,Samsung,436180,0.2
kerala,2022,3,Vivo,339381,0.145
kerala,2022,3,Oppo,267947,0.115
kerala,2022,3,Realme,214287,0.095
kerala,2022,3,OnePlus,98045,0.045
kerala,2022,3,Apple,82185,0.035
kerala,2022,3,Motorola,47041,0.02
kerala,2022,3,Others,193324,0.085
kerala,2022,4,Xiaomi,633764,0.26
kerala,2022,4,Samsung,488817,0.2
kerala,2022,4,Vivo,382791,0.145
kerala,2022,4,Oppo,285358,0.115
kerala,2022,4,Realme,231502,0.095
kerala,2022,4,OnePlus,113721,0.045
kerala,2022,4,Apple,87867,0.035
kerala,2022,4,Motorola,52213,0.02
kerala,2022,4,Others,218007,0.085
kerala,2023,1,Xiaomi,614286,0.26
kerala,2023,1,Samsung,438293,0.2
kerala,2023,1,Vivo,323728,0.145
kerala,2023,1,Oppo,262905,0.115
kerala,2023,1,Realme,227135,0.095
kerala,2023,1,OnePlus,105548,0.045
kerala,2023,1,Apple,83239,0.035
kerala,2023,1,Motorola,44011,0.02
kerala,2023,1,Others,199207,0.085
kerala,2023,2,Xiaomi,551628,0.26
kerala,2023,2,Samsung,427842,0.2
kerala,2023,2,Vivo,336706,0.145
kerala,2023,2,Oppo,251171,0.115
kerala,2023,2,Realme,204819,0.095
kerala,2023,2,OnePlus,103941,0.045
kerala,2023,2,Apple,76561,0.035
kerala,2023,2,Motorola,43563,0.02
kerala,2023,2,Others,196672,0.085
kerala,2023,3,Xiaomi,737225,0.26
kerala,2023,3,Samsung,578958,0.2
kerala,2023,3,Vivo,415840,0.145
kerala,2023,3,Oppo,334298,0.115
kerala,2023,3,Realme,269024,0.095
kerala,2023,3,OnePlus,126351,0.045
kerala,2023,3,Apple,95501,0.035
kerala,2023,3,Motorola,58661,0.02
kerala,2023,3,Others,253852,0.085
kerala,2023,4,Xiaomi,699069,0.26
kerala,2023,4,Samsung,558719,0.2
kerala,2023,4,Vivo,387049,0.145
kerala,2023,4,Oppo,323111,0.115
kerala,2023,4,Realme,264282,0.095
kerala,2023,4,OnePlus,129121,0.045
kerala,2023,4,Apple,97947,0.035
kerala,2023,4,Motorola,56315,0.02
kerala,2023,4,Others,248434,0.085
ladakh,2018,1,Xiaomi,5395,0.26
ladakh,2018,1,Samsung,4246,0.2
ladakh,2018,1,Vivo,3131,0.145
ladakh,2018,1,Oppo,2529,0.115
ladakh,2018,1,Realme,1948,0.095
ladakh,2018,1,OnePlus,997,0.045
ladakh,2018,1,Apple,769,0.035
ladakh,2018,1,Motorola,440,0.02
ladakh,2018,1,Others,1787,0.085
ladakh,2018,2,Xiaomi,6284,0.26
ladakh,2018,2,Samsung,4644,0.2
ladakh,2018,2,Vivo,3606,0.145
ladakh,2018,2,Oppo,2725,0.115
ladakh,2018,2,Realme,2269,0.095
ladakh,2018,2,OnePlus,1100,0.045
ladakh,2018,2,Apple,807,0.035
ladakh,2018,2,Motorola,501,0.02
ladakh,2018,2,Others,2080,0.085
ladakh,2018,3,Xiaomi,7913,0.26
ladakh,2018,3,Samsung,6334,0.2
ladakh,2018,3,Vivo,4388,0.145
ladakh,2018,3,Oppo,3668,0.115
ladakh,2018,3,Realme,2910,0.095
ladakh,2018,3,OnePlus,1362,0.045
ladakh,2018,3,Apple,1102,0.035
ladakh,2018,3,Motorola,626,0.02
ladakh,2018,3,Others,2639,0.085
ladakh,2018,4,Xiaomi,8590,0.26
ladakh,2018,4,Samsung,6808,0.2
ladakh,2018,4,Vivo,4744,0.145
ladakh,2018,4,Oppo,4056,0.115
ladakh,2018,4,Realme,3222,0.095
ladakh,2018,4,OnePlus,1595,0.045
ladakh,2018,4,Apple,1143,0.035
ladakh,2018,4,Motorola,679,0.02
ladakh,2018,4,Others,2830,0.085
ladakh,2019,1,Xiaomi,7627,0.26
ladakh,2019,1,Samsung,5902,0.2
ladakh,2019,1,Vivo,4348,0.145
ladakh,2019,1,Oppo,3395,0.115
ladakh,2019,1,Realme,2749,0.095
ladakh,2019,1,OnePlus,1351,0.045
ladakh,2019,1,Apple,1013,0.035
ladakh,2019,1,Motorola,568,0.02
ladakh,2019,1,Others,2520,0.085
ladakh,2019,2,Xiaomi,8525,0.26
ladakh,2019,2,Samsung,6854,0.2
ladakh,2019,2,Vivo,4890,0.145
ladakh,2019,2,Oppo,3657,0.115
ladakh,2019,2,Realme,3229,0.095
ladakh,2019,2,OnePlus,1566,0.045
ladakh,2019,2,Apple,1114,0.035
ladakh,2019,2,Motorola,672,0.02
ladakh,2019,2,Others,2962,0.085
ladakh,2019,3,Xiaomi,10674,0.26
ladakh,2019,3,Samsung,7738,0.2
ladakh,2019,3,Vivo,5509,0.145
ladakh,2019,3,Oppo,4675,0.115
ladakh,2019,3,Realme,3765,0.095
ladakh,2019,3,OnePlus,1759,0.045
ladakh,2019,3,Apple,1328,0.035
ladakh,2019,3,Motorola,804,0.02
ladakh,2019,3,Others,3354,0.085
ladakh,2019,4,Xiaomi,10975,0.26
ladakh,2019,4,Samsung,7977,0.2
ladakh,2019,4,Vivo,5916,0.145
ladakh,2019,4,Oppo,4570,0.115
ladakh,2019,4,Realme,3969,0.095
ladakh,2019,4,OnePlus,1883,0.045
ladakh,2019,4,Apple,1442,0.035
ladakh,2019,4,Motorola,860,0.02
ladakh,2019,4,Others,3573,0.085
ladakh,2020,1,Xiaomi,9982,0.26
ladakh,2020,1,Samsung,7443,0.2
ladakh,2020,1,Vivo,5063,0.145
ladakh,2020,1,Oppo,4182,0.115
ladakh,2020,1,Realme,3559,0.095
ladakh,2020,1,OnePlus,1657,0.045
ladakh,2020,1,Apple,1219,0.035
ladakh,2020,1,Motorola,752,0.02
ladakh,2020,1,Others,2963,0.085
ladakh,2020,2,Xiaomi,10630,0.26
ladakh,2020,2,Samsung,8271,0.2
ladakh,2020,2,Vivo,5800,0.145
ladakh,2020,2,Oppo,4338,0.115
ladakh,2020,2,Realme,3769,0.095
ladakh,2020,2,OnePlus,1779,0.045
ladakh,2020,2,Apple,1314,0.035
ladakh,2020,2,Motorola,756,0.02
ladakh,2020,2,Others,3290,0.085
ladakh,2020,3,Xiaomi,10642,0.26
ladakh,2020,3,Samsung,7943,0.2
ladakh,2020,3,Vivo,5765,0.145
ladakh,2020,3,Oppo,4584,0.115
ladakh,2020,3,Realme,3960,0.095
ladakh,2020,3,OnePlus,1915,0.045
ladakh,2020,3,Apple,1475,0.035
ladakh,2020,3,Motorola,823,0.02
ladakh,2020,3,Others,3622,0.085
ladakh,2020,4,Xiaomi,13430,0.26
ladakh,2020,4,Samsung,10612,0.2
ladakh,2020,4,Vivo,7095,0.145
ladakh,2020,4,Oppo,6024,0.115
ladakh,2020,4,Realme,4795,0.095
ladakh,2020,4,OnePlus,2327,0.045
ladakh,2020,4,Apple,1869,0.035
ladakh,2020,4,Motorola,983,0.02
ladakh,2020,4,Others,4411,0.085
ladakh,2021,1,Xiaomi,12070,0.26
ladakh,2021,1,Samsung,9214,0.2
ladakh,2021,1,Vivo,6373,0.145
ladakh,2021,1,Oppo,5080,0.115
ladakh,2021,1,Realme,4309,0.095
ladakh,2021,1,OnePlus,2039,0.045
ladakh,2021,1,Apple,1654,0.035
ladakh,2021,1,Motorola,881,0.02
ladakh,2021,1,Others,4040,0.085
ladakh,2021,2,Xiaomi,10878,0.26
ladakh,2021,2,Samsung,8311,0.2
ladakh,2021,2,Vivo,6206,0.145
ladakh,2021,2,Oppo,4985,0.115
ladakh,2021,2,Realme,3926,0.095
ladakh,2021,2,OnePlus,2044,0.045
ladakh,2021,2,Apple,1495,0.035
ladakh,2021,2,Motorola,827,0.02
ladakh,2021,2,Others,3571,0.085
ladakh,2021,3,Xiaomi,13027,0.26
ladakh,2021,3,Samsung,10227,0.2
ladakh,2021,3,Vivo,7507,0.145
ladakh,2021,3,Oppo,6196,0.115
ladakh,2021,3,Realme,4863,0.095
ladakh,2021,3,OnePlus,2465,0.045
ladakh,2021,3,Apple,1891,0.035
ladakh,2021,3,Motorola,1016,0.02
ladakh,2021,3,Others,4639,0.085
ladakh,2021,4,Xiaomi,14106,0.26
ladakh,2021,4,Samsung,11372,0.2
ladakh,2021,4,Vivo,8024,0.145
ladakh,2021,4,Oppo,6030,0.115
ladakh,2021,4,Realme,5041,0.095
ladakh,2021,4,OnePlus,2388,0.045
ladakh,2021,4,Apple,1899,0.035
ladakh,2021,4,Motorola,1050,0.02
ladakh,2021,4,Others,4644,0.085
ladakh,2022,1,Xiaomi,13814,0.26
ladakh,2022,1,Samsung,10734,0.2
ladakh,2022,1,Vivo,7744,0.145
ladakh,2022,1,Oppo,5662,0.115
ladakh,2022,1,Realme,4924,0.095
ladakh,2022,1,OnePlus,2253,0.045
ladakh,2022,1,Apple,1832,0.035
ladakh,2022,1,Motorola,981,0.02
ladakh,2022,1,Others,4440,0.085
ladakh,2022,2,Xiaomi,13053,0.26
ladakh,2022,2,Samsung,9912,0.2
ladakh,2022,2,Vivo,7177,0.145
ladakh,2022,2,Oppo,5588,0.115
ladakh,2022,2,Realme,4366,0.095
ladakh,2022,2,OnePlus,2214,0.045
ladakh,2022,2,Apple,1772,0.035
ladakh,2022,2,Motorola,953,0.02
ladakh,2022,2,Others,4201,0.085
ladakh,2022,3,Xiaomi,14973,0.26
ladakh,2022,3,Samsung,11284,0.2
ladakh,2022,3,Vivo,8920,0.145
ladakh,2022,3,Oppo,6704,0.115
ladakh,2022,3,Realme,5357,0.095
ladakh,2022,3,OnePlus,2572,0.045
ladakh,2022,3,Apple,2142,0.035
ladakh,2022,3,Motorola,1195,0.02
ladakh,2022,3,Others,4879,0.085
ladakh,2022,4,Xiaomi,17418,0.26
ladakh,2022,4,Samsung,13789,0.2
ladakh,2022,4,Vivo,9595,0.145
ladakh,2022,4,Oppo,7961,0.115
ladakh,2022,4,Realme,6203,0.095
ladakh,2022,4,OnePlus,2987,0.045
ladakh,2022,4,Apple,2340,0.035
ladakh,2022,4,Motorola,1341,0.02
ladakh,2022,4,Others,5738,0.085
ladakh,2023,1,Xiaomi,14399,0.26
ladakh,2023,1,Samsung,10944,0.2
ladakh,2023,1,Vivo,7708,0.145
ladakh,2023,1,Oppo,6552,0.115
ladakh,2023,1,Realme,5457,0.095
ladakh,2023,1,OnePlus,2523,0.045
ladakh,2023,1,Apple,1981,0.035
ladakh,2023,1,Motorola,1063,0.02
ladakh,2023,1,Others,4510,0.085
ladakh,2023,2,Xiaomi,15678,0.26
ladakh,2023,2,Samsung,12205,0.2
ladakh,2023,2,Vivo,9164,0.145
ladakh,2023,2,Oppo,7001,0.115
ladakh,2023,2,Realme,6003,0.095
ladakh,2023,2,OnePlus,2741,0.045
ladakh,2023,2,Apple,2049,0.035
ladakh,2023,2,Motorola,1280,0.02
ladakh,2023,2,Others,5295,0.085
ladakh,2023,3,Xiaomi,14618,0.26
ladakh,2023,3,Samsung,11825,0.2
ladakh,2023,3,Vivo,8634,0.145
ladakh,2023,3,Oppo,6508,0.115
ladakh,2023,3,Realme,5287,0.095
ladakh,2023,3,OnePlus,2712,0.045
ladakh,2023,3,Apple,2069,0.035
ladakh,2023,3,Motorola,1195,0.02
ladakh,2023,3,Others,5008,0.085
ladakh,2023,4,Xiaomi,21876,0.26
ladakh,2023,4,Samsung,15830,0.2
ladakh,2023,4,Vivo,12137,0.145
ladakh,2023,4,Oppo,9430,0.115
ladakh,2023,4,Realme,7673,0.095
ladakh,2023,4,OnePlus,3478,0.045
ladakh,2023,4,Apple,2823,0.035
ladakh,2023,4,Motorola,1670,0.02
ladakh,2023,4,Others,6497,0.085
lakshadweep,2018,1,Xiaomi,2399,0.26
lakshadweep,2018,1,Samsung,1787,0.2
lakshadweep,2018,1,Vivo,1316,0.145
lakshadweep,2018,1,Oppo,1050,0.115
lakshadweep,2018,1,Realme,910,0.095
lakshadweep,2018,1,OnePlus,426,0.045
lakshadweep,2018,1,Apple,329,0.035
lakshadweep,2018,1,Motorola,179,0.02
lakshadweep,2018,1,Others,809,0.085
lakshadweep,2018,2,Xiaomi,2928,0.26
lakshadweep,2018,2,Samsung,2166,0.2
lakshadweep,2018,2,Vivo,1651,0.145
lakshadweep,2018,2,Oppo,1221,0.115
lakshadweep,2018,2,Realme,1054,0.095
lakshadweep,2018,2,OnePlus,466,0.045
lakshadweep,2018,2,Apple,379,0.035
lakshadweep,2018,2,Motorola,217,0.02
lakshadweep,2018,2,Others,898,0.085
lakshadweep,2018,3,Xiaomi,3809,0.26
lakshadweep,2018,3,Samsung,3188,0.2
lakshadweep,2018,3,Vivo,2210,0.145
lakshadweep,2018,3,Oppo,1832,0.115
lakshadweep,2018,3,Realme,1398,0.095
lakshadweep,2018,3,OnePlus,683,0.045
lakshadweep,2018,3,Apple,530,0.035
lakshadweep,2018,3,Motorola,313,0.02
lakshadweep,2018,3,Others,1338,0.085
lakshadweep,2018,4,Xiaomi,4202,0.26
lakshadweep,2018,4,Samsung,3525,0.2
lakshadweep,2018,4,Vivo,2354,0.145
lakshadweep,2018,4,Oppo,2031,0.115
lakshadweep,2018,4,Realme,1576,0.095
lakshadweep,2018,4,OnePlus,765,0.045
lakshadweep,2018,4,Apple,583,0.035
lakshadweep,2018,4,Motorola,346,0.02
lakshadweep,2018,4,Others,1384,0.085
lakshadweep,2019,1,Xiaomi,3601,0.26
lakshadweep,2019,1,Samsung,2679,0.2
lakshadweep,2019,1,Vivo,1944,0.145
lakshadweep,2019,1,Oppo,1499,0.115
lakshadweep,2019,1,Realme,1258,0.095
lakshadweep,2019,1,OnePlus,624,0.045
lakshadweep,2019,1,Apple,450,0.035
lakshadweep,2019,1,Motorola,267,0.02
lakshadweep,2019,1,Others,1131,0.085
lakshadweep,2019,2,Xiaomi,4098,0.26
lakshadweep,2019,2,Samsung,3182,0.2
lakshadweep,2019,2,Vivo,2230,0.145
lakshadweep,2019,2,Oppo,1817,0.115
lakshadweep,2019,2,Realme,1514,0.095
lakshadweep,2019,2,OnePlus,691,0.045
lakshadweep,2019,2,Apple,581,0.035
lakshadweep,2019,2,Motorola,309,0.02
lakshadweep,2019,2,Others,1307,0.085
lakshadweep,2019,3,Xiaomi,5143,0.26
lakshadweep,2019,3,Samsung,3781,0.2
lakshadweep,2019,3,Vivo,2774,0.145
lakshadweep,2019,3,Oppo,2351,0.115
lakshadweep,2019,3,Realme,1846,0.095
lakshadweep,2019,3,OnePlus,903,0.045
lakshadweep,2019,3,Apple,692,0.035
lakshadweep,2019,3,Motorola,399,0.02
lakshadweep,2019,3,Others,1668,0.085
lakshadweep,2019,4,Xiaomi,5050,0.26
lakshadweep,2019,4,Samsung,3763,0.2
lakshadweep,2019,4,Vivo,2658,0.145
lakshadweep,2019,4,Oppo,2250,0.115
lakshadweep,2019,4,Realme,1796,0.095
lakshadweep,2019,4,OnePlus,880,0.045
lakshadweep,2019,4,Apple,662,0.035
lakshadweep,2019,4,Motorola,382,0.02
lakshadweep,2019,4,Others,1672,0.085
lakshadweep,2020,1,Xiaomi,5010,0.26
lakshadweep,2020,1,Samsung,3891,0.2
lakshadweep,2020,1,Vivo,2950,0.145
lakshadweep,2020,1,Oppo,2242,0.115
lakshadweep,2020,1,Realme,1907,0.095
lakshadweep,2020,1,OnePlus,888,0.045
lakshadweep,2020,1,Apple,702,0.035
lakshadweep,2020,1,Motorola,401,0.02
lakshadweep,2020,1,Others,1727,0.085
lakshadweep,2020,2,Xiaomi,4810,0.26
lakshadweep,2020,2,Samsung,3724,0.2
lakshadweep,2020,2,Vivo,2554,0.145
lakshadweep,2020,2,Oppo,2160,0.115
lakshadweep,2020,2,Realme,1821,0.095
lakshadweep,2020,2,OnePlus,802,0.045
lakshadweep,2020,2,Apple,637,0.035
lakshadweep,2020,2,Motorola,349,0.02
lakshadweep,2020,2,Others,1520,0.085
lakshadweep,2020,3,Xiaomi,5391,0.26
lakshadweep,2020,3,Samsung,4117,0.2
lakshadweep,2020,3,Vivo,3040,0.145
lakshadweep,2020,3,Oppo,2370,0.115
lakshadweep,2020,3,Realme,1978,0.095
lakshadweep,2020,3,OnePlus,896,0.045
lakshadweep,2020,3,Apple,720,0.035
lakshadweep,2020,3,Motorola,407,0.02
lakshadweep,2020,3,Others,1658,0.085
lakshadweep,2020,4,Xiaomi,5710,0.26
lakshadweep,2020,4,Samsung,4245,0.2
lakshadweep,2020,4,Vivo,3154,0.145
lakshadweep,2020,4,Oppo,2587,0.115
lakshadweep,2020,4,Realme,2160,0.095
lakshadweep,2020,4,OnePlus,1013,0.045
lakshadweep,2020,4,Apple,781,0.035
lakshadweep,2020,4,Motorola,424,0.02
lakshadweep,2020,4,Others,1812,0.085
lakshadweep,2021,1,Xiaomi,4960,0.26
lakshadweep,2021,1,Samsung,3930,0.2
lakshadweep,2021,1,Vivo,2873,0.145
lakshadweep,2021,1,Oppo,2379,0.115
lakshadweep,2021,1,Realme,1974,0.095
lakshadweep,2021,1,OnePlus,873,0.045
lakshadweep,2021,1,Apple,693,0.035
lakshadweep,2021,1,Motorola,403,0.02
lakshadweep,2021,1,Others,1743,0.085
lakshadweep,2021,2,Xiaomi,5679,0.26
lakshadweep,2021,2,Samsung,4496,0.2
lakshadweep,2021,2,Vivo,3221,0.145
lakshadweep,2021,2,Oppo,2615,0.115
lakshadweep,2021,2,Realme,2150,0.095
lakshadweep,2021,2,OnePlus,988,0.045
lakshadweep,2021,2,Apple,813,0.035
lakshadweep,2021,2,Motorola,475,0.02
lakshadweep,2021,2,Others,1864,0.085
lakshadweep,2021,3,Xiaomi,6735,0.26
lakshadweep,2021,3,Samsung,5112,0.2
lakshadweep,2021,3,Vivo,3466,0.145
lakshadweep,2021,3,Oppo,3010,0.115
lakshadweep,2021,3,Realme,2463,0.095
lakshadweep,2021,3,OnePlus,1110,0.045
lakshadweep,2021,3,Apple,900,0.035
lakshadweep,2021,3,Motorola,500,0.02
lakshadweep,2021,3,Others,2039,0.085
lakshadweep,2021,4,Xiaomi,6305,0.26
lakshadweep,2021,4,Samsung,5122,0.2
lakshadweep,2021,4,Vivo,3580,0.145
lakshadweep,2021,4,Oppo,2835,0.115
lakshadweep,2021,4,Realme,2389,0.095
lakshadweep,2021,4,OnePlus,1135,0.045
lakshadweep,2021,4,Apple,911,0.035
lakshadweep,2021,4,Motorola,496,0.02
lakshadweep,2021,4,Others,2071,0.085
lakshadweep,2022,1,Xiaomi,5962,0.26
lakshadweep,2022,1,Samsung,4819,0.2
lakshadweep,2022,1,Vivo,3532,0.145
lakshadweep,2022,1,Oppo,2733,0.115
lakshadweep,2022,1,Realme,2279,0.095
lakshadweep,2022,1,OnePlus,1104,0.045
lakshadweep,2022,1,Apple,842,0.035
lakshadweep,2022,1,Motorola,475,0.02
lakshadweep,2022,1,Others,1994,0.085
lakshadweep,2022,2,Xiaomi,5888,0.26
lakshadweep,2022,2,Samsung,4565,0.2
lakshadweep,2022,2,Vivo,3481,0.145
lakshadweep,2022,2,Oppo,2670,0.115
lakshadweep,2022,2,Realme,2227,0.095
lakshadweep,2022,2,OnePlus,1044,0.045
lakshadweep,2022,2,Apple,827,0.035
lakshadweep,2022,2,Motorola,467,0.02
lakshadweep,2022,2,Others,2072,0.085
lakshadweep,2022,3,Xiaomi,8075,0.26
lakshadweep,2022,3,Samsung,5776,0.2
lakshadweep,2022,3,Vivo,4266,0.145
lakshadweep,2022,3,Oppo,3341,0.115
lakshadweep,2022,3,Realme,2990,0.095
lakshadweep,2022,3,OnePlus,1316,0.045
lakshadweep,2022,3,Apple,1090,0.035
lakshadweep,2022,3,Motorola,606,0.02
lakshadweep,2022,3,Others,2595,0.085
lakshadweep,2022,4,Xiaomi,7777,0.26
lakshadweep,2022,4,Samsung,6056,0.2
lakshadweep,2022,4,Vivo,4655,0.145
lakshadweep,2022,4,Oppo,3715,0.115
lakshadweep,2022,4,Realme,3044,0.095
lakshadweep,2022,4,OnePlus,1395,0.045
lakshadweep,2022,4,Apple,1073,0.035
lakshadweep,2022,4,Motorola,650,0.02
lakshadweep,2022,4,Others,2697,0.085
lakshadweep,2023,1,Xiaomi,7145,0.26
lakshadweep,2023,1,Samsung,5159,0.2
lakshadweep,2023,1,Vivo,4007,0.145
lakshadweep,2023,1,Oppo,2915,0.115
lakshadweep,2023,1,Realme,2628,0.095
lakshadweep,2023,1,OnePlus,1148,0.045
lakshadweep,2023,1,Apple,940,0.035
lakshadweep,2023,1,Motorola,537,0.02
lakshadweep,2023,1,Others,2199,0.085
lakshadweep,2023,2,Xiaomi,8090,0.26
lakshadweep,2023,2,Samsung,6470,0.2
lakshadweep,2023,2,Vivo,4492,0.145
lakshadweep,2023,2,Oppo,3537,0.115
lakshadweep,2023,2,Realme,3067,0.095
lakshadweep,2023,2,OnePlus,1329,0.045
lakshadweep,2023,2,Apple,1029,0.035
lakshadweep,2023,2,Motorola,617,0.02
lakshadweep,2023,2,Others,2611,0.085
lakshadweep,2023,3,Xiaomi,8714,0.26
lakshadweep,2023,3,Samsung,6826,0.2
lakshadweep,2023,3,Vivo,4908,0.145
lakshadweep,2023,3,Oppo,4061,0.115
lakshadweep,2023,3,Realme,3145,0.095
lakshadweep,2023,3,OnePlus,1585,0.045
lakshadweep,2023,3,Apple,1158,0.035
lakshadweep,2023,3,Motorola,659,0.02
lakshadweep,2023,3,Others,2888,0.085
lakshadweep,2023,4,Xiaomi,9360,0.26
lakshadweep,2023,4,Samsung,6812,0.2
lakshadweep,2023,4,Vivo,4803,0.145
lakshadweep,2023,4,Oppo,3947,0.115
lakshadweep,2023,4,Realme,3245,0.095
lakshadweep,2023,4,OnePlus,1555,0.045
lakshadweep,2023,4,Apple,1162,0.035
lakshadweep,2023,4,Motorola,677,0.02
lakshadweep,2023,4,Others,3009,0.085
madhya-pradesh,2018,1,Xiaomi,209273,0.26
madhya-pradesh,2018,1,Samsung,164817,0.2
madhya-pradesh,2018,1,Vivo,121546,0.145
madhya-pradesh,2018,1,Oppo,94360,0.115
madhya-pradesh,2018,1,Realme,79125,0.095
madhya-pradesh,2018,1,OnePlus,34947,0.045
madhya-pradesh,2018,1,Apple,27340,0.035
madhya-pradesh,2018,1,Motorola,16934,0.02
madhya-pradesh,2018,1,Others,69398,0.085
madhya-pradesh,2018,2,Xiaomi,228878,0.26
madhya-pradesh,2018,2,Samsung,186382,0.2
madhya-pradesh,2018,2,Vivo,124050,0.145
madhya-pradesh,2018,2,Oppo,102844,0.115
madhya-pradesh,2018,2,Realme,82032,0.095
madhya-pradesh,2018,2,OnePlus,41371,0.045
madhya-pradesh,2018,2,Apple,31476,0.035
madhya-pradesh,2018,2,Motorola,18720,0.02
madhya-pradesh,2018,2,Others,76291,0.085
madhya-pradesh,2018,3,Xiaomi,254323,0.26
madhya-pradesh,2018,3,Samsung,208412,0.2
madhya-pradesh,2018,3,Vivo,146747,0.145
madhya-pradesh,2018,3,Oppo,116011,0.115
madhya-pradesh,2018,3,Realme,93431,0.095
madhya-pradesh,2018,3,OnePlus,42983,0.045
madhya-pradesh,2018,3,Apple,35226,0.035
madhya-pradesh,2018,3,Motorola,19849,0.02
madhya-pradesh,2018,3,Others,89149,0.085
madhya-pradesh,2018,4,Xiaomi,333647,0.26
madhya-pradesh,2018,4,Samsung,237694,0.2
madhya-pradesh,2018,4,Vivo,173443,0.145
madhya-pradesh,2018,4,Oppo,141695,0.115
madhya-pradesh,2018,4,Realme,112682,0.095
madhya-pradesh,2018,4,OnePlus,55204,0.045
madhya-pradesh,2018,4,Apple,41701,0.035
madhya-pradesh,2018,4,Motorola,25310,0.02
madhya-pradesh,2018,4,Others,101050,0.085
madhya-pradesh,2019,1,Xiaomi,326319,0.26
madhya-pradesh,2019,1,Samsung,239400,0.2
madhya-pradesh,2019,1,Vivo,179825,0.145
madhya-pradesh,2019,1,Oppo,131698,0.115
madhya-pradesh,2019,1,Realme,114877,0.095
madhya-pradesh,2019,1,OnePlus,54048,0.045
madhya-pradesh,2019,1,Apple,42508,0.035
madhya-pradesh,2019,1,Motorola,23245,0.02
madhya-pradesh,2019,1,Others,100327,0.085
madhya-pradesh,2019,2,Xiaomi,333564,0.26
madhya-pradesh,2019,2,Samsung,262109,0.2
madhya-pradesh,2019,2,Vivo,179715,0.145
madhya-pradesh,2019,2,Oppo,138173,0.115
madhya-pradesh,2019,2,Realme,116489,0.095
madhya-pradesh,2019,2,OnePlus,57128,0.045
madhya-pradesh,2019,2,Apple,45854,0.035
madhya-pradesh,2019,2,Motorola,24322,0.02
madhya-pradesh,2019,2,Others,111590,0.085
madhya-pradesh,2019,3,Xiaomi,378066,0.26
madhya-pradesh,2019,3,Samsung,297347,0.2
madhya-pradesh,2019,3,Vivo,221392,0.145
madhya-pradesh,2019,3,Oppo,168385,0.115
madhya-pradesh,2019,3,Realme,131821,0.095
madhya-pradesh,2019,3,OnePlus,62695,0.045
madhya-pradesh,2019,3,Apple,50795,0.035
madhya-pradesh,2019,3,Motorola,28599,0.02
madhya-pradesh,2019,3,Others,126171,0.085
madhya-pradesh,2019,4,Xiaomi,518621,0.26
madhya-pradesh,2019,4,Samsung,392801,0.2
madhya-pradesh,2019,4,Vivo,279077,0.145
madhya-pradesh,2019,4,Oppo,210405,0.115
madhya-pradesh,2019,4,Realme,182654,0.095
madhya-pradesh,2019,4,OnePlus,82960,0.045
madhya-pradesh,2019,4,Apple,70218,0.035
madhya-pradesh,2019,4,Motorola,38069,0.02
madhya-pradesh,2019,4,Others,171471,0.085
madhya-pradesh,2020,1,Xiaomi,401918,0.26
madhya-pradesh,2020,1,Samsung,305811,0.2
madhya-pradesh,2020,1,Vivo,223403,0.145
madhya-pradesh,2020,1,Oppo,182580,0.115
madhya-pradesh,2020,1,Realme,152005,0.095
madhya-pradesh,2020,1,OnePlus,70674,0.045
madhya-pradesh,2020,1,Apple,53634,0.035
madhya-pradesh,2020,1,Motorola,30757,0.02
madhya-pradesh,2020,1,Others,124012,0.085
madhya-pradesh,2020,2,Xiaomi,438898,0.26
madhya-pradesh,2020,2,Samsung,346037,0.2
madhya-pradesh,2020,2,Vivo,253344,0.145
madhya-pradesh,2020,2,Oppo,187924,0.115
madhya-pradesh,2020,2,Realme,158156,0.095
madhya-pradesh,2020,2,OnePlus,73768,0.045
madhya-pradesh,2020,2,Apple,56093,0.035
madhya-pradesh,2020,2,Motorola,33153,0.02
madhya-pradesh,2020,2,Others,142702,0.085
madhya-pradesh,2020,3,Xiaomi,481978,0.26
madhya-pradesh,2020,3,Samsung,375563,0.2
madhya-pradesh,2020,3,Vivo,289784,0.145
madhya-pradesh,2020,3,Oppo,213774,0.115
madhya-pradesh,2020,3,Realme,188208,0.095
madhya-pradesh,2020,3,OnePlus,90072,0.045
madhya-pradesh,2020,3,Apple,65794,0.035
madhya-pradesh,2020,3,Motorola,39145,0.02
madhya-pradesh,2020,3,Others,162286,0.085
madhya-pradesh,2020,4,Xiaomi,611366,0.26
madhya-pradesh,2020,4,Samsung,434916,0.2
madhya-pradesh,2020,4,Vivo,328812,0.145
madhya-pradesh,2020,4,Oppo,253416,0.115
madhya-pradesh,2020,4,Realme,211008,0.095
madhya-pradesh,2020,4,OnePlus,106408,0.045
madhya-pradesh,2020,4,Apple,81018,0.035
madhya-pradesh,2020,4,Motorola,44849,0.02
madhya-pradesh,2020,4,Others,193906,0.085
madhya-pradesh,2021,1,Xiaomi,403487,0.26
madhya-pradesh,2021,1,Samsung,335455,0.2
madhya-pradesh,2021,1,Vivo,225401,0.145
madhya-pradesh,2021,1,Oppo,193961,0.115
madhya-pradesh,2021,1,Realme,154257,0.095
madhya-pradesh,2021,1,OnePlus,69691,0.045
madhya-pradesh,2021,1,Apple,58046,0.035
madhya-pradesh,2021,1,Motorola,30807,0.02
madhya-pradesh,2021,1,Others,136089,0.085
madhya-pradesh,2021,2,Xiaomi,506042,0.26
madhya-pradesh,2021,2,Samsung,370069,0.2
madhya-pradesh,2021,2,Vivo,262546,0.145
madhya-pradesh,2021,2,Oppo,215808,0.115
madhya-pradesh,2021,2,Realme,171562,0.095
madhya-pradesh,2021,2,OnePlus,82645,0.045
madhya-pradesh,2021,2,Apple,67747,0.035
madhya-pradesh,2021,2,Motorola,37184,0.02
madhya-pradesh,2021,2,Others,154887,0.085
madhya-pradesh,2021,3,Xiaomi,569962,0.26
madhya-pradesh,2021,3,Samsung,438699,0.2
madhya-pradesh,2021,3,Vivo,306146,0.145
madhya-pradesh,2021,3,Oppo,239053,0.115
madhya-pradesh,2021,3,Realme,195494,0.095
madhya-pradesh,2021,3,OnePlus,91374,0.045
madhya-pradesh,2021,3,Apple,73576,0.035
madhya-pradesh,2021,3,Motorola,44336,0.02
madhya-pradesh,2021,3,Others,179194,0.085
madhya-pradesh,2021,4,Xiaomi,647287,0.26
madhya-pradesh,2021,4,Samsung,483667,0.2
madhya-pradesh,2021,4,Vivo,341800,0.145
madhya-pradesh,2021,4,Oppo,292622,0.115
madhya-pradesh,2021,4,Realme,229761,0.095
madhya-pradesh,2021,4,OnePlus,113821,0.045
madhya-pradesh,2021,4,Apple,81194,0.035
madhya-pradesh,2021,4,Motorola,48194,0.02
madhya-pradesh,2021,4,Others,207688,0.085
madhya-pradesh,2022,1,Xiaomi,505369,0.26
madhya-pradesh,2022,1,Samsung,387175,0.2
madhya-pradesh,2022,1,Vivo,265938,0.145
madhya-pradesh,2022,1,Oppo,223815,0.115
madhya-pradesh,2022,1,Realme,173322,0.095
madhya-pradesh,2022,1,OnePlus,86654,0.045
madhya-pradesh,2022,1,Apple,66557,0.035
madhya-pradesh,2022,1,Motorola,38405,0.02
madhya-pradesh,2022,1,Others,151603,0.085
madhya-pradesh,2022,2,Xiaomi,507108,0.26
madhya-pradesh,2022,2,Samsung,387063,0.2
madhya-pradesh,2022,2,Vivo,261749,0.145
madhya-pradesh,2022,2,Oppo,224890,0.115
madhya-pradesh,2022,2,Realme,186766,0.095
madhya-pradesh,2022,2,OnePlus,89301,0.045
madhya-pradesh,2022,2,Apple,66542,0.035
madhya-pradesh,2022,2,Motorola,36923,0.02
madhya-pradesh,2022,2,Others,168314,0.085
madhya-pradesh,2022,3,Xiaomi,585052,0.26
madhya-pradesh,2022,3,Samsung,455848,0.2
madhya-pradesh,2022,3,Vivo,312306,0.145
madhya-pradesh,2022,3,Oppo,260873,0.115
madhya-pradesh,2022,3,Realme,207064,0.095
madhya-pradesh,2022,3,OnePlus,101449,0.045
madhya-pradesh,2022,3,Apple,75999,0.035
madhya-pradesh,2022,3,Motorola,43454,0.02
madhya-pradesh,2022,3,Others,188034,0.085
madhya-pradesh,2022,4,Xiaomi,626779,0.26
madhya-pradesh,2022,4,Samsung,471878,0.2
madhya-pradesh,2022,4,Vivo,346870,0.145
madhya-pradesh,2022,4,Oppo,258807,0.115
madhya-pradesh,2022,4,Realme,219488,0.095
madhya-pradesh,2022,4,OnePlus,101980,0.045
madhya-pradesh,2022,4,Apple,81283,0.035
madhya-pradesh,2022,4,Motorola,47004,0.02
madhya-pradesh,2022,4,Others,194252,0.085
madhya-pradesh,2023,1,Xiaomi,537236,0.26
madhya-pradesh,2023,1,Samsung,446797,0.2
madhya-pradesh,2023,1,Vivo,327157,0.145
madhya-pradesh,2023,1,Oppo,254767,0.115
madhya-pradesh,2023,1,Realme,195980,0.095
madhya-pradesh,2023,1,OnePlus,93765,0.045
madhya-pradesh,2023,1,Apple,75780,0.035
madhya-pradesh,2023,1,Motorola,42809,0.02
madhya-pradesh,2023,1,Others,189632,0.085
madhya-pradesh,2023,2,Xiaomi,567347,0.26
madhya-pradesh,2023,2,Samsung,412648,0.2
madhya-pradesh,2023,2,Vivo,324845,0.145
madhya-pradesh,2023,2,Oppo,238500,0.115
madhya-pradesh,2023,2,Realme,204349,0.095
madhya-pradesh,2023,2,OnePlus,93744,0.045
madhya-pradesh,2023,2,Apple,77254,0.035
madhya-pradesh,2023,2,Motorola,44670,0.02
madhya-pradesh,2023,2,Others,191646,0.085
madhya-pradesh,2023,3,Xiaomi,700078,0.26
madhya-pradesh,2023,3,Samsung,536244,0.2
madhya-pradesh,2023,3,Vivo,379678,0.145
madhya-pradesh,2023,3,Oppo,301781,0.115
madhya-pradesh,2023,3,Realme,237241,0.095
madhya-pradesh,2023,3,OnePlus,112457,0.045
madhya-pradesh,2023,3,Apple,91985,0.035
madhya-pradesh,2023,3,Motorola,52859,0.02
madhya-pradesh,2023,3,Others,215278,0.085
madhya-pradesh,2023,4,Xiaomi,834677,0.26
madhya-pradesh,2023,4,Samsung,658422,0.2
madhya-pradesh,2023,4,Vivo,494485,0.145
madhya-pradesh,2023,4,Oppo,392609,0.115
madhya-pradesh,2023,4,Realme,306890,0.095
madhya-pradesh,2023,4,OnePlus,149250,0.045
madhya-pradesh,2023,4,Apple,113601,0.035
madhya-pradesh,2023,4,Motorola,65488,0.02
madhya-pradesh,2023,4,Others,267145,0.085
maharashtra,2018,1,Xiaomi,541757,0.26
maharashtra,2018,1,Samsung,415359,0.2
maharashtra,2018,1,Vivo,290081,0.145
maharashtra,2018,1,Oppo,225959,0.115
maharashtra,2018,1,Realme,198100,0.095
maharashtra,2018,1,OnePlus,92963,0.045
maharashtra,2018,1,Apple,72002,0.035
maharashtra,2018,1,Motorola,39726,0.02
maharashtra,2018,1,Others,169286,0.085
maharashtra,2018,2,Xiaomi,638177,0.26
maharashtra,2018,2,Samsung,496405,0.2
maharashtra,2018,2,Vivo,356797,0.145
maharashtra,2018,2,Oppo,279467,0.115
maharashtra,2018,2,Realme,243104,0.095
maharashtra,2018,2,OnePlus,119441,0.045
maharashtra,2018,2,Apple,88604,0.035
maharashtra,2018,2,Motorola,51662,0.02
maharashtra,2018,2,Others,222845,0.085
maharashtra,2018,3,Xiaomi,728519,0.26
maharashtra,2018,3,Samsung,545920,0.2
maharashtra,2018,3,Vivo,422300,0.145
maharashtra,2018,3,Oppo,304895,0.115
maharashtra,2018,3,Realme,263524,0.095
maharashtra,2018,3,OnePlus,130496,0.045
maharashtra,2018,3,Apple,93135,0.035
maharashtra,2018,3,Motorola,57584,0.02
maharashtra,2018,3,Others,242239,0.085
maharashtra,2018,4,Xiaomi,815590,0.26
maharashtra,2018,4,Samsung,600688,0.2
maharashtra,2018,4,Vivo,460033,0.145
maharashtra,2018,4,Oppo,363847,0.115
maharashtra,2018,4,Realme,280690,0.095
maharashtra,2018,4,OnePlus,135682,0.045
maharashtra,2018,4,Apple,106668,0.035
maharashtra,2018,4,Motorola,63748,0.02
maharashtra,2018,4,Others,252751,0.085
maharashtra,2019,1,Xiaomi,780550,0.26
maharashtra,2019,1,Samsung,592728,0.2
maharashtra,2019,1,Vivo,434603,0.145
maharashtra,2019,1,Oppo,324008,0.115
maharashtra,2019,1,Realme,266550,0.095
maharashtra,2019,1,OnePlus,127836,0.045
maharashtra,2019,1,Apple,96394,0.035
maharashtra,2019,1,Motorola,58012,0.02
maharashtra,2019,1,Others,253105,0.085
maharashtra,2019,2,Xiaomi,875838,0.26
maharashtra,2019,2,Samsung,680626,0.2
maharashtra,2019,2,Vivo,529528,0.145
maharashtra,2019,2,Oppo,407438,0.115
maharashtra,2019,2,Realme,347526,0.095
maharashtra,2019,2,OnePlus,166047,0.045
maharashtra,2019,2,Apple,120669,0.035
maharashtra,2019,2,Motorola,69634,0.02
maharashtra,2019,2,Others,311317,0.085
maharashtra,2019,3,Xiaomi,1044456,0.26
maharashtra,2019,3,Samsung,808585,0.2
maharashtra,2019,3,Vivo,583782,0.145
maharashtra,2019,3,Oppo,465694,0.115
maharashtra,2019,3,Realme,360645,0.095
maharashtra,2019,3,OnePlus,172192,0.045
maharashtra,2019,3,Apple,134612,0.035
maharashtra,2019,3,Motorola,80833,0.02
maharashtra,2019,3,Others,341450,0.085
maharashtra,2019,4,Xiaomi,989976,0.26
maharashtra,2019,4,Samsung,796859,0.2
maharashtra,2019,4,Vivo,596363,0.145
maharashtra,2019,4,Oppo,465371,0.115
maharashtra,2019,4,Realme,373190,0.095
maharashtra,2019,4,OnePlus,181393,0.045
maharashtra,2019,4,Apple,139752,0.035
maharashtra,2019,4,Motorola,79040,0.02
maharashtra,2019,4,Others,339126,0.085
maharashtra,2020,1,Xiaomi,968278,0.26
maharashtra,2020,1,Samsung,724868,0.2
maharashtra,2020,1,Vivo,557540,0.145
maharashtra,2020,1,Oppo,455703,0.115
maharashtra,2020,1,Realme,366880,0.095
maharashtra,2020,1,OnePlus,163875,0.045
maharashtra,2020,1,Apple,133404,0.035
maharashtra,2020,1,Motorola,79239,0.02
maharashtra,2020,1,Others,331371,0.085
maharashtra,2020,2,Xiaomi,981315,0.26
maharashtra,2020,2,Samsung,767893,0.2
maharashtra,2020,2,Vivo,540721,0.145
maharashtra,2020,2,Oppo,443502,0.115
maharashtra,2020,2,Realme,340527,0.095
maharashtra,2020,2,OnePlus,165139,0.045
maharashtra,2020,2,Apple,128098,0.035
maharashtra,2020,2,Motorola,72088,0.02
maharashtra,2020,2,Others,307539,0.085
maharashtra,2020,3,Xiaomi,963377,0.26
maharashtra,2020,3,Samsung,795461,0.2
maharashtra,2020,3,Vivo,587042,0.145
maharashtra,2020,3,Oppo,461830,0.115
maharashtra,2020,3,Realme,374263,0.095
maharashtra,2020,3,OnePlus,176114,0.045
maharashtra,2020,3,Apple,132409,0.035
maharashtra,2020,3,Motorola,73539,0.02
maharashtra,2020,3,Others,315159,0.085
maharashtra,2020,4,Xiaomi,1313034,0.26
maharashtra,2020,4,Samsung,927695,0.2
maharashtra,2020,4,Vivo,728408,0.145
maharashtra,2020,4,Oppo,552108,0.115
maharashtra,2020,4,Realme,454776,0.095
maharashtra,2020,4,OnePlus,212111,0.045
maharashtra,2020,4,Apple,162219,0.035
maharashtra,2020,4,Motorola,95629,0.02
maharashtra,2020,4,Others,417594,0.085
maharashtra,2021,1,Xiaomi,1203748,0.26
maharashtra,2021,1,Samsung,918130,0.2
maharashtra,2021,1,Vivo,730419,0.145
maharashtra,2021,1,Oppo,531452,0.115
maharashtra,2021,1,Realme,449486,0.095
maharashtra,2021,1,OnePlus,219396,0.045
maharashtra,2021,1,Apple,164451,0.035
maharashtra,2021,1,Motorola,94974,0.02
maharashtra,2021,1,Others,427651,0.085
maharashtra,2021,2,Xiaomi,1336115,0.26
maharashtra,2021,2,Samsung,1014818,0.2
maharashtra,2021,2,Vivo,723851,0.145
maharashtra,2021,2,Oppo,556187,0.115
maharashtra,2021,2,Realme,488143,0.095
maharashtra,2021,2,OnePlus,214604,0.045
maharashtra,2021,2,Apple,175069,0.035
maharashtra,2021,2,Motorola,102087,0.02
maharashtra,2021,2,Others,430024,0.085
maharashtra,2021,3,Xiaomi,1314746,0.26
maharashtra,2021,3,Samsung,1006683,0.2
maharashtra,2021,3,Vivo,768272,0.145
maharashtra,2021,3,Oppo,598768,0.115
maharashtra,2021,3,Realme,496768,0.095
maharashtra,2021,3,OnePlus,222800,0.045
maharashtra,2021,3,Apple,174568,0.035
maharashtra,2021,3,Motorola,100851,0.02
maharashtra,2021,3,Others,453974,0.085
maharashtra,2021,4,Xiaomi,1487177,0.26
maharashtra,2021,4,Samsung,1117587,0.2
maharashtra,2021,4,Vivo,807380,0.145
maharashtra,2021,4,Oppo,687828,0.115
maharashtra,2021,4,Realme,540166,0.095
maharashtra,2021,4,OnePlus,247370,0.045
maharashtra,2021,4,Apple,202604,0.035
maharashtra,2021,4,Motorola,113418,0.02
maharashtra,2021,4,Others,497853,0.085
maharashtra,2022,1,Xiaomi,1085204,0.26
maharashtra,2022,1,Samsung,882851,0.2
maharashtra,2022,1,Vivo,602339,0.145
maharashtra,2022,1,Oppo,475004,0.115
maharashtra,2022,1,Realme,405010,0.095
maharashtra,2022,1,OnePlus,199328,0.045
maharashtra,2022,1,Apple,153730,0.035
maharashtra,2022,1,Motorola,87601,0.02
maharashtra,2022,1,Others,384104,0.085
maharashtra,2022,2,Xiaomi,1272428,0.26
maharashtra,2022,2,Samsung,1022867,0.2
maharashtra,2022,2,Vivo,721095,0.145
maharashtra,2022,2,Oppo,583159,0.115
maharashtra,2022,2,Realme,499719,0.095
maharashtra,2022,2,OnePlus,219966,0.045
maharashtra,2022,2,Apple,178383,0.035
maharashtra,2022,2,Motorola,101536,0.02
maharashtra,2022,2,Others,424780,0.085
maharashtra,2022,3,Xiaomi,1376589,0.26
maharashtra,2022,3,Samsung,1060669,0.2
maharashtra,2022,3,Vivo,816579,0.145
maharashtra,2022,3,Oppo,600862,0.115
maharashtra,2022,3,Realme,520702,0.095
maharashtra,2022,3,OnePlus,236154,0.045
maharashtra,2022,3,Apple,189213,0.035
maharashtra,2022,3,Motorola,106877,0.02
maharashtra,2022,3,Others,457343,0.085
maharashtra,2022,4,Xiaomi,1453827,0.26
maharashtra,2022,4,Samsung,1195502,0.2
maharashtra,2022,4,Vivo,875186,0.145
maharashtra,2022,4,Oppo,645096,0.115
maharashtra,2022,4,Realme,574720,0.095
maharashtra,2022,4,OnePlus,274629,0.045
maharashtra,2022,4,Apple,193883,0.035
maharashtra,2022,4,Motorola,118772,0.02
maharashtra,2022,4,Others,484154,0.085
maharashtra,2023,1,Xiaomi,1569579,0.26
maharashtra,2023,1,Samsung,1161407,0.2
maharashtra,2023,1,Vivo,816522,0.145
maharashtra,2023,1,Oppo,662054,0.115
maharashtra,2023,1,Realme,577456,0.095
maharashtra,2023,1,OnePlus,251515,0.045
maharashtra,2023,1,Apple,212330,0.035
maharashtra,2023,1,Motorola,113622,0.02
maharashtra,2023,1,Others,512646,0.085
maharashtra,2023,2,Xiaomi,1272461,0.26
maharashtra,2023,2,Samsung,986680,0.2
maharashtra,2023,2,Vivo,716195,0.145
maharashtra,2023,2,Oppo,568349,0.115
maharashtra,2023,2,Realme,493046,0.095
maharashtra,2023,2,OnePlus,229645,0.045
maharashtra,2023,2,Apple,168737,0.035
maharashtra,2023,2,Motorola,99312,0.02
maharashtra,2023,2,Others,447341,0.085
maharashtra,2023,3,Xiaomi,1574578,0.26
maharashtra,2023,3,Samsung,1239621,0.2
maharashtra,2023,3,Vivo,903566,0.145
maharashtra,2023,3,Oppo,696771,0.115
maharashtra,2023,3,Realme,584381,0.095
maharashtra,2023,3,OnePlus,286480,0.045
maharashtra,2023,3,Apple,215404,0.035
maharashtra,2023,3,Motorola,120919,0.02
maharashtra,2023,3,Others,516932,0.085
maharashtra,2023,4,Xiaomi,1835920,0.26
maharashtra,2023,4,Samsung,1508476,0.2
maharashtra,2023,4,Vivo,1068444,0.145
maharashtra,2023,4,Oppo,819515,0.115
maharashtra,2023,4,Realme,724474,0.095
maharashtra,2023,4,OnePlus,341549,0.045
maharashtra,2023,4,Apple,258759,0.035
maharashtra,2023,4,Motorola,140524,0.02
maharashtra,2023,4,Others,636997,0.085
manipur,2018,1,Xiaomi,14978,0.26
manipur,2018,1,Samsung,11716,0.2
manipur,2018,1,Vivo,8289,0.145
manipur,2018,1,Oppo,7233,0.115
manipur,2018,1,Realme,5622,0.095
manipur,2018,1,OnePlus,2642,0.045
manipur,2018,1,Apple,2092,0.035
manipur,2018,1,Motorola,1225,0.02
manipur,2018,1,Others,5120,0.085
manipur,2018,2,Xiaomi,17521,0.26
manipur,2018,2,Samsung,14180,0.2
manipur,2018,2,Vivo,10505,0.145
manipur,2018,2,Oppo,7707,0.115
manipur,2018,2,Realme,6736,0.095
manipur,2018,2,OnePlus,3241,0.045
manipur,2018,2,Apple,2429,0.035
manipur,2018,2,Motorola,1378,0.02
manipur,2018,2,Others,5872,0.085
manipur,2018,3,Xiaomi,19025,0.26
manipur,2018,3,Samsung,15905,0.2
manipur,2018,3,Vivo,10521,0.145
manipur,2018,3,Oppo,8942,0.115
manipur,2018,3,Realme,7112,0.095
manipur,2018,3,OnePlus,3554,0.045
manipur,2018,3,Apple,2753,0.035
manipur,2018,3,Motorola,1500,0.02
manipur,2018,3,Others,6211,0.085
manipur,2018,4,Xiaomi,26318,0.26
manipur,2018,4,Samsung,20979,0.2
manipur,2018,4,Vivo,15260,0.145
manipur,2018,4,Oppo,12153,0.115
manipur,2018,4,Realme,9507,0.095
manipur,2018,4,OnePlus,4927,0.045
manipur,2018,4,Apple,3729,0.035
manipur,2018,4,Motorola,2043,0.02
manipur,2018,4,Others,9008,0.085
manipur,2019,1,Xiaomi,24603,0.26
manipur,2019,1,Samsung,20025,0.2
manipur,2019,1,Vivo,14836,0.145
manipur,2019,1,Oppo,11009,0.115
manipur,2019,1,Realme,9343,0.095
manipur,2019,1,OnePlus,4376,0.045
manipur,2019,1,Apple,3593,0.035
manipur,2019,1,Motorola,1899,0.02
manipur,2019,1,Others,8200,0.085
manipur,2019,2,Xiaomi,27480,0.26
manipur,2019,2,Samsung,20409,0.2
manipur,2019,2,Vivo,15358,0.145
manipur,2019,2,Oppo,11832,0.115
manipur,2019,2,Realme,9844,0.095
manipur,2019,2,OnePlus,4619,0.045
manipur,2019,2,Apple,3644,0.035
manipur,2019,2,Motorola,2132,0.02
manipur,2019,2,Others,9388,0.085
manipur,2019,3,Xiaomi,25409,0.26
manipur,2019,3,Samsung,19211,0.2
manipur,2019,3,Vivo,14219,0.145
manipur,2019,3,Oppo,11279,0.115
manipur,2019,3,Realme,8993,0.095
manipur,2019,3,OnePlus,4501,0.045
manipur,2019,3,Apple,3495,0.035
manipur,2019,3,Motorola,1907,0.02
manipur,2019,3,Others,8616,0.085
manipur,2019,4,Xiaomi,30114,0.26
manipur,2019,4,Samsung,23828,0.2
manipur,2019,4,Vivo,17194,0.145
manipur,2019,4,Oppo,14114,0.115
manipur,2019,4,Realme,11482,0.095
manipur,2019,4,OnePlus,5248,0.045
manipur,2019,4,Apple,4041,0.035
manipur,2019,4,Motorola,2258,0.02
manipur,2019,4,Others,10002,0.085
manipur,2020,1,Xiaomi,29405,0.26
manipur,2020,1,Samsung,21830,0.2
manipur,2020,1,Vivo,15815,0.145
manipur,2020,1,Oppo,12481,0.115
manipur,2020,1,Realme,11032,0.095
manipur,2020,1,OnePlus,5045,0.045
manipur,2020,1,Apple,3823,0.035
manipur,2020,1,Motorola,2279,0.02
manipur,2020,1,Others,9385,0.085
manipur,2020,2,Xiaomi,36738,0.26
manipur,2020,2,Samsung,26839,0.2
manipur,2020,2,Vivo,19013,0.145
manipur,2020,2,Oppo,15622,0.115
manipur,2020,2,Realme,13083,0.095
manipur,2020,2,OnePlus,5958,0.045
manipur,2020,2,Apple,4762,0.035
manipur,2020,2,Motorola,2824,0.02
manipur,2020,2,Others,10977,0.085
manipur,2020,3,Xiaomi,38837,0.26
manipur,2020,3,Samsung,30192,0.2
manipur,2020,3,Vivo,21526,0.145
manipur,2020,3,Oppo,16016,0.115
manipur,2020,3,Realme,14092,0.095
manipur,2020,3,OnePlus,6324,0.045
manipur,2020,3,Apple,5099,0.035
manipur,2020,3,Motorola,2842,0.02
manipur,2020,3,Others,12165,0.085
manipur,2020,4,Xiaomi,43120,0.26
manipur,2020,4,Samsung,33058,0.2
manipur,2020,4,Vivo,25609,0.145
manipur,2020,4,Oppo,18521,0.115
manipur,2020,4,Realme,16092,0.095
manipur,2020,4,OnePlus,7560,0.045
manipur,2020,4,Apple,6121,0.035
manipur,2020,4,Motorola,3481,0.02
manipur,2020,4,Others,15001,0.085
manipur,2021,1,Xiaomi,31726,0.26
manipur,2021,1,Samsung,24484,0.2
manipur,2021,1,Vivo,17824,0.145
manipur,2021,1,Oppo,14539,0.115
manipur,2021,1,Realme,12618,0.095
manipur,2021,1,OnePlus,5706,0.045
manipur,2021,1,Apple,4627,0.035
manipur,2021,1,Motorola,2553,0.02
manipur,2021,1,Others,10386,0.085
manipur,2021,2,Xiaomi,33691,0.26
manipur,2021,2,Samsung,25375,0.2
manipur,2021,2,Vivo,19688,0.145
manipur,2021,2,Oppo,14599,0.115
manipur,2021,2,Realme,12693,0.095
manipur,2021,2,OnePlus,5955,0.045
manipur,2021,2,Apple,4555,0.035
manipur,2021,2,Motorola,2707,0.02
manipur,2021,2,Others,11565,0.085
manipur,2021,3,Xiaomi,42907,0.26
manipur,2021,3,Samsung,32347,0.2
manipur,2021,3,Vivo,22308,0.145
manipur,2021,3,Oppo,17889,0.115
manipur,2021,3,Realme,14565,0.095
manipur,2021,3,OnePlus,7508,0.045
manipur,2021,3,Apple,5571,0.035
manipur,2021,3,Motorola,3218,0.02
manipur,2021,3,Others,13860,0.085
manipur,2021,4,Xiaomi,47560,0.26
manipur,2021,4,Samsung,34731,0.2
manipur,2021,4,Vivo,26154,0.145
manipur,2021,4,Oppo,20522,0.115
manipur,2021,4,Realme,17056,0.095
manipur,2021,4,OnePlus,8112,0.045
manipur,2021,4,Apple,5951,0.035
manipur,2021,4,Motorola,3708,0.02
manipur,2021,4,Others,14679,0.085
manipur,2022,1,Xiaomi,34792,0.26
manipur,2022,1,Samsung,26460,0.2
manipur,2022,1,Vivo,18546,0.145
manipur,2022,1,Oppo,14541,0.115
manipur,2022,1,Realme,12871,0.095
manipur,2022,1,OnePlus,5877,0.045
manipur,2022,1,Apple,4675,0.035
manipur,2022,1,Motorola,2750,0.02
manipur,2022,1,Others,11161,0.085
manipur,2022,2,Xiaomi,40881,0.26
manipur,2022,2,Samsung,32404,0.2
manipur,2022,2,Vivo,22986,0.145
manipur,2022,2,Oppo,17580,0.115
manipur,2022,2,Realme,14960,0.095
manipur,2022,2,OnePlus,6978,0.045
manipur,2022,2,Apple,5635,0.035
manipur,2022,2,Motorola,3305,0.02
manipur,2022,2,Others,12943,0.085
manipur,2022,3,Xiaomi,45529,0.26
manipur,2022,3,Samsung,32299,0.2
manipur,2022,3,Vivo,23610,0.145
manipur,2022,3,Oppo,19320,0.115
manipur,2022,3,Realme,16623,0.095
manipur,2022,3,OnePlus,7314,0.045
manipur,2022,3,Apple,5837,0.035
manipur,2022,3,Motorola,3450,0.02
manipur,2022,3,Others,14975,0.085
manipur,2022,4,Xiaomi,47532,0.26
manipur,2022,4,Samsung,36147,0.2
manipur,2022,4,Vivo,24690,0.145
manipur,2022,4,Oppo,20837,0.115
manipur,2022,4,Realme,16415,0.095
manipur,2022,4,OnePlus,8230,0.045
manipur,2022,4,Apple,6343,0.035
manipur,2022,4,Motorola,3544,0.02
manipur,2022,4,Others,15065,0.085
manipur,2023,1,Xiaomi,35874,0.26
manipur,2023,1,Samsung,28459,0.2
manipur,2023,1,Vivo,19811,0.145
manipur,2023,1,Oppo,15476,0.115
manipur,2023,1,Realme,13920,0.095
manipur,2023,1,OnePlus,6246,0.045
manipur,2023,1,Apple,4671,0.035
manipur,2023,1,Motorola,2888,0.02
manipur,2023,1,Others,11867,0.085
manipur,2023,2,Xiaomi,46593,0.26
manipur,2023,2,Samsung,35270,0.2
manipur,2023,2,Vivo,26354,0.145
manipur,2023,2,Oppo,19755,0.115
manipur,2023,2,Realme,16893,0.095
manipur,2023,2,OnePlus,8221,0.045
manipur,2023,2,Apple,6451,0.035
manipur,2023,2,Motorola,3452,0.02
manipur,2023,2,Others,15024,0.085
manipur,2023,3,Xiaomi,47764,0.26
manipur,2023,3,Samsung,38779,0.2
manipur,2023,3,Vivo,25839,0.145
manipur,2023,3,Oppo,21860,0.115
manipur,2023,3,Realme,18035,0.095
manipur,2023,3,OnePlus,8357,0.045
manipur,2023,3,Apple,6196,0.035
manipur,2023,3,Motorola,3878,0.02
manipur,2023,3,Others,16057,0.085
manipur,2023,4,Xiaomi,54550,0.26
manipur,2023,4,Samsung,43204,0.2
manipur,2023,4,Vivo,32493,0.145
manipur,2023,4,Oppo,24009,0.115
manipur,2023,4,Realme,20248,0.095
manipur,2023,4,OnePlus,10166,0.045
manipur,2023,4,Apple,7859,0.035
manipur,2023,4,Motorola,4138,0.02
manipur,2023,4,Others,18519,0.085
meghalaya,2018,1,Xiaomi,14811,0.26
meghalaya,2018,1,Samsung,10870,0.2
meghalaya,2018,1,Vivo,7846,0.145
meghalaya,2018,1,Oppo,6578,0.115
meghalaya,2018,1,Realme,5423,0.095
meghalaya,2018,1,OnePlus,2404,0.045
meghalaya,2018,1,Apple,1984,0.035
meghalaya,2018,1,Motorola,1113,0.02
meghalaya,2018,1,Others,4719,0.085
meghalaya,2018,2,Xiaomi,16441,0.26
meghalaya,2018,2,Samsung,13253,0.2
meghalaya,2018,2,Vivo,9111,0.145
meghalaya,2018,2,Oppo,7402,0.115
meghalaya,2018,2,Realme,6063,0.095
meghalaya,2018,2,OnePlus,2864,0.045
meghalaya,2018,2,Apple,2257,0.035
meghalaya,2018,2,Motorola,1348,0.02
meghalaya,2018,2,Others,5551,0.085
meghalaya,2018,3,Xiaomi,22806,0.26
meghalaya,2018,3,Samsung,17719,0.2
meghalaya,2018,3,Vivo,12579,0.145
meghalaya,2018,3,Oppo,10581,0.115
meghalaya,2018,3,Realme,8566,0.095
meghalaya,2018,3,OnePlus,3979,0.045
meghalaya,2018,3,Apple,2984,0.035
meghalaya,2018,3,Motorola,1747,0.02
meghalaya,2018,3,Others,7609,0.085
meghalaya,2018,4,Xiaomi,26880,0.26
meghalaya,2018,4,Samsung,22144,0.2
meghalaya,2018,4,Vivo,16057,0.145
meghalaya,2018,4,Oppo,11866,0.115
meghalaya,2018,4,Realme,10703,0.095
meghalaya,2018,4,OnePlus,5026,0.045
meghalaya,2018,4,Apple,3824,0.035
meghalaya,2018,4,Motorola,2191,0.02
meghalaya,2018,4,Others,8754,0.085
meghalaya,2019,1,Xiaomi,24285,0.26
meghalaya,2019,1,Samsung,18002,0.2
meghalaya,2019,1,Vivo,13929,0.145
meghalaya,2019,1,Oppo,10456,0.115
meghalaya,2019,1,Realme,8430,0.095
meghalaya,2019,1,OnePlus,4028,0.045
meghalaya,2019,1,Apple,3295,0.035
meghalaya,2019,1,Motorola,1844,0.02
meghalaya,2019,1,Others,7752,0.085
meghalaya,2019,2,Xiaomi,27113,0.26
meghalaya,2019,2,Samsung,19873,0.2
meghalaya,2019,2,Vivo,15735,0.145
meghalaya,2019,2,Oppo,12286,0.115
meghalaya,2019,2,Realme,10134,0.095
meghalaya,2019,2,OnePlus,4619,0.045
meghalaya,2019,2,Apple,3672,0.035
meghalaya,2019,2,Motorola,2183,0.02
meghalaya,2019,2,Others,8657,0.085
meghalaya,2019,3,Xiaomi,27776,0.26
meghalaya,2019,3,Samsung,21856,0.2
meghalaya,2019,3,Vivo,16078,0.145
meghalaya,2019,3,Oppo,12149,0.115
meghalaya,2019,3,Realme,10514,0.095
meghalaya,2019,3,OnePlus,4968,0.045
meghalaya,2019,3,Apple,3903,0.035
meghalaya,2019,3,Motorola,2274,0.02
meghalaya,2019,3,Others,8975,0.085
meghalaya,2019,4,Xiaomi,34441,0.26
meghalaya,2019,4,Samsung,27559,0.2
meghalaya,2019,4,Vivo,19732,0.145
meghalaya,2019,4,Oppo,16096,0.115
meghalaya,2019,4,Realme,12144,0.095
meghalaya,2019,4,OnePlus,6200,0.045
meghalaya,2019,4,Apple,4657,0.035
meghalaya,2019,4,Motorola,2722,0.02
meghalaya,2019,4,Others,10955,0.085
meghalaya,2020,1,Xiaomi,29086,0.26
meghalaya,2020,1,Samsung,21438,0.2
meghalaya,2020,1,Vivo,16212,0.145
meghalaya,2020,1,Oppo,12793,0.115
meghalaya,2020,1,Realme,10562,0.095
meghalaya,2020,1,OnePlus,5084,0.045
meghalaya,2020,1,Apple,3654,0.035
meghalaya,2020,1,Motorola,2154,0.02
meghalaya,2020,1,Others,9460,0.085
meghalaya,2020,2,Xiaomi,32365,0.26
meghalaya,2020,2,Samsung,24614,0.2
meghalaya,2020,2,Vivo,17709,0.145
meghalaya,2020,2,Oppo,14459,0.115
meghalaya,2020,2,Realme,11461,0.095
meghalaya,2020,2,OnePlus,5741,0.045
meghalaya,2020,2,Apple,4476,0.035
meghalaya,2020,2,Motorola,2420,0.02
meghalaya,2020,2,Others,10715,0.085
meghalaya,2020,3,Xiaomi,35549,0.26
meghalaya,2020,3,Samsung,28166,0.2
meghalaya,2020,3,Vivo,19926,0.145
meghalaya,2020,3,Oppo,15918,0.115
meghalaya,2020,3,Realme,12995,0.095
meghalaya,2020,3,OnePlus,6265,0.045
meghalaya,2020,3,Apple,4493,0.035
meghalaya,2020,3,Motorola,2755,0.02
meghalaya,2020,3,Others,11446,0.085
meghalaya,2020,4,Xiaomi,40839,0.26
meghalaya,2020,4,Samsung,30033,0.2
meghalaya,2020,4,Vivo,21806,0.145
meghalaya,2020,4,Oppo,17168,0.115
meghalaya,2020,4,Realme,15598,0.095
meghalaya,2020,4,OnePlus,7366,0.045
meghalaya,2020,4,Apple,5584,0.035
meghalaya,2020,4,Motorola,3044,0.02
meghalaya,2020,4,Others,12769,0.085
meghalaya,2021,1,Xiaomi,33035,0.26
meghalaya,2021,1,Samsung,25078,0.2
meghalaya,2021,1,Vivo,18011,0.145
meghalaya,2021,1,Oppo,15016,0.115
meghalaya,2021,1,Realme,12415,0.095
meghalaya,2021,1,OnePlus,5690,0.045
meghalaya,2021,1,Apple,4449,0.035
meghalaya,2021,1,Motorola,2539,0.02
meghalaya,2021,1,Others,11143,0.085
meghalaya,2021,2,Xiaomi,34194,0.26
meghalaya,2021,2,Samsung,26137,0.2
meghalaya,2021,2,Vivo,20594,0.145
meghalaya,2021,2,Oppo,16222,0.115
meghalaya,2021,2,Realme,13644,0.095
meghalaya,2021,2,OnePlus,6164,0.045
meghalaya,2021,2,Apple,4881,0.035
meghalaya,2021,2,Motorola,2649,0.02
meghalaya,2021,2,Others,11319,0.085
meghalaya,2021,3,Xiaomi,43572,0.26
meghalaya,2021,3,Samsung,33798,0.2
meghalaya,2021,3,Vivo,24559,0.145
meghalaya,2021,3,Oppo,18095,0.115
meghalaya,2021,3,Realme,15452,0.095
meghalaya,2021,3,OnePlus,7541,0.045
meghalaya,2021,3,Apple,5983,0.035
meghalaya,2021,3,Motorola,3226,0.02
meghalaya,2021,3,Others,13674,0.085
meghalaya,2021,4,Xiaomi,43437,0.26
meghalaya,2021,4,Samsung,34862,0.2
meghalaya,2021,4,Vivo,24009,0.145
meghalaya,2021,4,Oppo,18650,0.115
meghalaya,2021,4,Realme,16747,0.095
meghalaya,2021,4,OnePlus,7826,0.045
meghalaya,2021,4,Apple,5846,0.035
meghalaya,2021,4,Motorola,3235,0.02
meghalaya,2021,4,Others,14477,0.085
meghalaya,2022,1,Xiaomi,39413,0.26
meghalaya,2022,1,Samsung,30750,0.2
meghalaya,2022,1,Vivo,22133,0.145
meghalaya,2022,1,Oppo,17529,0.115
meghalaya,2022,1,Realme,14821,0.095
meghalaya,2022,1,OnePlus,6838,0.045
meghalaya,2022,1,Apple,5106,0.035
meghalaya,2022,1,Motorola,3100,0.02
meghalaya,2022,1,Others,12361,0.085
meghalaya,2022,2,Xiaomi,40859,0.26
meghalaya,2022,2,Samsung,32465,0.2
meghalaya,2022,2,Vivo,22356,0.145
meghalaya,2022,2,Oppo,17181,0.115
meghalaya,2022,2,Realme,15414,0.095
meghalaya,2022,2,OnePlus,6659,0.045
meghalaya,2022,2,Apple,5178,0.035
meghalaya,2022,2,Motorola,3254,0.02
meghalaya,2022,2,Others,13799,0.085
meghalaya,2022,3,Xiaomi,51409,0.26
meghalaya,2022,3,Samsung,39274,0.2
meghalaya,2022,3,Vivo,27478,0.145
meghalaya,2022,3,Oppo,20998,0.115
meghalaya,2022,3,Realme,18639,0.095
meghalaya,2022,3,OnePlus,8150,0.045
meghalaya,2022,3,Apple,6758,0.035
meghalaya,2022,3,Motorola,3707,0.02
meghalaya,2022,3,Others,15989,0.085
meghalaya,2022,4,Xiaomi,55885,0.26
meghalaya,2022,4,Samsung,42152,0.2
meghalaya,2022,4,Vivo,32968,0.145
meghalaya,2022,4,Oppo,24767,0.115
meghalaya,2022,4,Realme,20462,0.095
meghalaya,2022,4,OnePlus,9662,0.045
meghalaya,2022,4,Apple,7298,0.035
meghalaya,2022,4,Motorola,4452,0.02
meghalaya,2022,4,Others,17841,0.085
meghalaya,2023,1,Xiaomi,37472,0.26
meghalaya,2023,1,Samsung,29087,0.2
meghalaya,2023,1,Vivo,20905,0.145
meghalaya,2023,1,Oppo,16394,0.115
meghalaya,2023,1,Realme,13679,0.095
meghalaya,2023,1,OnePlus,6536,0.045
meghalaya,2023,1,Apple,5175,0.035
meghalaya,2023,1,Motorola,2879,0.02
meghalaya,2023,1,Others,11544,0.085
meghalaya,2023,2,Xiaomi,40448,0.26
meghalaya,2023,2,Samsung,32402,0.2
meghalaya,2023,2,Vivo,22724,0.145
meghalaya,2023,2,Oppo,18301,0.115
meghalaya,2023,2,Realme,15182,0.095
meghalaya,2023,2,OnePlus,7029,0.045
meghalaya,2023,2,Apple,5246,0.035
meghalaya,2023,2,Motorola,3146,0.02
meghalaya,2023,2,Others,13565,0.085
meghalaya,2023,3,Xiaomi,48435,0.26
meghalaya,2023,3,Samsung,35696,0.2
meghalaya,2023,3,Vivo,27565,0.145
meghalaya,2023,3,Oppo,21745,0.115
meghalaya,2023,3,Realme,17746,0.095
meghalaya,2023,3,OnePlus,8427,0.045
meghalaya,2023,3,Apple,6486,0.035
meghalaya,2023,3,Motorola,3655,0.02
meghalaya,2023,3,Others,15506,0.085
meghalaya,2023,4,Xiaomi,55222,0.26
meghalaya,2023,4,Samsung,45171,0.2
meghalaya,2023,4,Vivo,31829,0.145
meghalaya,2023,4,Oppo,24797,0.115
meghalaya,2023,4,Realme,20868,0.095
meghalaya,2023,4,OnePlus,9702,0.045
meghalaya,2023,4,Apple,7965,0.035
meghalaya,2023,4,Motorola,4151,0.02
meghalaya,2023,4,Others,17919,0.085
mizoram,2018,1,Xiaomi,9227,0.26
mizoram,2018,1,Samsung,7208,0.2
mizoram,2018,1,Vivo,5572,0.145
mizoram,2018,1,Oppo,4164,0.115
mizoram,2018,1,Realme,3496,0.095
mizoram,2018,1,OnePlus,1697,0.045
mizoram,2018,1,Apple,1246,0.035
mizoram,2018,1,Motorola,771,0.02
mizoram,2018,1,Others,3261,0.085
mizoram,2018,2,Xiaomi,13987,0.26
mizoram,2018,2,Samsung,10404,0.2
mizoram,2018,2,Vivo,7276,0.145
mizoram,2018,2,Oppo,6141,0.115
mizoram,2018,2,Realme,5045,0.095
mizoram,2018,2,OnePlus,2414,0.045
mizoram,2018,2,Apple,1857,0.035
mizoram,2018,2,Motorola,1067,0.02
mizoram,2018,2,Others,4232,0.085
mizoram,2018,3,Xiaomi,14464,0.26
mizoram,2018,3,Samsung,11696,0.2
mizoram,2018,3,Vivo,8448,0.145
mizoram,2018,3,Oppo,6622,0.115
mizoram,2018,3,Realme,5485,0.095
mizoram,2018,3,OnePlus,2646,0.045
mizoram,2018,3,Apple,1886,0.035
mizoram,2018,3,Motorola,1104,0.02
mizoram,2018,3,Others,4808,0.085
mizoram,2018,4,Xiaomi,16801,0.26
mizoram,2018,4,Samsung,12272,0.2
mizoram,2018,4,Vivo,8955,0.145
mizoram,2018,4,Oppo,7120,0.115
mizoram,2018,4,Realme,6010,0.095
mizoram,2018,4,OnePlus,2892,0.045
mizoram,2018,4,Apple,2189,0.035
mizoram,2018,4,Motorola,1270,0.02
mizoram,2018,4,Others,5206,0.085
mizoram,2019,1,Xiaomi,13856,0.26
mizoram,2019,1,Samsung,10503,0.2
mizoram,2019,1,Vivo,7621,0.145
mizoram,2019,1,Oppo,6370,0.115
mizoram,2019,1,Realme,4955,0.095
mizoram,2019,1,OnePlus,2359,0.045
mizoram,2019,1,Apple,1840,0.035
mizoram,2019,1,Motorola,1124,0.02
mizoram,2019,1,Others,4776,0.085
mizoram,2019,2,Xiaomi,16312,0.26
mizoram,2019,2,Samsung,12519,0.2
mizoram,2019,2,Vivo,9077,0.145
mizoram,2019,2,Oppo,7291,0.115
mizoram,2019,2,Realme,5986,0.095
mizoram,2019,2,OnePlus,2677,0.045
mizoram,2019,2,Apple,2068,0.035
mizoram,2019,2,Motorola,1180,0.02
mizoram,2019,2,Others,5019,0.085
mizoram,2019,3,Xiaomi,19342,0.26
mizoram,2019,3,Samsung,15755,0.2
mizoram,2019,3,Vivo,11373,0.145
mizoram,2019,3,Oppo,9143,0.115
mizoram,2019,3,Realme,7054,0.095
mizoram,2019,3,OnePlus,3456,0.045
mizoram,2019,3,Apple,2822,0.035
mizoram,2019,3,Motorola,1595,0.02
mizoram,2019,3,Others,6471,0.085
mizoram,2019,4,Xiaomi,22916,0.26
mizoram,2019,4,Samsung,18865,0.2
mizoram,2019,4,Vivo,12906,0.145
mizoram,2019,4,Oppo,10424,0.115
mizoram,2019,4,Realme,8256,0.095
mizoram,2019,4,OnePlus,4272,0.045
mizoram,2019,4,Apple,3125,0.035
mizoram,2019,4,Motorola,1837,0.02
mizoram,2019,4,Others,7851,0.085
mizoram,2020,1,Xiaomi,21472,0.26
mizoram,2020,1,Samsung,16804,0.2
mizoram,2020,1,Vivo,12222,0.145
mizoram,2020,1,Oppo,9787,0.115
mizoram,2020,1,Realme,7670,0.095
mizoram,2020,1,OnePlus,3696,0.045
mizoram,2020,1,Apple,2897,0.035
mizoram,2020,1,Motorola,1693,0.02
mizoram,2020,1,Others,7184,0.085
mizoram,2020,2,Xiaomi,20574,0.26
mizoram,2020,2,Samsung,14905,0.2
mizoram,2020,2,Vivo,10448,0.145
mizoram,2020,2,Oppo,8632,0.115
mizoram,2020,2,Realme,7263,0.095
mizoram,2020,2,OnePlus,3295,0.045
mizoram,2020,2,Apple,2521,0.035
mizoram,2020,2,Motorola,1507,0.02
mizoram,2020,2,Others,6509,0.085
mizoram,2020,3,Xiaomi,24187,0.26
mizoram,2020,3,Samsung,18732,0.2
mizoram,2020,3,Vivo,13487,0.145
mizoram,2020,3,Oppo,10167,0.115
mizoram,2020,3,Realme,8998,0.095
mizoram,2020,3,OnePlus,4000,0.045
mizoram,2020,3,Apple,3075,0.035
mizoram,2020,3,Motorola,1876,0.02
mizoram,2020,3,Others,7668,0.085
mizoram,2020,4,Xiaomi,29059,0.26
mizoram,2020,4,Samsung,22896,0.2
mizoram,2020,4,Vivo,16024,0.145
mizoram,2020,4,Oppo,12431,0.115
mizoram,2020,4,Realme,10447,0.095
mizoram,2020,4,OnePlus,5159,0.045
mizoram,2020,4,Apple,3971,0.035
mizoram,2020,4,Motorola,2250,0.02
mizoram,2020,4,Others,9941,0.085
mizoram,2021,1,Xiaomi,21587,0.26
mizoram,2021,1,Samsung,16641,0.2
mizoram,2021,1,Vivo,12060,0.145
mizoram,2021,1,Oppo,9300,0.115
mizoram,2021,1,Realme,7415,0.095
mizoram,2021,1,OnePlus,3822,0.045
mizoram,2021,1,Apple,2755,0.035
mizoram,2021,1,Motorola,1704,0.02
mizoram,2021,1,Others,6603,0.085
mizoram,2021,2,Xiaomi,21402,0.26
mizoram,2021,2,Samsung,17337,0.2
mizoram,2021,2,Vivo,11575,0.145
mizoram,2021,2,Oppo,9910,0.115
mizoram,2021,2,Realme,7793,0.095
mizoram,2021,2,OnePlus,3650,0.045
mizoram,2021,2,Apple,2880,0.035
mizoram,2021,2,Motorola,1736,0.02
mizoram,2021,2,Others,7141,0.085
mizoram,2021,3,Xiaomi,26058,0.26
mizoram,2021,3,Samsung,20481,0.2
mizoram,2021,3,Vivo,15256,0.145
mizoram,2021,3,Oppo,11639,0.115
mizoram,2021,3,Realme,9858,0.095
mizoram,2021,3,OnePlus,4738,0.045
mizoram,2021,3,Apple,3538,0.035
mizoram,2021,3,Motorola,2085,0.02
mizoram,2021,3,Others,8759,0.085
mizoram,2021,4,Xiaomi,26985,0.26
mizoram,2021,4,Samsung,20026,0.2
mizoram,2021,4,Vivo,14169,0.145
mizoram,2021,4,Oppo,11391,0.115
mizoram,2021,4,Realme,9518,0.095
mizoram,2021,4,OnePlus,4641,0.045
mizoram,2021,4,Apple,3705,0.035
mizoram,2021,4,Motorola,2067,0.02
mizoram,2021,4,Others,8423,0.085
mizoram,2022,1,Xiaomi,25904,0.26
mizoram,2022,1,Samsung,19931,0.2
mizoram,2022,1,Vivo,13994,0.145
mizoram,2022,1,Oppo,10427,0.115
mizoram,2022,1,Realme,9276,0.095
mizoram,2022,1,OnePlus,4210,0.045
mizoram,2022,1,Apple,3448,0.035
mizoram,2022,1,Motorola,1938,0.02
mizoram,2022,1,Others,8432,0.085
mizoram,2022,2,Xiaomi,29363,0.26
mizoram,2022,2,Samsung,23872,0.2
mizoram,2022,2,Vivo,17290,0.145
mizoram,2022,2,Oppo,13074,0.115
mizoram,2022,2,Realme,10564,0.095
mizoram,2022,2,OnePlus,4949,0.045
mizoram,2022,2,Apple,4206,0.035
mizoram,2022,2,Motorola,2280,0.02
mizoram,2022,2,Others,9908,0.085
mizoram,2022,3,Xiaomi,31630,0.26
mizoram,2022,3,Samsung,22851,0.2
mizoram,2022,3,Vivo,17244,0.145
mizoram,2022,3,Oppo,14236,0.115
mizoram,2022,3,Realme,11587,0.095
mizoram,2022,3,OnePlus,5606,0.045
mizoram,2022,3,Apple,4102,0.035
mizoram,2022,3,Motorola,2367,0.02
mizoram,2022,3,Others,9962,0.085
mizoram,2022,4,Xiaomi,38590,0.26
mizoram,2022,4,Samsung,29508,0.2
mizoram,2022,4,Vivo,21521,0.145
mizoram,2022,4,Oppo,15996,0.115
mizoram,2022,4,Realme,13703,0.095
mizoram,2022,4,OnePlus,6373,0.045
mizoram,2022,4,Apple,5267,0.035
mizoram,2022,4,Motorola,2759,0.02
mizoram,2022,4,Others,12276,0.085
mizoram,2023,1,Xiaomi,27211,0.26
mizoram,2023,1,Samsung,20507,0.2
mizoram,2023,1,Vivo,15222,0.145
mizoram,2023,1,Oppo,12356,0.115
mizoram,2023,1,Realme,9893,0.095
mizoram,2023,1,OnePlus,4922,0.045
mizoram,2023,1,Apple,3794,0.035
mizoram,2023,1,Motorola,2162,0.02
mizoram,2023,1,Others,9359,0.085
mizoram,2023,2,Xiaomi,28774,0.26
mizoram,2023,2,Samsung,21595,0.2
mizoram,2023,2,Vivo,14774,0.145
mizoram,2023,2,Oppo,11819,0.115
mizoram,2023,2,Realme,10271,0.095
mizoram,2023,2,OnePlus,4618,0.045
mizoram,2023,2,Apple,3624,0.035
mizoram,2023,2,Motorola,2050,0.02
mizoram,2023,2,Others,9164,0.085
mizoram,2023,3,Xiaomi,32608,0.26
mizoram,2023,3,Samsung,27102,0.2
mizoram,2023,3,Vivo,19013,0.145
mizoram,2023,3,Oppo,14569,0.115
mizoram,2023,3,Realme,11761,0.095
mizoram,2023,3,OnePlus,6030,0.045
mizoram,2023,3,Apple,4449,0.035
mizoram,2023,3,Motorola,2622,0.02
mizoram,2023,3,Others,11322,0.085
mizoram,2023,4,Xiaomi,33351,0.26
mizoram,2023,4,Samsung,25671,0.2
mizoram,2023,4,Vivo,19723,0.145
mizoram,2023,4,Oppo,14529,0.115
mizoram,2023,4,Realme,12216,0.095
mizoram,2023,4,OnePlus,5695,0.045
mizoram,2023,4,Apple,4653,0.035
mizoram,2023,4,Motorola,2632,0.02
mizoram,2023,4,Others,10722,0.085
nagaland,2018,1,Xiaomi,10562,0.26
nagaland,2018,1,Samsung,7616,0.2
nagaland,2018,1,Vivo,5461,0.145
nagaland,2018,1,Oppo,4556,0.115
nagaland,2018,1,Realme,3803,0.095
nagaland,2018,1,OnePlus,1807,0.045
nagaland,2018,1,Apple,1365,0.035
nagaland,2018,1,Motorola,798,0.02
nagaland,2018,1,Others,3385,0.085
nagaland,2018,2,Xiaomi,11253,0.26
nagaland,2018,2,Samsung,8476,0.2
nagaland,2018,2,Vivo,5994,0.145
nagaland,2018,2,Oppo,5012,0.115
nagaland,2018,2,Realme,4163,0.095
nagaland,2018,2,OnePlus,1895,0.045
nagaland,2018,2,Apple,1526,0.035
nagaland,2018,2,Motorola,815,0.02
nagaland,2018,2,Others,3492,0.085
nagaland,2018,3,Xiaomi,16368,0.26
nagaland,2018,3,Samsung,12719,0.2
nagaland,2018,3,Vivo,8657,0.145
nagaland,2018,3,Oppo,6838,0.115
nagaland,2018,3,Realme,5759,0.095
nagaland,2018,3,OnePlus,2757,0.045
nagaland,2018,3,Apple,2033,0.035
nagaland,2018,3,Motorola,1271,0.02
nagaland,2018,3,Others,5311,0.085
nagaland,2018,4,Xiaomi,17622,0.26
nagaland,2018,4,Samsung,14480,0.2
nagaland,2018,4,Vivo,10468,0.145
nagaland,2018,4,Oppo,7966,0.115
nagaland,2018,4,Realme,6464,0.095
nagaland,2018,4,OnePlus,3233,0.045
nagaland,2018,4,Apple,2348,0.035
nagaland,2018,4,Motorola,1477,0.02
nagaland,2018,4,Others,5850,0.085
nagaland,2019,1,Xiaomi,14699,0.26
nagaland,2019,1,Samsung,11236,0.2
nagaland,2019,1,Vivo,8439,0.145
nagaland,2019,1,Oppo,6456,0.115
nagaland,2019,1,Realme,5325,0.095
nagaland,2019,1,OnePlus,2615,0.045
nagaland,2019,1,Apple,2050,0.035
nagaland,2019,1,Motorola,1184,0.02
nagaland,2019,1,Others,4898,0.085
nagaland,2019,2,Xiaomi,17668,0.26
nagaland,2019,2,Samsung,14149,0.2
nagaland,2019,2,Vivo,9950,0.145
nagaland,2019,2,Oppo,8280,0.115
nagaland,2019,2,Realme,6406,0.095
nagaland,2019,2,OnePlus,3212,0.045
nagaland,2019,2,Apple,2411,0.035
nagaland,2019,2,Motorola,1358,0.02
nagaland,2019,2,Others,5560,0.085
nagaland,2019,3,Xiaomi,19747,0.26
nagaland,2019,3,Samsung,15855,0.2
nagaland,2019,3,Vivo,11733,0.145
nagaland,2019,3,Oppo,8764,0.115
nagaland,2019,3,Realme,7728,0.095
nagaland,2019,3,OnePlus,3413,0.045
nagaland,2019,3,Apple,2583,0.035
nagaland,2019,3,Motorola,1609,0.02
nagaland,2019,3,Others,6693,0.085
nagaland,2019,4,Xiaomi,21775,0.26
nagaland,2019,4,Samsung,16827,0.2
nagaland,2019,4,Vivo,11551,0.145
nagaland,2019,4,Oppo,10004,0.115
nagaland,2019,4,Realme,8284,0.095
nagaland,2019,4,OnePlus,3753,0.045
nagaland,2019,4,Apple,3024,0.035
nagaland,2019,4,Motorola,1691,0.02
nagaland,2019,4,Others,7241,0.085
nagaland,2020,1,Xiaomi,18149,0.26
nagaland,2020,1,Samsung,12983,0.2
nagaland,2020,1,Vivo,9592,0.145
nagaland,2020,1,Oppo,8001,0.115
nagaland,2020,1,Realme,6214,0.095
nagaland,2020,1,OnePlus,3089,0.045
nagaland,2020,1,Apple,2473,0.035
nagaland,2020,1,Motorola,1361,0.02
nagaland,2020,1,Others,6044,0.085
nagaland,2020,2,Xiaomi,18629,0.26
nagaland,2020,2,Samsung,13910,0.2
nagaland,2020,2,Vivo,9831,0.145
nagaland,2020,2,Oppo,8336,0.115
nagaland,2020,2,Realme,6611,0.095
nagaland,2020,2,OnePlus,3194,0.045
nagaland,2020,2,Apple,2363,0.035
nagaland,2020,2,Motorola,1409,0.02
nagaland,2020,2,Others,5880,0.085
nagaland,2020,3,Xiaomi,22953,0.26
nagaland,2020,3,Samsung,18767,0.2
nagaland,2020,3,Vivo,13535,0.145
nagaland,2020,3,Oppo,10090,0.115
nagaland,2020,3,Realme,8836,0.095
nagaland,2020,3,OnePlus,3907,0.045
nagaland,2020,3,Apple,3228,0.035
nagaland,2020,3,Motorola,1811,0.02
nagaland,2020,3,Others,7462,0.085
nagaland,2020,4,Xiaomi,23567,0.26
nagaland,2020,4,Samsung,17422,0.2
nagaland,2020,4,Vivo,13199,0.145
nagaland,2020,4,Oppo,9938,0.115
nagaland,2020,4,Realme,8204,0.095
nagaland,2020,4,OnePlus,4227,0.045
nagaland,2020,4,Apple,3116,0.035
nagaland,2020,4,Motorola,1805,0.02
nagaland,2020,4,Others,7664,0.085
nagaland,2021,1,Xiaomi,20699,0.26
nagaland,2021,1,Samsung,16417,0.2
nagaland,2021,1,Vivo,12522,0.145
nagaland,2021,1,Oppo,9459,0.115
nagaland,2021,1,Realme,8065,0.095
nagaland,2021,1,OnePlus,3927,0.045
nagaland,2021,1,Apple,2978,0.035
nagaland,2021,1,Motorola,1737,0.02
nagaland,2021,1,Others,6830,0.085
nagaland,2021,2,Xiaomi,27015,0.26
nagaland,2021,2,Samsung,20647,0.2
nagaland,2021,2,Vivo,15107,0.145
nagaland,2021,2,Oppo,11305,0.115
nagaland,2021,2,Realme,9988,0.095
nagaland,2021,2,OnePlus,4679,0.045
nagaland,2021,2,Apple,3465,0.035
nagaland,2021,2,Motorola,1978,0.02
nagaland,2021,2,Others,8441,0.085
nagaland,2021,3,Xiaomi,29227,0.26
nagaland,2021,3,Samsung,21729,0.2
nagaland,2021,3,Vivo,15985,0.145
nagaland,2021,3,Oppo,12027,0.115
nagaland,2021,3,Realme,9924,0.095
nagaland,2021,3,OnePlus,5007,0.045
nagaland,2021,3,Apple,3870,0.035
nagaland,2021,3,Motorola,2220,0.02
nagaland,2021,3,Others,9570,0.085
nagaland,2021,4,Xiaomi,27979,0.26
nagaland,2021,4,Samsung,21915,0.2
nagaland,2021,4,Vivo,15476,0.145
nagaland,2021,4,Oppo,12072,0.115
nagaland,2021,4,Realme,10660,0.095
nagaland,2021,4,OnePlus,4752,0.045
nagaland,2021,4,Apple,3742,0.035
nagaland,2021,4,Motorola,2171,0.02
nagaland,2021,4,Others,9268,0.085
nagaland,2022,1,Xiaomi,24068,0.26
nagaland,2022,1,Samsung,19341,0.2
nagaland,2022,1,Vivo,13491,0.145
nagaland,2022,1,Oppo,11549,0.115
nagaland,2022,1,Realme,9386,0.095
nagaland,2022,1,OnePlus,4559,0.045
nagaland,2022,1,Apple,3493,0.035
nagaland,2022,1,Motorola,1957,0.02
nagaland,2022,1,Others,8255,0.085
nagaland,2022,2,Xiaomi,27268,0.26
nagaland,2022,2,Samsung,22097,0.2
nagaland,2022,2,Vivo,15868,0.145
nagaland,2022,2,Oppo,12349,0.115
nagaland,2022,2,Realme,10302,0.095
nagaland,2022,2,OnePlus,4677,0.045
nagaland,2022,2,Apple,3625,0.035
nagaland,2022,2,Motorola,2233,0.02
nagaland,2022,2,Others,8772,0.085
nagaland,2022,3,Xiaomi,28216,0.26
nagaland,2022,3,Samsung,23773,0.2
nagaland,2022,3,Vivo,16613,0.145
nagaland,2022,3,Oppo,12562,0.115
nagaland,2022,3,Realme,10433,0.095
nagaland,2022,3,OnePlus,5009,0.045
nagaland,2022,3,Apple,3790,0.035
nagaland,2022,3,Motorola,2182,0.02
nagaland,2022,3,Others,9497,0.085
nagaland,2022,4,Xiaomi,32629,0.26
nagaland,2022,4,Samsung,25617,0.2
nagaland,2022,4,Vivo,18056,0.145
nagaland,2022,4,Oppo,15339,0.115
nagaland,2022,4,Realme,12221,0.095
nagaland,2022,4,OnePlus,5634,0.045
nagaland,2022,4,Apple,4530,0.035
nagaland,2022,4,Motorola,2688,0.02
nagaland,2022,4,Others,10978,0.085
nagaland,2023,1,Xiaomi,27021,0.26
nagaland,2023,1,Samsung,20446,0.2
nagaland,2023,1,Vivo,15235,0.145
nagaland,2023,1,Oppo,11847,0.115
nagaland,2023,1,Realme,9540,0.095
nagaland,2023,1,OnePlus,4705,0.045
nagaland,2023,1,Apple,3642,0.035
nagaland,2023,1,Motorola,2160,0.02
nagaland,2023,1,Others,9132,0.085
nagaland,2023,2,Xiaomi,29005,0.26
nagaland,2023,2,Samsung,21091,0.2
nagaland,2023,2,Vivo,15945,0.145
nagaland,2023,2,Oppo,12791,0.115
nagaland,2023,2,Realme,10752,0.095
nagaland,2023,2,OnePlus,4874,0.045
nagaland,2023,2,Apple,3864,0.035
nagaland,2023,2,Motorola,2083,0.02
nagaland,2023,2,Others,9300,0.085
nagaland,2023,3,Xiaomi,29094,0.26
nagaland,2023,3,Samsung,24358,0.2
nagaland,2023,3,Vivo,17440,0.145
nagaland,2023,3,Oppo,13911,0.115
nagaland,2023,3,Realme,11189,0.095
nagaland,2023,3,OnePlus,5489,0.045
nagaland,2023,3,Apple,3957,0.035
nagaland,2023,3,Motorola,2434,0.02
nagaland,2023,3,Others,10066,0.085
nagaland,2023,4,Xiaomi,38230,0.26
nagaland,2023,4,Samsung,30711,0.2
nagaland,2023,4,Vivo,21522,0.145
nagaland,2023,4,Oppo,17054,0.115
nagaland,2023,4,Realme,13358,0.095
nagaland,2023,4,OnePlus,6537,0.045
nagaland,2023,4,Apple,5398,0.035
nagaland,2023,4,Motorola,3044,0.02
nagaland,2023,4,Others,12881,0.085
odisha,2018,1,Xiaomi,142903,0.26
odisha,2018,1,Samsung,109975,0.2
odisha,2018,1,Vivo,81550,0.145
odisha,2018,1,Oppo,60035,0.115
odisha,2018,1,Realme,49148,0.095
odisha,2018,1,OnePlus,23445,0.045
odisha,2018,1,Apple,19407,0.035
odisha,2018,1,Motorola,10343,0.02
odisha,2018,1,Others,46621,0.085
odisha,2018,2,Xiaomi,154690,0.26
odisha,2018,2,Samsung,114150,0.2
odisha,2018,2,Vivo,86249,0.145
odisha,2018,2,Oppo,66922,0.115
odisha,2018,2,Realme,53516,0.095
odisha,2018,2,OnePlus,25662,0.045
odisha,2018,2,Apple,19621,0.035
odisha,2018,2,Motorola,12149,0.02
odisha,2018,2,Others,50707,0.085
odisha,2018,3,Xiaomi,180188,0.26
odisha,2018,3,Samsung,131063,0.2
odisha,2018,3,Vivo,101428,0.145
odisha,2018,3,Oppo,76748,0.115
odisha,2018,3,Realme,63336,0.095
odisha,2018,3,OnePlus,29920,0.045
odisha,2018,3,Apple,24602,0.035
odisha,2018,3,Motorola,13512,0.02
odisha,2018,3,Others,58464,0.085
odisha,2018,4,Xiaomi,242690,0.26
odisha,2018,4,Samsung,177586,0.2
odisha,2018,4,Vivo,132295,0.145
odisha,2018,4,Oppo,105582,0.115
odisha,2018,4,Realme,88861,0.095
odisha,2018,4,OnePlus,42189,0.045
odisha,2018,4,Apple,32195,0.035
odisha,2018,4,Motorola,19023,0.02
odisha,2018,4,Others,76354,0.085
odisha,2019,1,Xiaomi,216725,0.26
odisha,2019,1,Samsung,153604,0.2
odisha,2019,1,Vivo,119855,0.145
odisha,2019,1,Oppo,92131,0.115
odisha,2019,1,Realme,75750,0.095
odisha,2019,1,OnePlus,37444,0.045
odisha,2019,1,Apple,27135,0.035
odisha,2019,1,Motorola,15634,0.02
odisha,2019,1,Others,65554,0.085
odisha,2019,2,Xiaomi,243324,0.26
odisha,2019,2,Samsung,193016,0.2
odisha,2019,2,Vivo,137646,0.145
odisha,2019,2,Oppo,112380,0.115
odisha,2019,2,Realme,87897,0.095
odisha,2019,2,OnePlus,43006,0.045
odisha,2019,2,Apple,31945,0.035
odisha,2019,2,Motorola,19738,0.02
odisha,2019,2,Others,77963,0.085
odisha,2019,3,Xiaomi,256262,0.26
odisha,2019,3,Samsung,199938,0.2
odisha,2019,3,Vivo,144728,0.145
odisha,2019,3,Oppo,113313,0.115
odisha,2019,3,Realme,99520,0.095
odisha,2019,3,OnePlus,43255,0.045
odisha,2019,3,Apple,33837,0.035
odisha,2019,3,Motorola,19319,0.02
odisha,2019,3,Others,83830,0.085
odisha,2019,4,Xiaomi,290372,0.26
odisha,2019,4,Samsung,211584,0.2
odisha,2019,4,Vivo,153345,0.145
odisha,2019,4,Oppo,126674,0.115
odisha,2019,4,Realme,106390,0.095
odisha,2019,4,OnePlus,47570,0.045
odisha,2019,4,Apple,37940,0.035
odisha,2019,4,Motorola,22182,0.02
odisha,2019,4,Others,91652,0.085
odisha,2020,1,Xiaomi,256652,0.26
odisha,2020,1,Samsung,195004,0.2
odisha,2020,1,Vivo,141199,0.145
odisha,2020,1,Oppo,112466,0.115
odisha,2020,1,Realme,94333,0.095
odisha,2020,1,OnePlus,45014,0.045
odisha,2020,1,Apple,35189,0.035
odisha,2020,1,Motorola,19018,0.02
odisha,2020,1,Others,80270,0.085
odisha,2020,2,Xiaomi,307304,0.26
odisha,2020,2,Samsung,239446,0.2
odisha,2020,2,Vivo,175450,0.145
odisha,2020,2,Oppo,139698,0.115
odisha,2020,2,Realme,105902,0.095
odisha,2020,2,OnePlus,50699,0.045
odisha,2020,2,Apple,38965,0.035
odisha,2020,2,Motorola,23801,0.02
odisha,2020,2,Others,96398,0.085
odisha,2020,3,Xiaomi,336025,0.26
odisha,2020,3,Samsung,244837,0.2
odisha,2020,3,Vivo,185316,0.145
odisha,2020,3,Oppo,144849,0.115
odisha,2020,3,Realme,126533,0.095
odisha,2020,3,OnePlus,59865,0.045
odisha,2020,3,Apple,42994,0.035
odisha,2020,3,Motorola,24650,0.02
odisha,2020,3,Others,104668,0.085
odisha,2020,4,Xiaomi,392022,0.26
odisha,2020,4,Samsung,288274,0.2
odisha,2020,4,Vivo,220099,0.145
odisha,2020,4,Oppo,159702,0.115
odisha,2020,4,Realme,133495,0.095
odisha,2020,4,OnePlus,67144,0.045
odisha,2020,4,Apple,49575,0.035
odisha,2020,4,Motorola,28941,0.02
odisha,2020,4,Others,121406,0.085
odisha,2021,1,Xiaomi,325595,0.26
odisha,2021,1,Samsung,246513,0.2
odisha,2021,1,Vivo,179053,0.145
odisha,2021,1,Oppo,148153,0.115
odisha,2021,1,Realme,118515,0.095
odisha,2021,1,OnePlus,55266,0.045
odisha,2021,1,Apple,46965,0.035
odisha,2021,1,Motorola,24834,0.02
odisha,2021,1,Others,110754,0.085
odisha,2021,2,Xiaomi,344778,0.26
odisha,2021,2,Samsung,266225,0.2
odisha,2021,2,Vivo,196177,0.145
odisha,2021,2,Oppo,146365,0.115
odisha,2021,2,Realme,118001,0.095
odisha,2021,2,OnePlus,59854,0.045
odisha,2021,2,Apple,47554,0.035
odisha,2021,2,Motorola,26989,0.02
odisha,2021,2,Others,113139,0.085
odisha,2021,3,Xiaomi,366814,0.26
odisha,2021,3,Samsung,292708,0.2
odisha,2021,3,Vivo,211272,0.145
odisha,2021,3,Oppo,160600,0.115
odisha,2021,3,Realme,131820,0.095
odisha,2021,3,OnePlus,65492,0.045
odisha,2021,3,Apple,53490,0.035
odisha,2021,3,Motorola,28750,0.02
odisha,2021,3,Others,122035,0.085
odisha,2021,4,Xiaomi,370513,0.26
odisha,2021,4,Samsung,302966,0.2
odisha,2021,4,Vivo,222118,0.145
odisha,2021,4,Oppo,162598,0.115
odisha,2021,4,Realme,145270,0.095
odisha,2021,4,OnePlus,65865,0.045
odisha,2021,4,Apple,49980,0.035
odisha,2021,4,Motorola,30271,0.02
odisha,2021,4,Others,128421,0.085
odisha,2022,1,Xiaomi,316274,0.26
odisha,2022,1,Samsung,235805,0.2
odisha,2022,1,Vivo,172524,0.145
odisha,2022,1,Oppo,135852,0.115
odisha,2022,1,Realme,112386,0.095
odisha,2022,1,OnePlus,55231,0.045
odisha,2022,1,Apple,43810,0.035
odisha,2022,1,Motorola,23577,0.02
odisha,2022,1,Others,101431,0.085
odisha,2022,2,Xiaomi,337276,0.26
odisha,2022,2,Samsung,264385,0.2
odisha,2022,2,Vivo,188338,0.145
odisha,2022,2,Oppo,158644,0.115
odisha,2022,2,Realme,124160,0.095
odisha,2022,2,OnePlus,59897,0.045
odisha,2022,2,Apple,44864,0.035
odisha,2022,2,Motorola,25924,0.02
odisha,2022,2,Others,118694,0.085
odisha,2022,3,Xiaomi,358248,0.26
odisha,2022,3,Samsung,277620,0.2
odisha,2022,3,Vivo,205353,0.145
odisha,2022,3,Oppo,152196,0.115
odisha,2022,3,Realme,135514,0.095
odisha,2022,3,OnePlus,61640,0.045
odisha,2022,3,Apple,46782,0.035
odisha,2022,3,Motorola,27952,0.02
odisha,2022,3,Others,116220,0.085
odisha,2022,4,Xiaomi,462997,0.26
odisha,2022,4,Samsung,369900,0.2
odisha,2022,4,Vivo,265763,0.145
odisha,2022,4,Oppo,206003,0.115
odisha,2022,4,Realme,174152,0.095
odisha,2022,4,OnePlus,79799,0.045
odisha,2022,4,Apple,64693,0.035
odisha,2022,4,Motorola,37414,0.02
odisha,2022,4,Others,156727,0.085
odisha,2023,1,Xiaomi,344227,0.26
odisha,2023,1,Samsung,267078,0.2
odisha,2023,1,Vivo,202287,0.145
odisha,2023,1,Oppo,158753,0.115
odisha,2023,1,Realme,132446,0.095
odisha,2023,1,OnePlus,60544,0.045
odisha,2023,1,Apple,49362,0.035
odisha,2023,1,Motorola,26540,0.02
odisha,2023,1,Others,114302,0.085
odisha,2023,2,Xiaomi,373427,0.26
odisha,2023,2,Samsung,286063,0.2
odisha,2023,2,Vivo,210820,0.145
odisha,2023,2,Oppo,163543,0.115
odisha,2023,2,Realme,147924,0.095
odisha,2023,2,OnePlus,68467,0.045
odisha,2023,2,Apple,49782,0.035
odisha,2023,2,Motorola,29746,0.02
odisha,2023,2,Others,123248,0.085
odisha,2023,3,Xiaomi,432593,0.26
odisha,2023,3,Samsung,346115,0.2
odisha,2023,3,Vivo,245290,0.145
odisha,2023,3,Oppo,207608,0.115
odisha,2023,3,Realme,168457,0.095
odisha,2023,3,OnePlus,76910,0.045
odisha,2023,3,Apple,58301,0.035
odisha,2023,3,Motorola,34383,0.02
odisha,2023,3,Others,148538,0.085
odisha,2023,4,Xiaomi,511852,0.26
odisha,2023,4,Samsung,397504,0.2
odisha,2023,4,Vivo,286939,0.145
odisha,2023,4,Oppo,212985,0.115
odisha,2023,4,Realme,176517,0.095
odisha,2023,4,OnePlus,88175,0.045
odisha,2023,4,Apple,68910,0.035
odisha,2023,4,Motorola,39551,0.02
odisha,2023,4,Others,164780,0.085
puducherry,2018,1,Xiaomi,17889,0.26
puducherry,2018,1,Samsung,13742,0.2
puducherry,2018,1,Vivo,9548,0.145
puducherry,2018,1,Oppo,7536,0.115
puducherry,2018,1,Realme,6305,0.095
puducherry,2018,1,OnePlus,3079,0.045
puducherry,2018,1,Apple,2308,0.035
puducherry,2018,1,Motorola,1304,0.02
puducherry,2018,1,Others,5792,0.085
puducherry,2018,2,Xiaomi,19871,0.26
puducherry,2018,2,Samsung,14752,0.2
puducherry,2018,2,Vivo,10414,0.145
puducherry,2018,2,Oppo,8402,0.115
puducherry,2018,2,Realme,7092,0.095
puducherry,2018,2,OnePlus,3567,0.045
puducherry,2018,2,Apple,2659,0.035
puducherry,2018,2,Motorola,1460,0.02
puducherry,2018,2,Others,6242,0.085
puducherry,2018,3,Xiaomi,24087,0.26
puducherry,2018,3,Samsung,18257,0.2
puducherry,2018,3,Vivo,13968,0.145
puducherry,2018,3,Oppo,11034,0.115
puducherry,2018,3,Realme,9045,0.095
puducherry,2018,3,OnePlus,4076,0.045
puducherry,2018,3,Apple,3125,0.035
puducherry,2018,3,Motorola,1794,0.02
puducherry,2018,3,Others,7746,0.085
puducherry,2018,4,Xiaomi,27928,0.26
puducherry,2018,4,Samsung,22123,0.2
puducherry,2018,4,Vivo,15422,0.145
puducherry,2018,4,Oppo,11846,0.115
puducherry,2018,4,Realme,10136,0.095
puducherry,2018,4,OnePlus,4647,0.045
puducherry,2018,4,Apple,3861,0.035
puducherry,2018,4,Motorola,2106,0.02
puducherry,2018,4,Others,9376,0.085
puducherry,2019,1,Xiaomi,23211,0.26
puducherry,2019,1,Samsung,17782,0.2
puducherry,2019,1,Vivo,11984,0.145
puducherry,2019,1,Oppo,9925,0.115
puducherry,2019,1,Realme,8274,0.095
puducherry,2019,1,OnePlus,3774,0.045
puducherry,2019,1,Apple,2989,0.035
puducherry,2019,1,Motorola,1700,0.02
puducherry,2019,1,Others,7336,0.085
puducherry,2019,2,Xiaomi,29691,0.26
puducherry,2019,2,Samsung,22878,0.2
puducherry,2019,2,Vivo,15804,0.145
puducherry,2019,2,Oppo,13237,0.115
puducherry,2019,2,Realme,10900,0.095
puducherry,2019,2,OnePlus,4967,0.045
puducherry,2019,2,Apple,3822,0.035
puducherry,2019,2,Motorola,2358,0.02
puducherry,2019,2,Others,9219,0.085
puducherry,2019,3,Xiaomi,26598,0.26
puducherry,2019,3,Samsung,22320,0.2
puducherry,2019,3,Vivo,14727,0.145
puducherry,2019,3,Oppo,11732,0.115
puducherry,2019,3,Realme,9916,0.095
puducherry,2019,3,OnePlus,4730,0.045
puducherry,2019,3,Apple,3736,0.035
puducherry,2019,3,Motorola,2087,0.02
puducherry,2019,3,Others,9387,0.085
puducherry,2019,4,Xiaomi,33898,0.26
puducherry,2019,4,Samsung,25708,0.2
puducherry,2019,4,Vivo,18126,0.145
puducherry,2019,4,Oppo,14500,0.115
puducherry,2019,4,Realme,12255,0.095
puducherry,2019,4,OnePlus,5579,0.045
puducherry,2019,4,Apple,4272,0.035
puducherry,2019,4,Motorola,2527,0.02
puducherry,2019,4,Others,11117,0.085
puducherry,2020,1,Xiaomi,32943,0.26
puducherry,2020,1,Samsung,23686,0.2
puducherry,2020,1,Vivo,17253,0.145
puducherry,2020,1,Oppo,13795,0.115
puducherry,2020,1,Realme,11393,0.095
puducherry,2020,1,OnePlus,5449,0.045
puducherry,2020,1,Apple,4053,0.035
puducherry,2020,1,Motorola,2334,0.02
puducherry,2020,1,Others,9866,0.085
puducherry,2020,2,Xiaomi,29836,0.26
puducherry,2020,2,Samsung,23142,0.2
puducherry,2020,2,Vivo,16863,0.145
puducherry,2020,2,Oppo,13916,0.115
puducherry,2020,2,Realme,11615,0.095
puducherry,2020,2,OnePlus,5359,0.045
puducherry,2020,2,Apple,4036,0.035
puducherry,2020,2,Motorola,2408,0.02
puducherry,2020,2,Others,10496,0.085
puducherry,2020,3,Xiaomi,32880,0.26
puducherry,2020,3,Samsung,26427,0.2
puducherry,2020,3,Vivo,17753,0.145
puducherry,2020,3,Oppo,13913,0.115
puducherry,2020,3,Realme,11860,0.095
puducherry,2020,3,OnePlus,5495,0.045
puducherry,2020,3,Apple,4416,0.035
puducherry,2020,3,Motorola,2490,0.02
puducherry,2020,3,Others,11016,0.085
puducherry,2020,4,Xiaomi,39061,0.26
puducherry,2020,4,Samsung,27417,0.2
puducherry,2020,4,Vivo,21293,0.145
puducherry,2020,4,Oppo,16837,0.115
puducherry,2020,4,Realme,13697,0.095
puducherry,2020,4,OnePlus,6692,0.045
puducherry,2020,4,Apple,4948,0.035
puducherry,2020,4,Motorola,2949,0.02
puducherry,2020,4,Others,12774,0.085
puducherry,2021,1,Xiaomi,31208,0.26
puducherry,2021,1,Samsung,24172,0.2
puducherry,2021,1,Vivo,18207,0.145
puducherry,2021,1,Oppo,13595,0.115
puducherry,2021,1,Realme,11277,0.095
puducherry,2021,1,OnePlus,5364,0.045
puducherry,2021,1,Apple,4519,0.035
puducherry,2021,1,Motorola,2568,0.02
puducherry,2021,1,Others,10012,0.085
puducherry,2021,2,Xiaomi,37421,0.26
puducherry,2021,2,Samsung,27727,0.2
puducherry,2021,2,Vivo,21047,0.145
puducherry,2021,2,Oppo,16942,0.115
puducherry,2021,2,Realme,14428,0.095
puducherry,2021,2,OnePlus,6664,0.045
puducherry,2021,2,Apple,5192,0.035
puducherry,2021,2,Motorola,2883,0.02
puducherry,2021,2,Others,12138,0.085
puducherry,2021,3,Xiaomi,34933,0.26
puducherry,2021,3,Samsung,28557,0.2
puducherry,2021,3,Vivo,19611,0.145
puducherry,2021,3,Oppo,16196,0.115
puducherry,2021,3,Realme,13777,0.095
puducherry,2021,3,OnePlus,6219,0.045
puducherry,2021,3,Apple,5088,0.035
puducherry,2021,3,Motorola,2801,0.02
puducherry,2021,3,Others,11320,0.085
puducherry,2021,4,Xiaomi,39867,0.26
puducherry,2021,4,Samsung,31391,0.2
puducherry,2021,4,Vivo,21907,0.145
puducherry,2021,4,Oppo,18037,0.115
puducherry,2021,4,Realme,15693,0.095
puducherry,2021,4,OnePlus,6804,0.045
puducherry,2021,4,Apple,5429,0.035
puducherry,2021,4,Motorola,3258,0.02
puducherry,2021,4,Others,13017,0.085
puducherry,2022,1,Xiaomi,42060,0.26
puducherry,2022,1,Samsung,30219,0.2
puducherry,2022,1,Vivo,23209,0.145
puducherry,2022,1,Oppo,18821,0.115
puducherry,2022,1,Realme,15675,0.095
puducherry,2022,1,OnePlus,6889,0.045
puducherry,2022,1,Apple,5640,0.035
puducherry,2022,1,Motorola,3298,0.02
puducherry,2022,1,Others,13010,0.085
puducherry,2022,2,Xiaomi,39826,0.26
puducherry,2022,2,Samsung,30964,0.2
puducherry,2022,2,Vivo,24045,0.145
puducherry,2022,2,Oppo,17528,0.115
puducherry,2022,2,Realme,14786,0.095
puducherry,2022,2,OnePlus,7116,0.045
puducherry,2022,2,Apple,5497,0.035
puducherry,2022,2,Motorola,3294,0.02
puducherry,2022,2,Others,14146,0.085
puducherry,2022,3,Xiaomi,42881,0.26
puducherry,2022,3,Samsung,33293,0.2
puducherry,2022,3,Vivo,25215,0.145
puducherry,2022,3,Oppo,19996,0.115
puducherry,2022,3,Realme,15559,0.095
puducherry,2022,3,OnePlus,7612,0.045
puducherry,2022,3,Apple,5713,0.035
puducherry,2022,3,Motorola,3414,0.02
puducherry,2022,3,Others,14880,0.085
puducherry,2022,4,Xiaomi,55461,0.26
puducherry,2022,4,Samsung,46509,0.2
puducherry,2022,4,Vivo,31927,0.145
puducherry,2022,4,Oppo,25081,0.115
puducherry,2022,4,Realme,21650,0.095
puducherry,2022,4,OnePlus,10305,0.045
puducherry,2022,4,Apple,7478,0.035
puducherry,2022,4,Motorola,4341,0.02
puducherry,2022,4,Others,18829,0.085
puducherry,2023,1,Xiaomi,40612,0.26
puducherry,2023,1,Samsung,31537,0.2
puducherry,2023,1,Vivo,22126,0.145
puducherry,2023,1,Oppo,17527,0.115
puducherry,2023,1,Realme,15439,0.095
puducherry,2023,1,OnePlus,6756,0.045
puducherry,2023,1,Apple,5418,0.035
puducherry,2023,1,Motorola,3205,0.02
puducherry,2023,1,Others,12630,0.085
puducherry,2023,2,Xiaomi,46473,0.26
puducherry,2023,2,Samsung,37943,0.2
puducherry,2023,2,Vivo,28186,0.145
puducherry,2023,2,Oppo,22500,0.115
puducherry,2023,2,Realme,18284,0.095
puducherry,2023,2,OnePlus,8349,0.045
puducherry,2023,2,Apple,6576,0.035
puducherry,2023,2,Motorola,3782,0.02
puducherry,2023,2,Others,15848,0.085
puducherry,2023,3,Xiaomi,44642,0.26
puducherry,2023,3,Samsung,34726,0.2
puducherry,2023,3,Vivo,25822,0.145
puducherry,2023,3,Oppo,19650,0.115
puducherry,2023,3,Realme,17328,0.095
puducherry,2023,3,OnePlus,7934,0.045
puducherry,2023,3,Apple,6255,0.035
puducherry,2023,3,Motorola,3570,0.02
puducherry,2023,3,Others,14481,0.085
puducherry,2023,4,Xiaomi,58279,0.26
puducherry,2023,4,Samsung,46609,0.2
puducherry,2023,4,Vivo,32780,0.145
puducherry,2023,4,Oppo,25243,0.115
puducherry,2023,4,Realme,21108,0.095
puducherry,2023,4,OnePlus,9910,0.045
puducherry,2023,4,Apple,7690,0.035
puducherry,2023,4,Motorola,4443,0.02
puducherry,2023,4,Others,18509,0.085
punjab,2018,1,Xiaomi,169495,0.26
punjab,2018,1,Samsung,130983,0.2
punjab,2018,1,Vivo,93680,0.145
punjab,2018,1,Oppo,78129,0.115
punjab,2018,1,Realme,61005,0.095
punjab,2018,1,OnePlus,28687,0.045
punjab,2018,1,Apple,22880,0.035
punjab,2018,1,Motorola,12693,0.02
punjab,2018,1,Others,56851,0.085
punjab,2018,2,Xiaomi,195346,0.26
punjab,2018,2,Samsung,141915,0.2
punjab,2018,2,Vivo,107834,0.145
punjab,2018,2,Oppo,83061,0.115
punjab,2018,2,Realme,71767,0.095
punjab,2018,2,OnePlus,33800,0.045
punjab,2018,2,Apple,26298,0.035
punjab,2018,2,Motorola,14312,0.02
punjab,2018,2,Others,59505,0.085
punjab,2018,3,Xiaomi,232531,0.26
punjab,2018,3,Samsung,183957,0.2
punjab,2018,3,Vivo,135708,0.145
punjab,2018,3,Oppo,104494,0.115
punjab,2018,3,Realme,83297,0.095
punjab,2018,3,OnePlus,41254,0.045
punjab,2018,3,Apple,32209,0.035
punjab,2018,3,Motorola,18430,0.02
punjab,2018,3,Others,73847,0.085
punjab,2018,4,Xiaomi,284883,0.26
punjab,2018,4,Samsung,207835,0.2
punjab,2018,4,Vivo,162178,0.145
punjab,2018,4,Oppo,119676,0.115
punjab,2018,4,Realme,103248,0.095
punjab,2018,4,OnePlus,46790,0.045
punjab,2018,4,Apple,39345,0.035
punjab,2018,4,Motorola,22162,0.02
punjab,2018,4,Others,88483,0.085
punjab,2019,1,Xiaomi,220056,0.26
punjab,2019,1,Samsung,173096,0.2
punjab,2019,1,Vivo,124301,0.145
punjab,2019,1,Oppo,96876,0.115
punjab,2019,1,Realme,84856,0.095
punjab,2019,1,OnePlus,39108,0.045
punjab,2019,1,Apple,30290,0.035
punjab,2019,1,Motorola,17032,0.02
punjab,2019,1,Others,75227,0.085
punjab,2019,2,Xiaomi,265430,0.26
punjab,2019,2,Samsung,214842,0.2
punjab,2019,2,Vivo,153046,0.145
punjab,2019,2,Oppo,121858,0.115
punjab,2019,2,Realme,101977,0.095
punjab,2019,2,OnePlus,45914,0.045
punjab,2019,2,Apple,37737,0.035
punjab,2019,2,Motorola,21271,0.02
punjab,2019,2,Others,92249,0.085
punjab,2019,3,Xiaomi,319860,0.26
punjab,2019,3,Samsung,266019,0.2
punjab,2019,3,Vivo,179172,0.145
punjab,2019,3,Oppo,144577,0.115
punjab,2019,3,Realme,118252,0.095
punjab,2019,3,OnePlus,56223,0.045
punjab,2019,3,Apple,42155,0.035
punjab,2019,3,Motorola,25881,0.02
punjab,2019,3,Others,111474,0.085
punjab,2019,4,Xiaomi,299851,0.26
punjab,2019,4,Samsung,236879,0.2
punjab,2019,4,Vivo,174690,0.145
punjab,2019,4,Oppo,134474,0.115
punjab,2019,4,Realme,116940,0.095
punjab,2019,4,OnePlus,52013,0.045
punjab,2019,4,Apple,40528,0.035
punjab,2019,4,Motorola,23596,0.02
punjab,2019,4,Others,96597,0.085
punjab,2020,1,Xiaomi,262304,0.26
punjab,2020,1,Samsung,204006,0.2
punjab,2020,1,Vivo,151026,0.145
punjab,2020,1,Oppo,119029,0.115
punjab,2020,1,Realme,97572,0.095
punjab,2020,1,OnePlus,49374,0.045
punjab,2020,1,Apple,36423,0.035
punjab,2020,1,Motorola,21484,0.02
punjab,2020,1,Others,91684,0.085
punjab,2020,2,Xiaomi,358278,0.26
punjab,2020,2,Samsung,275491,0.2
punjab,2020,2,Vivo,197477,0.145
punjab,2020,2,Oppo,157533,0.115
punjab,2020,2,Realme,127653,0.095
punjab,2020,2,OnePlus,60617,0.045
punjab,2020,2,Apple,48466,0.035
punjab,2020,2,Motorola,28051,0.02
punjab,2020,2,Others,119547,0.085
punjab,2020,3,Xiaomi,364388,0.26
punjab,2020,3,Samsung,273898,0.2
punjab,2020,3,Vivo,188818,0.145
punjab,2020,3,Oppo,152804,0.115
punjab,2020,3,Realme,129737,0.095
punjab,2020,3,OnePlus,63104,0.045
punjab,2020,3,Apple,44848,0.035
punjab,2020,3,Motorola,26345,0.02
punjab,2020,3,Others,109141,0.085
punjab,2020,4,Xiaomi,373650,0.26
punjab,2020,4,Samsung,281158,0.2
punjab,2020,4,Vivo,213681,0.145
punjab,2020,4,Oppo,163439,0.115
punjab,2020,4,Realme,132763,0.095
punjab,2020,4,OnePlus,64689,0.045
punjab,2020,4,Apple,49392,0.035
punjab,2020,4,Motorola,28590,0.02
punjab,2020,4,Others,119313,0.085
punjab,2021,1,Xiaomi,377598,0.26
punjab,2021,1,Samsung,294050,0.2
punjab,2021,1,Vivo,205315,0.145
punjab,2021,1,Oppo,169368,0.115
punjab,2021,1,Realme,137013,0.095
punjab,2021,1,OnePlus,65737,0.045
punjab,2021,1,Apple,51535,0.035
punjab,2021,1,Motorola,28185,0.02
punjab,2021,1,Others,126534,0.085
punjab,2021,2,Xiaomi,404179,0.26
punjab,2021,2,Samsung,303743,0.2
punjab,2021,2,Vivo,226475,0.145
punjab,2021,2,Oppo,178173,0.115
punjab,2021,2,Realme,138178,0.095
punjab,2021,2,OnePlus,70686,0.045
punjab,2021,2,Apple,54281,0.035
punjab,2021,2,Motorola,29172,0.02
punjab,2021,2,Others,129763,0.085
punjab,2021,3,Xiaomi,361151,0.26
punjab,2021,3,Samsung,268976,0.2
punjab,2021,3,Vivo,204382,0.145
punjab,2021,3,Oppo,160962,0.115
punjab,2021,3,Realme,131401,0.095
punjab,2021,3,OnePlus,59897,0.045
punjab,2021,3,Apple,50866,0.035
punjab,2021,3,Motorola,28493,0.02
punjab,2021,3,Others,120712,0.085
punjab,2021,4,Xiaomi,468771,0.26
punjab,2021,4,Samsung,381416,0.2
punjab,2021,4,Vivo,269129,0.145
punjab,2021,4,Oppo,201076,0.115
punjab,2021,4,Realme,174159,0.095
punjab,2021,4,OnePlus,82310,0.045
punjab,2021,4,Apple,67358,0.035
punjab,2021,4,Motorola,38099,0.02
punjab,2021,4,Others,153563,0.085
punjab,2022,1,Xiaomi,399217,0.26
punjab,2022,1,Samsung,313535,0.2
punjab,2022,1,Vivo,225234,0.145
punjab,2022,1,Oppo,176182,0.115
punjab,2022,1,Realme,143860,0.095
punjab,2022,1,OnePlus,68282,0.045
punjab,2022,1,Apple,52864,0.035
punjab,2022,1,Motorola,32004,0.02
punjab,2022,1,Others,133725,0.085
punjab,2022,2,Xiaomi,407678,0.26
punjab,2022,2,Samsung,320138,0.2
punjab,2022,2,Vivo,237180,0.145
punjab,2022,2,Oppo,193844,0.115
punjab,2022,2,Realme,156243,0.095
punjab,2022,2,OnePlus,72915,0.045
punjab,2022,2,Apple,55085,0.035
punjab,2022,2,Motorola,33598,0.02
punjab,2022,2,Others,142455,0.085
punjab,2022,3,Xiaomi,467427,0.26
punjab,2022,3,Samsung,344996,0.2
punjab,2022,3,Vivo,259853,0.145
punjab,2022,3,Oppo,201342,0.115
punjab,2022,3,Realme,164229,0.095
punjab,2022,3,OnePlus,80451,0.045
punjab,2022,3,Apple,63310,0.035
punjab,2022,3,Motorola,35481,0.02
punjab,2022,3,Others,159653,0.085
punjab,2022,4,Xiaomi,567483,0.26
punjab,2022,4,Samsung,421644,0.2
punjab,2022,4,Vivo,289344,0.145
punjab,2022,4,Oppo,240713,0.115
punjab,2022,4,Realme,199826,0.095
punjab,2022,4,OnePlus,94184,0.045
punjab,2022,4,Apple,75831,0.035
punjab,2022,4,Motorola,43695,0.02
punjab,2022,4,Others,186200,0.085
punjab,2023,1,Xiaomi,404290,0.26
punjab,2023,1,Samsung,306187,0.2
punjab,2023,1,Vivo,215874,0.145
punjab,2023,1,Oppo,174853,0.115
punjab,2023,1,Realme,140775,0.095
punjab,2023,1,OnePlus,71440,0.045
punjab,2023,1,Apple,54327,0.035
punjab,2023,1,Motorola,30348,0.02
punjab,2023,1,Others,131197,0.085
punjab,2023,2,Xiaomi,462338,0.26
punjab,2023,2,Samsung,382739,0.2
punjab,2023,2,Vivo,279045,0.145
punjab,2023,2,Oppo,210228,0.115
punjab,2023,2,Realme,170114,0.095
punjab,2023,2,OnePlus,81313,0.045
punjab,2023,2,Apple,65996,0.035
punjab,2023,2,Motorola,37781,0.02
punjab,2023,2,Others,156056,0.085
punjab,2023,3,Xiaomi,498746,0.26
punjab,2023,3,Samsung,379329,0.2
punjab,2023,3,Vivo,295063,0.145
punjab,2023,3,Oppo,231993,0.115
punjab,2023,3,Realme,180602,0.095
punjab,2023,3,OnePlus,85414,0.045
punjab,2023,3,Apple,69203,0.035
punjab,2023,3,Motorola,37208,0.02
punjab,2023,3,Others,160150,0.085
punjab,2023,4,Xiaomi,587910,0.26
punjab,2023,4,Samsung,437095,0.2
punjab,2023,4,Vivo,324560,0.145
punjab,2023,4,Oppo,257521,0.115
punjab,2023,4,Realme,211003,0.095
punjab,2023,4,OnePlus,105521,0.045
punjab,2023,4,Apple,78547,0.035
punjab,2023,4,Motorola,43827,0.02
punjab,2023,4,Others,199021,0.085
rajasthan,2018,1,Xiaomi,229666,0.26
rajasthan,2018,1,Samsung,178381,0.2
rajasthan,2018,1,Vivo,134716,0.145
rajasthan,2018,1,Oppo,100576,0.115
rajasthan,2018,1,Realme,84357,0.095
rajasthan,2018,1,OnePlus,41266,0.045
rajasthan,2018,1,Apple,30791,0.035
rajasthan,2018,1,Motorola,18265,0.02
rajasthan,2018,1,Others,81741,0.085
rajasthan,2018,2,Xiaomi,290152,0.26
rajasthan,2018,2,Samsung,223576,0.2
rajasthan,2018,2,Vivo,157577,0.145
rajasthan,2018,2,Oppo,131189,0.115
rajasthan,2018,2,Realme,107701,0.095
rajasthan,2018,2,OnePlus,52411,0.045
rajasthan,2018,2,Apple,38688,0.035
rajasthan,2018,2,Motorola,22315,0.02
rajasthan,2018,2,Others,98101,0.085
rajasthan,2018,3,Xiaomi,338591,0.26
rajasthan,2018,3,Samsung,263691,0.2
rajasthan,2018,3,Vivo,200568,0.145
rajasthan,2018,3,Oppo,154626,0.115
rajasthan,2018,3,Realme,120714,0.095
rajasthan,2018,3,OnePlus,57256,0.045
rajasthan,2018,3,Apple,46807,0.035
rajasthan,2018,3,Motorola,25696,0.02
rajasthan,2018,3,Others,118538,0.085
rajasthan,2018,4,Xiaomi,450673,0.26
rajasthan,2018,4,Samsung,339095,0.2
rajasthan,2018,4,Vivo,239639,0.145
rajasthan,2018,4,Oppo,194967,0.115
rajasthan,2018,4,Realme,168785,0.095
rajasthan,2018,4,OnePlus,78871,0.045
rajasthan,2018,4,Apple,59568,0.035
rajasthan,2018,4,Motorola,35383,0.02
rajasthan,2018,4,Others,154329,0.085
rajasthan,2019,1,Xiaomi,314948,0.26
rajasthan,2019,1,Samsung,246063,0.2
rajasthan,2019,1,Vivo,189916,0.145
rajasthan,2019,1,Oppo,153188,0.115
rajasthan,2019,1,Realme,124064,0.095
rajasthan,2019,1,OnePlus,58627,0.045
rajasthan,2019,1,Apple,44352,0.035
rajasthan,2019,1,Motorola,24765,0.02
rajasthan,2019,1,Others,107631,0.085
rajasthan,2019,2,Xiaomi,415972,0.26
rajasthan,2019,2,Samsung,301052,0.2
rajasthan,2019,2,Vivo,235652,0.145
rajasthan,2019,2,Oppo,173760,0.115
rajasthan,2019,2,Realme,147987,0.095
rajasthan,2019,2,OnePlus,67441,0.045
rajasthan,2019,2,Apple,55776,0.035
rajasthan,2019,2,Motorola,29630,0.02
rajasthan,2019,2,Others,128188,0.085
rajasthan,2019,3,Xiaomi,503584,0.26
rajasthan,2019,3,Samsung,400091,0.2
rajasthan,2019,3,Vivo,298568,0.145
rajasthan,2019,3,Oppo,235619,0.115
rajasthan,2019,3,Realme,185416,0.095
rajasthan,2019,3,OnePlus,91138,0.045
rajasthan,2019,3,Apple,68149,0.035
rajasthan,2019,3,Motorola,39983,0.02
rajasthan,2019,3,Others,167983,0.085
rajasthan,2019,4,Xiaomi,571548,0.26
rajasthan,2019,4,Samsung,427149,0.2
rajasthan,2019,4,Vivo,303818,0.145
rajasthan,2019,4,Oppo,259962,0.115
rajasthan,2019,4,Realme,214258,0.095
rajasthan,2019,4,OnePlus,101933,0.045
rajasthan,2019,4,Apple,80370,0.035
rajasthan,2019,4,Motorola,44051,0.02
rajasthan,2019,4,Others,190467,0.085
rajasthan,2020,1,Xiaomi,496569,0.26
rajasthan,2020,1,Samsung,349518,0.2
rajasthan,2020,1,Vivo,276521,0.145
rajasthan,2020,1,Oppo,217003,0.115
rajasthan,2020,1,Realme,167147,0.095
rajasthan,2020,1,OnePlus,82563,0.045
rajasthan,2020,1,Apple,67200,0.035
rajasthan,2020,1,Motorola,37017,0.02
rajasthan,2020,1,Others,152312,0.085
rajasthan,2020,2,Xiaomi,479260,0.26
rajasthan,2020,2,Samsung,374158,0.2
rajasthan,2020,2,Vivo,268950,0.145
rajasthan,2020,2,Oppo,204460,0.115
rajasthan,2020,2,Realme,179109,0.095
rajasthan,2020,2,OnePlus,86333,0.045
rajasthan,2020,2,Apple,66412,0.035
rajasthan,2020,2,Motorola,35234,0.02
rajasthan,2020,2,Others,149741,0.085
rajasthan,2020,3,Xiaomi,544634,0.26
rajasthan,2020,3,Samsung,387955,0.2
rajasthan,2020,3,Vivo,309883,0.145
rajasthan,2020,3,Oppo,238665,0.115
rajasthan,2020,3,Realme,197447,0.095
rajasthan,2020,3,OnePlus,87740,0.045
rajasthan,2020,3,Apple,74644,0.035
rajasthan,2020,3,Motorola,40889,0.02
rajasthan,2020,3,Others,174894,0.085
rajasthan,2020,4,Xiaomi,596169,0.26
rajasthan,2020,4,Samsung,452485,0.2
rajasthan,2020,4,Vivo,337917,0.145
rajasthan,2020,4,Oppo,254066,0.115
rajasthan,2020,4,Realme,212659,0.095
rajasthan,2020,4,OnePlus,98968,0.045
rajasthan,2020,4,Apple,76705,0.035
rajasthan,2020,4,Motorola,45200,0.02
rajasthan,2020,4,Others,186492,0.085
rajasthan,2021,1,Xiaomi,480559,0.26
rajasthan,2021,1,Samsung,374333,0.2
rajasthan,2021,1,Vivo,272644,0.145
rajasthan,2021,1,Oppo,206309,0.115
rajasthan,2021,1,Realme,176901,0.095
rajasthan,2021,1,OnePlus,80994,0.045
rajasthan,2021,1,Apple,66212,0.035
rajasthan,2021,1,Motorola,36498,0.02
rajasthan,2021,1,Others,162087,0.085
rajasthan,2021,2,Xiaomi,604947,0.26
rajasthan,2021,2,Samsung,449388,0.2
rajasthan,2021,2,Vivo,312883,0.145
rajasthan,2021,2,Oppo,250678,0.115
rajasthan,2021,2,Realme,214365,0.095
rajasthan,2021,2,OnePlus,105183,0.045
rajasthan,2021,2,Apple,78340,0.035
rajasthan,2021,2,Motorola,45429,0.02
rajasthan,2021,2,Others,198227,0.085
rajasthan,2021,3,Xiaomi,577199,0.26
rajasthan,2021,3,Samsung,461484,0.2
rajasthan,2021,3,Vivo,330385,0.145
rajasthan,2021,3,Oppo,271860,0.115
rajasthan,2021,3,Realme,222669,0.095
rajasthan,2021,3,OnePlus,102234,0.045
rajasthan,2021,3,Apple,82420,0.035
rajasthan,2021,3,Motorola,44023,0.02
rajasthan,2021,3,Others,186680,0.085
rajasthan,2021,4,Xiaomi,713961,0.26
rajasthan,2021,4,Samsung,549253,0.2
rajasthan,2021,4,Vivo,422860,0.145
rajasthan,2021,4,Oppo,334928,0.115
rajasthan,2021,4,Realme,259604,0.095
rajasthan,2021,4,OnePlus,126379,0.045
rajasthan,2021,4,Apple,100878,0.035
rajasthan,2021,4,Motorola,58366,0.02
rajasthan,2021,4,Others,245334,0.085
rajasthan,2022,1,Xiaomi,617065,0.26
rajasthan,2022,1,Samsung,477782,0.2
rajasthan,2022,1,Vivo,343853,0.145
rajasthan,2022,1,Oppo,295339,0.115
rajasthan,2022,1,Realme,233263,0.095
rajasthan,2022,1,OnePlus,108593,0.045
rajasthan,2022,1,Apple,88568,0.035
rajasthan,2022,1,Motorola,51348,0.02
rajasthan,2022,1,Others,203518,0.085
rajasthan,2022,2,Xiaomi,608445,0.26
rajasthan,2022,2,Samsung,483493,0.2
rajasthan,2022,2,Vivo,356627,0.145
rajasthan,2022,2,Oppo,272863,0.115
rajasthan,2022,2,Realme,225174,0.095
rajasthan,2022,2,OnePlus,102316,0.045
rajasthan,2022,2,Apple,84032,0.035
rajasthan,2022,2,Motorola,46919,0.02
rajasthan,2022,2,Others,197671,0.085
rajasthan,2022,3,Xiaomi,777528,0.26
rajasthan,2022,3,Samsung,551763,0.2
rajasthan,2022,3,Vivo,410116,0.145
rajasthan,2022,3,Oppo,337343,0.115
rajasthan,2022,3,Realme,277472,0.095
rajasthan,2022,3,OnePlus,130344,0.045
rajasthan,2022,3,Apple,96530,0.035
rajasthan,2022,3,Motorola,55709,0.02
rajasthan,2022,3,Others,255845,0.085
rajasthan,2022,4,Xiaomi,746655,0.26
rajasthan,2022,4,Samsung,542526,0.2
rajasthan,2022,4,Vivo,391255,0.145
rajasthan,2022,4,Oppo,322627,0.115
rajasthan,2022,4,Realme,265168,0.095
rajasthan,2022,4,OnePlus,132053,0.045
rajasthan,2022,4,Apple,95572,0.035
rajasthan,2022,4,Motorola,54717,0.02
rajasthan,2022,4,Others,235862,0.085
rajasthan,2023,1,Xiaomi,680885,0.26
rajasthan,2023,1,Samsung,533533,0.2
rajasthan,2023,1,Vivo,361323,0.145
rajasthan,2023,1,Oppo,286913,0.115
rajasthan,2023,1,Realme,248676,0.095
rajasthan,2023,1,OnePlus,110388,0.045
rajasthan,2023,1,Apple,92795,0.035
rajasthan,2023,1,Motorola,51939,0.02
rajasthan,2023,1,Others,214012,0.085
rajasthan,2023,2,Xiaomi,710489,0.26
rajasthan,2023,2,Samsung,518861,0.2
rajasthan,2023,2,Vivo,364027,0.145
rajasthan,2023,2,Oppo,302088,0.115
rajasthan,2023,2,Realme,252667,0.095
rajasthan,2023,2,OnePlus,116445,0.045
rajasthan,2023,2,Apple,89678,0.035
rajasthan,2023,2,Motorola,50534,0.02
rajasthan,2023,2,Others,219940,0.085
rajasthan,2023,3,Xiaomi,812217,0.26
rajasthan,2023,3,Samsung,659819,0.2
rajasthan,2023,3,Vivo,450744,0.145
rajasthan,2023,3,Oppo,371431,0.115
rajasthan,2023,3,Realme,305569,0.095
rajasthan,2023,3,OnePlus,145898,0.045
rajasthan,2023,3,Apple,108703,0.035
rajasthan,2023,3,Motorola,65471,0.02
rajasthan,2023,3,Others,261639,0.085
rajasthan,2023,4,Xiaomi,927803,0.26
rajasthan,2023,4,Samsung,695153,0.2
rajasthan,2023,4,Vivo,489831,0.145
rajasthan,2023,4,Oppo,401467,0.115
rajasthan,2023,4,Realme,331043,0.095
rajasthan,2023,4,OnePlus,152445,0.045
rajasthan,2023,4,Apple,120885,0.035
rajasthan,2023,4,Motorola,72992,0.02
rajasthan,2023,4,Others,308503,0.085
sikkim,2018,1,Xiaomi,9859,0.26
sikkim,2018,1,Samsung,7939,0.2
sikkim,2018,1,Vivo,5621,0.145
sikkim,2018,1,Oppo,4588,0.115
sikkim,2018,1,Realme,3636,0.095
sikkim,2018,1,OnePlus,1763,0.045
sikkim,2018,1,Apple,1378,0.035
sikkim,2018,1,Motorola,759,0.02
sikkim,2018,1,Others,3372,0.085
sikkim,2018,2,Xiaomi,12379,0.26
sikkim,2018,2,Samsung,10009,0.2
sikkim,2018,2,Vivo,6726,0.145
sikkim,2018,2,Oppo,5377,0.115
sikkim,2018,2,Realme,4410,0.095
sikkim,2018,2,OnePlus,2136,0.045
sikkim,2018,2,Apple,1696,0.035
sikkim,2018,2,Motorola,985,0.02
sikkim,2018,2,Others,4019,0.085
sikkim,2018,3,Xiaomi,15693,0.26
sikkim,2018,3,Samsung,11568,0.2
sikkim,2018,3,Vivo,8516,0.145
sikkim,2018,3,Oppo,6663,0.115
sikkim,2018,3,Realme,5612,0.095
sikkim,2018,3,OnePlus,2721,0.045
sikkim,2018,3,Apple,1953,0.035
sikkim,2018,3,Motorola,1123,0.02
sikkim,2018,3,Others,4759,0.085
sikkim,2018,4,Xiaomi,14704,0.26
sikkim,2018,4,Samsung,11469,0.2
sikkim,2018,4,Vivo,8529,0.145
sikkim,2018,4,Oppo,6955,0.115
sikkim,2018,4,Realme,5562,0.095
sikkim,2018,4,OnePlus,2600,0.045
sikkim,2018,4,Apple,2115,0.035
sikkim,2018,4,Motorola,1229,0.02
sikkim,2018,4,Others,5048,0.085
sikkim,2019,1,Xiaomi,15060,0.26
sikkim,2019,1,Samsung,10864,0.2
sikkim,2019,1,Vivo,7796,0.145
sikkim,2019,1,Oppo,6320,0.115
sikkim,2019,1,Realme,5157,0.095
sikkim,2019,1,OnePlus,2584,0.045
sikkim,2019,1,Apple,1983,0.035
sikkim,2019,1,Motorola,1120,0.02
sikkim,2019,1,Others,4877,0.085
sikkim,2019,2,Xiaomi,16957,0.26
sikkim,2019,2,Samsung,14161,0.2
sikkim,2019,2,Vivo,9758,0.145
sikkim,2019,2,Oppo,7734,0.115
sikkim,2019,2,Realme,6788,0.095
sikkim,2019,2,OnePlus,3041,0.045
sikkim,2019,2,Apple,2381,0.035
sikkim,2019,2,Motorola,1369,0.02
sikkim,2019,2,Others,5961,0.085
sikkim,2019,3,Xiaomi,19502,0.26
sikkim,2019,3,Samsung,15047,0.2
sikkim,2019,3,Vivo,10627,0.145
sikkim,2019,3,Oppo,9237,0.115
sikkim,2019,3,Realme,7120,0.095
sikkim,2019,3,OnePlus,3401,0.045
sikkim,2019,3,Apple,2797,0.035
sikkim,2019,3,Motorola,1532,0.02
sikkim,2019,3,Others,6225,0.085
sikkim,2019,4,Xiaomi,18964,0.26
sikkim,2019,4,Samsung,15116,0.2
sikkim,2019,4,Vivo,10917,0.145
sikkim,2019,4,Oppo,8512,0.115
sikkim,2019,4,Realme,7155,0.095
sikkim,2019,4,OnePlus,3370,0.045
sikkim,2019,4,Apple,2578,0.035
sikkim,2019,4,Motorola,1562,0.02
sikkim,2019,4,Others,6706,0.085
sikkim,2020,1,Xiaomi,18029,0.26
sikkim,2020,1,Samsung,13725,0.2
sikkim,2020,1,Vivo,10225,0.145
sikkim,2020,1,Oppo,8046,0.115
sikkim,2020,1,Realme,6853,0.095
sikkim,2020,1,OnePlus,3138,0.045
sikkim,2020,1,Apple,2459,0.035
sikkim,2020,1,Motorola,1436,0.02
sikkim,2020,1,Others,6054,0.085
sikkim,2020,2,Xiaomi,22722,0.26
sikkim,2020,2,Samsung,17483,0.2
sikkim,2020,2,Vivo,12285,0.145
sikkim,2020,2,Oppo,9671,0.115
sikkim,2020,2,Realme,8161,0.095
sikkim,2020,2,OnePlus,3616,0.045
sikkim,2020,2,Apple,2984,0.035
sikkim,2020,2,Motorola,1704,0.02
sikkim,2020,2,Others,7395,0.085
sikkim,2020,3,Xiaomi,25298,0.26
sikkim,2020,3,Samsung,17993,0.2
sikkim,2020,3,Vivo,12794,0.145
sikkim,2020,3,Oppo,10285,0.115
sikkim,2020,3,Realme,8883,0.095
sikkim,2020,3,OnePlus,4284,0.045
sikkim,2020,3,Apple,3409,0.035
sikkim,2020,3,Motorola,1837,0.02
sikkim,2020,3,Others,7538,0.085
sikkim,2020,4,Xiaomi,29520,0.26
sikkim,2020,4,Samsung,21748,0.2
sikkim,2020,4,Vivo,15461,0.145
sikkim,2020,4,Oppo,13361,0.115
sikkim,2020,4,Realme,10633,0.095
sikkim,2020,4,OnePlus,4789,0.045
sikkim,2020,4,Apple,4011,0.035
sikkim,2020,4,Motorola,2147,0.02
sikkim,2020,4,Others,9968,0.085
sikkim,2021,1,Xiaomi,24414,0.26
sikkim,2021,1,Samsung,18086,0.2
sikkim,2021,1,Vivo,13397,0.145
sikkim,2021,1,Oppo,10702,0.115
sikkim,2021,1,Realme,8876,0.095
sikkim,2021,1,OnePlus,4255,0.045
sikkim,2021,1,Apple,3229,0.035
sikkim,2021,1,Motorola,1778,0.02
sikkim,2021,1,Others,7688,0.085
sikkim,2021,2,Xiaomi,22777,0.26
sikkim,2021,2,Samsung,17660,0.2
sikkim,2021,2,Vivo,13230,0.145
sikkim,2021,2,Oppo,10383,0.115
sikkim,2021,2,Realme,8853,0.095
sikkim,2021,2,OnePlus,4156,0.045
sikkim,2021,2,Apple,3237,0.035
sikkim,2021,2,Motorola,1759,0.02
sikkim,2021,2,Others,7757,0.085
sikkim,2021,3,Xiaomi,23677,0.26
sikkim,2021,3,Samsung,17878,0.2
sikkim,2021,3,Vivo,13398,0.145
sikkim,2021,3,Oppo,10914,0.115
sikkim,2021,3,Realme,8314,0.095
sikkim,2021,3,OnePlus,4076,0.045
sikkim,2021,3,Apple,3296,0.035
sikkim,2021,3,Motorola,1856,0.02
sikkim,2021,3,Others,7457,0.085
sikkim,2021,4,Xiaomi,29176,0.26
sikkim,2021,4,Samsung,21853,0.2
sikkim,2021,4,Vivo,16244,0.145
sikkim,2021,4,Oppo,13291,0.115
sikkim,2021,4,Realme,10545,0.095
sikkim,2021,4,OnePlus,5238,0.045
sikkim,2021,4,Apple,3924,0.035
sikkim,2021,4,Motorola,2361,0.02
sikkim,2021,4,Others,9177,0.085
sikkim,2022,1,Xiaomi,24970,0.26
sikkim,2022,1,Samsung,19278,0.2
sikkim,2022,1,Vivo,15265,0.145
sikkim,2022,1,Oppo,12156,0.115
sikkim,2022,1,Realme,9871,0.095
sikkim,2022,1,OnePlus,4429,0.045
sikkim,2022,1,Apple,3551,0.035
sikkim,2022,1,Motorola,1971,0.02
sikkim,2022,1,Others,8940,0.085
sikkim,2022,2,Xiaomi,28648,0.26
sikkim,2022,2,Samsung,21613,0.2
sikkim,2022,2,Vivo,16957,0.145
sikkim,2022,2,Oppo,13048,0.115
sikkim,2022,2,Realme,10974,0.095
sikkim,2022,2,OnePlus,5313,0.045
sikkim,2022,2,Apple,3852,0.035
sikkim,2022,2,Motorola,2327,0.02
sikkim,2022,2,Others,9920,0.085
sikkim,2022,3,Xiaomi,32314,0.26
sikkim,2022,3,Samsung,25599,0.2
sikkim,2022,3,Vivo,18226,0.145
sikkim,2022,3,Oppo,14892,0.115
sikkim,2022,3,Realme,12093,0.095
sikkim,2022,3,OnePlus,5441,0.045
sikkim,2022,3,Apple,4478,0.035
sikkim,2022,3,Motorola,2375,0.02
sikkim,2022,3,Others,10618,0.085
sikkim,2022,4,Xiaomi,34658,0.26
sikkim,2022,4,Samsung,25319,0.2
sikkim,2022,4,Vivo,19048,0.145
sikkim,2022,4,Oppo,14590,0.115
sikkim,2022,4,Realme,12131,0.095
sikkim,2022,4,OnePlus,6262,0.045
sikkim,2022,4,Apple,4692,0.035
sikkim,2022,4,Motorola,2622,0.02
sikkim,2022,4,Others,10773,0.085
sikkim,2023,1,Xiaomi,26202,0.26
sikkim,2023,1,Samsung,21383,0.2
sikkim,2023,1,Vivo,15466,0.145
sikkim,2023,1,Oppo,12007,0.115
sikkim,2023,1,Realme,9569,0.095
sikkim,2023,1,OnePlus,4891,0.045
sikkim,2023,1,Apple,3625,0.035
sikkim,2023,1,Motorola,2096,0.02
sikkim,2023,1,Others,9115,0.085
sikkim,2023,2,Xiaomi,28449,0.26
sikkim,2023,2,Samsung,20459,0.2
sikkim,2023,2,Vivo,15250,0.145
sikkim,2023,2,Oppo,12828,0.115
sikkim,2023,2,Realme,10041,0.095
sikkim,2023,2,OnePlus,4661,0.045
sikkim,2023,2,Apple,3702,0.035
sikkim,2023,2,Motorola,2080,0.02
sikkim,2023,2,Others,9304,0.085
sikkim,2023,3,Xiaomi,36360,0.26
sikkim,2023,3,Samsung,27926,0.2
sikkim,2023,3,Vivo,18706,0.145
sikkim,2023,3,Oppo,16291,0.115
sikkim,2023,3,Realme,12768,0.095
sikkim,2023,3,OnePlus,6199,0.045
sikkim,2023,3,Apple,4751,0.035
sikkim,2023,3,Motorola,2676,0.02
sikkim,2023,3,Others,11673,0.085
sikkim,2023,4,Xiaomi,38423,0.26
sikkim,2023,4,Samsung,31637,0.2
sikkim,2023,4,Vivo,22581,0.145
sikkim,2023,4,Oppo,17246,0.115
sikkim,2023,4,Realme,14358,0.095
sikkim,2023,4,OnePlus,6960,0.045
sikkim,2023,4,Apple,5285,0.035
sikkim,2023,4,Motorola,3034,0.02
sikkim,2023,4,Others,13136,0.085
tamil-nadu,2018,1,Xiaomi,362829,0.26
tamil-nadu,2018,1,Samsung,271976,0.2
tamil-nadu,2018,1,Vivo,206094,0.145
tamil-nadu,2018,1,Oppo,161390,0.115
tamil-nadu,2018,1,Realme,128375,0.095
tamil-nadu,2018,1,OnePlus,65994,0.045
tamil-nadu,2018,1,Apple,51036,0.035
tamil-nadu,2018,1,Motorola,27913,0.02
tamil-nadu,2018,1,Others,123342,0.085
tamil-nadu,2018,2,Xiaomi,450478,0.26
tamil-nadu,2018,2,Samsung,365019,0.2
tamil-nadu,2018,2,Vivo,273007,0.145
tamil-nadu,2018,2,Oppo,205208,0.115
tamil-nadu,2018,2,Realme,171874,0.095
tamil-nadu,2018,2,OnePlus,84574,0.045
tamil-nadu,2018,2,Apple,64998,0.035
tamil-nadu,2018,2,Motorola,34605,0.02
tamil-nadu,2018,2,Others,155914,0.085
tamil-nadu,2018,3,Xiaomi,530312,0.26
tamil-nadu,2018,3,Samsung,379198,0.2
tamil-nadu,2018,3,Vivo,270914,0.145
tamil-nadu,2018,3,Oppo,227398,0.115
tamil-nadu,2018,3,Realme,180612,0.095
tamil-nadu,2018,3,OnePlus,84311,0.045
tamil-nadu,2018,3,Apple,65448,0.035
tamil-nadu,2018,3,Motorola,37514,0.02
tamil-nadu,2018,3,Others,163698,0.085
tamil-nadu,2018,4,Xiaomi,627824,0.26
tamil-nadu,2018,4,Samsung,472934,0.2
tamil-nadu,2018,4,Vivo,358084,0.145
tamil-nadu,2018,4,Oppo,267091,0.115
tamil-nadu,2018,4,Realme,225658,0.095
tamil-nadu,2018,4,OnePlus,110380,0.045
tamil-nadu,2018,4,Apple,83081,0.035
tamil-nadu,2018,4,Motorola,47830,0.02
tamil-nadu,2018,4,Others,207050,0.085
tamil-nadu,2019,1,Xiaomi,604725,0.26
tamil-nadu,2019,1,Samsung,435888,0.2
tamil-nadu,2019,1,Vivo,332814,0.145
tamil-nadu,2019,1,Oppo,255874,0.115
tamil-nadu,2019,1,Realme,218787,0.095
tamil-nadu,2019,1,OnePlus,98616,0.045
tamil-nadu,2019,1,Apple,80728,0.035
tamil-nadu,2019,1,Motorola,45405,0.02
tamil-nadu,2019,1,Others,196204,0.085
tamil-nadu,2019,2,Xiaomi,541331,0.26
tamil-nadu,2019,2,Samsung,414283,0.2
tamil-nadu,2019,2,Vivo,307369,0.145
tamil-nadu,2019,2,Oppo,250061,0.115
tamil-nadu,2019,2,Realme,200901,0.095
tamil-nadu,2019,2,OnePlus,96249,0.045
tamil-nadu,2019,2,Apple,76819,0.035
tamil-nadu,2019,2,Motorola,44479,0.02
tamil-nadu,2019,2,Others,185291,0.085
tamil-nadu,2019,3,Xiaomi,742520,0.26
tamil-nadu,2019,3,Samsung,590983,0.2
tamil-nadu,2019,3,Vivo,413471,0.145
tamil-nadu,2019,3,Oppo,338743,0.115
tamil-nadu,2019,3,Realme,281410,0.095
tamil-nadu,2019,3,OnePlus,137294,0.045
tamil-nadu,2019,3,Apple,98299,0.035
tamil-nadu,2019,3,Motorola,60043,0.02
tamil-nadu,2019,3,Others,241912,0.085
tamil-nadu,2019,4,Xiaomi,854695,0.26
tamil-nadu,2019,4,Samsung,614575,0.2
tamil-nadu,2019,4,Vivo,455846,0.145
tamil-nadu,2019,4,Oppo,358746,0.115
tamil-nadu,2019,4,Realme,312179,0.095
tamil-nadu,2019,4,OnePlus,138664,0.045
tamil-nadu,2019,4,Apple,108082,0.035
tamil-nadu,2019,4,Motorola,62237,0.02
tamil-nadu,2019,4,Others,286412,0.085
tamil-nadu,2020,1,Xiaomi,658036,0.26
tamil-nadu,2020,1,Samsung,482807,0.2
tamil-nadu,2020,1,Vivo,369681,0.145
tamil-nadu,2020,1,Oppo,289547,0.115
tamil-nadu,2020,1,Realme,240453,0.095
tamil-nadu,2020,1,OnePlus,115725,0.045
tamil-nadu,2020,1,Apple,90178,0.035
tamil-nadu,2020,1,Motorola,53240,0.02
tamil-nadu,2020,1,Others,219487,0.085
tamil-nadu,2020,2,Xiaomi,771582,0.26
tamil-nadu,2020,2,Samsung,635017,0.2
tamil-nadu,2020,2,Vivo,434426,0.145
tamil-nadu,2020,2,Oppo,340556,0.115
tamil-nadu,2020,2,Realme,295756,0.095
tamil-nadu,2020,2,OnePlus,135156,0.045
tamil-nadu,2020,2,Apple,103418,0.035
tamil-nadu,2020,2,Motorola,61227,0.02
tamil-nadu,2020,2,Others,268652,0.085
tamil-nadu,2020,3,Xiaomi,919337,0.26
tamil-nadu,2020,3,Samsung,710605,0.2
tamil-nadu,2020,3,Vivo,488836,0.145
tamil-nadu,2020,3,Oppo,381305,0.115
tamil-nadu,2020,3,Realme,312842,0.095
tamil-nadu,2020,3,OnePlus,152820,0.045
tamil-nadu,2020,3,Apple,115185,0.035
tamil-nadu,2020,3,Motorola,67134,0.02
tamil-nadu,2020,3,Others,281535,0.085
tamil-nadu,2020,4,Xiaomi,773897,0.26
tamil-nadu,2020,4,Samsung,638324,0.2
tamil-nadu,2020,4,Vivo,457117,0.145
tamil-nadu,2020,4,Oppo,349647,0.115
tamil-nadu,2020,4,Realme,298776,0.095
tamil-nadu,2020,4,OnePlus,143907,0.045
tamil-nadu,2020,4,Apple,109613,0.035
tamil-nadu,2020,4,Motorola,60855,0.02
tamil-nadu,2020,4,Others,271430,0.085
tamil-nadu,2021,1,Xiaomi,712084,0.26
tamil-nadu,2021,1,Samsung,557827,0.2
tamil-nadu,2021,1,Vivo,407859,0.145
tamil-nadu,2021,1,Oppo,316323,0.115
tamil-nadu,2021,1,Realme,264010,0.095
tamil-nadu,2021,1,OnePlus,126359,0.045
tamil-nadu,2021,1,Apple,90905,0.035
tamil-nadu,2021,1,Motorola,56653,0.02
tamil-nadu,2021,1,Others,230606,0.085
tamil-nadu,2021,2,Xiaomi,863461,0.26
tamil-nadu,2021,2,Samsung,648914,0.2
tamil-nadu,2021,2,Vivo,466105,0.145
tamil-nadu,2021,2,Oppo,366144,0.115
tamil-nadu,2021,2,Realme,328277,0.095
tamil-nadu,2021,2,OnePlus,155086,0.045
tamil-nadu,2021,2,Apple,113403,0.035
tamil-nadu,2021,2,Motorola,68809,0.02
tamil-nadu,2021,2,Others,284432,0.085
tamil-nadu,2021,3,Xiaomi,859557,0.26
tamil-nadu,2021,3,Samsung,636203,0.2
tamil-nadu,2021,3,Vivo,502914,0.145
tamil-nadu,2021,3,Oppo,366557,0.115
tamil-nadu,2021,3,Realme,314418,0.095
tamil-nadu,2021,3,OnePlus,148013,0.045
tamil-nadu,2021,3,Apple,115188,0.035
tamil-nadu,2021,3,Motorola,67619,0.02
tamil-nadu,2021,3,Others,294589,0.085
tamil-nadu,2021,4,Xiaomi,937760,0.26
tamil-nadu,2021,4,Samsung,766365,0.2
tamil-nadu,2021,4,Vivo,510574,0.145
tamil-nadu,2021,4,Oppo,421090,0.115
tamil-nadu,2021,4,Realme,338116,0.095
tamil-nadu,2021,4,OnePlus,158190,0.045
tamil-nadu,2021,4,Apple,125105,0.035
tamil-nadu,2021,4,Motorola,71710,0.02
tamil-nadu,2021,4,Others,303791,0.085
tamil-nadu,2022,1,Xiaomi,790149,0.26
tamil-nadu,2022,1,Samsung,598917,0.2
tamil-nadu,2022,1,Vivo,446779,0.145
tamil-nadu,2022,1,Oppo,347808,0.115
tamil-nadu,2022,1,Realme,277693,0.095
tamil-nadu,2022,1,OnePlus,129870,0.045
tamil-nadu,2022,1,Apple,105687,0.035
tamil-nadu,2022,1,Motorola,61857,0.02
tamil-nadu,2022,1,Others,267183,0.085
tamil-nadu,2022,2,Xiaomi,1037451,0.26
tamil-nadu,2022,2,Samsung,785887,0.2
tamil-nadu,2022,2,Vivo,572858,0.145
tamil-nadu,2022,2,Oppo,425799,0.115
tamil-nadu,2022,2,Realme,359968,0.095
tamil-nadu,2022,2,OnePlus,166300,0.045
tamil-nadu,2022,2,Apple,132399,0.035
tamil-nadu,2022,2,Motorola,80796,0.02
tamil-nadu,2022,2,Others,334459,0.085
tamil-nadu,2022,3,Xiaomi,1137462,0.26
tamil-nadu,2022,3,Samsung,857516,0.2
tamil-nadu,2022,3,Vivo,616231,0.145
tamil-nadu,2022,3,Oppo,484386,0.115
tamil-nadu,2022,3,Realme,411986,0.095
tamil-nadu,2022,3,OnePlus,200413,0.045
tamil-nadu,2022,3,Apple,148808,0.035
tamil-nadu,2022,3,Motorola,83112,0.02
tamil-nadu,2022,3,Others,352313,0.085
tamil-nadu,2022,4,Xiaomi,1247030,0.26
tamil-nadu,2022,4,Samsung,1019261,0.2
tamil-nadu,2022,4,Vivo,723446,0.145
tamil-nadu,2022,4,Oppo,567602,0.115
tamil-nadu,2022,4,Realme,459456,0.095
tamil-nadu,2022,4,OnePlus,223039,0.045
tamil-nadu,2022,4,Apple,176735,0.035
tamil-nadu,2022,4,Motorola,95638,0.02
tamil-nadu,2022,4,Others,400889,0.085
tamil-nadu,2023,1,Xiaomi,1019737,0.26
tamil-nadu,2023,1,Samsung,758188,0.2
tamil-nadu,2023,1,Vivo,572543,0.145
tamil-nadu,2023,1,Oppo,452317,0.115
tamil-nadu,2023,1,Realme,354764,0.095
tamil-nadu,2023,1,OnePlus,170705,0.045
tamil-nadu,2023,1,Apple,136427,0.035
tamil-nadu,2023,1,Motorola,78238,0.02
tamil-nadu,2023,1,Others,320474,0.085
tamil-nadu,2023,2,Xiaomi,1118089,0.26
tamil-nadu,2023,2,Samsung,860085,0.2
tamil-nadu,2023,2,Vivo,596400,0.145
tamil-nadu,2023,2,Oppo,486193,0.115
tamil-nadu,2023,2,Realme,386492,0.095
tamil-nadu,2023,2,OnePlus,187860,0.045
tamil-nadu,2023,2,Apple,148474,0.035
tamil-nadu,2023,2,Motorola,80220,0.02
tamil-nadu,2023,2,Others,358993,0.085
tamil-nadu,2023,3,Xiaomi,1184442,0.26
tamil-nadu,2023,3,Samsung,875841,0.2
tamil-nadu,2023,3,Vivo,654532,0.145
tamil-nadu,2023,3,Oppo,487421,0.115
tamil-nadu,2023,3,Realme,413728,0.095
tamil-nadu,2023,3,OnePlus,205043,0.045
tamil-nadu,2023,3,Apple,153312,0.035
tamil-nadu,2023,3,Motorola,92447,0.02
tamil-nadu,2023,3,Others,370173,0.085
tamil-nadu,2023,4,Xiaomi,1519971,0.26
tamil-nadu,2023,4,Samsung,1108228,0.2
tamil-nadu,2023,4,Vivo,848371,0.145
tamil-nadu,2023,4,Oppo,625887,0.115
tamil-nadu,2023,4,Realme,543055,0.095
tamil-nadu,2023,4,OnePlus,255983,0.045
tamil-nadu,2023,4,Apple,189908,0.035
tamil-nadu,2023,4,Motorola,114553,0.02
tamil-nadu,2023,4,Others,461116,0.085
telangana,2018,1,Xiaomi,366758,0.26
telangana,2018,1,Samsung,285599,0.2
telangana,2018,1,Vivo,190774,0.145
telangana,2018,1,Oppo,162899,0.115
telangana,2018,1,Realme,126193,0.095
telangana,2018,1,OnePlus,59265,0.045
telangana,2018,1,Apple,50000,0.035
telangana,2018,1,Motorola,26371,0.02
telangana,2018,1,Others,113771,0.085
telangana,2018,2,Xiaomi,396189,0.26
telangana,2018,2,Samsung,325673,0.2
telangana,2018,2,Vivo,224435,0.145
telangana,2018,2,Oppo,179807,0.115
telangana,2018,2,Realme,151457,0.095
telangana,2018,2,OnePlus,73134,0.045
telangana,2018,2,Apple,52787,0.035
telangana,2018,2,Motorola,30112,0.02
telangana,2018,2,Others,129054,0.085
telangana,2018,3,Xiaomi,469433,0.26
telangana,2018,3,Samsung,396251,0.2
telangana,2018,3,Vivo,287318,0.145
telangana,2018,3,Oppo,221913,0.115
telangana,2018,3,Realme,182204,0.095
telangana,2018,3,OnePlus,88133,0.045
telangana,2018,3,Apple,68902,0.035
telangana,2018,3,Motorola,38638,0.02
telangana,2018,3,Others,157227,0.085
telangana,2018,4,Xiaomi,539021,0.26
telangana,2018,4,Samsung,418193,0.2
telangana,2018,4,Vivo,301289,0.145
telangana,2018,4,Oppo,243898,0.115
telangana,2018,4,Realme,204007,0.095
telangana,2018,4,OnePlus,97633,0.045
telangana,2018,4,Apple,76149,0.035
telangana,2018,4,Motorola,43291,0.02
telangana,2018,4,Others,176794,0.085
telangana,2019,1,Xiaomi,513739,0.26
telangana,2019,1,Samsung,394531,0.2
telangana,2019,1,Vivo,291139,0.145
telangana,2019,1,Oppo,243104,0.115
telangana,2019,1,Realme,191274,0.095
telangana,2019,1,OnePlus,95307,0.045
telangana,2019,1,Apple,75970,0.035
telangana,2019,1,Motorola,40665,0.02
telangana,2019,1,Others,170241,0.085
telangana,2019,2,Xiaomi,506592,0.26
telangana,2019,2,Samsung,413901,0.2
telangana,2019,2,Vivo,291220,0.145
telangana,2019,2,Oppo,228319,0.115
telangana,2019,2,Realme,184693,0.095
telangana,2019,2,OnePlus,92490,0.045
telangana,2019,2,Apple,70848,0.035
telangana,2019,2,Motorola,42229,0.02
telangana,2019,2,Others,168167,0.085
telangana,2019,3,Xiaomi,528022,0.26
telangana,2019,3,Samsung,403160,0.2
telangana,2019,3,Vivo,295434,0.145
telangana,2019,3,Oppo,223686,0.115
telangana,2019,3,Realme,201158,0.095
telangana,2019,3,OnePlus,94604,0.045
telangana,2019,3,Apple,73786,0.035
telangana,2019,3,Motorola,41706,0.02
telangana,2019,3,Others,176217,0.085
telangana,2019,4,Xiaomi,763353,0.26
telangana,2019,4,Samsung,605449,0.2
telangana,2019,4,Vivo,443116,0.145
telangana,2019,4,Oppo,328155,0.115
telangana,2019,4,Realme,273436,0.095
telangana,2019,4,OnePlus,133257,0.045
telangana,2019,4,Apple,105241,0.035
telangana,2019,4,Motorola,56681,0.02
telangana,2019,4,Others,248102,0.085
telangana,2020,1,Xiaomi,646333,0.26
telangana,2020,1,Samsung,461004,0.2
telangana,2020,1,Vivo,333522,0.145
telangana,2020,1,Oppo,275323,0.115
telangana,2020,1,Realme,235546,0.095
telangana,2020,1,OnePlus,107510,0.045
telangana,2020,1,Apple,87347,0.035
telangana,2020,1,Motorola,46063,0.02
telangana,2020,1,Others,195015,0.085
telangana,2020,2,Xiaomi,673844,0.26
telangana,2020,2,Samsung,494594,0.2
telangana,2020,2,Vivo,362339,0.145
telangana,2020,2,Oppo,303447,0.115
telangana,2020,2,Realme,238012,0.095
telangana,2020,2,OnePlus,120595,0.045
telangana,2020,2,Apple,91515,0.035
telangana,2020,2,Motorola,51638,0.02
telangana,2020,2,Others,223409,0.085
telangana,2020,3,Xiaomi,793991,0.26
telangana,2020,3,Samsung,564941,0.2
telangana,2020,3,Vivo,414733,0.145
telangana,2020,3,Oppo,346311,0.115
telangana,2020,3,Realme,264655,0.095
telangana,2020,3,OnePlus,133393,0.045
telangana,2020,3,Apple,102877,0.035
telangana,2020,3,Motorola,57412,0.02
telangana,2020,3,Others,246406,0.085
telangana,2020,4,Xiaomi,862383,0.26
telangana,2020,4,Samsung,615084,0.2
telangana,2020,4,Vivo,461789,0.145
telangana,2020,4,Oppo,355983,0.115
telangana,2020,4,Realme,292345,0.095
telangana,2020,4,OnePlus,145765,0.045
telangana,2020,4,Apple,111707,0.035
telangana,2020,4,Motorola,61422,0.02
telangana,2020,4,Others,272926,0.085
telangana,2021,1,Xiaomi,672824,0.26
telangana,2021,1,Samsung,497539,0.2
telangana,2021,1,Vivo,369991,0.145
telangana,2021,1,Oppo,308357,0.115
telangana,2021,1,Realme,250452,0.095
telangana,2021,1,OnePlus,121752,0.045
telangana,2021,1,Apple,91052,0.035
telangana,2021,1,Motorola,50715,0.02
telangana,2021,1,Others,209405,0.085
telangana,2021,2,Xiaomi,752178,0.26
telangana,2021,2,Samsung,573662,0.2
telangana,2021,2,Vivo,417020,0.145
telangana,2021,2,Oppo,330914,0.115
telangana,2021,2,Realme,273051,0.095
telangana,2021,2,OnePlus,123209,0.045
telangana,2021,2,Apple,96424,0.035
telangana,2021,2,Motorola,55807,0.02
telangana,2021,2,Others,245291,0.085
telangana,2021,3,Xiaomi,807417,0.26
telangana,2021,3,Samsung,608938,0.2
telangana,2021,3,Vivo,462206,0.145
telangana,2021,3,Oppo,359762,0.115
telangana,2021,3,Realme,290435,0.095
telangana,2021,3,OnePlus,135110,0.045
telangana,2021,3,Apple,107522,0.035
telangana,2021,3,Motorola,60005,0.02
telangana,2021,3,Others,274267,0.085
telangana,2021,4,Xiaomi,1011671,0.26
telangana,2021,4,Samsung,830007,0.2
telangana,2021,4,Vivo,563671,0.145
telangana,2021,4,Oppo,475986,0.115
telangana,2021,4,Realme,386180,0.095
telangana,2021,4,OnePlus,172224,0.045
telangana,2021,4,Apple,145395,0.035
telangana,2021,4,Motorola,83157,0.02
telangana,2021,4,Others,349063,0.085
telangana,2022,1,Xiaomi,690254,0.26
telangana,2022,1,Samsung,552042,0.2
telangana,2022,1,Vivo,410777,0.145
telangana,2022,1,Oppo,326669,0.115
telangana,2022,1,Realme,272343,0.095
telangana,2022,1,OnePlus,120625,0.045
telangana,2022,1,Apple,98897,0.035
telangana,2022,1,Motorola,55738,0.02
telangana,2022,1,Others,242826,0.085
telangana,2022,2,Xiaomi,798556,0.26
telangana,2022,2,Samsung,606489,0.2
telangana,2022,2,Vivo,458250,0.145
telangana,2022,2,Oppo,351752,0.115
telangana,2022,2,Realme,292511,0.095
telangana,2022,2,OnePlus,139251,0.045
telangana,2022,2,Apple,105601,0.035
telangana,2022,2,Motorola,63991,0.02
telangana,2022,2,Others,258852,0.085
telangana,2022,3,Xiaomi,957380,0.26
telangana,2022,3,Samsung,694889,0.2
telangana,2022,3,Vivo,532149,0.145
telangana,2022,3,Oppo,391000,0.115
telangana,2022,3,Realme,351952,0.095
telangana,2022,3,OnePlus,152618,0.045
telangana,2022,3,Apple,129429,0.035
telangana,2022,3,Motorola,67830,0.02
telangana,2022,3,Others,314613,0.085
telangana,2022,4,Xiaomi,955428,0.26
telangana,2022,4,Samsung,766118,0.2
telangana,2022,4,Vivo,533590,0.145
telangana,2022,4,Oppo,441651,0.115
telangana,2022,4,Realme,354798,0.095
telangana,2022,4,OnePlus,167100,0.045
telangana,2022,4,Apple,125527,0.035
telangana,2022,4,Motorola,75024,0.02
telangana,2022,4,Others,307566,0.085
telangana,2023,1,Xiaomi,951360,0.26
telangana,2023,1,Samsung,759107,0.2
telangana,2023,1,Vivo,517257,0.145
telangana,2023,1,Oppo,440953,0.115
telangana,2023,1,Realme,340618,0.095
telangana,2023,1,OnePlus,160392,0.045
telangana,2023,1,Apple,124003,0.035
telangana,2023,1,Motorola,71870,0.02
telangana,2023,1,Others,323448,0.085
telangana,2023,2,Xiaomi,951449,0.26
telangana,2023,2,Samsung,767876,0.2
telangana,2023,2,Vivo,539987,0.145
telangana,2023,2,Oppo,413633,0.115
telangana,2023,2,Realme,357478,0.095
telangana,2023,2,OnePlus,163976,0.045
telangana,2023,2,Apple,128700,0.035
telangana,2023,2,Motorola,74386,0.02
telangana,2023,2,Others,315821,0.085
telangana,2023,3,Xiaomi,1078317,0.26
telangana,2023,3,Samsung,889541,0.2
telangana,2023,3,Vivo,597046,0.145
telangana,2023,3,Oppo,465865,0.115
telangana,2023,3,Realme,389640,0.095
telangana,2023,3,OnePlus,199316,0.045
telangana,2023,3,Apple,142585,0.035
telangana,2023,3,Motorola,82641,0.02
telangana,2023,3,Others,353493,0.085
telangana,2023,4,Xiaomi,1270332,0.26
telangana,2023,4,Samsung,964478,0.2
telangana,2023,4,Vivo,687867,0.145
telangana,2023,4,Oppo,543363,0.115
telangana,2023,4,Realme,477081,0.095
telangana,2023,4,OnePlus,209622,0.045
telangana,2023,4,Apple,176550,0.035
telangana,2023,4,Motorola,93948,0.02
telangana,2023,4,Others,427393,0.085
tripura,2018,1,Xiaomi,19129,0.26
tripura,2018,1,Samsung,15627,0.2
tripura,2018,1,Vivo,11162,0.145
tripura,2018,1,Oppo,8997,0.115
tripura,2018,1,Realme,7562,0.095
tripura,2018,1,OnePlus,3629,0.045
tripura,2018,1,Apple,2789,0.035
tripura,2018,1,Motorola,1481,0.02
tripura,2018,1,Others,6739,0.085
tripura,2018,2,Xiaomi,27004,0.26
tripura,2018,2,Samsung,21035,0.2
tripura,2018,2,Vivo,14812,0.145
tripura,2018,2,Oppo,12029,0.115
tripura,2018,2,Realme,10216,0.095
tripura,2018,2,OnePlus,4518,0.045
tripura,2018,2,Apple,3611,0.035
tripura,2018,2,Motorola,2003,0.02
tripura,2018,2,Others,9155,0.085
tripura,2018,3,Xiaomi,24556,0.26
tripura,2018,3,Samsung,19948,0.2
tripura,2018,3,Vivo,13663,0.145
tripura,2018,3,Oppo,11307,0.115
tripura,2018,3,Realme,9149,0.095
tripura,2018,3,OnePlus,4613,0.045
tripura,2018,3,Apple,3405,0.035
tripura,2018,3,Motorola,2022,0.02
tripura,2018,3,Others,8640,0.085
tripura,2018,4,Xiaomi,34418,0.26
tripura,2018,4,Samsung,26993,0.2
tripura,2018,4,Vivo,18489,0.145
tripura,2018,4,Oppo,15657,0.115
tripura,2018,4,Realme,13156,0.095
tripura,2018,4,OnePlus,5809,0.045
tripura,2018,4,Apple,4727,0.035
tripura,2018,4,Motorola,2607,0.02
tripura,2018,4,Others,11589,0.085
tripura,2019,1,Xiaomi,31453,0.26
tripura,2019,1,Samsung,23812,0.2
tripura,2019,1,Vivo,17426,0.145
tripura,2019,1,Oppo,13541,0.115
tripura,2019,1,Realme,11411,0.095
tripura,2019,1,OnePlus,5131,0.045
tripura,2019,1,Apple,4063,0.035
tripura,2019,1,Motorola,2306,0.02
tripura,2019,1,Others,10065,0.085
tripura,2019,2,Xiaomi,34328,0.26
tripura,2019,2,Samsung,27230,0.2
tripura,2019,2,Vivo,19223,0.145
tripura,2019,2,Oppo,16551,0.115
tripura,2019,2,Realme,12903,0.095
tripura,2019,2,OnePlus,6058,0.045
tripura,2019,2,Apple,5036,0.035
tripura,2019,2,Motorola,2662,0.02
tripura,2019,2,Others,11357,0.085
tripura,2019,3,Xiaomi,41606,0.26
tripura,2019,3,Samsung,31405,0.2
tripura,2019,3,Vivo,22622,0.145
tripura,2019,3,Oppo,18323,0.115
tripura,2019,3,Realme,14664,0.095
tripura,2019,3,OnePlus,7258,0.045
tripura,2019,3,Apple,5389,0.035
tripura,2019,3,Motorola,3009,0.02
tripura,2019,3,Others,13330,0.085
tripura,2019,4,Xiaomi,41830,0.26
tripura,2019,4,Samsung,31165,0.2
tripura,2019,4,Vivo,23625,0.145
tripura,2019,4,Oppo,18395,0.115
tripura,2019,4,Realme,15570,0.095
tripura,2019,4,OnePlus,7176,0.045
tripura,2019,4,Apple,5444,0.035
tripura,2019,4,Motorola,3180,0.02
tripura,2019,4,Others,12845,0.085
tripura,2020,1,Xiaomi,33931,0.26
tripura,2020,1,Samsung,26400,0.2
tripura,2020,1,Vivo,19658,0.145
tripura,2020,1,Oppo,14364,0.115
tripura,2020,1,Realme,12940,0.095
tripura,2020,1,OnePlus,5780,0.045
tripura,2020,1,Apple,4468,0.035
tripura,2020,1,Motorola,2592,0.02
tripura,2020,1,Others,11058,0.085
tripura,2020,2,Xiaomi,42222,0.26
tripura,2020,2,Samsung,34142,0.2
tripura,2020,2,Vivo,23271,0.145
tripura,2020,2,Oppo,20107,0.115
tripura,2020,2,Realme,16091,0.095
tripura,2020,2,OnePlus,7351,0.045
tripura,2020,2,Apple,6023,0.035
tripura,2020,2,Motorola,3334,0.02
tripura,2020,2,Others,14616,0.085
tripura,2020,3,Xiaomi,48525,0.26
tripura,2020,3,Samsung,37480,0.2
tripura,2020,3,Vivo,25805,0.145
tripura,2020,3,Oppo,20310,0.115
tripura,2020,3,Realme,17494,0.095
tripura,2020,3,OnePlus,8667,0.045
tripura,2020,3,Apple,6720,0.035
tripura,2020,3,Motorola,3496,0.02
tripura,2020,3,Others,15452,0.085
tripura,2020,4,Xiaomi,56153,0.26
tripura,2020,4,Samsung,41293,0.2
tripura,2020,4,Vivo,32209,0.145
tripura,2020,4,Oppo,25137,0.115
tripura,2020,4,Realme,20956,0.095
tripura,2020,4,OnePlus,9737,0.045
tripura,2020,4,Apple,7405,0.035
tripura,2020,4,Motorola,4319,0.02
tripura,2020,4,Others,18792,0.085
tripura,2021,1,Xiaomi,41381,0.26
tripura,2021,1,Samsung,34076,0.2
tripura,2021,1,Vivo,23942,0.145
tripura,2021,1,Oppo,18189,0.115
tripura,2021,1,Realme,15457,0.095
tripura,2021,1,OnePlus,7161,0.045
tripura,2021,1,Apple,5898,0.035
tripura,2021,1,Motorola,3175,0.02
tripura,2021,1,Others,13617,0.085
tripura,2021,2,Xiaomi,44587,0.26
tripura,2021,2,Samsung,33214,0.2
tripura,2021,2,Vivo,24817,0.145
tripura,2021,2,Oppo,18151,0.115
tripura,2021,2,Realme,14922,0.095
tripura,2021,2,OnePlus,7436,0.045
tripura,2021,2,Apple,5828,0.035
tripura,2021,2,Motorola,3359,0.02
tripura,2021,2,Others,13693,0.085
tripura,2021,3,Xiaomi,56873,0.26
tripura,2021,3,Samsung,41910,0.2
tripura,2021,3,Vivo,30402,0.145
tripura,2021,3,Oppo,23112,0.115
tripura,2021,3,Realme,19360,0.095
tripura,2021,3,OnePlus,9568,0.045
tripura,2021,3,Apple,7468,0.035
tripura,2021,3,Motorola,4265,0.02
tripura,2021,3,Others,18498,0.085
tripura,2021,4,Xiaomi,52748,0.26
tripura,2021,4,Samsung,40473,0.2
tripura,2021,4,Vivo,29588,0.145
tripura,2021,4,Oppo,23196,0.115
tripura,2021,4,Realme,19595,0.095
tripura,2021,4,OnePlus,8790,0.045
tripura,2021,4,Apple,6863,0.035
tripura,2021,4,Motorola,4040,0.02
tripura,2021,4,Others,17588,0.085
tripura,2022,1,Xiaomi,49253,0.26
tripura,2022,1,Samsung,38166,0.2
tripura,2022,1,Vivo,25886,0.145
tripura,2022,1,Oppo,20204,0.115
tripura,2022,1,Realme,17710,0.095
tripura,2022,1,OnePlus,8280,0.045
tripura,2022,1,Apple,6362,0.035
tripura,2022,1,Motorola,3859,0.02
tripura,2022,1,Others,16053,0.085
tripura,2022,2,Xiaomi,52059,0.26
tripura,2022,2,Samsung,41316,0.2
tripura,2022,2,Vivo,29344,0.145
tripura,2022,2,Oppo,24334,0.115
tripura,2022,2,Realme,18712,0.095
tripura,2022,2,OnePlus,8888,0.045
tripura,2022,2,Apple,7078,0.035
tripura,2022,2,Motorola,3844,0.02
tripura,2022,2,Others,16397,0.085
tripura,2022,3,Xiaomi,64043,0.26
tripura,2022,3,Samsung,50361,0.2
tripura,2022,3,Vivo,34265,0.145
tripura,2022,3,Oppo,28107,0.115
tripura,2022,3,Realme,23786,0.095
tripura,2022,3,OnePlus,10942,0.045
tripura,2022,3,Apple,8318,0.035
tripura,2022,3,Motorola,4705,0.02
tripura,2022,3,Others,19951,0.085
tripura,2022,4,Xiaomi,58107,0.26
tripura,2022,4,Samsung,45640,0.2
tripura,2022,4,Vivo,34667,0.145
tripura,2022,4,Oppo,27352,0.115
tripura,2022,4,Realme,20757,0.095
tripura,2022,4,OnePlus,10649,0.045
tripura,2022,4,Apple,8062,0.035
tripura,2022,4,Motorola,4728,0.02
tripura,2022,4,Others,19143,0.085
tripura,2023,1,Xiaomi,60050,0.26
tripura,2023,1,Samsung,44384,0.2
tripura,2023,1,Vivo,33197,0.145
tripura,2023,1,Oppo,26405,0.115
tripura,2023,1,Realme,22077,0.095
tripura,2023,1,OnePlus,10529,0.045
tripura,2023,1,Apple,8194,0.035
tripura,2023,1,Motorola,4724,0.02
tripura,2023,1,Others,19410,0.085
tripura,2023,2,Xiaomi,65763,0.26
tripura,2023,2,Samsung,48879,0.2
tripura,2023,2,Vivo,35390,0.145
tripura,2023,2,Oppo,27600,0.115
tripura,2023,2,Realme,23486,0.095
tripura,2023,2,OnePlus,11201,0.045
tripura,2023,2,Apple,8528,0.035
tripura,2023,2,Motorola,5137,0.02
tripura,2023,2,Others,21551,0.085
tripura,2023,3,Xiaomi,67724,0.26
tripura,2023,3,Samsung,51290,0.2
tripura,2023,3,Vivo,37600,0.145
tripura,2023,3,Oppo,27979,0.115
tripura,2023,3,Realme,25136,0.095
tripura,2023,3,OnePlus,11204,0.045
tripura,2023,3,Apple,8896,0.035
tripura,2023,3,Motorola,5187,0.02
tripura,2023,3,Others,21768,0.085
tripura,2023,4,Xiaomi,82197,0.26
tripura,2023,4,Samsung,61945,0.2
tripura,2023,4,Vivo,46353,0.145
tripura,2023,4,Oppo,34964,0.115
tripura,2023,4,Realme,28182,0.095
tripura,2023,4,OnePlus,13952,0.045
tripura,2023,4,Apple,10657,0.035
tripura,2023,4,Motorola,6100,0.02
tripura,2023,4,Others,25929,0.085
uttar-pradesh,2018,1,Xiaomi,445520,0.26
uttar-pradesh,2018,1,Samsung,355286,0.2
uttar-pradesh,2018,1,Vivo,249706,0.145
uttar-pradesh,2018,1,Oppo,192275,0.115
uttar-pradesh,2018,1,Realme,161559,0.095
uttar-pradesh,2018,1,OnePlus,74126,0.045
uttar-pradesh,2018,1,Apple,61151,0.035
uttar-pradesh,2018,1,Motorola,35161,0.02
uttar-pradesh,2018,1,Others,146324,0.085
uttar-pradesh,2018,2,Xiaomi,560170,0.26
uttar-pradesh,2018,2,Samsung,405258,0.2
uttar-pradesh,2018,2,Vivo,300004,0.145
uttar-pradesh,2018,2,Oppo,229183,0.115
uttar-pradesh,2018,2,Realme,195240,0.095
uttar-pradesh,2018,2,OnePlus,93423,0.045
uttar-pradesh,2018,2,Apple,70653,0.035
uttar-pradesh,2018,2,Motorola,40793,0.02
uttar-pradesh,2018,2,Others,168895,0.085
uttar-pradesh,2018,3,Xiaomi,615924,0.26
uttar-pradesh,2018,3,Samsung,449006,0.2
uttar-pradesh,2018,3,Vivo,319916,0.145
uttar-pradesh,2018,3,Oppo,272585,0.115
uttar-pradesh,2018,3,Realme,208958,0.095
uttar-pradesh,2018,3,OnePlus,104436,0.045
uttar-pradesh,2018,3,Apple,80317,0.035
uttar-pradesh,2018,3,Motorola,46211,0.02
uttar-pradesh,2018,3,Others,195576,0.085
uttar-pradesh,2018,4,Xiaomi,660606,0.26
uttar-pradesh,2018,4,Samsung,506762,0.2
uttar-pradesh,2018,4,Vivo,390242,0.145
uttar-pradesh,2018,4,Oppo,292845,0.115
uttar-pradesh,2018,4,Realme,248827,0.095
uttar-pradesh,2018,4,OnePlus,114613,0.045
uttar-pradesh,2018,4,Apple,92806,0.035
uttar-pradesh,2018,4,Motorola,53338,0.02
uttar-pradesh,2018,4,Others,219771,0.085
uttar-pradesh,2019,1,Xiaomi,662941,0.26
uttar-pradesh,2019,1,Samsung,501695,0.2
uttar-pradesh,2019,1,Vivo,345436,0.145
uttar-pradesh,2019,1,Oppo,283401,0.115
uttar-pradesh,2019,1,Realme,239875,0.095
uttar-pradesh,2019,1,OnePlus,107132,0.045
uttar-pradesh,2019,1,Apple,83198,0.035
uttar-pradesh,2019,1,Motorola,49371,0.02
uttar-pradesh,2019,1,Others,204462,0.085
uttar-pradesh,2019,2,Xiaomi,707457,0.26
uttar-pradesh,2019,2,Samsung,532446,0.2
uttar-pradesh,2019,2,Vivo,413192,0.145
uttar-pradesh,2019,2,Oppo,323814,0.115
uttar-pradesh,2019,2,Realme,265668,0.095
uttar-pradesh,2019,2,OnePlus,127143,0.045
uttar-pradesh,2019,2,Apple,96102,0.035
uttar-pradesh,2019,2,Motorola,56156,0.02
uttar-pradesh,2019,2,Others,229931,0.085
uttar-pradesh,2019,3,Xiaomi,822338,0.26
uttar-pradesh,2019,3,Samsung,634648,0.2
uttar-pradesh,2019,3,Vivo,442177,0.145
uttar-pradesh,2019,3,Oppo,356468,0.115
uttar-pradesh,2019,3,Realme,290984,0.095
uttar-pradesh,2019,3,OnePlus,132869,0.045
uttar-pradesh,2019,3,Apple,102612,0.035
uttar-pradesh,2019,3,Motorola,61934,0.02
uttar-pradesh,2019,3,Others,258518,0.085
uttar-pradesh,2019,4,Xiaomi,865435,0.26
uttar-pradesh,2019,4,Samsung,701144,0.2
uttar-pradesh,2019,4,Vivo,471864,0.145
uttar-pradesh,2019,4,Oppo,373872,0.115
uttar-pradesh,2019,4,Realme,332145,0.095
uttar-pradesh,2019,4,OnePlus,154701,0.045
uttar-pradesh,2019,4,Apple,123829,0.035
uttar-pradesh,2019,4,Motorola,70460,0.02
uttar-pradesh,2019,4,Others,282168,0.085
uttar-pradesh,2020,1,Xiaomi,835760,0.26
uttar-pradesh,2020,1,Samsung,653362,0.2
uttar-pradesh,2020,1,Vivo,441656,0.145
uttar-pradesh,2020,1,Oppo,364994,0.115
uttar-pradesh,2020,1,Realme,297928,0.095
uttar-pradesh,2020,1,OnePlus,145838,0.045
uttar-pradesh,2020,1,Apple,111180,0.035
uttar-pradesh,2020,1,Motorola,62919,0.02
uttar-pradesh,2020,1,Others,269548,0.085
uttar-pradesh,2020,2,Xiaomi,728413,0.26
uttar-pradesh,2020,2,Samsung,550823,0.2
uttar-pradesh,2020,2,Vivo,427658,0.145
uttar-pradesh,2020,2,Oppo,312105,0.115
uttar-pradesh,2020,2,Realme,266039,0.095
uttar-pradesh,2020,2,OnePlus,133732,0.045
uttar-pradesh,2020,2,Apple,98738,0.035
uttar-pradesh,2020,2,Motorola,58008,0.02
uttar-pradesh,2020,2,Others,253280,0.085
uttar-pradesh,2020,3,Xiaomi,1052984,0.26
uttar-pradesh,2020,3,Samsung,801777,0.2
uttar-pradesh,2020,3,Vivo,582266,0.145
uttar-pradesh,2020,3,Oppo,449416,0.115
uttar-pradesh,2020,3,Realme,384578,0.095
uttar-pradesh,2020,3,OnePlus,186564,0.045
uttar-pradesh,2020,3,Apple,131926,0.035
uttar-pradesh,2020,3,Motorola,76244,0.02
uttar-pradesh,2020,3,Others,337625,0.085
uttar-pradesh,2020,4,Xiaomi,1071720,0.26
uttar-pradesh,2020,4,Samsung,896646,0.2
uttar-pradesh,2020,4,Vivo,624857,0.145
uttar-pradesh,2020,4,Oppo,475965,0.115
uttar-pradesh,2020,4,Realme,414173,0.095
uttar-pradesh,2020,4,OnePlus,192928,0.045
uttar-pradesh,2020,4,Apple,156306,0.035
uttar-pradesh,2020,4,Motorola,82528,0.02
uttar-pradesh,2020,4,Others,383659,0.085
uttar-pradesh,2021,1,Xiaomi,896335,0.26
uttar-pradesh,2021,1,Samsung,649984,0.2
uttar-pradesh,2021,1,Vivo,495456,0.145
uttar-pradesh,2021,1,Oppo,393708,0.115
uttar-pradesh,2021,1,Realme,328036,0.095
uttar-pradesh,2021,1,OnePlus,153011,0.045
uttar-pradesh,2021,1,Apple,119404,0.035
uttar-pradesh,2021,1,Motorola,68554,0.02
uttar-pradesh,2021,1,Others,275490,0.085
uttar-pradesh,2021,2,Xiaomi,856569,0.26
uttar-pradesh,2021,2,Samsung,638512,0.2
uttar-pradesh,2021,2,Vivo,464366,0.145
uttar-pradesh,2021,2,Oppo,354778,0.115
uttar-pradesh,2021,2,Realme,289663,0.095
uttar-pradesh,2021,2,OnePlus,148091,0.045
uttar-pradesh,2021,2,Apple,106687,0.035
uttar-pradesh,2021,2,Motorola,63599,0.02
uttar-pradesh,2021,2,Others,261640,0.085
uttar-pradesh,2021,3,Xiaomi,1137909,0.26
uttar-pradesh,2021,3,Samsung,862382,0.2
uttar-pradesh,2021,3,Vivo,603947,0.145
uttar-pradesh,2021,3,Oppo,490866,0.115
uttar-pradesh,2021,3,Realme,406805,0.095
uttar-pradesh,2021,3,OnePlus,195240,0.045
uttar-pradesh,2021,3,Apple,144641,0.035
uttar-pradesh,2021,3,Motorola,82489,0.02
uttar-pradesh,2021,3,Others,345900,0.085
uttar-pradesh,2021,4,Xiaomi,1254447,0.26
uttar-pradesh,2021,4,Samsung,1032426,0.2
uttar-pradesh,2021,4,Vivo,680893,0.145
uttar-pradesh,2021,4,Oppo,542887,0.115
uttar-pradesh,2021,4,Realme,453699,0.095
uttar-pradesh,2021,4,OnePlus,211953,0.045
uttar-pradesh,2021,4,Apple,172616,0.035
uttar-pradesh,2021,4,Motorola,97445,0.02
uttar-pradesh,2021,4,Others,437209,0.085
uttar-pradesh,2022,1,Xiaomi,992531,0.26
uttar-pradesh,2022,1,Samsung,830861,0.2
uttar-pradesh,2022,1,Vivo,567834,0.145
uttar-pradesh,2022,1,Oppo,478913,0.115
uttar-pradesh,2022,1,Realme,395052,0.095
uttar-pradesh,2022,1,OnePlus,173608,0.045
uttar-pradesh,2022,1,Apple,133694,0.035
uttar-pradesh,2022,1,Motorola,79779,0.02
uttar-pradesh,2022,1,Others,324556,0.085
uttar-pradesh,2022,2,Xiaomi,1025138,0.26
uttar-pradesh,2022,2,Samsung,820237,0.2
uttar-pradesh,2022,2,Vivo,601610,0.145
uttar-pradesh,2022,2,Oppo,459747,0.115
uttar-pradesh,2022,2,Realme,395138,0.095
uttar-pradesh,2022,2,OnePlus,182853,0.045
uttar-pradesh,2022,2,Apple,138321,0.035
uttar-pradesh,2022,2,Motorola,77633,0.02
uttar-pradesh,2022,2,Others,332635,0.085
uttar-pradesh,2022,3,Xiaomi,1180145,0.26
uttar-pradesh,2022,3,Samsung,899101,0.2
uttar-pradesh,2022,3,Vivo,667485,0.145
uttar-pradesh,2022,3,Oppo,505596,0.115
uttar-pradesh,2022,3,Realme,449271,0.095
uttar-pradesh,2022,3,OnePlus,202832,0.045
uttar-pradesh,2022,3,Apple,157146,0.035
uttar-pradesh,2022,3,Motorola,89544,0.02
uttar-pradesh,2022,3,Others,391811,0.085
uttar-pradesh,2022,4,Xiaomi,1118776,0.26
uttar-pradesh,2022,4,Samsung,849379,0.2
uttar-pradesh,2022,4,Vivo,634455,0.145
uttar-pradesh,2022,4,Oppo,498976,0.115
uttar-pradesh,2022,4,Realme,425302,0.095
uttar-pradesh,2022,4,OnePlus,193787,0.045
uttar-pradesh,2022,4,Apple,159755,0.035
uttar-pradesh,2022,4,Motorola,85612,0.02
uttar-pradesh,2022,4,Others,366578,0.085
uttar-pradesh,2023,1,Xiaomi,921597,0.26
uttar-pradesh,2023,1,Samsung,751503,0.2
uttar-pradesh,2023,1,Vivo,530299,0.145
uttar-pradesh,2023,1,Oppo,420630,0.115
uttar-pradesh,2023,1,Realme,340885,0.095
uttar-pradesh,2023,1,OnePlus,174721,0.045
uttar-pradesh,2023,1,Apple,131648,0.035
uttar-pradesh,2023,1,Motorola,74306,0.02
uttar-pradesh,2023,1,Others,308720,0.085
uttar-pradesh,2023,2,Xiaomi,1176328,0.26
uttar-pradesh,2023,2,Samsung,934841,0.2
uttar-pradesh,2023,2,Vivo,711511,0.145
uttar-pradesh,2023,2,Oppo,561191,0.115
uttar-pradesh,2023,2,Realme,424508,0.095
uttar-pradesh,2023,2,OnePlus,204240,0.045
uttar-pradesh,2023,2,Apple,171125,0.035
uttar-pradesh,2023,2,Motorola,93046,0.02
uttar-pradesh,2023,2,Others,390624,0.085
uttar-pradesh,2023,3,Xiaomi,1297835,0.26
uttar-pradesh,2023,3,Samsung,964597,0.2
uttar-pradesh,2023,3,Vivo,728572,0.145
uttar-pradesh,2023,3,Oppo,566194,0.115
uttar-pradesh,2023,3,Realme,479551,0.095
uttar-pradesh,2023,3,OnePlus,217524,0.045
uttar-pradesh,2023,3,Apple,180408,0.035
uttar-pradesh,2023,3,Motorola,100823,0.02
uttar-pradesh,2023,3,Others,413265,0.085
uttar-pradesh,2023,4,Xiaomi,1314657,0.26
uttar-pradesh,2023,4,Samsung,943282,0.2
uttar-pradesh,2023,4,Vivo,743819,0.145
uttar-pradesh,2023,4,Oppo,540526,0.115
uttar-pradesh,2023,4,Realme,462853,0.095
uttar-pradesh,2023,4,OnePlus,227675,0.045
uttar-pradesh,2023,4,Apple,170950,0.035
uttar-pradesh,2023,4,Motorola,97552,0.02
uttar-pradesh,2023,4,Others,420290,0.085
uttarakhand,2018,1,Xiaomi,63485,0.26
uttarakhand,2018,1,Samsung,51615,0.2
uttarakhand,2018,1,Vivo,35225,0.145
uttarakhand,2018,1,Oppo,29873,0.115
uttarakhand,2018,1,Realme,23498,0.095
uttarakhand,2018,1,OnePlus,10846,0.045
uttarakhand,2018,1,Apple,8971,0.035
uttarakhand,2018,1,Motorola,4806,0.02
uttarakhand,2018,1,Others,22546,0.085
uttarakhand,2018,2,Xiaomi,96160,0.26
uttarakhand,2018,2,Samsung,72004,0.2
uttarakhand,2018,2,Vivo,52790,0.145
uttarakhand,2018,2,Oppo,41692,0.115
uttarakhand,2018,2,Realme,35150,0.095
uttarakhand,2018,2,OnePlus,15607,0.045
uttarakhand,2018,2,Apple,12414,0.035
uttarakhand,2018,2,Motorola,7155,0.02
uttarakhand,2018,2,Others,30437,0.085
uttarakhand,2018,3,Xiaomi,97764,0.26
uttarakhand,2018,3,Samsung,76519,0.2
uttarakhand,2018,3,Vivo,56450,0.145
uttarakhand,2018,3,Oppo,45718,0.115
uttarakhand,2018,3,Realme,34780,0.095
uttarakhand,2018,3,OnePlus,17670,0.045
uttarakhand,2018,3,Apple,13393,0.035
uttarakhand,2018,3,Motorola,7869,0.02
uttarakhand,2018,3,Others,33244,0.085
uttarakhand,2018,4,Xiaomi,119790,0.26
uttarakhand,2018,4,Samsung,92032,0.2
uttarakhand,2018,4,Vivo,71780,0.145
uttarakhand,2018,4,Oppo,53968,0.115
uttarakhand,2018,4,Realme,48052,0.095
uttarakhand,2018,4,OnePlus,21561,0.045
uttarakhand,2018,4,Apple,17648,0.035
uttarakhand,2018,4,Motorola,9189,0.02
uttarakhand,2018,4,Others,40379,0.085
uttarakhand,2019,1,Xiaomi,106040,0.26
uttarakhand,2019,1,Samsung,77425,0.2
uttarakhand,2019,1,Vivo,60758,0.145
uttarakhand,2019,1,Oppo,45473,0.115
uttarakhand,2019,1,Realme,39277,0.095
uttarakhand,2019,1,OnePlus,18500,0.045
uttarakhand,2019,1,Apple,13645,0.035
uttarakhand,2019,1,Motorola,8029,0.02
uttarakhand,2019,1,Others,33324,0.085
uttarakhand,2019,2,Xiaomi,121800,0.26
uttarakhand,2019,2,Samsung,96466,0.2
uttarakhand,2019,2,Vivo,73998,0.145
uttarakhand,2019,2,Oppo,55027,0.115
uttarakhand,2019,2,Realme,46860,0.095
uttarakhand,2019,2,OnePlus,22056,0.045
uttarakhand,2019,2,Apple,16876,0.035
uttarakhand,2019,2,Motorola,9355,0.02
uttarakhand,2019,2,Others,40132,0.085
uttarakhand,2019,3,Xiaomi,153834,0.26
uttarakhand,2019,3,Samsung,118875,0.2
uttarakhand,2019,3,Vivo,83406,0.145
uttarakhand,2019,3,Oppo,63991,0.115
uttarakhand,2019,3,Realme,55649,0.095
uttarakhand,2019,3,OnePlus,26121,0.045
uttarakhand,2019,3,Apple,19968,0.035
uttarakhand,2019,3,Motorola,11522,0.02
uttarakhand,2019,3,Others,46471,0.085
uttarakhand,2019,4,Xiaomi,139897,0.26
uttarakhand,2019,4,Samsung,107753,0.2
uttarakhand,2019,4,Vivo,83403,0.145
uttarakhand,2019,4,Oppo,66530,0.115
uttarakhand,2019,4,Realme,53715,0.095
uttarakhand,2019,4,OnePlus,24400,0.045
uttarakhand,2019,4,Apple,19563,0.035
uttarakhand,2019,4,Motorola,11771,0.02
uttarakhand,2019,4,Others,46841,0.085
uttarakhand,2020,1,Xiaomi,141035,0.26
uttarakhand,2020,1,Samsung,114695,0.2
uttarakhand,2020,1,Vivo,75637,0.145
uttarakhand,2020,1,Oppo,65876,0.115
uttarakhand,2020,1,Realme,49838,0.095
uttarakhand,2020,1,OnePlus,25637,0.045
uttarakhand,2020,1,Apple,19249,0.035
uttarakhand,2020,1,Motorola,11105,0.02
uttarakhand,2020,1,Others,47516,0.085
uttarakhand,2020,2,Xiaomi,142051,0.26
uttarakhand,2020,2,Samsung,107821,0.2
uttarakhand,2020,2,Vivo,83710,0.145
uttarakhand,2020,2,Oppo,62388,0.115
uttarakhand,2020,2,Realme,54002,0.095
uttarakhand,2020,2,OnePlus,25582,0.045
uttarakhand,2020,2,Apple,19029,0.035
uttarakhand,2020,2,Motorola,11220,0.02
uttarakhand,2020,2,Others,46962,0.085
uttarakhand,2020,3,Xiaomi,147606,0.26
uttarakhand,2020,3,Samsung,111372,0.2
uttarakhand,2020,3,Vivo,76679,0.145
uttarakhand,2020,3,Oppo,60560,0.115
uttarakhand,2020,3,Realme,50804,0.095
uttarakhand,2020,3,OnePlus,24317,0.045
uttarakhand,2020,3,Apple,18802,0.035
uttarakhand,2020,3,Motorola,11423,0.02
uttarakhand,2020,3,Others,46035,0.085
uttarakhand,2020,4,Xiaomi,171801,0.26
uttarakhand,2020,4,Samsung,131332,0.2
uttarakhand,2020,4,Vivo,96282,0.145
uttarakhand,2020,4,Oppo,75347,0.115
uttarakhand,2020,4,Realme,60920,0.095
uttarakhand,2020,4,OnePlus,30121,0.045
uttarakhand,2020,4,Apple,22501,0.035
uttarakhand,2020,4,Motorola,13045,0.02
uttarakhand,2020,4,Others,55132,0.085
uttarakhand,2021,1,Xiaomi,147207,0.26
uttarakhand,2021,1,Samsung,114522,0.2
uttarakhand,2021,1,Vivo,78055,0.145
uttarakhand,2021,1,Oppo,63309,0.115
uttarakhand,2021,1,Realme,53795,0.095
uttarakhand,2021,1,OnePlus,24173,0.045
uttarakhand,2021,1,Apple,20144,0.035
uttarakhand,2021,1,Motorola,11592,0.02
uttarakhand,2021,1,Others,48706,0.085
uttarakhand,2021,2,Xiaomi,183340,0.26
uttarakhand,2021,2,Samsung,142689,0.2
uttarakhand,2021,2,Vivo,100921,0.145
uttarakhand,2021,2,Oppo,81311,0.115
uttarakhand,2021,2,Realme,65827,0.095
uttarakhand,2021,2,OnePlus,29842,0.045
uttarakhand,2021,2,Apple,24823,0.035
uttarakhand,2021,2,Motorola,14538,0.02
uttarakhand,2021,2,Others,61519,0.085
uttarakhand,2021,3,Xiaomi,174742,0.26
uttarakhand,2021,3,Samsung,138072,0.2
uttarakhand,2021,3,Vivo,97974,0.145
uttarakhand,2021,3,Oppo,74558,0.115
uttarakhand,2021,3,Realme,61960,0.095
uttarakhand,2021,3,OnePlus,29984,0.045
uttarakhand,2021,3,Apple,22657,0.035
uttarakhand,2021,3,Motorola,13648,0.02
uttarakhand,2021,3,Others,59329,0.085
uttarakhand,2021,4,Xiaomi,221999,0.26
uttarakhand,2021,4,Samsung,178573,0.2
uttarakhand,2021,4,Vivo,130252,0.145
uttarakhand,2021,4,Oppo,98830,0.115
uttarakhand,2021,4,Realme,83328,0.095
uttarakhand,2021,4,OnePlus,39601,0.045
uttarakhand,2021,4,Apple,31189,0.035
uttarakhand,2021,4,Motorola,17268,0.02
uttarakhand,2021,4,Others,76238,0.085
uttarakhand,2022,1,Xiaomi,166503,0.26
uttarakhand,2022,1,Samsung,135721,0.2
uttarakhand,2022,1,Vivo,99830,0.145
uttarakhand,2022,1,Oppo,73573,0.115
uttarakhand,2022,1,Realme,64451,0.095
uttarakhand,2022,1,OnePlus,29919,0.045
uttarakhand,2022,1,Apple,22190,0.035
uttarakhand,2022,1,Motorola,13798,0.02
uttarakhand,2022,1,Others,54061,0.085
uttarakhand,2022,2,Xiaomi,196336,0.26
uttarakhand,2022,2,Samsung,141098,0.2
uttarakhand,2022,2,Vivo,106603,0.145
uttarakhand,2022,2,Oppo,80013,0.115
uttarakhand,2022,2,Realme,67996,0.095
uttarakhand,2022,2,OnePlus,33737,0.045
uttarakhand,2022,2,Apple,25148,0.035
uttarakhand,2022,2,Motorola,14926,0.02
uttarakhand,2022,2,Others,62237,0.085
uttarakhand,2022,3,Xiaomi,214968,0.26
uttarakhand,2022,3,Samsung,174846,0.2
uttarakhand,2022,3,Vivo,125472,0.145
uttarakhand,2022,3,Oppo,98371,0.115
uttarakhand,2022,3,Realme,81149,0.095
uttarakhand,2022,3,OnePlus,39105,0.045
uttarakhand,2022,3,Apple,31167,0.035
uttarakhand,2022,3,Motorola,17939,0.02
uttarakhand,2022,3,Others,70348,0.085
uttarakhand,2022,4,Xiaomi,204708,0.26
uttarakhand,2022,4,Samsung,166752,0.2
uttarakhand,2022,4,Vivo,118007,0.145
uttarakhand,2022,4,Oppo,89037,0.115
uttarakhand,2022,4,Realme,76560,0.095
uttarakhand,2022,4,OnePlus,35754,0.045
uttarakhand,2022,4,Apple,27705,0.035
uttarakhand,2022,4,Motorola,15330,0.02
uttarakhand,2022,4,Others,70331,0.085
uttarakhand,2023,1,Xiaomi,177215,0.26
uttarakhand,2023,1,Samsung,138073,0.2
uttarakhand,2023,1,Vivo,98980,0.145
uttarakhand,2023,1,Oppo,75503,0.115
uttarakhand,2023,1,Realme,62197,0.095
uttarakhand,2023,1,OnePlus,31485,0.045
uttarakhand,2023,1,Apple,24503,0.035
uttarakhand,2023,1,Motorola,14147,0.02
uttarakhand,2023,1,Others,56874,0.085
uttarakhand,2023,2,Xiaomi,222925,0.26
uttarakhand,2023,2,Samsung,166419,0.2
uttarakhand,2023,2,Vivo,121543,0.145
uttarakhand,2023,2,Oppo,97916,0.115
uttarakhand,2023,2,Realme,79621,0.095
uttarakhand,2023,2,OnePlus,38971,0.045
uttarakhand,2023,2,Apple,28778,0.035
uttarakhand,2023,2,Motorola,17335,0.02
uttarakhand,2023,2,Others,73621,0.085
uttarakhand,2023,3,Xiaomi,204594,0.26
uttarakhand,2023,3,Samsung,153383,0.2
uttarakhand,2023,3,Vivo,119315,0.145
uttarakhand,2023,3,Oppo,89107,0.115
uttarakhand,2023,3,Realme,76157,0.095
uttarakhand,2023,3,OnePlus,35227,0.045
uttarakhand,2023,3,Apple,28624,0.035
uttarakhand,2023,3,Motorola,15956,0.02
uttarakhand,2023,3,Others,64439,0.085
uttarakhand,2023,4,Xiaomi,258385,0.26
uttarakhand,2023,4,Samsung,213765,0.2
uttarakhand,2023,4,Vivo,155254,0.145
uttarakhand,2023,4,Oppo,112906,0.115
uttarakhand,2023,4,Realme,98226,0.095
uttarakhand,2023,4,OnePlus,45680,0.045
uttarakhand,2023,4,Apple,37163,0.035
uttarakhand,2023,4,Motorola,20263,0.02
uttarakhand,2023,4,Others,89719,0.085
west-bengal,2018,1,Xiaomi,244528,0.26
west-bengal,2018,1,Samsung,187468,0.2
west-bengal,2018,1,Vivo,129677,0.145
west-bengal,2018,1,Oppo,110481,0.115
west-bengal,2018,1,Realme,86729,0.095
west-bengal,2018,1,OnePlus,40394,0.045
west-bengal,2018,1,Apple,33211,0.035
west-bengal,2018,1,Motorola,18689,0.02
west-bengal,2018,1,Others,82310,0.085
west-bengal,2018,2,Xiaomi,286442,0.26
west-bengal,2018,2,Samsung,222896,0.2
west-bengal,2018,2,Vivo,149266,0.145
west-bengal,2018,2,Oppo,125633,0.115
west-bengal,2018,2,Realme,101447,0.095
west-bengal,2018,2,OnePlus,50345,0.045
west-bengal,2018,2,Apple,36460,0.035
west-bengal,2018,2,Motorola,22155,0.02
west-bengal,2018,2,Others,91538,0.085
west-bengal,2018,3,Xiaomi,328324,0.26
west-bengal,2018,3,Samsung,261133,0.2
west-bengal,2018,3,Vivo,183137,0.145
west-bengal,2018,3,Oppo,156730,0.115
west-bengal,2018,3,Realme,130336,0.095
west-bengal,2018,3,OnePlus,57734,0.045
west-bengal,2018,3,Apple,46653,0.035
west-bengal,2018,3,Motorola,26583,0.02
west-bengal,2018,3,Others,111448,0.085
west-bengal,2018,4,Xiaomi,362308,0.26
west-bengal,2018,4,Samsung,283800,0.2
west-bengal,2018,4,Vivo,206204,0.145
west-bengal,2018,4,Oppo,169477,0.115
west-bengal,2018,4,Realme,140611,0.095
west-bengal,2018,4,OnePlus,67545,0.045
west-bengal,2018,4,Apple,50780,0.035
west-bengal,2018,4,Motorola,29244,0.02
west-bengal,2018,4,Others,129232,0.085
west-bengal,2019,1,Xiaomi,395142,0.26
west-bengal,2019,1,Samsung,288448,0.2
west-bengal,2019,1,Vivo,215404,0.145
west-bengal,2019,1,Oppo,172447,0.115
west-bengal,2019,1,Realme,137636,0.095
west-bengal,2019,1,OnePlus,66553,0.045
west-bengal,2019,1,Apple,53001,0.035
west-bengal,2019,1,Motorola,29592,0.02
west-bengal,2019,1,Others,121440,0.085
west-bengal,2019,2,Xiaomi,425164,0.26
west-bengal,2019,2,Samsung,327746,0.2
west-bengal,2019,2,Vivo,225855,0.145
west-bengal,2019,2,Oppo,190648,0.115
west-bengal,2019,2,Realme,155823,0.095
west-bengal,2019,2,OnePlus,69575,0.045
west-bengal,2019,2,Apple,59341,0.035
west-bengal,2019,2,Motorola,33504,0.02
west-bengal,2019,2,Others,132723,0.085
west-bengal,2019,3,Xiaomi,415738,0.26
west-bengal,2019,3,Samsung,318910,0.2
west-bengal,2019,3,Vivo,249827,0.145
west-bengal,2019,3,Oppo,196078,0.115
west-bengal,2019,3,Realme,153518,0.095
west-bengal,2019,3,OnePlus,77823,0.045
west-bengal,2019,3,Apple,60983,0.035
west-bengal,2019,3,Motorola,32164,0.02
west-bengal,2019,3,Others,140777,0.085
west-bengal,2019,4,Xiaomi,516018,0.26
west-bengal,2019,4,Samsung,394380,0.2
west-bengal,2019,4,Vivo,288188,0.145
west-bengal,2019,4,Oppo,227687,0.115
west-bengal,2019,4,Realme,193066,0.095
west-bengal,2019,4,OnePlus,89345,0.045
west-bengal,2019,4,Apple,66374,0.035
west-bengal,2019,4,Motorola,38400,0.02
west-bengal,2019,4,Others,171523,0.085
west-bengal,2020,1,Xiaomi,448253,0.26
west-bengal,2020,1,Samsung,368249,0.2
west-bengal,2020,1,Vivo,248570,0.145
west-bengal,2020,1,Oppo,197403,0.115
west-bengal,2020,1,Realme,159507,0.095
west-bengal,2020,1,OnePlus,76315,0.045
west-bengal,2020,1,Apple,58438,0.035
west-bengal,2020,1,Motorola,36742,0.02
west-bengal,2020,1,Others,150371,0.085
west-bengal,2020,2,Xiaomi,473986,0.26
west-bengal,2020,2,Samsung,398663,0.2
west-bengal,2020,2,Vivo,267640,0.145
west-bengal,2020,2,Oppo,222079,0.115
west-bengal,2020,2,Realme,178772,0.095
west-bengal,2020,2,OnePlus,89582,0.045
west-bengal,2020,2,Apple,64992,0.035
west-bengal,2020,2,Motorola,36261,0.02
west-bengal,2020,2,Others,158806,0.085
west-bengal,2020,3,Xiaomi,540355,0.26
west-bengal,2020,3,Samsung,384319,0.2
west-bengal,2020,3,Vivo,276607,0.145
west-bengal,2020,3,Oppo,239109,0.115
west-bengal,2020,3,Realme,196935,0.095
west-bengal,2020,3,OnePlus,93052,0.045
west-bengal,2020,3,Apple,67721,0.035
west-bengal,2020,3,Motorola,41672,0.02
west-bengal,2020,3,Others,177705,0.085
west-bengal,2020,4,Xiaomi,578606,0.26
west-bengal,2020,4,Samsung,454626,0.2
west-bengal,2020,4,Vivo,331852,0.145
west-bengal,2020,4,Oppo,250088,0.115
west-bengal,2020,4,Realme,225664,0.095
west-bengal,2020,4,OnePlus,105956,0.045
west-bengal,2020,4,Apple,81430,0.035
west-bengal,2020,4,Motorola,44847,0.02
west-bengal,2020,4,Others,196875,0.085
west-bengal,2021,1,Xiaomi,556517,0.26
west-bengal,2021,1,Samsung,394736,0.2
west-bengal,2021,1,Vivo,283878,0.145
west-bengal,2021,1,Oppo,237949,0.115
west-bengal,2021,1,Realme,185168,0.095
west-bengal,2021,1,OnePlus,90972,0.045
west-bengal,2021,1,Apple,72552,0.035
west-bengal,2021,1,Motorola,40176,0.02
west-bengal,2021,1,Others,179962,0.085
west-bengal,2021,2,Xiaomi,633095,0.26
west-bengal,2021,2,Samsung,490423,0.2
west-bengal,2021,2,Vivo,364305,0.145
west-bengal,2021,2,Oppo,271372,0.115
west-bengal,2021,2,Realme,219751,0.095
west-bengal,2021,2,OnePlus,103139,0.045
west-bengal,2021,2,Apple,87845,0.035
west-bengal,2021,2,Motorola,49779,0.02
west-bengal,2021,2,Others,213075,0.085
west-bengal,2021,3,Xiaomi,554502,0.26
west-bengal,2021,3,Samsung,423799,0.2
west-bengal,2021,3,Vivo,317939,0.145
west-bengal,2021,3,Oppo,244876,0.115
west-bengal,2021,3,Realme,202804,0.095
west-bengal,2021,3,OnePlus,97216,0.045
west-bengal,2021,3,Apple,76018,0.035
west-bengal,2021,3,Motorola,40741,0.02
west-bengal,2021,3,Others,177345,0.085
west-bengal,2021,4,Xiaomi,706175,0.26
west-bengal,2021,4,Samsung,507548,0.2
west-bengal,2021,4,Vivo,390741,0.145
west-bengal,2021,4,Oppo,295398,0.115
west-bengal,2021,4,Realme,265403,0.095
west-bengal,2021,4,OnePlus,123451,0.045
west-bengal,2021,4,Apple,97929,0.035
west-bengal,2021,4,Motorola,55838,0.02
west-bengal,2021,4,Others,218383,0.085
west-bengal,2022,1,Xiaomi,569803,0.26
west-bengal,2022,1,Samsung,465831,0.2
west-bengal,2022,1,Vivo,334909,0.145
west-bengal,2022,1,Oppo,266644,0.115
west-bengal,2022,1,Realme,208398,0.095
west-bengal,2022,1,OnePlus,100841,0.045
west-bengal,2022,1,Apple,79454,0.035
west-bengal,2022,1,Motorola,46615,0.02
west-bengal,2022,1,Others,202516,0.085
west-bengal,2022,2,Xiaomi,594308,0.26
west-bengal,2022,2,Samsung,462335,0.2
west-bengal,2022,2,Vivo,341547,0.145
west-bengal,2022,2,Oppo,264908,0.115
west-bengal,2022,2,Realme,216026,0.095
west-bengal,2022,2,OnePlus,100943,0.045
west-bengal,2022,2,Apple,76890,0.035
west-bengal,2022,2,Motorola,45127,0.02
west-bengal,2022,2,Others,197296,0.085
west-bengal,2022,3,Xiaomi,647558,0.26
west-bengal,2022,3,Samsung,485795,0.2
west-bengal,2022,3,Vivo,351803,0.145
west-bengal,2022,3,Oppo,281356,0.115
west-bengal,2022,3,Realme,236143,0.095
west-bengal,2022,3,OnePlus,108443,0.045
west-bengal,2022,3,Apple,88014,0.035
west-bengal,2022,3,Motorola,48690,0.02
west-bengal,2022,3,Others,202975,0.085
west-bengal,2022,4,Xiaomi,782184,0.26
west-bengal,2022,4,Samsung,585068,0.2
west-bengal,2022,4,Vivo,454914,0.145
west-bengal,2022,4,Oppo,360016,0.115
west-bengal,2022,4,Realme,274650,0.095
west-bengal,2022,4,OnePlus,142506,0.045
west-bengal,2022,4,Apple,110532,0.035
west-bengal,2022,4,Motorola,58832,0.02
west-bengal,2022,4,Others,262679,0.085
west-bengal,2023,1,Xiaomi,579239,0.26
west-bengal,2023,1,Samsung,436282,0.2
west-bengal,2023,1,Vivo,345504,0.145
west-bengal,2023,1,Oppo,251799,0.115
west-bengal,2023,1,Realme,211094,0.095
west-bengal,2023,1,OnePlus,100839,0.045
west-bengal,2023,1,Apple,82712,0.035
west-bengal,2023,1,Motorola,44506,0.02
west-bengal,2023,1,Others,198575,0.085
west-bengal,2023,2,Xiaomi,688449,0.26
west-bengal,2023,2,Samsung,536365,0.2
west-bengal,2023,2,Vivo,378589,0.145
west-bengal,2023,2,Oppo,305804,0.115
west-bengal,2023,2,Realme,258087,0.095
west-bengal,2023,2,OnePlus,122692,0.045
west-bengal,2023,2,Apple,98762,0.035
west-bengal,2023,2,Motorola,53427,0.02
west-bengal,2023,2,Others,218840,0.085
west-bengal,2023,3,Xiaomi,774782,0.26
west-bengal,2023,3,Samsung,634221,0.2
west-bengal,2023,3,Vivo,426269,0.145
west-bengal,2023,3,Oppo,353434,0.115
west-bengal,2023,3,Realme,274817,0.095
west-bengal,2023,3,OnePlus,132861,0.045
west-bengal,2023,3,Apple,107448,0.035
west-bengal,2023,3,Motorola,61986,0.02
west-bengal,2023,3,Others,248963,0.085
west-bengal,2023,4,Xiaomi,812384,0.26
west-bengal,2023,4,Samsung,580297,0.2
west-bengal,2023,4,Vivo,424905,0.145
west-bengal,2023,4,Oppo,363884,0.115
west-bengal,2023,4,Realme,281638,0.095
west-bengal,2023,4,OnePlus,136005,0.045
west-bengal,2023,4,Apple,109818,0.035
west-bengal,2023,4,Motorola,61785,0.02
west-bengal,2023,4,Others,248974,0.085
