state,year,quarter,district,policy_count,premium_amount
andaman-&-nicobar-islands,2020,1,Andaman And Nicobar Islands District 1,256,118092.93
andaman-&-nicobar-islands,2020,1,Andaman And Nicobar Islands District 2,116,53609.64
andaman-&-nicobar-islands,2020,1,Andaman And Nicobar Islands District 3,70,32438.26
andaman-&-nicobar-islands,2020,1,Andaman And Nicobar Islands District 4,53,24614.71
andaman-&-nicobar-islands,2020,1,Andaman And Nicobar Islands District 5,37,17481.27
andaman-&-nicobar-islands,2020,2,Andaman And Nicobar Islands District 1,252,116402.79
andaman-&-nicobar-islands,2020,2,Andaman And Nicobar Islands District 2,114,52842.38
andaman-&-nicobar-islands,2020,2,Andaman And Nicobar Islands District 3,69,31974.0
andaman-&-nicobar-islands,2020,2,Andaman And Nicobar Islands District 4,52,24262.43
andaman-&-nicobar-islands,2020,2,Andaman And Nicobar Islands District 5,37,17231.08
andaman-&-nicobar-islands,2020,3,Andaman And Nicobar Islands District 1,318,146988.97
andaman-&-nicobar-islands,2020,3,Andaman And Nicobar Islands District 2,144,66727.32
andaman-&-nicobar-islands,2020,3,Andaman And Nicobar Islands District 3,87,40375.54
andaman-&-nicobar-islands,2020,3,Andaman And Nicobar Islands District 4,66,30637.66
andaman-&-nicobar-islands,2020,3,Andaman And Nicobar Islands District 5,47,21758.74
andaman-&-nicobar-islands,2020,4,Andaman And Nicobar Islands District 1,381,175913.45
andaman-&-nicobar-islands,2020,4,Andaman And Nicobar Islands District 2,173,79857.92
andaman-&-nicobar-islands,2020,4,Andaman And Nicobar Islands District 3,104,48320.64
andaman-&-nicobar-islands,2020,4,Andaman And Nicobar Islands District 4,79,36666.53
andaman-&-nicobar-islands,2020,4,Andaman And Nicobar Islands District 5,56,26040.43
andaman-&-nicobar-islands,2021,1,Andaman And Nicobar Islands District 1,288,133148.74
andaman-&-nicobar-islands,2021,1,Andaman And Nicobar Islands District 2,131,60444.39
andaman-&-nicobar-islands,2021,1,Andaman And Nicobar Islands District 3,79,36573.85
andaman-&-nicobar-islands,2021,1,Andaman And Nicobar Islands District 4,60,27752.87
andaman-&-nicobar-islands,2021,1,Andaman And Nicobar Islands District 5,42,19709.98
andaman-&-nicobar-islands,2021,2,Andaman And Nicobar Islands District 1,377,174059.96
andaman-&-nicobar-islands,2021,2,Andaman And Nicobar Islands District 2,171,79016.51
andaman-&-nicobar-islands,2021,2,Andaman And Nicobar Islands District 3,103,47811.51
andaman-&-nicobar-islands,2021,2,Andaman And Nicobar Islands District 4,78,36280.2
andaman-&-nicobar-islands,2021,2,Andaman And Nicobar Islands District 5,55,25766.06
andaman-&-nicobar-islands,2021,3,Andaman And Nicobar Islands District 1,431,199010.6
andaman-&-nicobar-islands,2021,3,Andaman And Nicobar Islands District 2,195,90343.14
andaman-&-nicobar-islands,2021,3,Andaman And Nicobar Islands District 3,118,54665.06
andaman-&-nicobar-islands,2021,3,Andaman And Nicobar Islands District 4,89,41480.79
andaman-&-nicobar-islands,2021,3,Andaman And Nicobar Islands District 5,63,29459.5
andaman-&-nicobar-islands,2021,4,Andaman And Nicobar Islands District 1,462,213391.44
andaman-&-nicobar-islands,2021,4,Andaman And Nicobar Islands District 2,210,96871.49
andaman-&-nicobar-islands,2021,4,Andaman And Nicobar Islands District 3,127,58615.25
andaman-&-nicobar-islands,2021,4,Andaman And Nicobar Islands District 4,96,44478.26
andaman-&-nicobar-islands,2021,4,Andaman And Nicobar Islands District 5,68,31588.29
andaman-&-nicobar-islands,2022,1,Andaman And Nicobar Islands District 1,424,196051.29
andaman-&-nicobar-islands,2022,1,Andaman And Nicobar Islands District 2,192,88999.72
andaman-&-nicobar-islands,2022,1,Andaman And Nicobar Islands District 3,116,53852.18
andaman-&-nicobar-islands,2022,1,Andaman And Nicobar Islands District 4,88,40863.97
andaman-&-nicobar-islands,2022,1,Andaman And Nicobar Islands District 5,62,29021.43
andaman-&-nicobar-islands,2022,2,Andaman And Nicobar Islands District 1,472,217884.38
andaman-&-nicobar-islands,2022,2,Andaman And Nicobar Islands District 2,214,98911.1
andaman-&-nicobar-islands,2022,2,Andaman And Nicobar Islands District 3,129,59849.38
andaman-&-nicobar-islands,2022,2,Andaman And Nicobar Islands District 4,98,45414.75
andaman-&-nicobar-islands,2022,2,Andaman And Nicobar Islands District 5,69,32253.38
andaman-&-nicobar-islands,2022,3,Andaman And Nicobar Islands District 1,541,249948.0
andaman-&-nicobar-islands,2022,3,Andaman And Nicobar Islands District 2,246,113466.75
andaman-&-nicobar-islands,2022,3,Andaman And Nicobar Islands District 3,148,68656.75
andaman-&-nicobar-islands,2022,3,Andaman And Nicobar Islands District 4,112,52097.93
andaman-&-nicobar-islands,2022,3,Andaman And Nicobar Islands District 5,80,36999.75
andaman-&-nicobar-islands,2022,4,Andaman And Nicobar Islands District 1,637,293978.41
andaman-&-nicobar-islands,2022,4,Andaman And Nicobar Islands District 2,289,133454.86
andaman-&-nicobar-islands,2022,4,Andaman And Nicobar Islands District 3,175,80751.21
andaman-&-nicobar-islands,2022,4,Andaman And Nicobar Islands District 4,132,61275.41
andaman-&-nicobar-islands,2022,4,Andaman And Nicobar Islands District 5,94,43517.56
andaman-&-nicobar-islands,2023,1,Andaman And Nicobar Islands District 1,503,232277.64
andaman-&-nicobar-islands,2023,1,Andaman And Nicobar Islands District 2,228,105445.09
andaman-&-nicobar-islands,2023,1,Andaman And Nicobar Islands District 3,138,63802.99
andaman-&-nicobar-islands,2023,1,Andaman And Nicobar Islands District 4,104,48414.81
andaman-&-nicobar-islands,2023,1,Andaman And Nicobar Islands District 5,74,34384.01
andaman-&-nicobar-islands,2023,2,Andaman And Nicobar Islands District 1,618,285178.98
andaman-&-nicobar-islands,2023,2,Andaman And Nicobar Islands District 2,280,129460.26
andaman-&-nicobar-islands,2023,2,Andaman And Nicobar Islands District 3,169,78334.14
andaman-&-nicobar-islands,2023,2,Andaman And Nicobar Islands District 4,128,59441.3
andaman-&-nicobar-islands,2023,2,Andaman And Nicobar Islands District 5,91,42214.98
andaman-&-nicobar-islands,2023,3,Andaman And Nicobar Islands District 1,639,294848.96
andaman-&-nicobar-islands,2023,3,Andaman And Nicobar Islands District 2,290,133850.06
andaman-&-nicobar-islands,2023,3,Andaman And Nicobar Islands District 3,175,80990.33
andaman-&-nicobar-islands,2023,3,Andaman And Nicobar Islands District 4,133,61456.87
andaman-&-nicobar-islands,2023,3,Andaman And Nicobar Islands District 5,94,43646.43
andaman-&-nicobar-islands,2023,4,Andaman And Nicobar Islands District 1,692,319151.59
andaman-&-nicobar-islands,2023,4,Andaman And Nicobar Islands District 2,314,144882.51
andaman-&-nicobar-islands,2023,4,Andaman And Nicobar Islands District 3,190,87665.88
andaman-&-nicobar-islands,2023,4,Andaman And Nicobar Islands District 4,144,66522.39
andaman-&-nicobar-islands,2023,4,Andaman And Nicobar Islands District 5,102,47243.94
andhra-pradesh,2020,1,Visakhapatnam,13347,7394638.59
andhra-pradesh,2020,1,Krishna,6158,3411780.49
andhra-pradesh,2020,1,Guntur,3653,2024017.82
andhra-pradesh,2020,1,East Godavari,2555,1415933.35
andhra-pradesh,2020,1,Chittoor,2064,1143871.94
andhra-pradesh,2020,1,West Godavari,1613,894026.2
andhra-pradesh,2020,2,Visakhapatnam,14770,8182915.52
andhra-pradesh,2020,2,Krishna,6814,3775480.19
andhra-pradesh,2020,2,Guntur,4042,2239780.44
andhra-pradesh,2020,2,East Godavari,2828,1566873.46
andhra-pradesh,2020,2,Chittoor,2284,1265810.0
andhra-pradesh,2020,2,West Godavari,1785,989330.42
andhra-pradesh,2020,3,Visakhapatnam,18860,10448958.66
andhra-pradesh,2020,3,Krishna,8702,4821000.09
andhra-pradesh,2020,3,Guntur,5162,2860028.69
andhra-pradesh,2020,3,East Godavari,3611,2000777.84
andhra-pradesh,2020,3,Chittoor,2917,1616342.77
andhra-pradesh,2020,3,West Godavari,2280,1263299.45
andhra-pradesh,2020,4,Visakhapatnam,22261,12332898.0
andhra-pradesh,2020,4,Krishna,10270,5690222.75
andhra-pradesh,2020,4,Guntur,6093,3375689.7
andhra-pradesh,2020,4,East Godavari,4262,2361516.57
andhra-pradesh,2020,4,Chittoor,3443,1907768.15
andhra-pradesh,2020,4,West Godavari,2691,1491071.38
andhra-pradesh,2021,1,Visakhapatnam,19690,10908336.0
andhra-pradesh,2021,1,Krishna,9084,5032950.22
andhra-pradesh,2021,1,Guntur,5389,2985766.81
andhra-pradesh,2021,1,East Godavari,3770,2088739.91
andhra-pradesh,2021,1,Chittoor,3045,1687403.56
andhra-pradesh,2021,1,West Godavari,2380,1318839.06
andhra-pradesh,2021,2,Visakhapatnam,20836,11543476.64
andhra-pradesh,2021,2,Krishna,9613,5325995.03
andhra-pradesh,2021,2,Guntur,5703,3159613.84
andhra-pradesh,2021,2,East Godavari,3989,2210357.32
andhra-pradesh,2021,2,Chittoor,3223,1785653.06
andhra-pradesh,2021,2,West Godavari,2519,1395628.8
andhra-pradesh,2021,3,Visakhapatnam,20803,11524965.44
andhra-pradesh,2021,3,Krishna,9598,5317454.22
andhra-pradesh,2021,3,Guntur,5694,3154547.06
andhra-pradesh,2021,3,East Godavari,3983,2206812.77
andhra-pradesh,2021,3,Chittoor,3218,1782789.58
andhra-pradesh,2021,3,West Godavari,2515,1393390.76
andhra-pradesh,2021,4,Visakhapatnam,25839,14315444.44
andhra-pradesh,2021,4,Krishna,11922,6604941.33
andhra-pradesh,2021,4,Guntur,7072,3918340.88
andhra-pradesh,2021,4,East Godavari,4947,2741136.69
andhra-pradesh,2021,4,Chittoor,3997,2214447.0
andhra-pradesh,2021,4,West Godavari,3124,1730765.1
andhra-pradesh,2022,1,Visakhapatnam,23455,12994481.57
andhra-pradesh,2022,1,Krishna,10822,5995467.95
andhra-pradesh,2022,1,Guntur,6420,3556774.54
andhra-pradesh,2022,1,East Godavari,4491,2488197.3
andhra-pradesh,2022,1,Chittoor,3628,2010108.09
andhra-pradesh,2022,1,West Godavari,2835,1571058.12
andhra-pradesh,2022,2,Visakhapatnam,27709,15351487.37
andhra-pradesh,2022,2,Krishna,12784,7082956.72
andhra-pradesh,2022,2,Guntur,7584,4201920.57
andhra-pradesh,2022,2,East Godavari,5305,2939519.31
andhra-pradesh,2022,2,Chittoor,4286,2374711.82
andhra-pradesh,2022,2,West Godavari,3350,1856024.71
andhra-pradesh,2022,3,Visakhapatnam,26814,14855532.54
andhra-pradesh,2022,3,Krishna,12372,6854130.25
andhra-pradesh,2022,3,Guntur,7339,4066170.68
andhra-pradesh,2022,3,East Godavari,5134,2844553.34
andhra-pradesh,2022,3,Chittoor,4147,2297992.89
andhra-pradesh,2022,3,West Godavari,3241,1796062.81
andhra-pradesh,2022,4,Visakhapatnam,35104,19448062.66
andhra-pradesh,2022,4,Krishna,16196,8973057.96
andhra-pradesh,2022,4,Guntur,9608,5323211.53
andhra-pradesh,2022,4,East Godavari,6721,3723935.95
andhra-pradesh,2022,4,Chittoor,5430,3008408.45
andhra-pradesh,2022,4,West Godavari,4244,2351308.64
andhra-pradesh,2023,1,Visakhapatnam,26145,14484429.23
andhra-pradesh,2023,1,Krishna,12062,6682908.49
andhra-pradesh,2023,1,Guntur,7156,3964594.42
andhra-pradesh,2023,1,East Godavari,5006,2773494.08
andhra-pradesh,2023,1,Chittoor,4044,2240587.15
andhra-pradesh,2023,1,West Godavari,3160,1751195.69
andhra-pradesh,2023,2,Visakhapatnam,29505,16346078.96
andhra-pradesh,2023,2,Krishna,13613,7541847.05
andhra-pradesh,2023,2,Guntur,8076,4474154.45
andhra-pradesh,2023,2,East Godavari,5649,3129964.78
andhra-pradesh,2023,2,Chittoor,4564,2528564.56
andhra-pradesh,2023,2,West Godavari,3567,1976272.77
andhra-pradesh,2023,3,Visakhapatnam,36222,20067410.03
andhra-pradesh,2023,3,Krishna,16712,9258815.98
andhra-pradesh,2023,3,Guntur,9914,5492735.72
andhra-pradesh,2023,3,East Godavari,6935,3842529.25
andhra-pradesh,2023,3,Chittoor,5603,3104214.9
andhra-pradesh,2023,3,West Godavari,4379,2426188.94
andhra-pradesh,2023,4,Visakhapatnam,40533,22455412.21
andhra-pradesh,2023,4,Krishna,18701,10360606.04
andhra-pradesh,2023,4,Guntur,11094,6146365.9
andhra-pradesh,2023,4,East Godavari,7761,4299786.48
andhra-pradesh,2023,4,Chittoor,6270,3473613.44
andhra-pradesh,2023,4,West Godavari,4900,2714903.06
arunachal-pradesh,2020,1,Arunachal Pradesh District 1,426,156987.31
arunachal-pradesh,2020,1,Arunachal Pradesh District 2,190,70014.43
arunachal-pradesh,2020,1,Arunachal Pradesh District 3,123,45366.71
arunachal-pradesh,2020,1,Arunachal Pradesh District 4,95,35273.81
arunachal-pradesh,2020,1,Arunachal Pradesh District 5,76,28164.67
arunachal-pradesh,2020,2,Arunachal Pradesh District 1,439,161802.26
arunachal-pradesh,2020,2,Arunachal Pradesh District 2,195,72161.83
arunachal-pradesh,2020,2,Arunachal Pradesh District 3,126,46758.15
arunachal-pradesh,2020,2,Arunachal Pradesh District 4,98,36355.69
arunachal-pradesh,2020,2,Arunachal Pradesh District 5,78,29028.51
arunachal-pradesh,2020,3,Arunachal Pradesh District 1,490,180520.0
arunachal-pradesh,2020,3,Arunachal Pradesh District 2,218,80509.72
arunachal-pradesh,2020,3,Arunachal Pradesh District 3,141,52167.26
arunachal-pradesh,2020,3,Arunachal Pradesh District 4,110,40561.42
arunachal-pradesh,2020,3,Arunachal Pradesh District 5,87,32386.61
arunachal-pradesh,2020,4,Arunachal Pradesh District 1,594,218781.37
arunachal-pradesh,2020,4,Arunachal Pradesh District 2,264,97573.83
arunachal-pradesh,2020,4,Arunachal Pradesh District 3,171,63224.16
arunachal-pradesh,2020,4,Arunachal Pradesh District 4,133,49158.45
arunachal-pradesh,2020,4,Arunachal Pradesh District 5,106,39250.97
arunachal-pradesh,2021,1,Arunachal Pradesh District 1,478,176272.26
arunachal-pradesh,2021,1,Arunachal Pradesh District 2,213,78615.28
arunachal-pradesh,2021,1,Arunachal Pradesh District 3,138,50939.74
arunachal-pradesh,2021,1,Arunachal Pradesh District 4,107,39606.98
arunachal-pradesh,2021,1,Arunachal Pradesh District 5,85,31624.53
arunachal-pradesh,2021,2,Arunachal Pradesh District 1,603,222217.67
arunachal-pradesh,2021,2,Arunachal Pradesh District 2,269,99106.37
arunachal-pradesh,2021,2,Arunachal Pradesh District 3,174,64217.19
arunachal-pradesh,2021,2,Arunachal Pradesh District 4,135,49930.55
arunachal-pradesh,2021,2,Arunachal Pradesh District 5,108,39867.47
arunachal-pradesh,2021,3,Arunachal Pradesh District 1,647,238157.34
arunachal-pradesh,2021,3,Arunachal Pradesh District 2,288,106215.27
arunachal-pradesh,2021,3,Arunachal Pradesh District 3,186,68823.49
arunachal-pradesh,2021,3,Arunachal Pradesh District 4,145,53512.07
arunachal-pradesh,2021,3,Arunachal Pradesh District 5,116,42727.16
arunachal-pradesh,2021,4,Arunachal Pradesh District 1,735,270853.39
arunachal-pradesh,2021,4,Arunachal Pradesh District 2,328,120797.31
arunachal-pradesh,2021,4,Arunachal Pradesh District 3,212,78272.1
arunachal-pradesh,2021,4,Arunachal Pradesh District 4,165,60858.62
arunachal-pradesh,2021,4,Arunachal Pradesh District 5,132,48593.07
arunachal-pradesh,2022,1,Arunachal Pradesh District 1,715,263277.81
arunachal-pradesh,2022,1,Arunachal Pradesh District 2,318,117418.69
arunachal-pradesh,2022,1,Arunachal Pradesh District 3,206,76082.89
arunachal-pradesh,2022,1,Arunachal Pradesh District 4,160,59156.44
arunachal-pradesh,2022,1,Arunachal Pradesh District 5,128,47233.96
arunachal-pradesh,2022,2,Arunachal Pradesh District 1,735,270791.12
arunachal-pradesh,2022,2,Arunachal Pradesh District 2,328,120769.54
arunachal-pradesh,2022,2,Arunachal Pradesh District 3,212,78254.11
arunachal-pradesh,2022,2,Arunachal Pradesh District 4,165,60844.62
arunachal-pradesh,2022,2,Arunachal Pradesh District 5,132,48581.9
arunachal-pradesh,2022,3,Arunachal Pradesh District 1,859,316207.54
arunachal-pradesh,2022,3,Arunachal Pradesh District 2,383,141024.71
arunachal-pradesh,2022,3,Arunachal Pradesh District 3,248,91378.7
arunachal-pradesh,2022,3,Arunachal Pradesh District 4,193,71049.34
arunachal-pradesh,2022,3,Arunachal Pradesh District 5,154,56729.94
arunachal-pradesh,2022,4,Arunachal Pradesh District 1,1047,385490.95
arunachal-pradesh,2022,4,Arunachal Pradesh District 2,467,171924.26
arunachal-pradesh,2022,4,Arunachal Pradesh District 3,302,111400.44
arunachal-pradesh,2022,4,Arunachal Pradesh District 4,235,86616.77
arunachal-pradesh,2022,4,Arunachal Pradesh District 5,187,69159.89
arunachal-pradesh,2023,1,Arunachal Pradesh District 1,922,339498.04
arunachal-pradesh,2023,1,Arunachal Pradesh District 2,411,151411.99
arunachal-pradesh,2023,1,Arunachal Pradesh District 3,266,98109.26
arunachal-pradesh,2023,1,Arunachal Pradesh District 4,207,76282.53
arunachal-pradesh,2023,1,Arunachal Pradesh District 5,165,60908.43
arunachal-pradesh,2023,2,Arunachal Pradesh District 1,954,351419.15
arunachal-pradesh,2023,2,Arunachal Pradesh District 2,425,156728.66
arunachal-pradesh,2023,2,Arunachal Pradesh District 3,275,101554.26
arunachal-pradesh,2023,2,Arunachal Pradesh District 4,214,78961.11
arunachal-pradesh,2023,2,Arunachal Pradesh District 5,171,63047.16
arunachal-pradesh,2023,3,Arunachal Pradesh District 1,945,348039.34
arunachal-pradesh,2023,3,Arunachal Pradesh District 2,421,155221.3
arunachal-pradesh,2023,3,Arunachal Pradesh District 3,273,100577.55
arunachal-pradesh,2023,3,Arunachal Pradesh District 4,212,78201.69
arunachal-pradesh,2023,3,Arunachal Pradesh District 5,169,62440.8
arunachal-pradesh,2023,4,Arunachal Pradesh District 1,1354,498633.51
arunachal-pradesh,2023,4,Arunachal Pradesh District 2,604,222384.47
arunachal-pradesh,2023,4,Arunachal Pradesh District 3,391,144096.75
arunachal-pradesh,2023,4,Arunachal Pradesh District 4,304,112039.01
arunachal-pradesh,2023,4,Arunachal Pradesh District 5,243,89458.49
assam,2020,1,Assam District 1,4743,1980884.07
assam,2020,1,Assam District 2,1856,775295.56
assam,2020,1,Assam District 3,1326,554032.29
assam,2020,1,Assam District 4,826,345283.3
assam,2020,1,Assam District 5,747,311979.93
assam,2020,2,Assam District 1,5764,2407404.48
assam,2020,2,Assam District 2,2256,942230.82
assam,2020,2,Assam District 3,1612,673325.53
assam,2020,2,Assam District 4,1004,419629.08
assam,2020,2,Assam District 5,907,379154.89
assam,2020,3,Assam District 1,6424,2682985.37
assam,2020,3,Assam District 2,2514,1050090.05
assam,2020,3,Assam District 3,1796,750402.58
assam,2020,3,Assam District 4,1119,467664.94
assam,2020,3,Assam District 5,1011,422557.58
assam,2020,4,Assam District 1,6478,2705425.56
assam,2020,4,Assam District 2,2535,1058872.89
assam,2020,4,Assam District 3,1811,756678.86
assam,2020,4,Assam District 4,1129,471576.44
assam,2020,4,Assam District 5,1020,426091.81
assam,2021,1,Assam District 1,5341,2230824.09
assam,2021,1,Assam District 2,2090,873119.25
assam,2021,1,Assam District 3,1494,623937.86
assam,2021,1,Assam District 4,931,388849.76
assam,2021,1,Assam District 5,841,351344.31
assam,2021,2,Assam District 1,7054,2946306.63
assam,2021,2,Assam District 2,2761,1153151.01
assam,2021,2,Assam District 3,1973,824050.75
assam,2021,2,Assam District 4,1229,513563.86
assam,2021,2,Assam District 5,1111,464029.44
assam,2021,3,Assam District 1,7183,2999942.08
assam,2021,3,Assam District 2,2811,1174143.31
assam,2021,3,Assam District 3,2009,839052.01
assam,2021,3,Assam District 4,1252,522912.93
assam,2021,3,Assam District 5,1131,472476.77
assam,2021,4,Assam District 1,9097,3799401.76
assam,2021,4,Assam District 2,3560,1487042.76
assam,2021,4,Assam District 3,2544,1062652.41
assam,2021,4,Assam District 4,1585,662264.89
assam,2021,4,Assam District 5,1432,598387.92
assam,2022,1,Assam District 1,7839,3274040.9
assam,2022,1,Assam District 2,3068,1281422.48
assam,2022,1,Assam District 3,2192,915714.55
assam,2022,1,Assam District 4,1366,570690.46
assam,2022,1,Assam District 5,1234,515646.05
assam,2022,2,Assam District 1,8326,3477047.09
assam,2022,2,Assam District 2,3258,1360876.8
assam,2022,2,Assam District 3,2328,972493.23
assam,2022,2,Assam District 4,1451,606075.99
assam,2022,2,Assam District 5,1311,547618.57
assam,2022,3,Assam District 1,10235,4274393.1
assam,2022,3,Assam District 2,4005,1672948.99
assam,2022,3,Assam District 3,2862,1195502.46
assam,2022,3,Assam District 4,1784,745059.52
assam,2022,3,Assam District 5,1612,673196.82
assam,2022,4,Assam District 1,10404,4344853.16
assam,2022,4,Assam District 2,4072,1700526.26
assam,2022,4,Assam District 3,2909,1215209.39
assam,2022,4,Assam District 4,1813,757341.25
assam,2022,4,Assam District 5,1638,684293.95
assam,2023,1,Assam District 1,10176,4249990.99
assam,2023,1,Assam District 2,3983,1663398.28
assam,2023,1,Assam District 3,2846,1188677.45
assam,2023,1,Assam District 4,1773,740806.05
assam,2023,1,Assam District 5,1602,669353.6
assam,2023,2,Assam District 1,10724,4478749.99
assam,2023,2,Assam District 2,4197,1752931.96
assam,2023,2,Assam District 3,2999,1252658.92
assam,2023,2,Assam District 4,1869,780680.5
assam,2023,2,Assam District 5,1689,705382.07
assam,2023,3,Assam District 1,11217,4684565.17
assam,2023,3,Assam District 2,4390,1833485.69
assam,2023,3,Assam District 3,3137,1310223.24
assam,2023,3,Assam District 4,1955,816555.66
assam,2023,3,Assam District 5,1766,737796.99
assam,2023,4,Assam District 1,12873,5376274.93
assam,2023,4,Assam District 2,5038,2104213.04
assam,2023,4,Assam District 3,3600,1503687.13
assam,2023,4,Assam District 4,2244,937125.98
assam,2023,4,Assam District 5,2027,846738.03
bihar,2020,1,Patna,8266,3144724.71
bihar,2020,1,Gaya,3827,1456149.86
bihar,2020,1,Muzaffarpur,2074,789169.41
bihar,2020,1,Bhagalpur,1759,669372.23
bihar,2020,1,Darbhanga,1222,465118.97
bihar,2020,2,Patna,8920,3393522.06
bihar,2020,2,Gaya,4130,1571354.29
bihar,2020,2,Muzaffarpur,2238,851605.16
bihar,2020,2,Bhagalpur,1898,722330.13
bihar,2020,2,Darbhanga,1319,501917.22
bihar,2020,3,Patna,9527,3624460.09
bihar,2020,3,Gaya,4411,1678289.05
bihar,2020,3,Muzaffarpur,2391,909559.11
bihar,2020,3,Bhagalpur,2028,771486.58
bihar,2020,3,Darbhanga,1409,536074.0
bihar,2020,4,Patna,12379,4709082.83
bihar,2020,4,Gaya,5732,2180518.46
bihar,2020,4,Muzaffarpur,3106,1181745.45
bihar,2020,4,Bhagalpur,2635,1002354.59
bihar,2020,4,Darbhanga,1830,696494.59
bihar,2021,1,Patna,10828,4119265.4
bihar,2021,1,Gaya,5014,1907406.3
bihar,2021,1,Muzaffarpur,2717,1033730.62
bihar,2021,1,Bhagalpur,2304,876808.66
bihar,2021,1,Darbhanga,1601,609257.94
bihar,2021,2,Patna,10802,4109402.07
bihar,2021,2,Gaya,5002,1902839.13
bihar,2021,2,Muzaffarpur,2710,1031255.42
bihar,2021,2,Bhagalpur,2299,874709.19
bihar,2021,2,Darbhanga,1597,607799.11
bihar,2021,3,Patna,13254,5042037.56
bihar,2021,3,Gaya,6137,2334691.57
bihar,2021,3,Muzaffarpur,3326,1265300.51
bihar,2021,3,Bhagalpur,2821,1073225.87
bihar,2021,3,Darbhanga,1960,745740.1
bihar,2021,4,Patna,13214,5026930.76
bihar,2021,4,Gaya,6118,2327696.44
bihar,2021,4,Muzaffarpur,3316,1261509.46
bihar,2021,4,Bhagalpur,2812,1070010.3
bihar,2021,4,Darbhanga,1954,743505.74
bihar,2022,1,Patna,11612,4417740.82
bihar,2022,1,Gaya,5377,2045613.93
bihar,2022,1,Muzaffarpur,2914,1108633.1
bihar,2022,1,Bhagalpur,2471,940340.82
bihar,2022,1,Darbhanga,1717,653403.8
bihar,2022,2,Patna,14340,5455013.56
bihar,2022,2,Gaya,6640,2525918.15
bihar,2022,2,Muzaffarpur,3598,1368936.94
bihar,2022,2,Bhagalpur,3052,1161130.12
bihar,2022,2,Darbhanga,2120,806821.12
bihar,2022,3,Patna,15414,5863657.06
bihar,2022,3,Gaya,7137,2715138.59
bihar,2022,3,Muzaffarpur,3868,1471486.12
bihar,2022,3,Bhagalpur,3281,1248112.17
bihar,2022,3,Darbhanga,2279,867261.33
bihar,2022,4,Patna,17113,6510265.92
bihar,2022,4,Gaya,7924,3014547.75
bihar,2022,4,Muzaffarpur,4294,1633752.77
bihar,2022,4,Bhagalpur,3642,1385746.48
bihar,2022,4,Darbhanga,2531,962897.7
bihar,2023,1,Patna,14814,5635370.08
bihar,2023,1,Gaya,6859,2609431.38
bihar,2023,1,Muzaffarpur,3717,1414197.45
bihar,2023,1,Bhagalpur,3153,1199520.01
bihar,2023,1,Darbhanga,2191,833496.66
bihar,2023,2,Patna,18055,6868197.88
bihar,2023,2,Gaya,8360,3180286.45
bihar,2023,2,Muzaffarpur,4530,1723575.88
bihar,2023,2,Bhagalpur,3843,1461934.3
bihar,2023,2,Darbhanga,2670,1015837.45
bihar,2023,3,Patna,18123,6894353.24
bihar,2023,3,Gaya,8392,3192397.56
bihar,2023,3,Muzaffarpur,4548,1730139.57
bihar,2023,3,Bhagalpur,3857,1467501.61
bihar,2023,3,Darbhanga,2680,1019705.95
bihar,2023,4,Patna,20131,7657936.19
bihar,2023,4,Gaya,9321,3545971.02
bihar,2023,4,Muzaffarpur,5051,1921760.89
bihar,2023,4,Bhagalpur,4285,1630034.51
bihar,2023,4,Darbhanga,2977,1132643.31
chandigarh,2020,1,Chandigarh District 1,1039,737327.12
chandigarh,2020,1,Chandigarh District 2,540,383646.41
chandigarh,2020,1,Chandigarh District 3,308,218545.82
chandigarh,2020,1,Chandigarh District 4,231,164007.29
chandigarh,2020,1,Chandigarh District 5,187,133236.09
chandigarh,2020,2,Chandigarh District 1,1126,799005.04
chandigarh,2020,2,Chandigarh District 2,586,415738.7
chandigarh,2020,2,Chandigarh District 3,333,236827.33
chandigarh,2020,2,Chandigarh District 4,250,177726.61
chandigarh,2020,2,Chandigarh District 5,203,144381.38
chandigarh,2020,3,Chandigarh District 1,1362,966276.13
chandigarh,2020,3,Chandigarh District 2,709,502773.28
chandigarh,2020,3,Chandigarh District 3,403,286406.95
chandigarh,2020,3,Chandigarh District 4,303,214933.54
chandigarh,2020,3,Chandigarh District 5,246,174607.51
chandigarh,2020,4,Chandigarh District 1,1359,964054.99
chandigarh,2020,4,Chandigarh District 2,707,501617.57
chandigarh,2020,4,Chandigarh District 3,402,285748.6
chandigarh,2020,4,Chandigarh District 4,302,214439.49
chandigarh,2020,4,Chandigarh District 5,245,174206.14
chandigarh,2021,1,Chandigarh District 1,1270,901221.26
chandigarh,2021,1,Chandigarh District 2,661,468923.89
chandigarh,2021,1,Chandigarh District 3,376,267124.51
chandigarh,2021,1,Chandigarh District 4,282,200463.07
chandigarh,2021,1,Chandigarh District 5,229,162852.0
chandigarh,2021,2,Chandigarh District 1,1387,984046.67
chandigarh,2021,2,Chandigarh District 2,722,512019.65
chandigarh,2021,2,Chandigarh District 3,411,291674.19
chandigarh,2021,2,Chandigarh District 4,308,218886.33
chandigarh,2021,2,Chandigarh District 5,250,177818.67
chandigarh,2021,3,Chandigarh District 1,1695,1202062.66
chandigarh,2021,3,Chandigarh District 2,882,625457.84
chandigarh,2021,3,Chandigarh District 3,502,356294.74
chandigarh,2021,3,Chandigarh District 4,377,267380.7
chandigarh,2021,3,Chandigarh District 5,306,217214.48
chandigarh,2021,4,Chandigarh District 1,1827,1295602.13
chandigarh,2021,4,Chandigarh District 2,950,674128.35
chandigarh,2021,4,Chandigarh District 3,541,384020.1
chandigarh,2021,4,Chandigarh District 4,406,288187.14
chandigarh,2021,4,Chandigarh District 5,330,234117.2
chandigarh,2022,1,Chandigarh District 1,1822,1292135.47
chandigarh,2022,1,Chandigarh District 2,948,672324.57
chandigarh,2022,1,Chandigarh District 3,540,382992.57
chandigarh,2022,1,Chandigarh District 4,405,287416.04
chandigarh,2022,1,Chandigarh District 5,329,233490.76
chandigarh,2022,2,Chandigarh District 1,1675,1188331.9
chandigarh,2022,2,Chandigarh District 2,871,618313.45
chandigarh,2022,2,Chandigarh District 3,496,352224.9
chandigarh,2022,2,Chandigarh District 4,372,264326.5
chandigarh,2022,2,Chandigarh District 5,302,214733.31
chandigarh,2022,3,Chandigarh District 1,2175,1542665.39
chandigarh,2022,3,Chandigarh District 2,1132,802680.42
chandigarh,2022,3,Chandigarh District 3,644,457250.34
chandigarh,2022,3,Chandigarh District 4,483,343142.64
chandigarh,2022,3,Chandigarh District 5,393,278761.89
chandigarh,2022,4,Chandigarh District 1,2378,1686756.48
chandigarh,2022,4,Chandigarh District 2,1237,877653.98
chandigarh,2022,4,Chandigarh District 3,705,499959.35
chandigarh,2022,4,Chandigarh District 4,529,375193.53
chandigarh,2022,4,Chandigarh District 5,429,304799.36
chandigarh,2023,1,Chandigarh District 1,1834,1301116.84
chandigarh,2023,1,Chandigarh District 2,954,676997.76
chandigarh,2023,1,Chandigarh District 3,543,385654.68
chandigarh,2023,1,Chandigarh District 4,408,289413.81
chandigarh,2023,1,Chandigarh District 5,331,235113.71
chandigarh,2023,2,Chandigarh District 1,2508,1778765.66
chandigarh,2023,2,Chandigarh District 2,1305,925528.24
chandigarh,2023,2,Chandigarh District 3,743,527231.13
chandigarh,2023,2,Chandigarh District 4,558,395659.58
chandigarh,2023,2,Chandigarh District 5,453,321425.55
chandigarh,2023,3,Chandigarh District 1,2824,2002937.26
chandigarh,2023,3,Chandigarh District 2,1469,1042169.32
chandigarh,2023,3,Chandigarh District 3,837,593676.22
chandigarh,2023,3,Chandigarh District 4,628,445523.17
chandigarh,2023,3,Chandigarh District 5,510,361933.68
chandigarh,2023,4,Chandigarh District 1,3113,2207346.0
chandigarh,2023,4,Chandigarh District 2,1619,1148527.37
chandigarh,2023,4,Chandigarh District 3,922,654263.54
chandigarh,2023,4,Chandigarh District 4,692,490990.81
chandigarh,2023,4,Chandigarh District 5,562,398870.64
chhattisgarh,2020,1,Chhattisgarh District 1,3759,1593394.43
chhattisgarh,2020,1,Chhattisgarh District 2,1840,779946.19
chhattisgarh,2020,1,Chhattisgarh District 3,975,413352.42
chhattisgarh,2020,1,Chhattisgarh District 4,745,315785.23
chhattisgarh,2020,1,Chhattisgarh District 5,584,247724.03
chhattisgarh,2020,2,Chhattisgarh District 1,4172,1768123.24
chhattisgarh,2020,2,Chhattisgarh District 2,2042,865473.71
chhattisgarh,2020,2,Chhattisgarh District 3,1082,458679.92
chhattisgarh,2020,2,Chhattisgarh District 4,826,350413.67
chhattisgarh,2020,2,Chhattisgarh District 5,648,274889.01
chhattisgarh,2020,3,Chhattisgarh District 1,4945,2096099.65
chhattisgarh,2020,3,Chhattisgarh District 2,2420,1026013.97
chhattisgarh,2020,3,Chhattisgarh District 3,1283,543762.33
chhattisgarh,2020,3,Chhattisgarh District 4,980,415413.34
chhattisgarh,2020,3,Chhattisgarh District 5,768,325879.29
chhattisgarh,2020,4,Chhattisgarh District 1,5941,2518282.24
chhattisgarh,2020,4,Chhattisgarh District 2,2908,1232666.94
chhattisgarh,2020,4,Chhattisgarh District 3,1541,653283.36
chhattisgarh,2020,4,Chhattisgarh District 4,1177,499083.16
chhattisgarh,2020,4,Chhattisgarh District 5,923,391515.75
chhattisgarh,2021,1,Chhattisgarh District 1,5292,2242916.13
chhattisgarh,2021,1,Chhattisgarh District 2,2590,1097878.75
chhattisgarh,2021,1,Chhattisgarh District 3,1372,581848.91
chhattisgarh,2021,1,Chhattisgarh District 4,1048,444510.01
chhattisgarh,2021,1,Chhattisgarh District 5,822,348704.76
chhattisgarh,2021,2,Chhattisgarh District 1,6588,2792248.64
chhattisgarh,2021,2,Chhattisgarh District 2,3224,1366769.99
chhattisgarh,2021,2,Chhattisgarh District 3,1709,724354.7
chhattisgarh,2021,2,Chhattisgarh District 4,1305,553378.91
chhattisgarh,2021,2,Chhattisgarh District 5,1024,434109.14
chhattisgarh,2021,3,Chhattisgarh District 1,5946,2520033.88
chhattisgarh,2021,3,Chhattisgarh District 2,2910,1233524.35
chhattisgarh,2021,3,Chhattisgarh District 3,1542,653737.76
chhattisgarh,2021,3,Chhattisgarh District 4,1178,499430.31
chhattisgarh,2021,3,Chhattisgarh District 5,924,391788.08
chhattisgarh,2021,4,Chhattisgarh District 1,7837,3321486.29
chhattisgarh,2021,4,Chhattisgarh District 2,3836,1625825.05
chhattisgarh,2021,4,Chhattisgarh District 3,2033,861647.55
chhattisgarh,2021,4,Chhattisgarh District 4,1553,658265.32
chhattisgarh,2021,4,Chhattisgarh District 5,1218,516389.38
chhattisgarh,2022,1,Chhattisgarh District 1,5899,2500409.87
chhattisgarh,2022,1,Chhattisgarh District 2,2887,1223918.65
chhattisgarh,2022,1,Chhattisgarh District 3,1530,648646.98
chhattisgarh,2022,1,Chhattisgarh District 4,1169,495541.14
chhattisgarh,2022,1,Chhattisgarh District 5,917,388737.15
chhattisgarh,2022,2,Chhattisgarh District 1,7980,3382209.25
chhattisgarh,2022,2,Chhattisgarh District 2,3906,1655548.16
chhattisgarh,2022,2,Chhattisgarh District 3,2070,877400.07
chhattisgarh,2022,2,Chhattisgarh District 4,1581,670299.64
chhattisgarh,2022,2,Chhattisgarh District 5,1240,525829.94
chhattisgarh,2022,3,Chhattisgarh District 1,9104,3858739.73
chhattisgarh,2022,3,Chhattisgarh District 2,4456,1888803.74
chhattisgarh,2022,3,Chhattisgarh District 3,2361,1001019.83
chhattisgarh,2022,3,Chhattisgarh District 4,1804,764740.34
chhattisgarh,2022,3,Chhattisgarh District 5,1415,599915.83
chhattisgarh,2022,4,Chhattisgarh District 1,9988,4233293.68
chhattisgarh,2022,4,Chhattisgarh District 2,4889,2072143.11
chhattisgarh,2022,4,Chhattisgarh District 3,2591,1098185.22
chhattisgarh,2022,4,Chhattisgarh District 4,1979,838970.93
chhattisgarh,2022,4,Chhattisgarh District 5,1552,658147.5
chhattisgarh,2023,1,Chhattisgarh District 1,8843,3747724.53
chhattisgarh,2023,1,Chhattisgarh District 2,4328,1834463.22
chhattisgarh,2023,1,Chhattisgarh District 3,2294,972220.68
chhattisgarh,2023,1,Chhattisgarh District 4,1752,742738.91
chhattisgarh,2023,1,Chhattisgarh District 5,1374,582656.37
chhattisgarh,2023,2,Chhattisgarh District 1,9155,3879972.75
chhattisgarh,2023,2,Chhattisgarh District 2,4481,1899197.03
chhattisgarh,2023,2,Chhattisgarh District 3,2374,1006528.02
chhattisgarh,2023,2,Chhattisgarh District 4,1814,768948.38
chhattisgarh,2023,2,Chhattisgarh District 5,1423,603216.92
chhattisgarh,2023,3,Chhattisgarh District 1,10770,4564468.02
chhattisgarh,2023,3,Chhattisgarh District 2,5271,2234248.71
chhattisgarh,2023,3,Chhattisgarh District 3,2793,1184097.22
chhattisgarh,2023,3,Chhattisgarh District 4,2134,904604.37
chhattisgarh,2023,3,Chhattisgarh District 5,1674,709634.97
chhattisgarh,2023,4,Chhattisgarh District 1,11480,4865712.84
chhattisgarh,2023,4,Chhattisgarh District 2,5619,2381704.2
chhattisgarh,2023,4,Chhattisgarh District 3,2978,1262245.03
chhattisgarh,2023,4,Chhattisgarh District 4,2275,964306.26
chhattisgarh,2023,4,Chhattisgarh District 5,1784,756469.31
dadra-&-nagar-haveli-&-daman-&-diu,2020,1,Dadra And Nagar Haveli And Daman And Diu District 1,465,257829.09
dadra-&-nagar-haveli-&-daman-&-diu,2020,1,Dadra And Nagar Haveli And Daman And Diu District 2,231,128186.88
dadra-&-nagar-haveli-&-daman-&-diu,2020,1,Dadra And Nagar Haveli And Daman And Diu District 3,143,79672.68
dadra-&-nagar-haveli-&-daman-&-diu,2020,1,Dadra And Nagar Haveli And Daman And Diu District 4,88,48764.82
dadra-&-nagar-haveli-&-daman-&-diu,2020,1,Dadra And Nagar Haveli And Daman And Diu District 5,77,42912.01
dadra-&-nagar-haveli-&-daman-&-diu,2020,2,Dadra And Nagar Haveli And Daman And Diu District 1,572,317193.52
dadra-&-nagar-haveli-&-daman-&-diu,2020,2,Dadra And Nagar Haveli And Daman And Diu District 2,284,157701.55
dadra-&-nagar-haveli-&-daman-&-diu,2020,2,Dadra And Nagar Haveli And Daman And Diu District 3,176,98017.09
dadra-&-nagar-haveli-&-daman-&-diu,2020,2,Dadra And Nagar Haveli And Daman And Diu District 4,108,59992.78
dadra-&-nagar-haveli-&-daman-&-diu,2020,2,Dadra And Nagar Haveli And Daman And Diu District 5,95,52792.38
dadra-&-nagar-haveli-&-daman-&-diu,2020,3,Dadra And Nagar Haveli And Daman And Diu District 1,636,352902.38
dadra-&-nagar-haveli-&-daman-&-diu,2020,3,Dadra And Nagar Haveli And Daman And Diu District 2,316,175455.2
dadra-&-nagar-haveli-&-daman-&-diu,2020,3,Dadra And Nagar Haveli And Daman And Diu District 3,196,109051.62
dadra-&-nagar-haveli-&-daman-&-diu,2020,3,Dadra And Nagar Haveli And Daman And Diu District 4,120,66746.62
dadra-&-nagar-haveli-&-daman-&-diu,2020,3,Dadra And Nagar Haveli And Daman And Diu District 5,106,58735.61
dadra-&-nagar-haveli-&-daman-&-diu,2020,4,Dadra And Nagar Haveli And Daman And Diu District 1,659,365639.24
dadra-&-nagar-haveli-&-daman-&-diu,2020,4,Dadra And Nagar Haveli And Daman And Diu District 2,327,181787.68
dadra-&-nagar-haveli-&-daman-&-diu,2020,4,Dadra And Nagar Haveli And Daman And Diu District 3,203,112987.48
dadra-&-nagar-haveli-&-daman-&-diu,2020,4,Dadra And Nagar Haveli And Daman And Diu District 4,124,69155.63
dadra-&-nagar-haveli-&-daman-&-diu,2020,4,Dadra And Nagar Haveli And Daman And Diu District 5,109,60855.48
dadra-&-nagar-haveli-&-daman-&-diu,2021,1,Dadra And Nagar Haveli And Daman And Diu District 1,578,320589.58
dadra-&-nagar-haveli-&-daman-&-diu,2021,1,Dadra And Nagar Haveli And Daman And Diu District 2,287,159389.99
dadra-&-nagar-haveli-&-daman-&-diu,2021,1,Dadra And Nagar Haveli And Daman And Diu District 3,178,99066.52
dadra-&-nagar-haveli-&-daman-&-diu,2021,1,Dadra And Nagar Haveli And Daman And Diu District 4,109,60635.1
dadra-&-nagar-haveli-&-daman-&-diu,2021,1,Dadra And Nagar Haveli And Daman And Diu District 5,96,53357.61
dadra-&-nagar-haveli-&-daman-&-diu,2021,2,Dadra And Nagar Haveli And Daman And Diu District 1,684,379191.15
dadra-&-nagar-haveli-&-daman-&-diu,2021,2,Dadra And Nagar Haveli And Daman And Diu District 2,340,188525.39
dadra-&-nagar-haveli-&-daman-&-diu,2021,2,Dadra And Nagar Haveli And Daman And Diu District 3,211,117175.2
dadra-&-nagar-haveli-&-daman-&-diu,2021,2,Dadra And Nagar Haveli And Daman And Diu District 4,129,71718.78
dadra-&-nagar-haveli-&-daman-&-diu,2021,2,Dadra And Nagar Haveli And Daman And Diu District 5,113,63111.01
dadra-&-nagar-haveli-&-daman-&-diu,2021,3,Dadra And Nagar Haveli And Daman And Diu District 1,890,493499.2
dadra-&-nagar-haveli-&-daman-&-diu,2021,3,Dadra And Nagar Haveli And Daman And Diu District 2,442,245356.8
dadra-&-nagar-haveli-&-daman-&-diu,2021,3,Dadra And Nagar Haveli And Daman And Diu District 3,275,152497.94
dadra-&-nagar-haveli-&-daman-&-diu,2021,3,Dadra And Nagar Haveli And Daman And Diu District 4,168,93338.58
dadra-&-nagar-haveli-&-daman-&-diu,2021,3,Dadra And Nagar Haveli And Daman And Diu District 5,148,82135.97
dadra-&-nagar-haveli-&-daman-&-diu,2021,4,Dadra And Nagar Haveli And Daman And Diu District 1,896,497089.06
dadra-&-nagar-haveli-&-daman-&-diu,2021,4,Dadra And Nagar Haveli And Daman And Diu District 2,445,247141.6
dadra-&-nagar-haveli-&-daman-&-diu,2021,4,Dadra And Nagar Haveli And Daman And Diu District 3,277,153607.25
dadra-&-nagar-haveli-&-daman-&-diu,2021,4,Dadra And Nagar Haveli And Daman And Diu District 4,169,94017.55
dadra-&-nagar-haveli-&-daman-&-diu,2021,4,Dadra And Nagar Haveli And Daman And Diu District 5,149,82733.45
dadra-&-nagar-haveli-&-daman-&-diu,2022,1,Dadra And Nagar Haveli And Daman And Diu District 1,865,479723.19
dadra-&-nagar-haveli-&-daman-&-diu,2022,1,Dadra And Nagar Haveli And Daman And Diu District 2,430,238507.67
dadra-&-nagar-haveli-&-daman-&-diu,2022,1,Dadra And Nagar Haveli And Daman And Diu District 3,267,148240.96
dadra-&-nagar-haveli-&-daman-&-diu,2022,1,Dadra And Nagar Haveli And Daman And Diu District 4,163,90733.03
dadra-&-nagar-haveli-&-daman-&-diu,2022,1,Dadra And Nagar Haveli And Daman And Diu District 5,144,79843.15
dadra-&-nagar-haveli-&-daman-&-diu,2022,2,Dadra And Nagar Haveli And Daman And Diu District 1,919,509613.5
dadra-&-nagar-haveli-&-daman-&-diu,2022,2,Dadra And Nagar Haveli And Daman And Diu District 2,457,253368.47
dadra-&-nagar-haveli-&-daman-&-diu,2022,2,Dadra And Nagar Haveli And Daman And Diu District 3,284,157477.48
dadra-&-nagar-haveli-&-daman-&-diu,2022,2,Dadra And Nagar Haveli And Daman And Diu District 4,173,96386.37
dadra-&-nagar-haveli-&-daman-&-diu,2022,2,Dadra And Nagar Haveli And Daman And Diu District 5,153,84817.97
dadra-&-nagar-haveli-&-daman-&-diu,2022,3,Dadra And Nagar Haveli And Daman And Diu District 1,1018,564410.9
dadra-&-nagar-haveli-&-daman-&-diu,2022,3,Dadra And Nagar Haveli And Daman And Diu District 2,506,280612.52
dadra-&-nagar-haveli-&-daman-&-diu,2022,3,Dadra And Nagar Haveli And Daman And Diu District 3,314,174410.61
dadra-&-nagar-haveli-&-daman-&-diu,2022,3,Dadra And Nagar Haveli And Daman And Diu District 4,192,106750.55
dadra-&-nagar-haveli-&-daman-&-diu,2022,3,Dadra And Nagar Haveli And Daman And Diu District 5,169,93938.22
dadra-&-nagar-haveli-&-daman-&-diu,2022,4,Dadra And Nagar Haveli And Daman And Diu District 1,1186,657428.11
dadra-&-nagar-haveli-&-daman-&-diu,2022,4,Dadra And Nagar Haveli And Daman And Diu District 2,589,326858.6
dadra-&-nagar-haveli-&-daman-&-diu,2022,4,Dadra And Nagar Haveli And Daman And Diu District 3,366,203154.19
dadra-&-nagar-haveli-&-daman-&-diu,2022,4,Dadra And Nagar Haveli And Daman And Diu District 4,224,124343.47
dadra-&-nagar-haveli-&-daman-&-diu,2022,4,Dadra And Nagar Haveli And Daman And Diu District 5,197,109419.62
dadra-&-nagar-haveli-&-daman-&-diu,2023,1,Dadra And Nagar Haveli And Daman And Diu District 1,946,524484.18
dadra-&-nagar-haveli-&-daman-&-diu,2023,1,Dadra And Nagar Haveli And Daman And Diu District 2,470,260761.84
dadra-&-nagar-haveli-&-daman-&-diu,2023,1,Dadra And Nagar Haveli And Daman And Diu District 3,292,162072.72
dadra-&-nagar-haveli-&-daman-&-diu,2023,1,Dadra And Nagar Haveli And Daman And Diu District 4,179,99198.96
dadra-&-nagar-haveli-&-daman-&-diu,2023,1,Dadra And Nagar Haveli And Daman And Diu District 5,157,87292.98
dadra-&-nagar-haveli-&-daman-&-diu,2023,2,Dadra And Nagar Haveli And Daman And Diu District 1,1071,593681.14
dadra-&-nagar-haveli-&-daman-&-diu,2023,2,Dadra And Nagar Haveli And Daman And Diu District 2,532,295165.03
dadra-&-nagar-haveli-&-daman-&-diu,2023,2,Dadra And Nagar Haveli And Daman And Diu District 3,331,183455.51
dadra-&-nagar-haveli-&-daman-&-diu,2023,2,Dadra And Nagar Haveli And Daman And Diu District 4,202,112286.61
dadra-&-nagar-haveli-&-daman-&-diu,2023,2,Dadra And Nagar Haveli And Daman And Diu District 5,178,98809.84
dadra-&-nagar-haveli-&-daman-&-diu,2023,3,Dadra And Nagar Haveli And Daman And Diu District 1,1338,741604.84
dadra-&-nagar-haveli-&-daman-&-diu,2023,3,Dadra And Nagar Haveli And Daman And Diu District 2,665,368709.39
dadra-&-nagar-haveli-&-daman-&-diu,2023,3,Dadra And Nagar Haveli And Daman And Diu District 3,413,229165.94
dadra-&-nagar-haveli-&-daman-&-diu,2023,3,Dadra And Nagar Haveli And Daman And Diu District 4,253,140264.34
dadra-&-nagar-haveli-&-daman-&-diu,2023,3,Dadra And Nagar Haveli And Daman And Diu District 5,222,123429.65
dadra-&-nagar-haveli-&-daman-&-diu,2023,4,Dadra And Nagar Haveli And Daman And Diu District 1,1420,787104.44
dadra-&-nagar-haveli-&-daman-&-diu,2023,4,Dadra And Nagar Haveli And Daman And Diu District 2,706,391330.78
dadra-&-nagar-haveli-&-daman-&-diu,2023,4,Dadra And Nagar Haveli And Daman And Diu District 3,438,243225.93
dadra-&-nagar-haveli-&-daman-&-diu,2023,4,Dadra And Nagar Haveli And Daman And Diu District 4,268,148869.96
dadra-&-nagar-haveli-&-daman-&-diu,2023,4,Dadra And Nagar Haveli And Daman And Diu District 5,236,131002.41
delhi,2020,1,New Delhi,15176,10948899.25
delhi,2020,1,South Delhi,5974,4310280.9
delhi,2020,1,West Delhi,3587,2588369.16
delhi,2020,1,North Delhi,2987,2155522.92
delhi,2020,1,East Delhi,2162,1560428.81
delhi,2020,1,Central Delhi,1942,1401539.51
delhi,2020,2,New Delhi,15562,11227264.48
delhi,2020,2,South Delhi,6126,4419865.65
delhi,2020,2,West Delhi,3679,2654175.95
delhi,2020,2,North Delhi,3063,2210325.01
delhi,2020,2,East Delhi,2218,1600101.22
delhi,2020,2,Central Delhi,1992,1437172.3
delhi,2020,3,New Delhi,20035,14453929.13
delhi,2020,3,South Delhi,7887,5690114.9
delhi,2020,3,West Delhi,4736,3416974.03
delhi,2020,3,North Delhi,3944,2845562.35
delhi,2020,3,East Delhi,2855,2059963.01
delhi,2020,3,Central Delhi,2564,1850209.08
delhi,2020,4,New Delhi,23608,17031414.37
delhi,2020,4,South Delhi,9293,6704800.04
delhi,2020,4,West Delhi,5581,4026303.16
delhi,2020,4,North Delhi,4647,3352994.96
delhi,2020,4,East Delhi,3364,2427304.26
delhi,2020,4,Central Delhi,3022,2180146.12
delhi,2021,1,New Delhi,20670,14912069.27
delhi,2021,1,South Delhi,8137,5870472.09
delhi,2021,1,West Delhi,4886,3525280.42
delhi,2021,1,North Delhi,4069,2935756.95
delhi,2021,1,East Delhi,2945,2125256.8
delhi,2021,1,Central Delhi,2645,1908854.38
delhi,2021,2,New Delhi,21306,15370617.94
delhi,2021,2,South Delhi,8387,6050990.1
delhi,2021,2,West Delhi,5036,3633683.39
delhi,2021,2,North Delhi,4194,3026031.97
delhi,2021,2,East Delhi,3036,2190608.81
delhi,2021,2,Central Delhi,2727,1967551.98
delhi,2021,3,New Delhi,26422,19061488.73
delhi,2021,3,South Delhi,10401,7503984.56
delhi,2021,3,West Delhi,6246,4506221.89
delhi,2021,3,North Delhi,5201,3752658.13
delhi,2021,3,East Delhi,3765,2716628.91
delhi,2021,3,Central Delhi,3382,2440010.54
delhi,2021,4,New Delhi,28291,20409838.68
delhi,2021,4,South Delhi,11137,8034792.9
delhi,2021,4,West Delhi,6688,4824977.9
delhi,2021,4,North Delhi,5569,4018109.4
delhi,2021,4,East Delhi,4032,2908794.72
delhi,2021,4,Central Delhi,3621,2612609.24
delhi,2022,1,New Delhi,23895,17238297.36
delhi,2022,1,South Delhi,9406,6786244.19
delhi,2022,1,West Delhi,5648,4075211.23
delhi,2022,1,North Delhi,4704,3393724.26
delhi,2022,1,East Delhi,3405,2456789.06
delhi,2022,1,Central Delhi,3058,2206628.66
delhi,2022,2,New Delhi,26583,19177310.09
delhi,2022,2,South Delhi,10465,7549580.25
delhi,2022,2,West Delhi,6284,4533602.59
delhi,2022,2,North Delhi,5233,3775460.02
delhi,2022,2,East Delhi,3788,2733135.69
delhi,2022,2,Central Delhi,3402,2454836.53
delhi,2022,3,New Delhi,31390,22645296.49
delhi,2022,3,South Delhi,12357,8914831.24
delhi,2022,3,West Delhi,7420,5353450.21
delhi,2022,3,North Delhi,6179,4458206.66
delhi,2022,3,East Delhi,4473,3227390.48
delhi,2022,3,Central Delhi,4018,2898764.25
delhi,2022,4,New Delhi,34114,24610596.2
delhi,2022,4,South Delhi,13430,9688515.75
delhi,2022,4,West Delhi,8064,5818055.92
delhi,2022,4,North Delhi,6716,4845117.57
delhi,2022,4,East Delhi,4862,3507483.5
delhi,2022,4,Central Delhi,4366,3150337.05
delhi,2023,1,New Delhi,27521,19853891.25
delhi,2023,1,South Delhi,10834,7815931.67
delhi,2023,1,West Delhi,6506,4693549.42
delhi,2023,1,North Delhi,5418,3908659.36
delhi,2023,1,East Delhi,3922,2829561.52
delhi,2023,1,Central Delhi,3522,2541443.88
delhi,2023,2,New Delhi,34799,25104344.57
delhi,2023,2,South Delhi,13699,9882890.92
delhi,2023,2,West Delhi,8226,5934780.26
delhi,2023,2,North Delhi,6851,4942322.4
delhi,2023,2,East Delhi,4959,3577852.14
delhi,2023,2,Central Delhi,4454,3213540.47
delhi,2023,3,New Delhi,38881,28049557.22
delhi,2023,3,South Delhi,15306,11042340.25
delhi,2023,3,West Delhi,9191,6631041.82
delhi,2023,3,North Delhi,7654,5522149.95
delhi,2023,3,East Delhi,5541,3997601.61
delhi,2023,3,Central Delhi,4977,3590549.32
delhi,2023,4,New Delhi,41011,29585507.51
delhi,2023,4,South Delhi,16144,11647001.69
delhi,2023,4,West Delhi,9695,6994147.39
delhi,2023,4,North Delhi,8073,5824534.32
delhi,2023,4,East Delhi,5844,4216504.08
delhi,2023,4,Central Delhi,5249,3787162.23
goa,2020,1,Goa District 1,1687,1144145.95
goa,2020,1,Goa District 2,791,536379.13
goa,2020,1,Goa District 3,462,313646.01
goa,2020,1,Goa District 4,331,224819.3
goa,2020,1,Goa District 5,268,181981.39
goa,2020,2,Goa District 1,1612,1093174.9
goa,2020,2,Goa District 2,755,512483.75
goa,2020,2,Goa District 3,441,299673.26
goa,2020,2,Goa District 4,316,214803.73
goa,2020,2,Goa District 5,256,173874.22
goa,2020,3,Goa District 1,2233,1514430.55
goa,2020,3,Goa District 2,1047,709969.69
goa,2020,3,Goa District 3,612,415152.54
goa,2020,3,Goa District 4,438,297578.49
goa,2020,3,Goa District 5,355,240876.77
goa,2020,4,Goa District 1,2581,1750234.74
goa,2020,4,Goa District 2,1210,820515.41
goa,2020,4,Goa District 3,707,479793.81
goa,2020,4,Goa District 4,507,343912.9
goa,2020,4,Goa District 5,410,278382.45
goa,2021,1,Goa District 1,1998,1354835.79
goa,2021,1,Goa District 2,936,635151.17
goa,2021,1,Goa District 3,547,371402.65
goa,2021,1,Goa District 4,392,266218.87
goa,2021,1,Goa District 5,317,215492.53
goa,2021,2,Goa District 1,2108,1429474.93
goa,2021,2,Goa District 2,988,670142.23
goa,2021,2,Goa District 3,577,391863.56
goa,2021,2,Goa District 4,414,280885.11
goa,2021,2,Goa District 5,335,227364.21
goa,2021,3,Goa District 1,2934,1990187.77
goa,2021,3,Goa District 2,1375,933006.13
goa,2021,3,Goa District 3,804,545572.4
goa,2021,3,Goa District 4,576,391062.55
goa,2021,3,Goa District 5,466,316548.02
goa,2021,4,Goa District 1,2837,1924305.93
goa,2021,4,Goa District 2,1330,902120.52
goa,2021,4,Goa District 3,777,527512.14
goa,2021,4,Goa District 4,557,378117.08
goa,2021,4,Goa District 5,451,306069.23
goa,2022,1,Goa District 1,2335,1583789.02
goa,2022,1,Goa District 2,1094,742485.15
goa,2022,1,Goa District 3,640,434165.86
goa,2022,1,Goa District 4,458,311207.1
goa,2022,1,Goa District 5,371,251908.53
goa,2022,2,Goa District 1,3067,2080034.6
goa,2022,2,Goa District 2,1438,975126.6
goa,2022,2,Goa District 3,840,570202.21
goa,2022,2,Goa District 4,602,408717.03
goa,2022,2,Goa District 5,487,330838.55
goa,2022,3,Goa District 1,3103,2104409.08
goa,2022,3,Goa District 2,1455,986553.43
goa,2022,3,Goa District 3,850,576884.02
goa,2022,3,Goa District 4,609,413506.5
goa,2022,3,Goa District 5,493,334715.42
goa,2022,4,Goa District 1,3677,2493301.14
goa,2022,4,Goa District 2,1723,1168867.22
goa,2022,4,Goa District 3,1008,683491.43
goa,2022,4,Goa District 4,722,489921.96
goa,2022,4,Goa District 5,584,396570.39
goa,2023,1,Goa District 1,3336,2262453.24
goa,2023,1,Goa District 2,1564,1060645.02
goa,2023,1,Goa District 3,914,620208.84
goa,2023,1,Goa District 4,655,444561.43
goa,2023,1,Goa District 5,530,359853.03
goa,2023,2,Goa District 1,3893,2640221.91
goa,2023,2,Goa District 2,1825,1237744.13
goa,2023,2,Goa District 3,1067,723766.99
goa,2023,2,Goa District 4,765,518791.2
goa,2023,2,Goa District 5,619,419938.78
goa,2023,3,Goa District 1,3665,2485481.57
goa,2023,3,Goa District 2,1718,1165201.38
goa,2023,3,Goa District 3,1004,681347.84
goa,2023,3,Goa District 4,720,488385.45
goa,2023,3,Goa District 5,583,395326.66
goa,2023,4,Goa District 1,4500,3051647.51
goa,2023,4,Goa District 2,2110,1430621.71
goa,2023,4,Goa District 3,1233,836551.55
goa,2023,4,Goa District 4,884,599634.4
goa,2023,4,Goa District 5,715,485377.81
gujarat,2020,1,Ahmedabad,13716,8619514.58
gujarat,2020,1,Surat,5120,3217620.63
gujarat,2020,1,Vadodara,3713,2333659.54
gujarat,2020,1,Rajkot,2777,1745571.6
gujarat,2020,1,Gandhinagar,2059,1294100.33
gujarat,2020,1,Bhavnagar,1663,1045280.32
gujarat,2020,2,Ahmedabad,16561,10407121.75
gujarat,2020,2,Surat,6182,3884925.23
gujarat,2020,2,Vadodara,4483,2817638.83
gujarat,2020,2,Rajkot,3353,2107586.92
gujarat,2020,2,Gandhinagar,2486,1562484.71
gujarat,2020,2,Bhavnagar,2008,1262061.74
gujarat,2020,3,Ahmedabad,17083,10735586.49
gujarat,2020,3,Surat,6377,4007539.44
gujarat,2020,3,Vadodara,4625,2906567.84
gujarat,2020,3,Rajkot,3459,2174105.6
gujarat,2020,3,Gandhinagar,2564,1611799.13
gujarat,2020,3,Bhavnagar,2071,1301894.34
gujarat,2020,4,Ahmedabad,19406,12195219.13
gujarat,2020,4,Surat,7244,4552412.82
gujarat,2020,4,Vadodara,5254,3301750.84
gujarat,2020,4,Rajkot,3930,2469701.51
gujarat,2020,4,Gandhinagar,2913,1830942.68
gujarat,2020,4,Bhavnagar,2353,1478902.6
gujarat,2021,1,Ahmedabad,16424,10321209.44
gujarat,2021,1,Surat,6131,3852854.61
gujarat,2021,1,Vadodara,4446,2794378.81
gujarat,2021,1,Rajkot,3326,2090188.48
gujarat,2021,1,Gandhinagar,2465,1549586.17
gujarat,2021,1,Bhavnagar,1991,1251643.23
gujarat,2021,2,Ahmedabad,18574,11672051.7
gujarat,2021,2,Surat,6933,4357117.1
gujarat,2021,2,Vadodara,5028,3160107.75
gujarat,2021,2,Rajkot,3761,2363752.83
gujarat,2021,2,Gandhinagar,2788,1752396.36
gujarat,2021,2,Bhavnagar,2252,1415458.58
gujarat,2021,3,Ahmedabad,20360,12794485.15
gujarat,2021,3,Surat,7600,4776115.76
gujarat,2021,3,Vadodara,5512,3463996.97
gujarat,2021,3,Rajkot,4123,2591061.22
gujarat,2021,3,Gandhinagar,3056,1920914.15
gujarat,2021,3,Bhavnagar,2469,1551575.02
gujarat,2021,4,Ahmedabad,28246,17750118.87
gujarat,2021,4,Surat,10544,6626028.44
gujarat,2021,4,Vadodara,7647,4805692.24
gujarat,2021,4,Rajkot,5720,3594645.98
gujarat,2021,4,Gandhinagar,4240,2664933.69
gujarat,2021,4,Bhavnagar,3425,2152540.0
gujarat,2022,1,Ahmedabad,22700,14265210.7
gujarat,2022,1,Surat,8474,5325130.07
gujarat,2022,1,Vadodara,6146,3862183.28
gujarat,2022,1,Rajkot,4597,2888903.6
gujarat,2022,1,Gandhinagar,3408,2141723.15
gujarat,2022,1,Bhavnagar,2752,1729928.51
gujarat,2022,2,Ahmedabad,25783,16202446.56
gujarat,2022,2,Surat,9624,6048290.29
gujarat,2022,2,Vadodara,6980,4386673.25
gujarat,2022,2,Rajkot,5221,3281220.81
gujarat,2022,2,Gandhinagar,3871,2432572.2
gujarat,2022,2,Bhavnagar,3126,1964855.25
gujarat,2022,3,Ahmedabad,24701,15522276.65
gujarat,2022,3,Surat,9220,5794386.35
gujarat,2022,3,Vadodara,6687,4202523.09
gujarat,2022,3,Rajkot,5002,3143476.94
gujarat,2022,3,Gandhinagar,3708,2330454.14
gujarat,2022,3,Bhavnagar,2995,1882371.69
gujarat,2022,4,Ahmedabad,33358,20962423.96
gujarat,2022,4,Surat,12452,7825165.47
gujarat,2022,4,Vadodara,9031,5675396.25
gujarat,2022,4,Rajkot,6755,4245182.45
gujarat,2022,4,Gandhinagar,5008,3147216.66
gujarat,2022,4,Bhavnagar,4045,2542093.17
gujarat,2023,1,Ahmedabad,26473,16636107.34
gujarat,2023,1,Surat,9882,6210173.64
gujarat,2023,1,Vadodara,7167,4504083.18
gujarat,2023,1,Rajkot,5361,3369043.15
gujarat,2023,1,Gandhinagar,3974,2497680.34
gujarat,2023,1,Bhavnagar,3210,2017444.88
gujarat,2023,2,Ahmedabad,32957,20710873.55
gujarat,2023,2,Surat,12302,7731262.99
gujarat,2023,2,Vadodara,8923,5607291.14
gujarat,2023,2,Rajkot,6674,4194239.99
gujarat,2023,2,Gandhinagar,4948,3109449.86
gujarat,2023,2,Bhavnagar,3996,2511587.9
gujarat,2023,3,Ahmedabad,36052,22655681.21
gujarat,2023,3,Surat,13458,8457249.73
gujarat,2023,3,Vadodara,9760,6133831.11
gujarat,2023,3,Rajkot,7301,4588090.59
gujarat,2023,3,Gandhinagar,5412,3401435.7
gujarat,2023,3,Bhavnagar,4372,2747432.87
gujarat,2023,4,Ahmedabad,39611,24891959.09
gujarat,2023,4,Surat,14786,9292040.81
gujarat,2023,4,Vadodara,10724,6739284.14
gujarat,2023,4,Rajkot,8021,5040967.97
gujarat,2023,4,Gandhinagar,5947,3737181.75
gujarat,2023,4,Bhavnagar,4803,3018624.15
haryana,2020,1,Gurugram,9225,5568627.94
haryana,2020,1,Faridabad,3492,2107917.3
haryana,2020,1,Hisar,2433,1468989.08
haryana,2020,1,Panipat,1627,982243.58
haryana,2020,1,Karnal,1341,809693.27
haryana,2020,1,Ambala,1059,639665.21
haryana,2020,2,Gurugram,11151,6731266.79
haryana,2020,2,Faridabad,4221,2548016.11
haryana,2020,2,Hisar,2941,1775690.08
haryana,2020,2,Panipat,1967,1187320.05
haryana,2020,2,Karnal,1621,978744.05
haryana,2020,2,Ambala,1280,773216.89
haryana,2020,3,Gurugram,12993,7843149.85
haryana,2020,3,Faridabad,4918,2968902.11
haryana,2020,3,Hisar,3427,2069001.84
haryana,2020,3,Panipat,2291,1383443.76
haryana,2020,3,Karnal,1889,1140414.79
haryana,2020,3,Ambala,1492,900938.28
haryana,2020,4,Gurugram,13355,8061100.41
haryana,2020,4,Faridabad,5055,3051403.89
haryana,2020,4,Hisar,3523,2126496.61
haryana,2020,4,Panipat,2355,1421887.8
haryana,2020,4,Karnal,1941,1172105.38
haryana,2020,4,Ambala,1534,925974.14
haryana,2021,1,Gurugram,11903,7185233.46
haryana,2021,1,Faridabad,4506,2719858.12
haryana,2021,1,Hisar,3140,1895445.27
haryana,2021,1,Panipat,2099,1267394.68
haryana,2021,1,Karnal,1730,1044752.0
haryana,2021,1,Ambala,1367,825363.79
haryana,2021,2,Gurugram,13387,8081054.4
haryana,2021,2,Faridabad,5067,3058957.17
haryana,2021,2,Hisar,3531,2131760.42
haryana,2021,2,Panipat,2361,1425407.46
haryana,2021,2,Karnal,1946,1175006.74
haryana,2021,2,Ambala,1537,928266.24
haryana,2021,3,Gurugram,15469,9337146.43
haryana,2021,3,Faridabad,5855,3534431.23
haryana,2021,3,Hisar,4080,2463114.12
haryana,2021,3,Panipat,2728,1646968.02
haryana,2021,3,Karnal,2249,1357645.86
haryana,2021,3,Ambala,1776,1072552.84
haryana,2021,4,Gurugram,17787,10736836.41
haryana,2021,4,Faridabad,6733,4064262.04
haryana,2021,4,Hisar,4692,2832348.58
haryana,2021,4,Panipat,3137,1893857.65
haryana,2021,4,Karnal,2586,1561164.49
haryana,2021,4,Ambala,2043,1233334.45
haryana,2022,1,Gurugram,13851,8361296.16
haryana,2022,1,Faridabad,5243,3165038.32
haryana,2022,1,Hisar,3654,2205687.45
haryana,2022,1,Panipat,2443,1474838.97
haryana,2022,1,Karnal,2014,1215754.64
haryana,2022,1,Ambala,1591,960457.46
haryana,2022,2,Gurugram,16456,9933252.95
haryana,2022,2,Faridabad,6229,3760078.05
haryana,2022,2,Hisar,4341,2620365.42
haryana,2022,2,Panipat,2902,1752114.53
haryana,2022,2,Karnal,2392,1444321.33
haryana,2022,2,Ambala,1890,1141027.26
haryana,2022,3,Gurugram,22054,13312292.2
haryana,2022,3,Faridabad,8348,5039160.69
haryana,2022,3,Hisar,5817,3511746.89
haryana,2022,3,Panipat,3890,2348139.2
haryana,2022,3,Karnal,3206,1935642.6
haryana,2022,3,Ambala,2533,1529175.63
haryana,2022,4,Gurugram,23935,14447703.38
haryana,2022,4,Faridabad,9060,5468952.89
haryana,2022,4,Hisar,6314,3811265.3
haryana,2022,4,Panipat,4221,2548413.01
haryana,2022,4,Karnal,3480,2100734.39
haryana,2022,4,Ambala,2749,1659599.68
haryana,2023,1,Gurugram,19207,11593940.58
haryana,2023,1,Faridabad,7270,4388705.47
haryana,2023,1,Hisar,5066,3058450.35
haryana,2023,1,Panipat,3388,2045041.22
haryana,2023,1,Karnal,2792,1685789.71
haryana,2023,1,Ambala,2206,1331789.53
haryana,2023,2,Gurugram,20809,12560608.18
haryana,2023,2,Faridabad,7876,4754622.42
haryana,2023,2,Hisar,5489,3313454.66
haryana,2023,2,Panipat,3670,2215550.56
haryana,2023,2,Karnal,3025,1826345.75
haryana,2023,2,Ambala,2390,1442830.1
haryana,2023,3,Gurugram,22431,13539401.36
haryana,2023,3,Faridabad,8490,5125129.32
haryana,2023,3,Hisar,5917,3571657.67
haryana,2023,3,Panipat,3956,2388198.71
haryana,2023,3,Karnal,3261,1968664.87
haryana,2023,3,Ambala,2576,1555263.53
haryana,2023,4,Gurugram,29405,17749113.48
haryana,2023,4,Faridabad,11130,6718650.22
haryana,2023,4,Hisar,7756,4682168.41
haryana,2023,4,Panipat,5186,3130744.76
haryana,2023,4,Karnal,4275,2580768.18
haryana,2023,4,Ambala,3377,2038830.83
himachal-pradesh,2020,1,Himachal Pradesh District 1,1844,907383.04
himachal-pradesh,2020,1,Himachal Pradesh District 2,834,410523.51
himachal-pradesh,2020,1,Himachal Pradesh District 3,516,254068.18
himachal-pradesh,2020,1,Himachal Pradesh District 4,389,191885.02
himachal-pradesh,2020,1,Himachal Pradesh District 5,308,151702.78
himachal-pradesh,2020,2,Himachal Pradesh District 1,2549,1254741.19
himachal-pradesh,2020,2,Himachal Pradesh District 2,1153,567677.3
himachal-pradesh,2020,2,Himachal Pradesh District 3,713,351328.82
himachal-pradesh,2020,2,Himachal Pradesh District 4,539,265341.13
himachal-pradesh,2020,2,Himachal Pradesh District 5,426,209776.6
himachal-pradesh,2020,3,Himachal Pradesh District 1,2684,1320995.77
himachal-pradesh,2020,3,Himachal Pradesh District 2,1214,597652.58
himachal-pradesh,2020,3,Himachal Pradesh District 3,751,369880.17
himachal-pradesh,2020,3,Himachal Pradesh District 4,567,279352.04
himachal-pradesh,2020,3,Himachal Pradesh District 5,448,220853.52
himachal-pradesh,2020,4,Himachal Pradesh District 1,2925,1439741.3
himachal-pradesh,2020,4,Himachal Pradesh District 2,1323,651376.13
himachal-pradesh,2020,4,Himachal Pradesh District 3,819,403129.04
himachal-pradesh,2020,4,Himachal Pradesh District 4,618,304463.25
himachal-pradesh,2020,4,Himachal Pradesh District 5,489,240706.25
himachal-pradesh,2021,1,Himachal Pradesh District 1,2901,1427888.96
himachal-pradesh,2021,1,Himachal Pradesh District 2,1312,646013.82
himachal-pradesh,2021,1,Himachal Pradesh District 3,812,399810.37
himachal-pradesh,2021,1,Himachal Pradesh District 4,613,301956.83
himachal-pradesh,2021,1,Himachal Pradesh District 5,485,238724.69
himachal-pradesh,2021,2,Himachal Pradesh District 1,3204,1576715.78
himachal-pradesh,2021,2,Himachal Pradesh District 2,1449,713346.92
himachal-pradesh,2021,2,Himachal Pradesh District 3,897,441482.03
himachal-pradesh,2021,2,Himachal Pradesh District 4,677,333429.36
himachal-pradesh,2021,2,Himachal Pradesh District 5,535,263606.62
himachal-pradesh,2021,3,Himachal Pradesh District 1,3580,1761625.22
himachal-pradesh,2021,3,Himachal Pradesh District 2,1619,797004.72
himachal-pradesh,2021,3,Himachal Pradesh District 3,1002,493256.86
himachal-pradesh,2021,3,Himachal Pradesh District 4,757,372532.31
himachal-pradesh,2021,3,Himachal Pradesh District 5,598,294521.1
himachal-pradesh,2021,4,Himachal Pradesh District 1,3930,1933908.2
himachal-pradesh,2021,4,Himachal Pradesh District 2,1778,874949.99
himachal-pradesh,2021,4,Himachal Pradesh District 3,1100,541496.27
himachal-pradesh,2021,4,Himachal Pradesh District 4,831,408965.13
himachal-pradesh,2021,4,Himachal Pradesh District 5,657,323324.6
himachal-pradesh,2022,1,Himachal Pradesh District 1,3933,1935556.11
himachal-pradesh,2022,1,Himachal Pradesh District 2,1779,875695.55
himachal-pradesh,2022,1,Himachal Pradesh District 3,1101,541957.69
himachal-pradesh,2022,1,Himachal Pradesh District 4,831,409313.61
himachal-pradesh,2022,1,Himachal Pradesh District 5,657,323600.11
himachal-pradesh,2022,2,Himachal Pradesh District 1,3602,1772741.99
himachal-pradesh,2022,2,Himachal Pradesh District 2,1630,802034.23
himachal-pradesh,2022,2,Himachal Pradesh District 3,1008,496369.57
himachal-pradesh,2022,2,Himachal Pradesh District 4,761,374883.18
himachal-pradesh,2022,2,Himachal Pradesh District 5,602,296379.68
himachal-pradesh,2022,3,Himachal Pradesh District 1,4304,2118104.49
himachal-pradesh,2022,3,Himachal Pradesh District 2,1947,958285.15
himachal-pradesh,2022,3,Himachal Pradesh District 3,1205,593071.43
himachal-pradesh,2022,3,Himachal Pradesh District 4,910,447917.27
himachal-pradesh,2022,3,Himachal Pradesh District 5,719,354119.85
himachal-pradesh,2022,4,Himachal Pradesh District 1,5505,2708598.42
himachal-pradesh,2022,4,Himachal Pradesh District 2,2490,1225439.84
himachal-pradesh,2022,4,Himachal Pradesh District 3,1541,758410.33
himachal-pradesh,2022,4,Himachal Pradesh District 4,1164,572789.49
himachal-pradesh,2022,4,Himachal Pradesh District 5,920,452842.85
himachal-pradesh,2023,1,Himachal Pradesh District 1,4493,2210902.53
himachal-pradesh,2023,1,Himachal Pradesh District 2,2032,1000269.38
himachal-pradesh,2023,1,Himachal Pradesh District 3,1258,619054.97
himachal-pradesh,2023,1,Himachal Pradesh District 4,950,467541.34
himachal-pradesh,2023,1,Himachal Pradesh District 5,751,369634.49
himachal-pradesh,2023,2,Himachal Pradesh District 1,4982,2451405.64
himachal-pradesh,2023,2,Himachal Pradesh District 2,2254,1109079.19
himachal-pradesh,2023,2,Himachal Pradesh District 3,1395,686396.09
himachal-pradesh,2023,2,Himachal Pradesh District 4,1053,518400.73
himachal-pradesh,2023,2,Himachal Pradesh District 5,832,409843.52
himachal-pradesh,2023,3,Himachal Pradesh District 1,5245,2580957.84
himachal-pradesh,2023,3,Himachal Pradesh District 2,2373,1167691.95
himachal-pradesh,2023,3,Himachal Pradesh District 3,1468,722670.84
himachal-pradesh,2023,3,Himachal Pradesh District 4,1109,545797.24
himachal-pradesh,2023,3,Himachal Pradesh District 5,877,431502.99
himachal-pradesh,2023,4,Himachal Pradesh District 1,6691,3292580.05
himachal-pradesh,2023,4,Himachal Pradesh District 2,3027,1489648.21
himachal-pradesh,2023,4,Himachal Pradesh District 3,1873,921925.78
himachal-pradesh,2023,4,Himachal Pradesh District 4,1415,696284.56
himachal-pradesh,2023,4,Himachal Pradesh District 5,1118,550477.07
jammu-&-kashmir,2020,1,Jammu And Kashmir District 1,1837,813041.57
jammu-&-kashmir,2020,1,Jammu And Kashmir District 2,985,436070.83
jammu-&-kashmir,2020,1,Jammu And Kashmir District 3,586,259509.22
jammu-&-kashmir,2020,1,Jammu And Kashmir District 4,383,169630.38
jammu-&-kashmir,2020,1,Jammu And Kashmir District 5,347,153548.76
jammu-&-kashmir,2020,2,Jammu And Kashmir District 1,2229,986314.16
jammu-&-kashmir,2020,2,Jammu And Kashmir District 2,1195,529004.72
jammu-&-kashmir,2020,2,Jammu And Kashmir District 3,711,314814.93
jammu-&-kashmir,2020,2,Jammu And Kashmir District 4,465,205781.42
jammu-&-kashmir,2020,2,Jammu And Kashmir District 5,421,186272.54
jammu-&-kashmir,2020,3,Jammu And Kashmir District 1,2747,1215551.62
jammu-&-kashmir,2020,3,Jammu And Kashmir District 2,1473,651955.1
jammu-&-kashmir,2020,3,Jammu And Kashmir District 3,876,387983.68
jammu-&-kashmir,2020,3,Jammu And Kashmir District 4,573,253608.79
jammu-&-kashmir,2020,3,Jammu And Kashmir District 5,518,229565.68
jammu-&-kashmir,2020,4,Jammu And Kashmir District 1,3544,1568061.35
jammu-&-kashmir,2020,4,Jammu And Kashmir District 2,1900,841021.95
jammu-&-kashmir,2020,4,Jammu And Kashmir District 3,1131,500498.86
jammu-&-kashmir,2020,4,Jammu And Kashmir District 4,739,327155.28
jammu-&-kashmir,2020,4,Jammu And Kashmir District 5,669,296139.69
jammu-&-kashmir,2021,1,Jammu And Kashmir District 1,2754,1218637.11
jammu-&-kashmir,2021,1,Jammu And Kashmir District 2,1477,653609.99
jammu-&-kashmir,2021,1,Jammu And Kashmir District 3,879,388968.51
jammu-&-kashmir,2021,1,Jammu And Kashmir District 4,574,254252.53
jammu-&-kashmir,2021,1,Jammu And Kashmir District 5,520,230148.4
jammu-&-kashmir,2021,2,Jammu And Kashmir District 1,3221,1425141.02
jammu-&-kashmir,2021,2,Jammu And Kashmir District 2,1727,764367.34
jammu-&-kashmir,2021,2,Jammu And Kashmir District 3,1028,454881.09
jammu-&-kashmir,2021,2,Jammu And Kashmir District 4,672,297336.85
jammu-&-kashmir,2021,2,Jammu And Kashmir District 5,608,269148.15
jammu-&-kashmir,2021,3,Jammu And Kashmir District 1,3450,1526435.2
jammu-&-kashmir,2021,3,Jammu And Kashmir District 2,1850,818695.97
jammu-&-kashmir,2021,3,Jammu And Kashmir District 3,1101,487212.49
jammu-&-kashmir,2021,3,Jammu And Kashmir District 4,719,318470.54
jammu-&-kashmir,2021,3,Jammu And Kashmir District 5,651,288278.29
jammu-&-kashmir,2021,4,Jammu And Kashmir District 1,4147,1834864.7
jammu-&-kashmir,2021,4,Jammu And Kashmir District 2,2224,984120.61
jammu-&-kashmir,2021,4,Jammu And Kashmir District 3,1323,585658.02
jammu-&-kashmir,2021,4,Jammu And Kashmir District 4,865,382820.28
jammu-&-kashmir,2021,4,Jammu And Kashmir District 5,783,346527.42
jammu-&-kashmir,2022,1,Jammu And Kashmir District 1,3579,1583538.45
jammu-&-kashmir,2022,1,Jammu And Kashmir District 2,1919,849323.02
jammu-&-kashmir,2022,1,Jammu And Kashmir District 3,1142,505438.9
jammu-&-kashmir,2022,1,Jammu And Kashmir District 4,746,330384.38
jammu-&-kashmir,2022,1,Jammu And Kashmir District 5,675,299062.65
jammu-&-kashmir,2022,2,Jammu And Kashmir District 1,3968,1755500.98
jammu-&-kashmir,2022,2,Jammu And Kashmir District 2,2128,941554.27
jammu-&-kashmir,2022,2,Jammu And Kashmir District 3,1266,560326.45
jammu-&-kashmir,2022,2,Jammu And Kashmir District 4,827,366262.09
jammu-&-kashmir,2022,2,Jammu And Kashmir District 5,749,331539.01
jammu-&-kashmir,2022,3,Jammu And Kashmir District 1,4809,2127981.13
jammu-&-kashmir,2022,3,Jammu And Kashmir District 2,2579,1141332.15
jammu-&-kashmir,2022,3,Jammu And Kashmir District 3,1535,679215.86
jammu-&-kashmir,2022,3,Jammu And Kashmir District 4,1003,443975.15
jammu-&-kashmir,2022,3,Jammu And Kashmir District 5,908,401884.57
jammu-&-kashmir,2022,4,Jammu And Kashmir District 1,5438,2405831.73
jammu-&-kashmir,2022,4,Jammu And Kashmir District 2,2916,1290355.95
jammu-&-kashmir,2022,4,Jammu And Kashmir District 3,1735,767901.11
jammu-&-kashmir,2022,4,Jammu And Kashmir District 4,1134,501945.01
jammu-&-kashmir,2022,4,Jammu And Kashmir District 5,1027,454358.66
jammu-&-kashmir,2023,1,Jammu And Kashmir District 1,4805,2126085.48
jammu-&-kashmir,2023,1,Jammu And Kashmir District 2,2577,1140315.43
jammu-&-kashmir,2023,1,Jammu And Kashmir District 3,1533,678610.8
jammu-&-kashmir,2023,1,Jammu And Kashmir District 4,1002,443579.65
jammu-&-kashmir,2023,1,Jammu And Kashmir District 5,907,401526.56
jammu-&-kashmir,2023,2,Jammu And Kashmir District 1,4960,2194680.0
jammu-&-kashmir,2023,2,Jammu And Kashmir District 2,2660,1177105.77
jammu-&-kashmir,2023,2,Jammu And Kashmir District 3,1583,700505.02
jammu-&-kashmir,2023,2,Jammu And Kashmir District 4,1034,457890.99
jammu-&-kashmir,2023,2,Jammu And Kashmir District 5,936,414481.13
jammu-&-kashmir,2023,3,Jammu And Kashmir District 1,6101,2699352.75
jammu-&-kashmir,2023,3,Jammu And Kashmir District 2,3272,1447784.5
jammu-&-kashmir,2023,3,Jammu And Kashmir District 3,1947,861588.09
jammu-&-kashmir,2023,3,Jammu And Kashmir District 4,1273,563184.29
jammu-&-kashmir,2023,3,Jammu And Kashmir District 5,1152,509792.22
jammu-&-kashmir,2023,4,Jammu And Kashmir District 1,6967,3082805.46
jammu-&-kashmir,2023,4,Jammu And Kashmir District 2,3737,1653447.46
jammu-&-kashmir,2023,4,Jammu And Kashmir District 3,2224,983979.76
jammu-&-kashmir,2023,4,Jammu And Kashmir District 4,1453,643186.63
jammu-&-kashmir,2023,4,Jammu And Kashmir District 5,1315,582210.03
jharkhand,2020,1,Jharkhand District 1,3730,1534785.67
jharkhand,2020,1,Jharkhand District 2,1726,710083.63
jharkhand,2020,1,Jharkhand District 3,914,376245.17
jharkhand,2020,1,Jharkhand District 4,686,282594.41
jharkhand,2020,1,Jharkhand District 5,575,236941.04
jharkhand,2020,2,Jharkhand District 1,4772,1963572.59
jharkhand,2020,2,Jharkhand District 2,2208,908466.11
jharkhand,2020,2,Jharkhand District 3,1169,481360.18
jharkhand,2020,2,Jharkhand District 4,878,361545.35
jharkhand,2020,2,Jharkhand District 5,736,303137.4
jharkhand,2020,3,Jharkhand District 1,6015,2474930.84
jharkhand,2020,3,Jharkhand District 2,2783,1145051.01
jharkhand,2020,3,Jharkhand District 3,1474,606717.15
jharkhand,2020,3,Jharkhand District 4,1107,455699.86
jharkhand,2020,3,Jharkhand District 5,928,382081.16
jharkhand,2020,4,Jharkhand District 1,7009,2883886.5
jharkhand,2020,4,Jharkhand District 2,3243,1334258.36
jharkhand,2020,4,Jharkhand District 3,1718,706970.62
jharkhand,2020,4,Jharkhand District 4,1290,530999.35
jharkhand,2020,4,Jharkhand District 5,1082,445215.95
jharkhand,2021,1,Jharkhand District 1,6155,2532539.35
jharkhand,2021,1,Jharkhand District 2,2847,1171704.16
jharkhand,2021,1,Jharkhand District 3,1508,620839.59
jharkhand,2021,1,Jharkhand District 4,1133,466307.1
jharkhand,2021,1,Jharkhand District 5,950,390974.79
jharkhand,2021,2,Jharkhand District 1,6474,2663473.23
jharkhand,2021,2,Jharkhand District 2,2995,1232282.0
jharkhand,2021,2,Jharkhand District 3,1587,652937.39
jharkhand,2021,2,Jharkhand District 4,1192,490415.47
jharkhand,2021,2,Jharkhand District 5,999,411188.43
jharkhand,2021,3,Jharkhand District 1,6481,2666641.31
jharkhand,2021,3,Jharkhand District 2,2998,1233747.74
jharkhand,2021,3,Jharkhand District 3,1588,653714.03
jharkhand,2021,3,Jharkhand District 4,1193,490998.79
jharkhand,2021,3,Jharkhand District 5,1000,411677.52
jharkhand,2021,4,Jharkhand District 1,7693,3165313.06
jharkhand,2021,4,Jharkhand District 2,3559,1464463.11
jharkhand,2021,4,Jharkhand District 3,1886,775960.96
jharkhand,2021,4,Jharkhand District 4,1416,582817.38
jharkhand,2021,4,Jharkhand District 5,1187,488662.74
jharkhand,2022,1,Jharkhand District 1,7183,2955389.87
jharkhand,2022,1,Jharkhand District 2,3323,1367340.09
jharkhand,2022,1,Jharkhand District 3,1761,724499.32
jharkhand,2022,1,Jharkhand District 4,1322,544165.0
jharkhand,2022,1,Jharkhand District 5,1109,456254.68
jharkhand,2022,2,Jharkhand District 1,7635,3141451.6
jharkhand,2022,2,Jharkhand District 2,3532,1453423.38
jharkhand,2022,2,Jharkhand District 3,1871,770111.44
jharkhand,2022,2,Jharkhand District 4,1405,578423.86
jharkhand,2022,2,Jharkhand District 5,1178,484978.99
jharkhand,2022,3,Jharkhand District 1,9166,3771351.55
jharkhand,2022,3,Jharkhand District 2,4241,1744852.76
jharkhand,2022,3,Jharkhand District 3,2247,924528.32
jharkhand,2022,3,Jharkhand District 4,1687,694405.0
jharkhand,2022,3,Jharkhand District 5,1415,582223.29
jharkhand,2022,4,Jharkhand District 1,10674,4391642.94
jharkhand,2022,4,Jharkhand District 2,4938,2031836.66
jharkhand,2022,4,Jharkhand District 3,2616,1076589.71
jharkhand,2022,4,Jharkhand District 4,1965,808616.96
jharkhand,2022,4,Jharkhand District 5,1647,677984.21
jharkhand,2023,1,Jharkhand District 1,9072,3732462.79
jharkhand,2023,1,Jharkhand District 2,4197,1726860.5
jharkhand,2023,1,Jharkhand District 3,2224,914994.93
jharkhand,2023,1,Jharkhand District 4,1670,687244.56
jharkhand,2023,1,Jharkhand District 5,1400,576219.62
jharkhand,2023,2,Jharkhand District 1,11183,4600938.27
jharkhand,2023,2,Jharkhand District 2,5174,2128669.19
jharkhand,2023,2,Jharkhand District 3,2741,1127897.43
jharkhand,2023,2,Jharkhand District 4,2059,847153.74
jharkhand,2023,2,Jharkhand District 5,1726,710295.33
jharkhand,2023,3,Jharkhand District 1,11419,4697866.72
jharkhand,2023,3,Jharkhand District 2,5283,2173514.09
jharkhand,2023,3,Jharkhand District 3,2799,1151658.97
jharkhand,2023,3,Jharkhand District 4,2102,865000.81
jharkhand,2023,3,Jharkhand District 5,1762,725259.2
jharkhand,2023,4,Jharkhand District 1,14437,5939484.42
jharkhand,2023,4,Jharkhand District 2,6679,2747960.69
jharkhand,2023,4,Jharkhand District 3,3539,1456035.45
jharkhand,2023,4,Jharkhand District 4,2658,1093615.29
jharkhand,2023,4,Jharkhand District 5,2228,916940.81
karnataka,2020,1,Bengaluru Urban,16227,11303905.86
karnataka,2020,1,Belgaum,7991,5567246.33
karnataka,2020,1,Mysuru,4346,3027604.11
karnataka,2020,1,Tumakuru,3294,2295305.71
karnataka,2020,1,Kalaburagi,2611,1819199.53
karnataka,2020,1,Ballari,1992,1387685.88
karnataka,2020,1,Dakshina Kannada,1892,1318166.1
karnataka,2020,2,Bengaluru Urban,22933,15975564.78
karnataka,2020,2,Belgaum,11294,7868068.39
karnataka,2020,2,Mysuru,6142,4278847.17
karnataka,2020,2,Tumakuru,4656,3243905.74
karnataka,2020,2,Kalaburagi,3690,2571035.2
karnataka,2020,2,Ballari,2815,1961186.33
karnataka,2020,2,Dakshina Kannada,2674,1862935.53
karnataka,2020,3,Bengaluru Urban,25736,17927929.99
karnataka,2020,3,Belgaum,12675,8829620.81
karnataka,2020,3,Mysuru,6893,4801762.79
karnataka,2020,3,Tumakuru,5225,3640341.72
karnataka,2020,3,Kalaburagi,4141,2885240.04
karnataka,2020,3,Ballari,3159,2200861.87
karnataka,2020,3,Dakshina Kannada,3001,2090603.88
karnataka,2020,4,Bengaluru Urban,27813,19375478.81
karnataka,2020,4,Belgaum,13698,9542547.91
karnataka,2020,4,Mysuru,7449,5189469.9
karnataka,2020,4,Tumakuru,5647,3934272.61
karnataka,2020,4,Kalaburagi,4476,3118202.0
karnataka,2020,4,Ballari,3414,2378565.31
karnataka,2020,4,Dakshina Kannada,3243,2259404.81
karnataka,2021,1,Bengaluru Urban,28228,19664490.87
karnataka,2021,1,Belgaum,13902,9684888.21
karnataka,2021,1,Mysuru,7560,5266878.03
karnataka,2021,1,Tumakuru,5732,3992957.72
karnataka,2021,1,Kalaburagi,4543,3164714.3
karnataka,2021,1,Ballari,3465,2414044.91
karnataka,2021,1,Dakshina Kannada,3291,2293106.96
karnataka,2021,2,Bengaluru Urban,26250,18286467.97
karnataka,2021,2,Belgaum,12928,9006203.07
karnataka,2021,2,Mysuru,7030,4897792.52
karnataka,2021,2,Tumakuru,5330,3713144.37
karnataka,2021,2,Kalaburagi,4224,2942941.52
karnataka,2021,2,Ballari,3222,2244876.57
karnataka,2021,2,Dakshina Kannada,3061,2132413.56
karnataka,2021,3,Bengaluru Urban,32261,22473173.77
karnataka,2021,3,Belgaum,15888,11068182.6
karnataka,2021,3,Mysuru,8640,6019147.2
karnataka,2021,3,Tumakuru,6550,4563272.62
karnataka,2021,3,Kalaburagi,5191,3616731.03
karnataka,2021,3,Ballari,3960,2758843.39
karnataka,2021,3,Dakshina Kannada,3762,2620631.85
karnataka,2021,4,Bengaluru Urban,34989,24374166.21
karnataka,2021,4,Belgaum,17232,12004433.61
karnataka,2021,4,Mysuru,9371,6528303.29
karnataka,2021,4,Tumakuru,7104,4949277.14
karnataka,2021,4,Kalaburagi,5631,3922668.17
karnataka,2021,4,Ballari,4295,2992212.32
karnataka,2021,4,Dakshina Kannada,4080,2842309.55
karnataka,2022,1,Bengaluru Urban,29815,20769207.92
karnataka,2022,1,Belgaum,14684,10228968.46
karnataka,2022,1,Mysuru,7985,5562762.11
karnataka,2022,1,Tumakuru,6054,4217275.17
karnataka,2022,1,Kalaburagi,4798,3342502.47
karnataka,2022,1,Ballari,3660,2549661.77
karnataka,2022,1,Dakshina Kannada,3476,2421929.74
karnataka,2022,2,Bengaluru Urban,36088,25139509.78
karnataka,2022,2,Belgaum,17773,12381370.23
karnataka,2022,2,Mysuru,9665,6733290.6
karnataka,2022,2,Tumakuru,7327,5104683.38
karnataka,2022,2,Kalaburagi,5807,4045839.1
karnataka,2022,2,Ballari,4430,3086167.14
karnataka,2022,2,Dakshina Kannada,4208,2931557.45
karnataka,2022,3,Bengaluru Urban,35039,24408946.29
karnataka,2022,3,Belgaum,17257,12021563.02
karnataka,2022,3,Mysuru,9384,6537618.68
karnataka,2022,3,Tumakuru,7114,4956339.39
karnataka,2022,3,Kalaburagi,5639,3928265.52
karnataka,2022,3,Ballari,4301,2996481.98
karnataka,2022,3,Dakshina Kannada,4086,2846365.31
karnataka,2022,4,Bengaluru Urban,52099,36292381.54
karnataka,2022,4,Belgaum,25659,17874231.3
karnataka,2022,4,Mysuru,13954,9720442.2
karnataka,2022,4,Tumakuru,10578,7369320.98
karnataka,2022,4,Kalaburagi,8384,5840731.89
karnataka,2022,4,Ballari,6395,4455311.83
karnataka,2022,4,Dakshina Kannada,6075,4232111.23
karnataka,2023,1,Bengaluru Urban,40357,28113284.41
karnataka,2023,1,Belgaum,19876,13845973.36
karnataka,2023,1,Mysuru,10809,7529777.45
karnataka,2023,1,Tumakuru,8194,5708520.85
karnataka,2023,1,Kalaburagi,6495,4524424.95
karnataka,2023,1,Ballari,4954,3451232.55
karnataka,2023,1,Dakshina Kannada,4706,3278333.95
karnataka,2023,2,Bengaluru Urban,45993,32039210.4
karnataka,2023,2,Belgaum,22652,15779517.16
karnataka,2023,2,Mysuru,12318,8581285.65
karnataka,2023,2,Tumakuru,9339,6505696.66
karnataka,2023,2,Kalaburagi,7401,5156245.74
karnataka,2023,2,Ballari,5646,3933185.62
karnataka,2023,2,Dakshina Kannada,5363,3736142.31
karnataka,2023,3,Bengaluru Urban,46262,32226603.57
karnataka,2023,3,Belgaum,22784,15871809.5
karnataka,2023,3,Mysuru,12390,8631476.47
karnataka,2023,3,Tumakuru,9393,6543747.63
karnataka,2023,3,Kalaburagi,7445,5186403.95
karnataka,2023,3,Ballari,5679,3956190.31
karnataka,2023,3,Dakshina Kannada,5394,3757994.52
karnataka,2023,4,Bengaluru Urban,50950,35492431.87
karnataka,2023,4,Belgaum,25093,17480250.94
karnataka,2023,4,Mysuru,13646,9506186.08
karnataka,2023,4,Tumakuru,10345,7206887.83
karnataka,2023,4,Kalaburagi,8199,5711991.6
karnataka,2023,4,Ballari,6254,4357108.7
karnataka,2023,4,Dakshina Kannada,5941,4138827.85
kerala,2020,1,Ernakulam,9425,6098371.82
kerala,2020,1,Thiruvananthapuram,3751,2426992.53
kerala,2020,1,Thrissur,2627,1699990.38
kerala,2020,1,Kozhikode,1737,1124101.48
kerala,2020,1,Malappuram,1369,886315.17
kerala,2020,1,Kollam,1041,673644.14
kerala,2020,2,Ernakulam,12163,7869833.92
kerala,2020,2,Thiruvananthapuram,4840,3131988.12
kerala,2020,2,Thrissur,3390,2193805.54
kerala,2020,2,Kozhikode,2242,1450631.78
kerala,2020,2,Malappuram,1767,1143773.02
kerala,2020,2,Kollam,1343,869325.07
kerala,2020,3,Ernakulam,15192,9829882.62
kerala,2020,3,Thiruvananthapuram,6046,3912036.26
kerala,2020,3,Thrissur,4235,2740191.37
kerala,2020,3,Kozhikode,2800,1811923.9
kerala,2020,3,Malappuram,2208,1428639.37
kerala,2020,3,Kollam,1678,1085837.83
kerala,2020,4,Ernakulam,18086,11702105.37
kerala,2020,4,Thiruvananthapuram,7198,4657131.96
kerala,2020,4,Thrissur,5041,3262094.72
kerala,2020,4,Kozhikode,3333,2157027.22
kerala,2020,4,Malappuram,2628,1700741.41
kerala,2020,4,Kollam,1997,1292649.08
kerala,2021,1,Ernakulam,13857,8965946.46
kerala,2021,1,Thiruvananthapuram,5514,3568212.26
kerala,2021,1,Thrissur,3862,2499359.36
kerala,2021,1,Kozhikode,2554,1652676.16
kerala,2021,1,Malappuram,2013,1303078.03
kerala,2021,1,Kollam,1530,990404.89
kerala,2021,2,Ernakulam,17348,11224593.6
kerala,2021,2,Thiruvananthapuram,6904,4467094.76
kerala,2021,2,Thrissur,4836,3128982.89
kerala,2021,2,Kozhikode,3197,2069008.36
kerala,2021,2,Malappuram,2521,1631341.59
kerala,2021,2,Kollam,1916,1239901.72
kerala,2021,3,Ernakulam,19686,12737144.92
kerala,2021,3,Thiruvananthapuram,7834,5069050.64
kerala,2021,3,Thrissur,5487,3550623.74
kerala,2021,3,Kozhikode,3628,2347814.12
kerala,2021,3,Malappuram,2861,1851170.29
kerala,2021,3,Kollam,2174,1406982.6
kerala,2021,4,Ernakulam,22109,14305161.06
kerala,2021,4,Thiruvananthapuram,8799,5693080.06
kerala,2021,4,Thrissur,6163,3987726.04
kerala,2021,4,Kozhikode,4075,2636843.61
kerala,2021,4,Malappuram,3213,2079060.05
kerala,2021,4,Kollam,2442,1580190.29
kerala,2022,1,Ernakulam,19229,12441580.7
kerala,2022,1,Thiruvananthapuram,7652,4951423.8
kerala,2022,1,Thrissur,5360,3468231.86
kerala,2022,1,Kozhikode,3544,2293333.32
kerala,2022,1,Malappuram,2794,1808214.07
kerala,2022,1,Kollam,2124,1374333.71
kerala,2022,2,Ernakulam,21544,13939515.04
kerala,2022,2,Thiruvananthapuram,8574,5547562.5
kerala,2022,2,Thrissur,6005,3885798.06
kerala,2022,2,Kozhikode,3971,2569444.76
kerala,2022,2,Malappuram,3131,2025918.39
kerala,2022,2,Kollam,2379,1539799.95
kerala,2022,3,Ernakulam,22112,14306926.51
kerala,2022,3,Thiruvananthapuram,8800,5693782.66
kerala,2022,3,Thrissur,6164,3988218.18
kerala,2022,3,Kozhikode,4075,2637169.03
kerala,2022,3,Malappuram,3213,2079316.64
kerala,2022,3,Kollam,2442,1580385.31
kerala,2022,4,Ernakulam,23547,15235339.53
kerala,2022,4,Thiruvananthapuram,9371,6063266.77
kerala,2022,4,Thrissur,6564,4247023.85
kerala,2022,4,Kozhikode,4340,2808301.67
kerala,2022,4,Malappuram,3422,2214248.81
kerala,2022,4,Kollam,2601,1682940.55
kerala,2023,1,Ernakulam,25873,16740164.39
kerala,2023,1,Thiruvananthapuram,10296,6662147.72
kerala,2023,1,Thrissur,7212,4666510.86
kerala,2023,1,Kozhikode,4769,3085683.22
kerala,2023,1,Malappuram,3760,2432954.58
kerala,2023,1,Kollam,2858,1849167.94
kerala,2023,2,Ernakulam,26918,17416575.14
kerala,2023,2,Thiruvananthapuram,10712,6931341.51
kerala,2023,2,Thrissur,7503,4855068.04
kerala,2023,2,Kozhikode,4961,3210364.75
kerala,2023,2,Malappuram,3912,2531261.65
kerala,2023,2,Kollam,2973,1923886.27
kerala,2023,3,Ernakulam,27342,17690963.71
kerala,2023,3,Thiruvananthapuram,10881,7040540.98
kerala,2023,3,Thrissur,7622,4931556.97
kerala,2023,3,Kozhikode,5040,3260942.28
kerala,2023,3,Malappuram,3973,2571140.29
kerala,2023,3,Kollam,3020,1954196.04
kerala,2023,4,Ernakulam,31467,20359885.8
kerala,2023,4,Thiruvananthapuram,12523,8102702.19
kerala,2023,4,Thrissur,8772,5675549.3
kerala,2023,4,Kozhikode,5800,3752899.7
kerala,2023,4,Malappuram,4573,2959031.72
kerala,2023,4,Kollam,3476,2249013.05
ladakh,2020,1,Ladakh District 1,219,87876.38
ladakh,2020,1,Ladakh District 2,89,35946.4
ladakh,2020,1,Ladakh District 3,61,24420.61
ladakh,2020,1,Ladakh District 4,45,18138.43
ladakh,2020,1,Ladakh District 5,36,14573.09
ladakh,2020,2,Ladakh District 1,222,88992.18
ladakh,2020,2,Ladakh District 2,91,36402.83
ladakh,2020,2,Ladakh District 3,61,24730.69
ladakh,2020,2,Ladakh District 4,46,18368.74
ladakh,2020,2,Ladakh District 5,36,14758.13
ladakh,2020,3,Ladakh District 1,305,122166.62
ladakh,2020,3,Ladakh District 2,125,49973.04
ladakh,2020,3,Ladakh District 3,85,33949.78
ladakh,2020,3,Ladakh District 4,63,25216.23
ladakh,2020,3,Ladakh District 5,50,20259.65
ladakh,2020,4,Ladakh District 1,359,143540.33
ladakh,2020,4,Ladakh District 2,146,58716.1
ladakh,2020,4,Ladakh District 3,99,39889.48
ladakh,2020,4,Ladakh District 4,74,29627.94
ladakh,2020,4,Ladakh District 5,59,23804.19
ladakh,2021,1,Ladakh District 1,310,123911.55
ladakh,2021,1,Ladakh District 2,126,50686.82
ladakh,2021,1,Ladakh District 3,86,34434.69
ladakh,2021,1,Ladakh District 4,64,25576.4
ladakh,2021,1,Ladakh District 5,51,20549.03
ladakh,2021,2,Ladakh District 1,315,125958.26
ladakh,2021,2,Ladakh District 2,129,51524.04
ladakh,2021,2,Ladakh District 3,87,35003.47
ladakh,2021,2,Ladakh District 4,65,25998.85
ladakh,2021,2,Ladakh District 5,52,20888.45
ladakh,2021,3,Ladakh District 1,377,150790.87
ladakh,2021,3,Ladakh District 2,154,61681.98
ladakh,2021,3,Ladakh District 3,104,41904.38
ladakh,2021,3,Ladakh District 4,77,31124.52
ladakh,2021,3,Ladakh District 5,62,25006.59
ladakh,2021,4,Ladakh District 1,410,163972.48
ladakh,2021,4,Ladakh District 2,168,67074.0
ladakh,2021,4,Ladakh District 3,114,45567.52
ladakh,2021,4,Ladakh District 4,84,33845.31
ladakh,2021,4,Ladakh District 5,68,27192.58
ladakh,2022,1,Ladakh District 1,374,149774.01
ladakh,2022,1,Ladakh District 2,153,61266.03
ladakh,2022,1,Ladakh District 3,104,41621.8
ladakh,2022,1,Ladakh District 4,77,30914.63
ladakh,2022,1,Ladakh District 5,62,24837.96
ladakh,2022,2,Ladakh District 1,442,176663.6
ladakh,2022,2,Ladakh District 2,180,72265.39
ladakh,2022,2,Ladakh District 3,122,49094.35
ladakh,2022,2,Ladakh District 4,91,36464.87
ladakh,2022,2,Ladakh District 5,73,29297.23
ladakh,2022,3,Ladakh District 1,491,196271.42
ladakh,2022,3,Ladakh District 2,201,80286.09
ladakh,2022,3,Ladakh District 3,136,54543.31
ladakh,2022,3,Ladakh District 4,101,40512.09
ladakh,2022,3,Ladakh District 5,81,32548.92
ladakh,2022,4,Ladakh District 1,556,222106.44
ladakh,2022,4,Ladakh District 2,227,90854.08
ladakh,2022,4,Ladakh District 3,154,61722.79
ladakh,2022,4,Ladakh District 4,114,45844.66
ladakh,2022,4,Ladakh District 5,92,36833.3
ladakh,2023,1,Ladakh District 1,448,179027.46
ladakh,2023,1,Ladakh District 2,183,73232.34
ladakh,2023,1,Ladakh District 3,124,49751.25
ladakh,2023,1,Ladakh District 4,92,36952.79
ladakh,2023,1,Ladakh District 5,74,29689.24
ladakh,2023,2,Ladakh District 1,485,193870.97
ladakh,2023,2,Ladakh District 2,198,79304.17
ladakh,2023,2,Ladakh District 3,134,53876.23
ladakh,2023,2,Ladakh District 4,100,40016.61
ladakh,2023,2,Ladakh District 5,80,32150.83
ladakh,2023,3,Ladakh District 1,621,247860.76
ladakh,2023,3,Ladakh District 2,254,101389.05
ladakh,2023,3,Ladakh District 3,172,68879.85
ladakh,2023,3,Ladakh District 4,128,51160.57
ladakh,2023,3,Ladakh District 5,103,41104.3
ladakh,2023,4,Ladakh District 1,749,299201.71
ladakh,2023,4,Ladakh District 2,306,122390.39
ladakh,2023,4,Ladakh District 3,208,83147.36
ladakh,2023,4,Ladakh District 4,154,61757.77
ladakh,2023,4,Ladakh District 5,124,49618.49
lakshadweep,2020,1,Lakshadweep District 1,110,47497.06
lakshadweep,2020,1,Lakshadweep District 2,47,20545.84
lakshadweep,2020,1,Lakshadweep District 3,29,12582.43
lakshadweep,2020,1,Lakshadweep District 4,21,9290.34
lakshadweep,2020,1,Lakshadweep District 5,18,7822.55
lakshadweep,2020,2,Lakshadweep District 1,130,56200.39
lakshadweep,2020,2,Lakshadweep District 2,56,24310.64
lakshadweep,2020,2,Lakshadweep District 3,34,14888.03
lakshadweep,2020,2,Lakshadweep District 4,25,10992.69
lakshadweep,2020,2,Lakshadweep District 5,21,9255.95
lakshadweep,2020,3,Lakshadweep District 1,150,64983.7
lakshadweep,2020,3,Lakshadweep District 2,65,28110.05
lakshadweep,2020,3,Lakshadweep District 3,39,17214.81
lakshadweep,2020,3,Lakshadweep District 4,29,12710.69
lakshadweep,2020,3,Lakshadweep District 5,24,10702.52
lakshadweep,2020,4,Lakshadweep District 1,161,69609.84
lakshadweep,2020,4,Lakshadweep District 2,70,30111.18
lakshadweep,2020,4,Lakshadweep District 3,42,18440.32
lakshadweep,2020,4,Lakshadweep District 4,31,13615.56
lakshadweep,2020,4,Lakshadweep District 5,26,11464.42
lakshadweep,2021,1,Lakshadweep District 1,162,69961.52
lakshadweep,2021,1,Lakshadweep District 2,70,30263.31
lakshadweep,2021,1,Lakshadweep District 3,42,18533.49
lakshadweep,2021,1,Lakshadweep District 4,31,13684.35
lakshadweep,2021,1,Lakshadweep District 5,26,11522.35
lakshadweep,2021,2,Lakshadweep District 1,175,75803.5
lakshadweep,2021,2,Lakshadweep District 2,76,32790.37
lakshadweep,2021,2,Lakshadweep District 3,46,20081.08
lakshadweep,2021,2,Lakshadweep District 4,34,14827.03
lakshadweep,2021,2,Lakshadweep District 5,28,12484.49
lakshadweep,2021,3,Lakshadweep District 1,201,86642.79
lakshadweep,2021,3,Lakshadweep District 2,87,37479.13
lakshadweep,2021,3,Lakshadweep District 3,53,22952.52
lakshadweep,2021,3,Lakshadweep District 4,39,16947.17
lakshadweep,2021,3,Lakshadweep District 5,33,14269.67
lakshadweep,2021,4,Lakshadweep District 1,238,102472.61
lakshadweep,2021,4,Lakshadweep District 2,103,44326.65
lakshadweep,2021,4,Lakshadweep District 3,63,27145.99
lakshadweep,2021,4,Lakshadweep District 4,46,20043.46
lakshadweep,2021,4,Lakshadweep District 5,39,16876.77
lakshadweep,2022,1,Lakshadweep District 1,190,82133.44
lakshadweep,2022,1,Lakshadweep District 2,82,35528.52
lakshadweep,2022,1,Lakshadweep District 3,50,21757.94
lakshadweep,2022,1,Lakshadweep District 4,37,16065.15
lakshadweep,2022,1,Lakshadweep District 5,31,13527.0
lakshadweep,2022,2,Lakshadweep District 1,224,96615.98
lakshadweep,2022,2,Lakshadweep District 2,97,41793.24
lakshadweep,2022,2,Lakshadweep District 3,59,25594.51
lakshadweep,2022,2,Lakshadweep District 4,43,18897.91
lakshadweep,2022,2,Lakshadweep District 5,36,15912.21
lakshadweep,2022,3,Lakshadweep District 1,223,95924.28
lakshadweep,2022,3,Lakshadweep District 2,96,41494.04
lakshadweep,2022,3,Lakshadweep District 3,59,25411.27
lakshadweep,2022,3,Lakshadweep District 4,43,18762.62
lakshadweep,2022,3,Lakshadweep District 5,36,15798.29
lakshadweep,2022,4,Lakshadweep District 1,266,114542.47
lakshadweep,2022,4,Lakshadweep District 2,115,49547.72
lakshadweep,2022,4,Lakshadweep District 3,70,30343.41
lakshadweep,2022,4,Lakshadweep District 4,52,22404.3
lakshadweep,2022,4,Lakshadweep District 5,43,18864.63
lakshadweep,2023,1,Lakshadweep District 1,237,102316.45
lakshadweep,2023,1,Lakshadweep District 2,102,44259.1
lakshadweep,2023,1,Lakshadweep District 3,62,27104.62
lakshadweep,2023,1,Lakshadweep District 4,46,20012.91
lakshadweep,2023,1,Lakshadweep District 5,39,16851.06
lakshadweep,2023,2,Lakshadweep District 1,288,123920.48
lakshadweep,2023,2,Lakshadweep District 2,124,53604.37
lakshadweep,2023,2,Lakshadweep District 3,76,32827.74
lakshadweep,2023,2,Lakshadweep District 4,56,24238.62
lakshadweep,2023,2,Lakshadweep District 5,47,20409.14
lakshadweep,2023,3,Lakshadweep District 1,308,132667.38
lakshadweep,2023,3,Lakshadweep District 2,133,57388.03
lakshadweep,2023,3,Lakshadweep District 3,81,35144.88
lakshadweep,2023,3,Lakshadweep District 4,60,25949.5
lakshadweep,2023,3,Lakshadweep District 5,50,21849.72
lakshadweep,2023,4,Lakshadweep District 1,395,169994.41
lakshadweep,2023,4,Lakshadweep District 2,170,73534.61
lakshadweep,2023,4,Lakshadweep District 3,104,45033.17
lakshadweep,2023,4,Lakshadweep District 4,77,33250.6
lakshadweep,2023,4,Lakshadweep District 5,65,27997.31
madhya-pradesh,2020,1,Indore,10115,4663349.56
madhya-pradesh,2020,1,Bhopal,3939,1815987.27
madhya-pradesh,2020,1,Jabalpur,2809,1294979.27
madhya-pradesh,2020,1,Gwalior,1875,864452.46
madhya-pradesh,2020,1,Ujjain,1443,665327.05
madhya-pradesh,2020,1,Sagar,1104,509259.63
madhya-pradesh,2020,2,Indore,10176,4691277.81
madhya-pradesh,2020,2,Bhopal,3962,1826863.0
madhya-pradesh,2020,2,Jabalpur,2825,1302734.75
madhya-pradesh,2020,2,Gwalior,1886,869629.57
madhya-pradesh,2020,2,Ujjain,1451,669311.61
madhya-pradesh,2020,2,Sagar,1111,512309.53
madhya-pradesh,2020,3,Indore,13247,6107340.27
madhya-pradesh,2020,3,Bhopal,5158,2378301.7
madhya-pradesh,2020,3,Jabalpur,3678,1695965.3
madhya-pradesh,2020,3,Gwalior,2455,1132127.3
madhya-pradesh,2020,3,Ujjain,1890,871343.36
madhya-pradesh,2020,3,Sagar,1446,666950.19
madhya-pradesh,2020,4,Indore,15642,7211187.31
madhya-pradesh,2020,4,Bhopal,6091,2808158.43
madhya-pradesh,2020,4,Jabalpur,4343,2002495.83
madhya-pradesh,2020,4,Gwalior,2899,1336749.16
madhya-pradesh,2020,4,Ujjain,2231,1028830.87
madhya-pradesh,2020,4,Sagar,1708,787495.46
madhya-pradesh,2021,1,Indore,13471,6210476.89
madhya-pradesh,2021,1,Bhopal,5246,2418464.84
madhya-pradesh,2021,1,Jabalpur,3740,1724605.61
madhya-pradesh,2021,1,Gwalior,2497,1151245.89
madhya-pradesh,2021,1,Ujjain,1922,886058.02
madhya-pradesh,2021,1,Sagar,1471,678213.19
madhya-pradesh,2021,2,Indore,12374,5704942.69
madhya-pradesh,2021,2,Bhopal,4818,2221601.27
madhya-pradesh,2021,2,Jabalpur,3436,1584222.33
madhya-pradesh,2021,2,Gwalior,2293,1057534.22
madhya-pradesh,2021,2,Ujjain,1765,813932.7
madhya-pradesh,2021,2,Sagar,1351,623006.49
madhya-pradesh,2021,3,Indore,15332,7068333.84
madhya-pradesh,2021,3,Bhopal,5970,2752528.87
madhya-pradesh,2021,3,Jabalpur,4257,1962826.43
madhya-pradesh,2021,3,Gwalior,2842,1310268.19
madhya-pradesh,2021,3,Ujjain,2187,1008449.75
madhya-pradesh,2021,3,Sagar,1674,771895.19
madhya-pradesh,2021,4,Indore,17518,8076420.77
madhya-pradesh,2021,4,Bhopal,6822,3145094.98
madhya-pradesh,2021,4,Jabalpur,4864,2242765.06
madhya-pradesh,2021,4,Gwalior,3247,1497138.86
madhya-pradesh,2021,4,Ujjain,2499,1152275.02
madhya-pradesh,2021,4,Sagar,1913,881983.01
madhya-pradesh,2022,1,Indore,14441,6657927.38
madhya-pradesh,2022,1,Bhopal,5623,2592709.64
madhya-pradesh,2022,1,Jabalpur,4010,1848859.45
madhya-pradesh,2022,1,Gwalior,2677,1234190.5
madhya-pradesh,2022,1,Ujjain,2060,949896.45
madhya-pradesh,2022,1,Sagar,1577,727076.88
madhya-pradesh,2022,2,Indore,17268,7961104.46
madhya-pradesh,2022,2,Bhopal,6724,3100188.86
madhya-pradesh,2022,2,Jabalpur,4795,2210742.53
madhya-pradesh,2022,2,Gwalior,3201,1475762.49
madhya-pradesh,2022,2,Ujjain,2463,1135822.67
madhya-pradesh,2022,2,Sagar,1885,869389.93
madhya-pradesh,2022,3,Indore,19706,9084775.43
madhya-pradesh,2022,3,Bhopal,7673,3537765.36
madhya-pradesh,2022,3,Jabalpur,5472,2522778.03
madhya-pradesh,2022,3,Gwalior,3652,1684059.15
madhya-pradesh,2022,3,Ujjain,2811,1296138.48
madhya-pradesh,2022,3,Sagar,2152,992100.07
madhya-pradesh,2022,4,Indore,21816,10057289.07
madhya-pradesh,2022,4,Bhopal,8495,3916478.63
madhya-pradesh,2022,4,Jabalpur,6058,2792838.21
madhya-pradesh,2022,4,Gwalior,4044,1864335.54
madhya-pradesh,2022,4,Ujjain,3112,1434888.46
madhya-pradesh,2022,4,Sagar,2382,1098303.11
madhya-pradesh,2023,1,Indore,18937,8730471.06
madhya-pradesh,2023,1,Bhopal,7374,3399793.24
madhya-pradesh,2023,1,Jabalpur,5258,2424390.21
madhya-pradesh,2023,1,Gwalior,3510,1618381.19
madhya-pradesh,2023,1,Ujjain,2701,1245589.35
madhya-pradesh,2023,1,Sagar,2068,953408.37
madhya-pradesh,2023,2,Indore,21601,9958338.15
madhya-pradesh,2023,2,Bhopal,8411,3877945.47
madhya-pradesh,2023,2,Jabalpur,5998,2765360.24
madhya-pradesh,2023,2,Gwalior,4004,1845992.85
madhya-pradesh,2023,2,Ujjain,3081,1420770.98
madhya-pradesh,2023,2,Sagar,2358,1087497.21
madhya-pradesh,2023,3,Indore,21921,10105672.03
madhya-pradesh,2023,3,Bhopal,8536,3935319.78
madhya-pradesh,2023,3,Jabalpur,6087,2806273.82
madhya-pradesh,2023,3,Gwalior,4063,1873304.36
madhya-pradesh,2023,3,Ujjain,3127,1441791.33
madhya-pradesh,2023,3,Sagar,2393,1103586.76
madhya-pradesh,2023,4,Indore,28160,12982131.32
madhya-pradesh,2023,4,Bhopal,10966,5055461.72
madhya-pradesh,2023,4,Jabalpur,7820,3605046.26
madhya-pradesh,2023,4,Gwalior,5220,2406518.16
madhya-pradesh,2023,4,Ujjain,4017,1852180.07
madhya-pradesh,2023,4,Sagar,3075,1417709.6
maharashtra,2020,1,Pune,23858,16916023.13
maharashtra,2020,1,Mumbai,10255,7271206.6
maharashtra,2020,1,Thane,7043,4993733.59
maharashtra,2020,1,Nagpur,4335,3074173.73
maharashtra,2020,1,Nashik,3996,2833309.66
maharashtra,2020,1,Ahmednagar,2697,1912313.61
maharashtra,2020,1,Solapur,2385,1691598.25
maharashtra,2020,1,Kolhapur,2043,1449111.37
maharashtra,2020,2,Pune,23611,16740636.56
maharashtra,2020,2,Mumbai,10149,7195818.2
maharashtra,2020,2,Thane,6970,4941958.2
maharashtra,2020,2,Nagpur,4290,3042300.47
maharashtra,2020,2,Nashik,3954,2803933.7
maharashtra,2020,2,Ahmednagar,2669,1892486.6
maharashtra,2020,2,Solapur,2361,1674059.64
maharashtra,2020,2,Kolhapur,2022,1434086.88
maharashtra,2020,3,Pune,26669,18909070.59
maharashtra,2020,3,Mumbai,11463,8127900.86
maharashtra,2020,3,Thane,7873,5582095.76
maharashtra,2020,3,Nagpur,4846,3436373.18
maharashtra,2020,3,Nashik,4466,3167130.48
maharashtra,2020,3,Ahmednagar,3014,2137622.58
maharashtra,2020,3,Solapur,2666,1890902.52
maharashtra,2020,3,Kolhapur,2284,1619845.81
maharashtra,2020,4,Pune,36481,25865829.32
maharashtra,2020,4,Mumbai,15681,11118203.58
maharashtra,2020,4,Thane,10769,7635781.76
maharashtra,2020,4,Nagpur,6629,4700635.16
maharashtra,2020,4,Nashik,6110,4332336.49
maharashtra,2020,4,Ahmednagar,4124,2924066.55
maharashtra,2020,4,Solapur,3648,2586576.73
maharashtra,2020,4,Kolhapur,3125,2215796.65
maharashtra,2021,1,Pune,31581,22391713.11
maharashtra,2021,1,Mumbai,13575,9624884.7
maharashtra,2021,1,Thane,9323,6610197.28
maharashtra,2021,1,Nagpur,5739,4069278.92
maharashtra,2021,1,Nashik,5289,3750447.53
maharashtra,2021,1,Ahmednagar,3570,2531326.51
maharashtra,2021,1,Solapur,3158,2239165.94
maharashtra,2021,1,Kolhapur,2705,1918186.43
maharashtra,2021,2,Pune,35947,25486589.05
maharashtra,2021,2,Mumbai,15451,10955190.42
maharashtra,2021,2,Thane,10611,7523827.26
maharashtra,2021,2,Nagpur,6532,4631715.27
maharashtra,2021,2,Nashik,6020,4268816.53
maharashtra,2021,2,Ahmednagar,4063,2881194.4
maharashtra,2021,2,Solapur,3594,2548652.79
maharashtra,2021,2,Kolhapur,3079,2183309.03
maharashtra,2021,3,Pune,37641,26687646.78
maharashtra,2021,3,Mumbai,16179,11471454.72
maharashtra,2021,3,Thane,11111,7878388.27
maharashtra,2021,3,Nagpur,6840,4849985.26
maharashtra,2021,3,Nashik,6304,4469984.88
maharashtra,2021,3,Ahmednagar,4255,3016970.94
maharashtra,2021,3,Solapur,3764,2668758.28
maharashtra,2021,3,Kolhapur,3224,2286197.66
maharashtra,2021,4,Pune,46808,33187322.17
maharashtra,2021,4,Mumbai,20120,14265284.12
maharashtra,2021,4,Thane,13818,9797139.93
maharashtra,2021,4,Nagpur,8506,6031180.81
maharashtra,2021,4,Nashik,7840,5558632.78
maharashtra,2021,4,Ahmednagar,5291,3751742.79
maharashtra,2021,4,Solapur,4680,3318724.26
maharashtra,2021,4,Kolhapur,4009,2842992.44
maharashtra,2022,1,Pune,38104,27015977.44
maharashtra,2022,1,Mumbai,16378,11612584.83
maharashtra,2022,1,Thane,11248,7975313.89
maharashtra,2022,1,Nagpur,6924,4909653.27
maharashtra,2022,1,Nashik,6382,4524977.85
maharashtra,2022,1,Ahmednagar,4307,3054087.89
maharashtra,2022,1,Solapur,3810,2701591.26
maharashtra,2022,1,Kolhapur,3264,2314324.11
maharashtra,2022,2,Pune,48854,34637873.14
maharashtra,2022,2,Mumbai,20999,14888790.93
maharashtra,2022,2,Thane,14422,10225353.17
maharashtra,2022,2,Nagpur,8878,6294791.57
maharashtra,2022,2,Nashik,8182,5801589.41
maharashtra,2022,2,Ahmednagar,5522,3915723.91
maharashtra,2022,2,Solapur,4885,3463779.0
maharashtra,2022,2,Kolhapur,4185,2967253.91
maharashtra,2022,3,Pune,50348,35697087.64
maharashtra,2022,3,Mumbai,21641,15344085.15
maharashtra,2022,3,Thane,14863,10538041.03
maharashtra,2022,3,Nagpur,9149,6487284.18
maharashtra,2022,3,Nashik,8432,5979000.07
maharashtra,2022,3,Ahmednagar,5691,4035465.43
maharashtra,2022,3,Solapur,5034,3569700.2
maharashtra,2022,3,Kolhapur,4313,3057991.54
maharashtra,2022,4,Pune,48771,34579281.33
maharashtra,2022,4,Mumbai,20964,14863605.75
maharashtra,2022,4,Thane,14397,10208056.44
maharashtra,2022,4,Nagpur,8863,6284143.59
maharashtra,2022,4,Nashik,8168,5791775.72
maharashtra,2022,4,Ahmednagar,5513,3909100.25
maharashtra,2022,4,Solapur,4877,3457919.84
maharashtra,2022,4,Kolhapur,4178,2962234.65
maharashtra,2023,1,Pune,51711,36663362.79
maharashtra,2023,1,Mumbai,22227,15759430.18
maharashtra,2023,1,Thane,15265,10823292.51
maharashtra,2023,1,Nagpur,9397,6662886.78
maharashtra,2023,1,Nashik,8661,6140844.06
maharashtra,2023,1,Ahmednagar,5845,4144700.39
maharashtra,2023,1,Solapur,5171,3666327.48
maharashtra,2023,1,Kolhapur,4429,3140767.51
maharashtra,2023,2,Pune,48786,34589610.76
maharashtra,2023,2,Mumbai,20970,14868045.77
maharashtra,2023,2,Thane,14402,10211105.76
maharashtra,2023,2,Nagpur,8865,6286020.78
maharashtra,2023,2,Nashik,8171,5793505.82
maharashtra,2023,2,Ahmednagar,5515,3910267.97
maharashtra,2023,2,Solapur,4878,3458952.78
maharashtra,2023,2,Kolhapur,4179,2963119.52
maharashtra,2023,3,Pune,64574,45783744.65
maharashtra,2023,3,Mumbai,27756,19679747.65
maharashtra,2023,3,Thane,19062,13515695.86
maharashtra,2023,3,Nagpur,11735,8320347.18
maharashtra,2023,3,Nashik,10815,7668441.05
maharashtra,2023,3,Ahmednagar,7300,5175736.48
maharashtra,2023,3,Solapur,6457,4578363.48
maharashtra,2023,3,Kolhapur,5531,3922065.16
maharashtra,2023,4,Pune,72950,51721778.66
maharashtra,2023,4,Mumbai,31357,22232160.33
maharashtra,2023,4,Thane,21535,15268646.87
maharashtra,2023,4,Nagpur,13257,9399474.82
maharashtra,2023,4,Nashik,12218,8663018.15
maharashtra,2023,4,Ahmednagar,8246,5847016.2
maharashtra,2023,4,Solapur,7295,5172165.46
maharashtra,2023,4,Kolhapur,6249,4430746.93
manipur,2020,1,Manipur District 1,691,280398.13
manipur,2020,1,Manipur District 2,321,130371.92
manipur,2020,1,Manipur District 3,181,73670.75
manipur,2020,1,Manipur District 4,137,55625.8
manipur,2020,1,Manipur District 5,111,45326.19
manipur,2020,2,Manipur District 1,830,336407.71
manipur,2020,2,Manipur District 2,385,156413.73
manipur,2020,2,Manipur District 3,218,88386.5
manipur,2020,2,Manipur District 4,164,66737.06
manipur,2020,2,Manipur District 5,134,54380.11
manipur,2020,3,Manipur District 1,959,388908.0
manipur,2020,3,Manipur District 2,446,180823.9
manipur,2020,3,Manipur District 3,252,102180.23
manipur,2020,3,Manipur District 4,190,77152.15
manipur,2020,3,Manipur District 5,155,62866.75
manipur,2020,4,Manipur District 1,1071,434202.62
manipur,2020,4,Manipur District 2,498,201883.76
manipur,2020,4,Manipur District 3,281,114080.77
manipur,2020,4,Manipur District 4,212,86137.76
manipur,2020,4,Manipur District 5,173,70188.6
manipur,2021,1,Manipur District 1,877,355544.9
manipur,2021,1,Manipur District 2,407,165311.63
manipur,2021,1,Manipur District 3,230,93414.53
manipur,2021,1,Manipur District 4,173,70533.53
manipur,2021,1,Manipur District 5,141,57473.63
manipur,2021,2,Manipur District 1,1072,434810.23
manipur,2021,2,Manipur District 2,498,202166.27
manipur,2021,2,Manipur District 3,281,114240.41
manipur,2021,2,Manipur District 4,212,86258.3
manipur,2021,2,Manipur District 5,173,70286.82
manipur,2021,3,Manipur District 1,1085,439885.65
manipur,2021,3,Manipur District 2,504,204526.1
manipur,2021,3,Manipur District 3,285,115573.91
manipur,2021,3,Manipur District 4,215,87265.17
manipur,2021,3,Manipur District 5,175,71107.26
manipur,2021,4,Manipur District 1,1211,491149.68
manipur,2021,4,Manipur District 2,563,228361.46
manipur,2021,4,Manipur District 3,318,129042.83
manipur,2021,4,Manipur District 4,240,97435.0
manipur,2021,4,Manipur District 5,195,79394.06
manipur,2022,1,Manipur District 1,1151,466924.97
manipur,2022,1,Manipur District 2,535,217098.11
manipur,2022,1,Manipur District 3,302,122678.12
manipur,2022,1,Manipur District 4,228,92629.27
manipur,2022,1,Manipur District 5,186,75478.15
manipur,2022,2,Manipur District 1,1237,501623.44
manipur,2022,2,Manipur District 2,575,233231.27
manipur,2022,2,Manipur District 3,325,131794.66
manipur,2022,2,Manipur District 4,245,99512.8
manipur,2022,2,Manipur District 5,200,81087.14
manipur,2022,3,Manipur District 1,1492,604650.96
manipur,2022,3,Manipur District 2,693,281134.21
manipur,2022,3,Manipur District 3,392,158863.73
manipur,2022,3,Manipur District 4,295,119951.56
manipur,2022,3,Manipur District 5,241,97741.47
manipur,2022,4,Manipur District 1,1644,666304.32
manipur,2022,4,Manipur District 2,764,309800.12
manipur,2022,4,Manipur District 3,432,175062.3
manipur,2022,4,Manipur District 4,326,132182.44
manipur,2022,4,Manipur District 5,265,107707.7
manipur,2023,1,Manipur District 1,1363,552690.41
manipur,2023,1,Manipur District 2,634,256975.0
manipur,2023,1,Manipur District 3,358,145211.81
manipur,2023,1,Manipur District 4,270,109643.55
manipur,2023,1,Manipur District 5,220,89342.08
manipur,2023,2,Manipur District 1,1571,636943.28
manipur,2023,2,Manipur District 2,730,296148.62
manipur,2023,2,Manipur District 3,412,167348.09
manipur,2023,2,Manipur District 4,311,126357.75
manipur,2023,2,Manipur District 5,254,102961.51
manipur,2023,3,Manipur District 1,1996,809229.62
manipur,2023,3,Manipur District 2,928,376253.65
manipur,2023,3,Manipur District 3,524,212613.96
manipur,2023,3,Manipur District 4,396,160536.17
manipur,2023,3,Manipur District 5,322,130811.5
manipur,2023,4,Manipur District 1,1848,749254.78
manipur,2023,4,Manipur District 2,859,348368.17
manipur,2023,4,Manipur District 3,485,196856.39
manipur,2023,4,Manipur District 4,366,148638.28
manipur,2023,4,Manipur District 5,298,121116.6
meghalaya,2020,1,Meghalaya District 1,666,278317.8
meghalaya,2020,1,Meghalaya District 2,317,132518.96
meghalaya,2020,1,Meghalaya District 3,199,83311.7
meghalaya,2020,1,Meghalaya District 4,142,59704.6
meghalaya,2020,1,Meghalaya District 5,97,40747.46
meghalaya,2020,2,Meghalaya District 1,693,289539.0
meghalaya,2020,2,Meghalaya District 2,330,137861.86
meghalaya,2020,2,Meghalaya District 3,207,86670.65
meghalaya,2020,2,Meghalaya District 4,148,62111.76
meghalaya,2020,2,Meghalaya District 5,101,42390.32
meghalaya,2020,3,Meghalaya District 1,796,332672.81
meghalaya,2020,3,Meghalaya District 2,379,158399.7
meghalaya,2020,3,Meghalaya District 3,238,99582.33
meghalaya,2020,3,Meghalaya District 4,170,71364.8
meghalaya,2020,3,Meghalaya District 5,116,48705.38
meghalaya,2020,4,Meghalaya District 1,1024,427836.15
meghalaya,2020,4,Meghalaya District 2,487,203711.02
meghalaya,2020,4,Meghalaya District 3,306,128068.54
meghalaya,2020,4,Meghalaya District 4,219,91779.2
meghalaya,2020,4,Meghalaya District 5,149,62637.88
meghalaya,2021,1,Meghalaya District 1,804,335831.53
meghalaya,2021,1,Meghalaya District 2,382,159903.7
meghalaya,2021,1,Meghalaya District 3,240,100527.87
meghalaya,2021,1,Meghalaya District 4,172,72042.41
meghalaya,2021,1,Meghalaya District 5,117,49167.83
meghalaya,2021,2,Meghalaya District 1,1026,428874.77
meghalaya,2021,2,Meghalaya District 2,488,204205.55
meghalaya,2021,2,Meghalaya District 3,307,128379.44
meghalaya,2021,2,Meghalaya District 4,220,92002.0
meghalaya,2021,2,Meghalaya District 5,150,62789.94
meghalaya,2021,3,Meghalaya District 1,1057,441619.54
meghalaya,2021,3,Meghalaya District 2,503,210273.88
meghalaya,2021,3,Meghalaya District 3,316,132194.47
meghalaya,2021,3,Meghalaya District 4,226,94736.0
meghalaya,2021,3,Meghalaya District 5,154,64655.86
meghalaya,2021,4,Meghalaya District 1,1189,496788.47
meghalaya,2021,4,Meghalaya District 2,566,236542.16
meghalaya,2021,4,Meghalaya District 3,356,148708.74
meghalaya,2021,4,Meghalaya District 4,255,106570.81
meghalaya,2021,4,Meghalaya District 5,174,72732.93
meghalaya,2022,1,Meghalaya District 1,1077,450348.7
meghalaya,2022,1,Meghalaya District 2,513,214430.2
meghalaya,2022,1,Meghalaya District 3,322,134807.45
meghalaya,2022,1,Meghalaya District 4,231,96608.58
meghalaya,2022,1,Meghalaya District 5,157,65933.86
meghalaya,2022,2,Meghalaya District 1,1188,496369.72
meghalaya,2022,2,Meghalaya District 2,565,236342.77
meghalaya,2022,2,Meghalaya District 3,355,148583.39
meghalaya,2022,2,Meghalaya District 4,254,106480.98
meghalaya,2022,2,Meghalaya District 5,173,72671.63
meghalaya,2022,3,Meghalaya District 1,1566,654272.81
meghalaya,2022,3,Meghalaya District 2,745,311527.16
meghalaya,2022,3,Meghalaya District 3,468,195850.13
meghalaya,2022,3,Meghalaya District 4,336,140354.28
meghalaya,2022,3,Meghalaya District 5,229,95789.63
meghalaya,2022,4,Meghalaya District 1,1595,666387.84
meghalaya,2022,4,Meghalaya District 2,759,317295.65
meghalaya,2022,4,Meghalaya District 3,477,199476.64
meghalaya,2022,4,Meghalaya District 4,342,142953.19
meghalaya,2022,4,Meghalaya District 5,233,97563.34
meghalaya,2023,1,Meghalaya District 1,1376,574920.9
meghalaya,2023,1,Meghalaya District 2,655,273744.34
meghalaya,2023,1,Meghalaya District 3,412,172096.91
meghalaya,2023,1,Meghalaya District 4,295,123331.74
meghalaya,2023,1,Meghalaya District 5,201,84172.01
meghalaya,2023,2,Meghalaya District 1,1373,573842.95
meghalaya,2023,2,Meghalaya District 2,654,273231.08
meghalaya,2023,2,Meghalaya District 3,411,171774.24
meghalaya,2023,2,Meghalaya District 4,294,123100.5
meghalaya,2023,2,Meghalaya District 5,201,84014.19
meghalaya,2023,3,Meghalaya District 1,1723,719765.12
meghalaya,2023,3,Meghalaya District 2,820,342710.84
meghalaya,2023,3,Meghalaya District 3,515,215454.61
meghalaya,2023,3,Meghalaya District 4,369,154403.65
meghalaya,2023,3,Meghalaya District 5,252,105378.11
meghalaya,2023,4,Meghalaya District 1,2195,916927.34
meghalaya,2023,4,Meghalaya District 2,1045,436588.18
meghalaya,2023,4,Meghalaya District 3,657,274473.18
meghalaya,2023,4,Meghalaya District 4,470,196698.79
meghalaya,2023,4,Meghalaya District 5,321,134243.89
mizoram,2020,1,Mizoram District 1,431,177808.55
mizoram,2020,1,Mizoram District 2,169,69930.51
mizoram,2020,1,Mizoram District 3,116,48085.66
mizoram,2020,1,Mizoram District 4,77,32066.59
mizoram,2020,1,Mizoram District 5,65,27072.09
mizoram,2020,2,Mizoram District 1,480,197881.6
mizoram,2020,2,Mizoram District 2,189,77825.06
mizoram,2020,2,Mizoram District 3,130,53514.11
mizoram,2020,2,Mizoram District 4,86,35686.64
mizoram,2020,2,Mizoram District 5,73,30128.29
mizoram,2020,3,Mizoram District 1,568,233924.96
mizoram,2020,3,Mizoram District 2,223,92000.59
mizoram,2020,3,Mizoram District 3,153,63261.5
mizoram,2020,3,Mizoram District 4,102,42186.82
mizoram,2020,3,Mizoram District 5,86,35616.04
mizoram,2020,4,Mizoram District 1,733,301922.78
mizoram,2020,4,Mizoram District 2,288,118743.53
mizoram,2020,4,Mizoram District 3,198,81650.49
mizoram,2020,4,Mizoram District 4,132,54449.77
mizoram,2020,4,Mizoram District 5,111,45968.99
mizoram,2021,1,Mizoram District 1,584,240580.69
mizoram,2021,1,Mizoram District 2,229,94618.23
mizoram,2021,1,Mizoram District 3,158,65061.45
mizoram,2021,1,Mizoram District 4,105,43387.13
mizoram,2021,1,Mizoram District 5,89,36629.41
mizoram,2021,2,Mizoram District 1,663,273109.32
mizoram,2021,2,Mizoram District 2,261,107411.45
mizoram,2021,2,Mizoram District 3,179,73858.33
mizoram,2021,2,Mizoram District 4,119,49253.46
mizoram,2021,2,Mizoram District 5,101,41582.03
mizoram,2021,3,Mizoram District 1,778,320635.89
mizoram,2021,3,Mizoram District 2,306,126103.23
mizoram,2021,3,Mizoram District 3,210,86711.18
mizoram,2021,3,Mizoram District 4,140,57824.56
mizoram,2021,3,Mizoram District 5,118,48818.14
mizoram,2021,4,Mizoram District 1,881,362496.37
mizoram,2021,4,Mizoram District 2,346,142566.58
mizoram,2021,4,Mizoram District 3,238,98031.71
mizoram,2021,4,Mizoram District 4,158,65373.82
mizoram,2021,4,Mizoram District 5,134,55191.57
mizoram,2022,1,Mizoram District 1,728,299858.57
mizoram,2022,1,Mizoram District 2,286,117931.69
mizoram,2022,1,Mizoram District 3,197,81092.26
mizoram,2022,1,Mizoram District 4,131,54077.51
mizoram,2022,1,Mizoram District 5,110,45654.71
mizoram,2022,2,Mizoram District 1,904,371994.82
mizoram,2022,2,Mizoram District 2,355,146302.23
mizoram,2022,2,Mizoram District 3,244,100600.43
mizoram,2022,2,Mizoram District 4,163,67086.8
mizoram,2022,2,Mizoram District 5,137,56637.75
mizoram,2022,3,Mizoram District 1,963,396416.22
mizoram,2022,3,Mizoram District 2,378,155906.95
mizoram,2022,3,Mizoram District 3,260,107204.83
mizoram,2022,3,Mizoram District 4,173,71491.04
mizoram,2022,3,Mizoram District 5,146,60356.01
mizoram,2022,4,Mizoram District 1,1100,452828.12
mizoram,2022,4,Mizoram District 2,432,178093.25
mizoram,2022,4,Mizoram District 3,297,122460.58
mizoram,2022,4,Mizoram District 4,198,81664.55
mizoram,2022,4,Mizoram District 5,167,68944.96
mizoram,2023,1,Mizoram District 1,1035,426094.42
mizoram,2023,1,Mizoram District 2,407,167579.12
mizoram,2023,1,Mizoram District 3,280,115230.86
mizoram,2023,1,Mizoram District 4,186,76843.31
mizoram,2023,1,Mizoram District 5,157,64874.64
mizoram,2023,2,Mizoram District 1,978,402499.49
mizoram,2023,2,Mizoram District 2,384,158299.44
mizoram,2023,2,Mizoram District 3,264,108849.96
mizoram,2023,2,Mizoram District 4,176,72588.12
mizoram,2023,2,Mizoram District 5,148,61282.21
mizoram,2023,3,Mizoram District 1,1089,448130.47
mizoram,2023,3,Mizoram District 2,428,176245.7
mizoram,2023,3,Mizoram District 3,294,121190.17
mizoram,2023,3,Mizoram District 4,196,80817.36
mizoram,2023,3,Mizoram District 5,165,68229.72
mizoram,2023,4,Mizoram District 1,1503,618503.04
mizoram,2023,4,Mizoram District 2,591,243251.71
mizoram,2023,4,Mizoram District 3,406,167264.88
mizoram,2023,4,Mizoram District 4,271,111542.93
mizoram,2023,4,Mizoram District 5,228,94169.65
nagaland,2020,1,Nagaland District 1,412,164747.09
nagaland,2020,1,Nagaland District 2,176,70496.94
nagaland,2020,1,Nagaland District 3,118,47386.84
nagaland,2020,1,Nagaland District 4,84,33881.51
nagaland,2020,1,Nagaland District 5,56,22449.2
nagaland,2020,2,Nagaland District 1,515,205668.89
nagaland,2020,2,Nagaland District 2,220,88007.79
nagaland,2020,2,Nagaland District 3,148,59157.33
nagaland,2020,2,Nagaland District 4,105,42297.39
nagaland,2020,2,Nagaland District 5,70,28025.4
nagaland,2020,3,Nagaland District 1,539,215422.17
nagaland,2020,3,Nagaland District 2,230,92181.32
nagaland,2020,3,Nagaland District 3,155,61962.7
nagaland,2020,3,Nagaland District 4,110,44303.22
nagaland,2020,3,Nagaland District 5,73,29354.42
nagaland,2020,4,Nagaland District 1,641,255915.17
nagaland,2020,4,Nagaland District 2,274,109508.68
nagaland,2020,4,Nagaland District 3,184,73609.86
nagaland,2020,4,Nagaland District 4,131,52630.92
nagaland,2020,4,Nagaland District 5,87,34872.19
nagaland,2021,1,Nagaland District 1,557,222597.16
nagaland,2021,1,Nagaland District 2,238,95251.57
nagaland,2021,1,Nagaland District 3,160,64026.47
nagaland,2021,1,Nagaland District 4,114,45778.82
nagaland,2021,1,Nagaland District 5,75,30332.12
nagaland,2021,2,Nagaland District 1,753,300892.68
nagaland,2021,2,Nagaland District 2,322,128755.01
nagaland,2021,2,Nagaland District 3,216,86546.91
nagaland,2021,2,Nagaland District 4,155,61880.89
nagaland,2021,2,Nagaland District 5,102,41001.03
nagaland,2021,3,Nagaland District 1,713,284776.99
nagaland,2021,3,Nagaland District 2,305,121858.95
nagaland,2021,3,Nagaland District 3,205,81911.5
nagaland,2021,3,Nagaland District 4,146,58566.58
nagaland,2021,3,Nagaland District 5,97,38805.03
nagaland,2021,4,Nagaland District 1,761,304046.77
nagaland,2021,4,Nagaland District 2,325,130104.68
nagaland,2021,4,Nagaland District 3,219,87454.14
nagaland,2021,4,Nagaland District 4,156,62529.56
nagaland,2021,4,Nagaland District 5,103,41430.82
nagaland,2022,1,Nagaland District 1,782,312106.65
nagaland,2022,1,Nagaland District 2,334,133553.58
nagaland,2022,1,Nagaland District 3,224,89772.43
nagaland,2022,1,Nagaland District 4,160,64187.13
nagaland,2022,1,Nagaland District 5,106,42529.1
nagaland,2022,2,Nagaland District 1,820,327692.22
nagaland,2022,2,Nagaland District 2,351,140222.8
nagaland,2022,2,Nagaland District 3,236,94255.37
nagaland,2022,2,Nagaland District 4,168,67392.42
nagaland,2022,2,Nagaland District 5,111,44652.86
nagaland,2022,3,Nagaland District 1,995,397474.91
nagaland,2022,3,Nagaland District 2,426,170083.52
nagaland,2022,3,Nagaland District 3,286,114327.23
nagaland,2022,3,Nagaland District 4,204,81743.77
nagaland,2022,3,Nagaland District 5,135,54161.77
nagaland,2022,4,Nagaland District 1,1079,430833.15
nagaland,2022,4,Nagaland District 2,461,184357.85
nagaland,2022,4,Nagaland District 3,310,123922.19
nagaland,2022,4,Nagaland District 4,222,88604.15
nagaland,2022,4,Nagaland District 5,147,58707.32
nagaland,2023,1,Nagaland District 1,948,378712.44
nagaland,2023,1,Nagaland District 2,405,162054.87
nagaland,2023,1,Nagaland District 3,272,108930.51
nagaland,2023,1,Nagaland District 4,195,77885.12
nagaland,2023,1,Nagaland District 5,129,51605.11
nagaland,2023,2,Nagaland District 1,1046,417715.18
nagaland,2023,2,Nagaland District 2,447,178744.54
nagaland,2023,2,Nagaland District 3,300,120149.02
nagaland,2023,2,Nagaland District 4,215,85906.34
nagaland,2023,2,Nagaland District 5,142,56919.81
nagaland,2023,3,Nagaland District 1,1053,420315.11
nagaland,2023,3,Nagaland District 2,450,179857.07
nagaland,2023,3,Nagaland District 3,302,120896.85
nagaland,2023,3,Nagaland District 4,216,86441.03
nagaland,2023,3,Nagaland District 5,143,57274.08
nagaland,2023,4,Nagaland District 1,1362,543693.15
nagaland,2023,4,Nagaland District 2,582,232651.78
nagaland,2023,4,Nagaland District 3,391,156384.54
nagaland,2023,4,Nagaland District 4,280,111814.67
nagaland,2023,4,Nagaland District 5,185,74086.15
odisha,2020,1,Odisha District 1,5636,2423874.22
odisha,2020,1,Odisha District 2,2324,999491.4
odisha,2020,1,Odisha District 3,1744,750342.56
odisha,2020,1,Odisha District 4,1244,535366.29
odisha,2020,1,Odisha District 5,965,415102.65
odisha,2020,2,Odisha District 1,6800,2924499.59
odisha,2020,2,Odisha District 2,2804,1205925.7
odisha,2020,2,Odisha District 3,2105,905317.82
odisha,2020,2,Odisha District 4,1502,645940.49
odisha,2020,2,Odisha District 5,1164,500837.67
odisha,2020,3,Odisha District 1,7666,3296582.8
odisha,2020,3,Odisha District 2,3161,1359355.26
odisha,2020,3,Odisha District 3,2373,1020501.14
odisha,2020,3,Odisha District 4,1693,728123.3
odisha,2020,3,Odisha District 5,1312,564559.1
odisha,2020,4,Odisha District 1,8305,3571549.64
odisha,2020,4,Odisha District 2,3424,1472738.62
odisha,2020,4,Odisha District 3,2571,1105620.78
odisha,2020,4,Odisha District 4,1834,788855.82
odisha,2020,4,Odisha District 5,1422,611648.78
odisha,2021,1,Odisha District 1,8717,3748869.06
odisha,2021,1,Odisha District 2,3594,1545856.78
odisha,2021,1,Odisha District 3,2698,1160512.37
odisha,2021,1,Odisha District 4,1925,828020.74
odisha,2021,1,Odisha District 5,1492,642015.77
odisha,2021,2,Odisha District 1,9658,4153233.67
odisha,2021,2,Odisha District 2,3982,1712597.68
odisha,2021,2,Odisha District 3,2989,1285688.83
odisha,2021,2,Odisha District 4,2133,917333.62
odisha,2021,2,Odisha District 5,1654,711265.57
odisha,2021,3,Odisha District 1,10467,4501080.07
odisha,2021,3,Odisha District 2,4316,1856033.12
odisha,2021,3,Odisha District 3,3240,1393369.31
odisha,2021,3,Odisha District 4,2312,994163.2
odisha,2021,3,Odisha District 5,1792,770836.3
odisha,2021,4,Odisha District 1,11373,4890623.67
odisha,2021,4,Odisha District 2,4689,2016662.53
odisha,2021,4,Odisha District 3,3520,1513957.73
odisha,2021,4,Odisha District 4,2512,1080202.53
odisha,2021,4,Odisha District 5,1947,837547.93
odisha,2022,1,Odisha District 1,10040,4317634.65
odisha,2022,1,Odisha District 2,4140,1780388.88
odisha,2022,1,Odisha District 3,3108,1336581.34
odisha,2022,1,Odisha District 4,2217,953645.21
odisha,2022,1,Odisha District 5,1719,739420.2
odisha,2022,2,Odisha District 1,10998,4729424.21
odisha,2022,2,Odisha District 2,4535,1950191.48
odisha,2022,2,Odisha District 3,3404,1464056.29
odisha,2022,2,Odisha District 4,2429,1044598.06
odisha,2022,2,Odisha District 5,1883,809941.58
odisha,2022,3,Odisha District 1,12536,5390815.96
odisha,2022,3,Odisha District 2,5169,2222918.24
odisha,2022,3,Odisha District 3,3880,1668798.91
odisha,2022,3,Odisha District 4,2768,1190681.07
odisha,2022,3,Odisha District 5,2146,923208.78
odisha,2022,4,Odisha District 1,13814,5940374.09
odisha,2022,4,Odisha District 2,5696,2449530.09
odisha,2022,4,Odisha District 3,4276,1838921.96
odisha,2022,4,Odisha District 4,3051,1312063.15
odisha,2022,4,Odisha District 5,2365,1017323.83
odisha,2023,1,Odisha District 1,12661,5444715.81
odisha,2023,1,Odisha District 2,5221,2245144.0
odisha,2023,1,Odisha District 3,3919,1685484.33
odisha,2023,1,Odisha District 4,2796,1202586.04
odisha,2023,1,Odisha District 5,2168,932439.45
odisha,2023,2,Odisha District 1,12661,5444549.23
odisha,2023,2,Odisha District 2,5221,2245075.31
odisha,2023,2,Odisha District 3,3919,1685432.76
odisha,2023,2,Odisha District 4,2796,1202549.25
odisha,2023,2,Odisha District 5,2168,932410.92
odisha,2023,3,Odisha District 1,16398,7051573.96
odisha,2023,3,Odisha District 2,6762,2907736.51
odisha,2023,3,Odisha District 3,5076,2182908.68
odisha,2023,3,Odisha District 4,3622,1557496.24
odisha,2023,3,Odisha District 5,2808,1207623.31
odisha,2023,4,Odisha District 1,18394,7909524.04
odisha,2023,4,Odisha District 2,7584,3261514.65
odisha,2023,4,Odisha District 3,5694,2448498.56
odisha,2023,4,Odisha District 4,4062,1746993.52
odisha,2023,4,Odisha District 5,3150,1354552.28
puducherry,2020,1,Puducherry District 1,685,422317.84
puducherry,2020,1,Puducherry District 2,303,186858.11
puducherry,2020,1,Puducherry District 3,202,124547.55
puducherry,2020,1,Puducherry District 4,150,92849.84
puducherry,2020,1,Puducherry District 5,109,67359.28
puducherry,2020,2,Puducherry District 1,749,461995.38
puducherry,2020,2,Puducherry District 2,331,204413.78
puducherry,2020,2,Puducherry District 3,221,136249.02
puducherry,2020,2,Puducherry District 4,164,101573.26
puducherry,2020,2,Puducherry District 5,119,73687.81
puducherry,2020,3,Puducherry District 1,950,585655.15
puducherry,2020,3,Puducherry District 2,420,259128.09
puducherry,2020,3,Puducherry District 3,280,172718.05
puducherry,2020,3,Puducherry District 4,208,128760.81
puducherry,2020,3,Puducherry District 5,151,93411.42
puducherry,2020,4,Puducherry District 1,1147,707131.12
puducherry,2020,4,Puducherry District 2,507,312876.16
puducherry,2020,4,Puducherry District 3,338,208543.04
puducherry,2020,4,Puducherry District 4,252,155468.24
puducherry,2020,4,Puducherry District 5,183,112786.72
puducherry,2021,1,Puducherry District 1,987,608585.93
puducherry,2021,1,Puducherry District 2,437,269274.01
puducherry,2021,1,Puducherry District 3,291,179480.66
puducherry,2021,1,Puducherry District 4,217,133802.32
puducherry,2021,1,Puducherry District 5,157,97068.86
puducherry,2021,2,Puducherry District 1,1044,643662.56
puducherry,2021,2,Puducherry District 2,462,284793.96
puducherry,2021,2,Puducherry District 3,308,189825.26
puducherry,2021,2,Puducherry District 4,229,141514.19
puducherry,2021,2,Puducherry District 5,166,102663.55
puducherry,2021,3,Puducherry District 1,1342,827172.93
puducherry,2021,3,Puducherry District 2,594,365989.68
puducherry,2021,3,Puducherry District 3,395,243945.08
puducherry,2021,3,Puducherry District 4,295,181860.36
puducherry,2021,3,Puducherry District 5,214,131933.27
puducherry,2021,4,Puducherry District 1,1354,834804.66
puducherry,2021,4,Puducherry District 2,599,369366.4
puducherry,2021,4,Puducherry District 3,399,246195.79
puducherry,2021,4,Puducherry District 4,297,183538.26
puducherry,2021,4,Puducherry District 5,216,133150.52
puducherry,2022,1,Puducherry District 1,1233,759835.86
puducherry,2022,1,Puducherry District 2,545,336195.82
puducherry,2022,1,Puducherry District 3,363,224086.42
puducherry,2022,1,Puducherry District 4,271,167055.79
puducherry,2022,1,Puducherry District 5,196,121193.08
puducherry,2022,2,Puducherry District 1,1342,827235.2
puducherry,2022,2,Puducherry District 2,594,366017.23
puducherry,2022,2,Puducherry District 3,395,243963.45
puducherry,2022,2,Puducherry District 4,295,181874.05
puducherry,2022,2,Puducherry District 5,214,131943.2
puducherry,2022,3,Puducherry District 1,1412,869944.23
puducherry,2022,3,Puducherry District 2,624,384914.21
puducherry,2022,3,Puducherry District 3,416,256558.95
puducherry,2022,3,Puducherry District 4,310,191263.97
puducherry,2022,3,Puducherry District 5,225,138755.25
puducherry,2022,4,Puducherry District 1,1792,1104342.01
puducherry,2022,4,Puducherry District 2,793,488625.49
puducherry,2022,4,Puducherry District 3,528,325686.2
puducherry,2022,4,Puducherry District 4,394,242798.13
puducherry,2022,4,Puducherry District 5,285,176141.47
puducherry,2023,1,Puducherry District 1,1430,881166.25
puducherry,2023,1,Puducherry District 2,632,389879.48
puducherry,2023,1,Puducherry District 3,421,259868.48
puducherry,2023,1,Puducherry District 4,314,193731.21
puducherry,2023,1,Puducherry District 5,228,140545.15
puducherry,2023,2,Puducherry District 1,1805,1112324.21
puducherry,2023,2,Puducherry District 2,798,492157.28
puducherry,2023,2,Puducherry District 3,532,328040.26
puducherry,2023,2,Puducherry District 4,396,244553.08
puducherry,2023,2,Puducherry District 5,287,177414.62
puducherry,2023,3,Puducherry District 1,1860,1146328.48
puducherry,2023,3,Puducherry District 2,823,507202.76
puducherry,2023,3,Puducherry District 3,548,338068.61
puducherry,2023,3,Puducherry District 4,409,252029.18
puducherry,2023,3,Puducherry District 5,296,182838.27
puducherry,2023,4,Puducherry District 1,2313,1425049.85
puducherry,2023,4,Puducherry District 2,1023,630525.4
puducherry,2023,4,Puducherry District 3,682,420267.51
puducherry,2023,4,Puducherry District 4,508,313308.23
puducherry,2023,4,Puducherry District 5,368,227294.06
punjab,2020,1,Ludhiana,7942,4498768.36
punjab,2020,1,Amritsar,3335,1889025.14
punjab,2020,1,Jalandhar,2361,1337513.47
punjab,2020,1,Patiala,1630,923448.24
punjab,2020,1,Mohali,1217,689624.37
punjab,2020,2,Ludhiana,8715,4936394.25
punjab,2020,2,Amritsar,3659,2072783.5
punjab,2020,2,Jalandhar,2591,1467622.53
punjab,2020,2,Patiala,1788,1013278.35
punjab,2020,2,Mohali,1335,756708.84
punjab,2020,3,Ludhiana,9067,5135707.64
punjab,2020,3,Amritsar,3807,2156474.85
punjab,2020,3,Jalandhar,2695,1526879.71
punjab,2020,3,Patiala,1861,1054190.8
punjab,2020,3,Mohali,1389,787261.95
punjab,2020,4,Ludhiana,10559,5981156.82
punjab,2020,4,Amritsar,4433,2511477.51
punjab,2020,4,Jalandhar,3139,1778237.32
punjab,2020,4,Patiala,2167,1227733.53
punjab,2020,4,Mohali,1618,916862.39
punjab,2021,1,Ludhiana,11081,6276474.34
punjab,2021,1,Amritsar,4652,2635480.84
punjab,2021,1,Jalandhar,3294,1866037.17
punjab,2021,1,Patiala,2274,1288352.44
punjab,2021,1,Mohali,1698,962132.15
punjab,2021,2,Ludhiana,10110,5727077.3
punjab,2021,2,Amritsar,4245,2404789.96
punjab,2021,2,Jalandhar,3006,1702697.81
punjab,2021,2,Patiala,2075,1175579.42
punjab,2021,2,Mohali,1549,877914.08
punjab,2021,3,Ludhiana,11287,6393676.65
punjab,2021,3,Amritsar,4739,2684693.89
punjab,2021,3,Jalandhar,3355,1900882.19
punjab,2021,3,Patiala,2317,1312410.2
punjab,2021,3,Mohali,1730,980098.3
punjab,2021,4,Ludhiana,15053,8526416.8
punjab,2021,4,Amritsar,6320,3580227.83
punjab,2021,4,Jalandhar,4475,2534959.88
punjab,2021,4,Patiala,3089,1750191.16
punjab,2021,4,Mohali,2307,1307029.91
punjab,2022,1,Ludhiana,13449,7617756.74
punjab,2022,1,Amritsar,5647,3198683.02
punjab,2022,1,Jalandhar,3998,2264809.26
punjab,2022,1,Patiala,2760,1563673.33
punjab,2022,1,Mohali,2061,1167739.76
punjab,2022,2,Ludhiana,14694,8323294.16
punjab,2022,2,Amritsar,6170,3494936.98
punjab,2022,2,Jalandhar,4368,2474570.18
punjab,2022,2,Patiala,3016,1708496.81
punjab,2022,2,Mohali,2252,1275892.87
punjab,2022,3,Ludhiana,14500,8213327.65
punjab,2022,3,Amritsar,6088,3448762.23
punjab,2022,3,Jalandhar,4311,2441876.41
punjab,2022,3,Patiala,2976,1685924.32
punjab,2022,3,Mohali,2222,1259035.91
punjab,2022,4,Ludhiana,19306,10935081.7
punjab,2022,4,Amritsar,8106,4591622.1
punjab,2022,4,Jalandhar,5739,3251071.82
punjab,2022,4,Patiala,3962,2244610.35
punjab,2022,4,Mohali,2959,1676258.53
punjab,2023,1,Ludhiana,14982,8486176.83
punjab,2023,1,Amritsar,6291,3563331.13
punjab,2023,1,Jalandhar,4454,2522996.27
punjab,2023,1,Patiala,3075,1741931.23
punjab,2023,1,Mohali,2296,1300861.45
punjab,2023,2,Ludhiana,18088,10245620.56
punjab,2023,2,Amritsar,7595,4302118.54
punjab,2023,2,Jalandhar,5377,3046090.49
punjab,2023,2,Patiala,3713,2103086.79
punjab,2023,2,Mohali,2772,1570569.78
punjab,2023,3,Ludhiana,20792,11777300.45
punjab,2023,3,Amritsar,8730,4945268.31
punjab,2023,3,Jalandhar,6181,3501469.01
punjab,2023,3,Patiala,4268,2417489.98
punjab,2023,3,Mohali,3187,1805363.77
punjab,2023,4,Ludhiana,21789,12341597.16
punjab,2023,4,Amritsar,9149,5182215.53
punjab,2023,4,Jalandhar,6478,3669238.14
punjab,2023,4,Patiala,4472,2533321.42
punjab,2023,4,Mohali,3340,1891865.83
rajasthan,2020,1,Jaipur,9819,4709703.85
rajasthan,2020,1,Jodhpur,5088,2440369.67
rajasthan,2020,1,Udaipur,2992,1435340.27
rajasthan,2020,1,Kota,2276,1091721.66
rajasthan,2020,1,Ajmer,1561,748899.04
rajasthan,2020,1,Bikaner,1210,580382.23
rajasthan,2020,1,Alwar,1158,555511.59
rajasthan,2020,2,Jaipur,11990,5750575.53
rajasthan,2020,2,Jodhpur,6212,2979705.43
rajasthan,2020,2,Udaipur,3654,1752558.74
rajasthan,2020,2,Kota,2779,1332998.43
rajasthan,2020,2,Ajmer,1906,914410.04
rajasthan,2020,2,Bikaner,1477,708650.05
rajasthan,2020,2,Alwar,1414,678282.85
rajasthan,2020,3,Jaipur,13038,6253285.32
rajasthan,2020,3,Jodhpur,6755,3240188.41
rajasthan,2020,3,Udaipur,3973,1905765.75
rajasthan,2020,3,Kota,3022,1449527.88
rajasthan,2020,3,Ajmer,2073,994346.89
rajasthan,2020,3,Bikaner,1606,770599.55
rajasthan,2020,3,Alwar,1537,737577.69
rajasthan,2020,4,Jaipur,13568,6507732.62
rajasthan,2020,4,Jodhpur,7030,3372032.26
rajasthan,2020,4,Udaipur,4135,1983311.7
rajasthan,2020,4,Kota,3145,1508509.43
rajasthan,2020,4,Ajmer,2157,1034807.04
rajasthan,2020,4,Bikaner,1672,801955.39
rajasthan,2020,4,Alwar,1600,767589.86
rajasthan,2021,1,Jaipur,13174,6318517.23
rajasthan,2021,1,Jodhpur,6826,3273988.84
rajasthan,2021,1,Udaipur,4015,1925645.97
rajasthan,2021,1,Kota,3053,1464648.8
rajasthan,2021,1,Ajmer,2094,1004719.54
rajasthan,2021,1,Bikaner,1623,778638.16
rajasthan,2021,1,Alwar,1553,745271.82
rajasthan,2021,2,Jaipur,14826,7111088.32
rajasthan,2021,2,Jodhpur,7682,3684665.71
rajasthan,2021,2,Udaipur,4518,2167191.78
rajasthan,2021,2,Kota,3436,1648368.85
rajasthan,2021,2,Ajmer,2357,1130747.79
rajasthan,2021,2,Bikaner,1827,876307.61
rajasthan,2021,2,Alwar,1748,838755.92
rajasthan,2021,3,Jaipur,17033,8169561.17
rajasthan,2021,3,Jodhpur,8826,4233121.64
rajasthan,2021,3,Udaipur,5191,2489774.42
rajasthan,2021,3,Kota,3948,1893725.63
rajasthan,2021,3,Ajmer,2708,1299057.58
rajasthan,2021,3,Bikaner,2099,1006744.43
rajasthan,2021,3,Alwar,2009,963603.24
rajasthan,2021,4,Jaipur,18405,8827365.07
rajasthan,2021,4,Jodhpur,9536,4573967.85
rajasthan,2021,4,Udaipur,5609,2690248.26
rajasthan,2021,4,Kota,4266,2046206.29
rajasthan,2021,4,Ajmer,2926,1403656.24
rajasthan,2021,4,Bikaner,2268,1087806.37
rajasthan,2021,4,Alwar,2170,1041191.5
rajasthan,2022,1,Jaipur,16695,8007442.37
rajasthan,2022,1,Jodhpur,8651,4149118.53
rajasthan,2022,1,Udaipur,5088,2440366.72
rajasthan,2022,1,Kota,3870,1856146.07
rajasthan,2022,1,Ajmer,2654,1273278.76
rajasthan,2022,1,Bikaner,2057,986766.35
rajasthan,2022,1,Alwar,1969,944481.26
rajasthan,2022,2,Jaipur,19706,9451488.71
rajasthan,2022,2,Jodhpur,10211,4897362.37
rajasthan,2022,2,Udaipur,6005,2880457.63
rajasthan,2022,2,Kota,4568,2190879.78
rajasthan,2022,2,Ajmer,3133,1502899.34
rajasthan,2022,2,Bikaner,2428,1164717.84
rajasthan,2022,2,Alwar,2324,1114807.15
rajasthan,2022,3,Jaipur,21841,10475251.92
rajasthan,2022,3,Jodhpur,11317,5427833.24
rajasthan,2022,3,Udaipur,6656,3192462.08
rajasthan,2022,3,Kota,5062,2428190.77
rajasthan,2022,3,Ajmer,3473,1665689.89
rajasthan,2022,3,Bikaner,2691,1290877.36
rajasthan,2022,3,Alwar,2576,1235560.46
rajasthan,2022,4,Jaipur,24152,11583840.81
rajasthan,2022,4,Jodhpur,12514,6002257.19
rajasthan,2022,4,Udaipur,7360,3530318.21
rajasthan,2022,4,Kota,5598,2685164.57
rajasthan,2022,4,Ajmer,3840,1841968.73
rajasthan,2022,4,Bikaner,2976,1427490.05
rajasthan,2022,4,Alwar,2848,1366318.99
rajasthan,2023,1,Jaipur,21744,10428902.07
rajasthan,2023,1,Jodhpur,11267,5403816.7
rajasthan,2023,1,Udaipur,6627,3178336.4
rajasthan,2023,1,Kota,5040,2417446.75
rajasthan,2023,1,Ajmer,3457,1658319.71
rajasthan,2023,1,Bikaner,2679,1285165.62
rajasthan,2023,1,Alwar,2564,1230093.47
rajasthan,2023,2,Jaipur,20917,10032150.82
rajasthan,2023,2,Jodhpur,10838,5198236.96
rajasthan,2023,2,Udaipur,6374,3057421.56
rajasthan,2023,2,Kota,4848,2325478.77
rajasthan,2023,2,Ajmer,3326,1595231.53
rajasthan,2023,2,Bikaner,2577,1236273.5
rajasthan,2023,2,Alwar,2467,1183296.49
rajasthan,2023,3,Jaipur,25076,12026607.26
rajasthan,2023,3,Jodhpur,12993,6231680.07
rajasthan,2023,3,Udaipur,7642,3665256.74
rajasthan,2023,3,Kota,5812,2787798.99
rajasthan,2023,3,Ajmer,3987,1912373.88
rajasthan,2023,3,Bikaner,3090,1482052.67
rajasthan,2023,3,Alwar,2957,1418543.49
rajasthan,2023,4,Jaipur,30783,14763759.88
rajasthan,2023,4,Jodhpur,15950,7649956.98
rajasthan,2023,4,Udaipur,9381,4499437.72
rajasthan,2023,4,Kota,7135,3422278.12
rajasthan,2023,4,Ajmer,4894,2347613.76
rajasthan,2023,4,Bikaner,3793,1819355.14
rajasthan,2023,4,Alwar,3630,1741391.81
sikkim,2020,1,Sikkim District 1,404,186615.31
sikkim,2020,1,Sikkim District 2,215,99316.72
sikkim,2020,1,Sikkim District 3,117,54120.33
sikkim,2020,1,Sikkim District 4,90,41868.68
sikkim,2020,1,Sikkim District 5,72,33498.73
sikkim,2020,2,Sikkim District 1,447,206597.75
sikkim,2020,2,Sikkim District 2,238,109951.38
sikkim,2020,2,Sikkim District 3,129,59915.44
sikkim,2020,2,Sikkim District 4,100,46351.91
sikkim,2020,2,Sikkim District 5,80,37085.72
sikkim,2020,3,Sikkim District 1,624,287896.02
sikkim,2020,3,Sikkim District 2,332,153218.34
sikkim,2020,3,Sikkim District 3,181,83492.76
sikkim,2020,3,Sikkim District 4,140,64591.84
sikkim,2020,3,Sikkim District 5,112,51679.32
sikkim,2020,4,Sikkim District 1,659,303971.2
sikkim,2020,4,Sikkim District 2,350,161773.55
sikkim,2020,4,Sikkim District 3,191,88154.72
sikkim,2020,4,Sikkim District 4,147,68198.44
sikkim,2020,4,Sikkim District 5,118,54564.92
sikkim,2021,1,Sikkim District 1,637,294188.82
sikkim,2021,1,Sikkim District 2,339,156567.37
sikkim,2021,1,Sikkim District 3,184,85317.73
sikkim,2021,1,Sikkim District 4,143,66003.68
sikkim,2021,1,Sikkim District 5,114,52808.92
sikkim,2021,2,Sikkim District 1,735,339193.88
sikkim,2021,2,Sikkim District 2,391,180519.07
sikkim,2021,2,Sikkim District 3,213,98369.66
sikkim,2021,2,Sikkim District 4,164,76100.94
sikkim,2021,2,Sikkim District 5,132,60887.64
sikkim,2021,3,Sikkim District 1,689,317770.52
sikkim,2021,3,Sikkim District 2,366,169117.56
sikkim,2021,3,Sikkim District 3,199,92156.67
sikkim,2021,3,Sikkim District 4,154,71294.43
sikkim,2021,3,Sikkim District 5,123,57042.0
sikkim,2021,4,Sikkim District 1,817,377032.9
sikkim,2021,4,Sikkim District 2,435,200657.01
sikkim,2021,4,Sikkim District 3,237,109343.35
sikkim,2021,4,Sikkim District 4,183,84590.44
sikkim,2021,4,Sikkim District 5,146,67680.0
sikkim,2022,1,Sikkim District 1,747,344634.29
sikkim,2022,1,Sikkim District 2,397,183414.46
sikkim,2022,1,Sikkim District 3,216,99947.43
sikkim,2022,1,Sikkim District 4,167,77321.54
sikkim,2022,1,Sikkim District 5,134,61864.23
sikkim,2022,2,Sikkim District 1,895,412834.49
sikkim,2022,2,Sikkim District 2,476,219710.63
sikkim,2022,2,Sikkim District 3,259,119726.18
sikkim,2022,2,Sikkim District 4,200,92622.82
sikkim,2022,2,Sikkim District 5,160,74106.63
sikkim,2022,3,Sikkim District 1,939,433097.1
sikkim,2022,3,Sikkim District 2,499,230494.4
sikkim,2022,3,Sikkim District 3,272,125602.54
sikkim,2022,3,Sikkim District 4,210,97168.9
sikkim,2022,3,Sikkim District 5,168,77743.91
sikkim,2022,4,Sikkim District 1,1165,537373.23
sikkim,2022,4,Sikkim District 2,620,285990.18
sikkim,2022,4,Sikkim District 3,337,155843.67
sikkim,2022,4,Sikkim District 4,261,120564.11
sikkim,2022,4,Sikkim District 5,209,96462.19
sikkim,2023,1,Sikkim District 1,932,430030.59
sikkim,2023,1,Sikkim District 2,496,228862.4
sikkim,2023,1,Sikkim District 3,270,124713.22
sikkim,2023,1,Sikkim District 4,209,96480.91
sikkim,2023,1,Sikkim District 5,167,77193.45
sikkim,2023,2,Sikkim District 1,976,450341.45
sikkim,2023,2,Sikkim District 2,519,239671.84
sikkim,2023,2,Sikkim District 3,283,130603.57
sikkim,2023,2,Sikkim District 4,219,101037.81
sikkim,2023,2,Sikkim District 5,175,80839.39
sikkim,2023,3,Sikkim District 1,1234,569119.62
sikkim,2023,3,Sikkim District 2,656,302885.61
sikkim,2023,3,Sikkim District 3,358,165050.44
sikkim,2023,3,Sikkim District 4,276,127686.67
sikkim,2023,3,Sikkim District 5,221,102160.89
sikkim,2023,4,Sikkim District 1,1194,550610.25
sikkim,2023,4,Sikkim District 2,635,293034.92
sikkim,2023,4,Sikkim District 3,346,159682.54
sikkim,2023,4,Sikkim District 4,267,123533.94
sikkim,2023,4,Sikkim District 5,214,98838.33
tamil-nadu,2020,1,Chennai,15081,10038437.77
tamil-nadu,2020,1,Coimbatore,7367,4903835.02
tamil-nadu,2020,1,Kancheepuram,4544,3024645.89
tamil-nadu,2020,1,Salem,3100,2064023.53
tamil-nadu,2020,1,Erode,2370,1577801.15
tamil-nadu,2020,1,Madurai,1949,1297272.94
tamil-nadu,2020,1,Tiruppur,1777,1183034.31
tamil-nadu,2020,2,Chennai,18375,12231163.33
tamil-nadu,2020,2,Coimbatore,8976,5974994.16
tamil-nadu,2020,2,Kancheepuram,5536,3685328.21
tamil-nadu,2020,2,Salem,3778,2514874.27
tamil-nadu,2020,2,Erode,2888,1922444.91
tamil-nadu,2020,2,Madurai,2374,1580640.09
tamil-nadu,2020,2,Tiruppur,2165,1441447.98
tamil-nadu,2020,3,Chennai,21684,14433069.64
tamil-nadu,2020,3,Coimbatore,10592,7050638.15
tamil-nadu,2020,3,Kancheepuram,6533,4348776.75
tamil-nadu,2020,3,Salem,4458,2967612.69
tamil-nadu,2020,3,Erode,3408,2268531.66
tamil-nadu,2020,3,Madurai,2802,1865193.68
tamil-nadu,2020,3,Tiruppur,2555,1700943.61
tamil-nadu,2020,4,Chennai,25191,16767316.71
tamil-nadu,2020,4,Coimbatore,12306,8190931.37
tamil-nadu,2020,4,Kancheepuram,7590,5052100.41
tamil-nadu,2020,4,Salem,5179,3447561.96
tamil-nadu,2020,4,Erode,3959,2635419.2
tamil-nadu,2020,4,Madurai,3255,2166849.74
tamil-nadu,2020,4,Tiruppur,2968,1976035.65
tamil-nadu,2021,1,Chennai,19692,13107334.42
tamil-nadu,2021,1,Coimbatore,9619,6403008.81
tamil-nadu,2021,1,Kancheepuram,5933,3949324.19
tamil-nadu,2021,1,Salem,4048,2695025.59
tamil-nadu,2021,1,Erode,3095,2060157.95
tamil-nadu,2021,1,Madurai,2544,1693868.17
tamil-nadu,2021,1,Tiruppur,2320,1544705.13
tamil-nadu,2021,2,Chennai,21019,13990789.36
tamil-nadu,2021,2,Coimbatore,10268,6834581.67
tamil-nadu,2021,2,Kancheepuram,6333,4215514.85
tamil-nadu,2021,2,Salem,4321,2876674.55
tamil-nadu,2021,2,Erode,3303,2199015.83
tamil-nadu,2021,2,Madurai,2716,1808037.55
tamil-nadu,2021,2,Tiruppur,2477,1648820.68
tamil-nadu,2021,3,Chennai,26902,17906544.02
tamil-nadu,2021,3,Coimbatore,13142,8747450.51
tamil-nadu,2021,3,Kancheepuram,8105,5395356.93
tamil-nadu,2021,3,Salem,5531,3681800.8
tamil-nadu,2021,3,Erode,4228,2814478.35
tamil-nadu,2021,3,Madurai,3476,2314072.72
tamil-nadu,2021,3,Tiruppur,3170,2110294.09
tamil-nadu,2021,4,Chennai,28811,19176977.49
tamil-nadu,2021,4,Coimbatore,14074,9368064.63
tamil-nadu,2021,4,Kancheepuram,8681,5778146.71
tamil-nadu,2021,4,Salem,5923,3943017.2
tamil-nadu,2021,4,Erode,4528,3014159.96
tamil-nadu,2021,4,Madurai,3723,2478251.55
tamil-nadu,2021,4,Tiruppur,3395,2260015.23
tamil-nadu,2022,1,Chennai,26756,17809241.66
tamil-nadu,2022,1,Coimbatore,13070,8699917.75
tamil-nadu,2022,1,Kancheepuram,8061,5366039.1
tamil-nadu,2022,1,Salem,5501,3661794.26
tamil-nadu,2022,1,Erode,4205,2799184.76
tamil-nadu,2022,1,Madurai,3457,2301498.28
tamil-nadu,2022,1,Tiruppur,3153,2098826.96
tamil-nadu,2022,2,Chennai,27284,18160569.86
tamil-nadu,2022,2,Coimbatore,13328,8871543.61
tamil-nadu,2022,2,Kancheepuram,8220,5471896.55
tamil-nadu,2022,2,Salem,5610,3734031.57
tamil-nadu,2022,2,Erode,4288,2854405.11
tamil-nadu,2022,2,Madurai,3525,2346900.62
tamil-nadu,2022,2,Tiruppur,3215,2140231.15
tamil-nadu,2022,3,Chennai,36439,24254374.88
tamil-nadu,2022,3,Coimbatore,17801,11848402.67
tamil-nadu,2022,3,Kancheepuram,10979,7307999.21
tamil-nadu,2022,3,Salem,7492,4986991.16
tamil-nadu,2022,3,Erode,5727,3812204.8
tamil-nadu,2022,3,Madurai,4709,3134406.46
tamil-nadu,2022,3,Tiruppur,4294,2858388.75
tamil-nadu,2022,4,Chennai,36825,24511217.25
tamil-nadu,2022,4,Coimbatore,17989,11973871.66
tamil-nadu,2022,4,Kancheepuram,11095,7385387.47
tamil-nadu,2022,4,Salem,7571,5039801.04
tamil-nadu,2022,4,Erode,5788,3852574.25
tamil-nadu,2022,4,Madurai,4759,3167598.35
tamil-nadu,2022,4,Tiruppur,4339,2888657.73
tamil-nadu,2023,1,Chennai,33678,22416658.44
tamil-nadu,2023,1,Coimbatore,16452,10950667.54
tamil-nadu,2023,1,Kancheepuram,10147,6754283.42
tamil-nadu,2023,1,Salem,6924,4609134.56
tamil-nadu,2023,1,Erode,5293,3523359.95
tamil-nadu,2023,1,Madurai,4352,2896917.34
tamil-nadu,2023,1,Tiruppur,3969,2641813.06
tamil-nadu,2023,2,Chennai,33902,22565729.15
tamil-nadu,2023,2,Coimbatore,16561,11023489.45
tamil-nadu,2023,2,Kancheepuram,10215,6799199.38
tamil-nadu,2023,2,Salem,6970,4639785.29
tamil-nadu,2023,2,Erode,5328,3546790.28
tamil-nadu,2023,2,Madurai,4381,2916181.83
tamil-nadu,2023,2,Tiruppur,3995,2659381.11
tamil-nadu,2023,3,Chennai,43359,28859887.19
tamil-nadu,2023,3,Coimbatore,21181,14098222.12
tamil-nadu,2023,3,Kancheepuram,13064,8695669.7
tamil-nadu,2023,3,Salem,8915,5933939.88
tamil-nadu,2023,3,Erode,6815,4536080.65
tamil-nadu,2023,3,Madurai,5603,3729579.4
tamil-nadu,2023,3,Tiruppur,5109,3401150.4
tamil-nadu,2023,4,Chennai,54499,36274927.82
tamil-nadu,2023,4,Coimbatore,26623,17720512.43
tamil-nadu,2023,4,Kancheepuram,16420,10929869.15
tamil-nadu,2023,4,Salem,11205,7458561.4
tamil-nadu,2023,4,Erode,8565,5701546.82
tamil-nadu,2023,4,Madurai,7042,4687829.26
tamil-nadu,2023,4,Tiruppur,6422,4275016.2
telangana,2020,1,Hyderabad,15468,10487502.77
telangana,2020,1,Rangareddy,7084,4803275.77
telangana,2020,1,Medchal Malkajgiri,4475,3034129.26
telangana,2020,1,Warangal Urban,3630,2461816.92
telangana,2020,1,Karimnagar,2433,1649889.8
telangana,2020,1,Khammam,2235,1515798.95
telangana,2020,2,Hyderabad,17301,11730807.28
telangana,2020,2,Rangareddy,7924,5372709.18
telangana,2020,2,Medchal Malkajgiri,5005,3393828.48
telangana,2020,2,Warangal Urban,4061,2753667.91
telangana,2020,2,Karimnagar,2721,1845485.98
telangana,2020,2,Khammam,2500,1695498.51
telangana,2020,3,Hyderabad,18040,12231305.48
telangana,2020,3,Rangareddy,8262,5601937.33
telangana,2020,3,Medchal Malkajgiri,5219,3538627.13
telangana,2020,3,Warangal Urban,4234,2871153.93
telangana,2020,3,Karimnagar,2838,1924224.15
telangana,2020,3,Khammam,2607,1767837.44
telangana,2020,4,Hyderabad,23130,15682575.29
telangana,2020,4,Rangareddy,10593,7182618.74
telangana,2020,4,Medchal Malkajgiri,6691,4537110.65
telangana,2020,4,Warangal Urban,5429,3681298.59
telangana,2020,4,Karimnagar,3638,2467176.56
telangana,2020,4,Khammam,3343,2266662.68
telangana,2021,1,Hyderabad,18293,12402996.34
telangana,2021,1,Rangareddy,8378,5680571.73
telangana,2021,1,Medchal Malkajgiri,5292,3588298.84
telangana,2021,1,Warangal Urban,4294,2911456.32
telangana,2021,1,Karimnagar,2877,1951234.49
telangana,2021,1,Khammam,2643,1792652.57
telangana,2021,2,Hyderabad,19610,13296191.65
telangana,2021,2,Rangareddy,8981,6089655.14
telangana,2021,2,Medchal Malkajgiri,5673,3846708.31
telangana,2021,2,Warangal Urban,4603,3121123.33
telangana,2021,2,Karimnagar,3085,2091751.63
telangana,2021,2,Khammam,2834,1921749.51
telangana,2021,3,Hyderabad,24811,16821987.7
telangana,2021,3,Rangareddy,11363,7704469.57
telangana,2021,3,Medchal Malkajgiri,7178,4866752.95
telangana,2021,3,Warangal Urban,5824,3948762.15
telangana,2021,3,Karimnagar,3903,2646428.47
telangana,2021,3,Khammam,3586,2431346.32
telangana,2021,4,Hyderabad,28435,19279424.41
telangana,2021,4,Rangareddy,13023,8829975.46
telangana,2021,4,Medchal Malkajgiri,8226,5577711.58
telangana,2021,4,Warangal Urban,6674,4525616.27
telangana,2021,4,Karimnagar,4473,3033031.44
telangana,2021,4,Khammam,4109,2786529.06
telangana,2022,1,Hyderabad,24028,16291444.25
telangana,2022,1,Rangareddy,11005,7461480.69
telangana,2022,1,Medchal Malkajgiri,6951,4713261.94
telangana,2022,1,Warangal Urban,5640,3824223.36
telangana,2022,1,Karimnagar,3780,2562963.59
telangana,2022,1,Khammam,3472,2354664.85
telangana,2022,2,Hyderabad,29120,19744115.99
telangana,2022,2,Rangareddy,13337,9042804.18
telangana,2022,2,Medchal Malkajgiri,8424,5712151.05
telangana,2022,2,Warangal Urban,6835,4634697.11
telangana,2022,2,Karimnagar,4581,3106136.54
telangana,2022,2,Khammam,4208,2853692.72
telangana,2022,3,Hyderabad,30211,20483523.96
telangana,2022,3,Rangareddy,13836,9381453.0
telangana,2022,3,Medchal Malkajgiri,8740,5926068.45
telangana,2022,3,Warangal Urban,7091,4808264.37
telangana,2022,3,Karimnagar,4752,3222459.91
telangana,2022,3,Khammam,4366,2960562.19
telangana,2022,4,Hyderabad,31781,21548204.58
telangana,2022,4,Rangareddy,14555,9869076.67
telangana,2022,4,Medchal Malkajgiri,9194,6234090.17
telangana,2022,4,Warangal Urban,7460,5058185.52
telangana,2022,4,Karimnagar,4999,3389955.05
telangana,2022,4,Khammam,4593,3114444.55
telangana,2023,1,Hyderabad,30628,20766403.28
telangana,2023,1,Rangareddy,14027,9511011.71
telangana,2023,1,Medchal Malkajgiri,8861,6007907.99
telangana,2023,1,Warangal Urban,7189,4874666.93
telangana,2023,1,Karimnagar,4818,3266962.37
telangana,2023,1,Khammam,4426,3001447.82
telangana,2023,2,Hyderabad,37070,25133797.79
telangana,2023,2,Rangareddy,16978,11511278.19
telangana,2023,2,Medchal Malkajgiri,10724,7271434.67
telangana,2023,2,Warangal Urban,8701,5899861.01
telangana,2023,2,Karimnagar,5831,3954039.16
telangana,2023,2,Khammam,5357,3632684.08
telangana,2023,3,Hyderabad,39316,26656365.28
telangana,2023,3,Rangareddy,18006,12208614.03
telangana,2023,3,Medchal Malkajgiri,11374,7711927.19
telangana,2023,3,Warangal Urban,9228,6257265.67
telangana,2023,3,Karimnagar,6185,4193568.87
telangana,2023,3,Khammam,5682,3852746.59
telangana,2023,4,Hyderabad,40682,27582639.02
telangana,2023,4,Rangareddy,18632,12632847.36
telangana,2023,4,Medchal Malkajgiri,11769,7979906.55
telangana,2023,4,Warangal Urban,9549,6474697.45
telangana,2023,4,Karimnagar,6400,4339289.89
telangana,2023,4,Khammam,5879,3986624.48
tripura,2020,1,Tripura District 1,843,362615.52
tripura,2020,1,Tripura District 2,354,152637.64
tripura,2020,1,Tripura District 3,214,92445.66
tripura,2020,1,Tripura District 4,168,72582.34
tripura,2020,1,Tripura District 5,117,50334.8
tripura,2020,2,Tripura District 1,951,409388.52
tripura,2020,2,Tripura District 2,400,172326.04
tripura,2020,2,Tripura District 3,242,104370.03
tripura,2020,2,Tripura District 4,190,81944.58
tripura,2020,2,Tripura District 5,132,56827.38
tripura,2020,3,Tripura District 1,1147,493636.18
tripura,2020,3,Tripura District 2,483,207788.85
tripura,2020,3,Tripura District 3,292,125848.23
tripura,2020,3,Tripura District 4,229,98807.88
tripura,2020,3,Tripura District 5,159,68521.83
tripura,2020,4,Tripura District 1,1322,568580.58
tripura,2020,4,Tripura District 2,556,239335.58
tripura,2020,4,Tripura District 3,337,144954.66
tripura,2020,4,Tripura District 4,264,113809.0
tripura,2020,4,Tripura District 5,183,78924.89
tripura,2021,1,Tripura District 1,1238,532603.3
tripura,2021,1,Tripura District 2,521,224191.48
tripura,2021,1,Tripura District 3,315,135782.56
tripura,2021,1,Tripura District 4,247,106607.67
tripura,2021,1,Tripura District 5,171,73930.87
tripura,2021,2,Tripura District 1,1486,639368.35
tripura,2021,2,Tripura District 2,625,269132.65
tripura,2021,2,Tripura District 3,378,163001.38
tripura,2021,2,Tripura District 4,297,127978.12
tripura,2021,2,Tripura District 5,206,88750.97
tripura,2021,3,Tripura District 1,1431,615912.44
tripura,2021,3,Tripura District 2,602,259259.23
tripura,2021,3,Tripura District 3,365,157021.5
tripura,2021,3,Tripura District 4,286,123283.11
tripura,2021,3,Tripura District 5,198,85495.04
tripura,2021,4,Tripura District 1,1712,736323.84
tripura,2021,4,Tripura District 2,720,309944.63
tripura,2021,4,Tripura District 3,436,187719.34
tripura,2021,4,Tripura District 4,342,147385.06
tripura,2021,4,Tripura District 5,237,102209.4
tripura,2022,1,Tripura District 1,1779,765125.99
tripura,2022,1,Tripura District 2,748,322068.47
tripura,2022,1,Tripura District 3,453,195062.19
tripura,2022,1,Tripura District 4,356,153150.2
tripura,2022,1,Tripura District 5,246,106207.43
tripura,2022,2,Tripura District 1,1736,746793.65
tripura,2022,2,Tripura District 2,730,314351.74
tripura,2022,2,Tripura District 3,442,190388.52
tripura,2022,2,Tripura District 4,347,149480.73
tripura,2022,2,Tripura District 5,241,103662.71
tripura,2022,3,Tripura District 1,2155,927217.0
tripura,2022,3,Tripura District 2,907,390298.28
tripura,2022,3,Tripura District 3,549,236385.88
tripura,2022,3,Tripura District 4,431,185594.88
tripura,2022,3,Tripura District 5,299,128707.35
tripura,2022,4,Tripura District 1,2378,1022940.71
tripura,2022,4,Tripura District 2,1001,430591.76
tripura,2022,4,Tripura District 3,606,260789.81
tripura,2022,4,Tripura District 4,476,204755.26
tripura,2022,4,Tripura District 5,330,141994.79
tripura,2023,1,Tripura District 1,1877,807168.69
tripura,2023,1,Tripura District 2,790,339765.72
tripura,2023,1,Tripura District 3,478,205780.61
tripura,2023,1,Tripura District 4,375,161565.6
tripura,2023,1,Tripura District 5,260,112043.4
tripura,2023,2,Tripura District 1,2271,976724.82
tripura,2023,2,Tripura District 2,956,411137.87
tripura,2023,2,Tripura District 3,579,249007.47
tripura,2023,2,Tripura District 4,454,195504.53
tripura,2023,2,Tripura District 5,315,135579.55
tripura,2023,3,Tripura District 1,2680,1152532.86
tripura,2023,3,Tripura District 2,1128,485141.66
tripura,2023,3,Tripura District 3,683,293828.19
tripura,2023,3,Tripura District 4,536,230694.86
tripura,2023,3,Tripura District 5,372,159983.53
tripura,2023,4,Tripura District 1,2670,1148490.49
tripura,2023,4,Tripura District 2,1124,483440.08
tripura,2023,4,Tripura District 3,680,292797.62
tripura,2023,4,Tripura District 4,534,229885.72
tripura,2023,4,Tripura District 5,370,159422.41
uttar-pradesh,2020,1,Lucknow,16739,7716916.35
uttar-pradesh,2020,1,Kanpur Nagar,6431,2964829.21
uttar-pradesh,2020,1,Gautam Buddha Nagar,3969,1829855.44
uttar-pradesh,2020,1,Ghaziabad,3461,1595912.05
uttar-pradesh,2020,1,Agra,2601,1199164.13
uttar-pradesh,2020,1,Varanasi,1917,884121.7
uttar-pradesh,2020,1,Meerut,1504,693412.91
uttar-pradesh,2020,1,Prayagraj,1492,688081.27
uttar-pradesh,2020,2,Lucknow,16632,7667711.91
uttar-pradesh,2020,2,Kanpur Nagar,6390,2945924.93
uttar-pradesh,2020,2,Gautam Buddha Nagar,3943,1818187.95
uttar-pradesh,2020,2,Ghaziabad,3439,1585736.23
uttar-pradesh,2020,2,Agra,2584,1191518.05
uttar-pradesh,2020,2,Varanasi,1905,878484.38
uttar-pradesh,2020,2,Meerut,1494,688991.58
uttar-pradesh,2020,2,Prayagraj,1483,683693.94
uttar-pradesh,2020,3,Lucknow,22844,10531415.26
uttar-pradesh,2020,3,Kanpur Nagar,8776,4046156.03
uttar-pradesh,2020,3,Gautam Buddha Nagar,5416,2497236.8
uttar-pradesh,2020,3,Ghaziabad,4724,2177970.03
uttar-pradesh,2020,3,Agra,3549,1636520.97
uttar-pradesh,2020,3,Varanasi,2617,1206576.87
uttar-pradesh,2020,3,Meerut,2052,946313.13
uttar-pradesh,2020,3,Prayagraj,2036,939036.94
uttar-pradesh,2020,4,Lucknow,23561,10862004.41
uttar-pradesh,2020,4,Kanpur Nagar,9052,4173167.95
uttar-pradesh,2020,4,Gautam Buddha Nagar,5586,2575626.96
uttar-pradesh,2020,4,Ghaziabad,4872,2246338.17
uttar-pradesh,2020,4,Agra,3661,1687892.61
uttar-pradesh,2020,4,Varanasi,2699,1244452.23
uttar-pradesh,2020,4,Meerut,2117,976018.62
uttar-pradesh,2020,4,Prayagraj,2100,968514.03
uttar-pradesh,2021,1,Lucknow,24456,11274700.75
uttar-pradesh,2021,1,Kanpur Nagar,9396,4331725.34
uttar-pradesh,2021,1,Gautam Buddha Nagar,5799,2673486.6
uttar-pradesh,2021,1,Ghaziabad,5057,2331686.65
uttar-pradesh,2021,1,Agra,3800,1752023.23
uttar-pradesh,2021,1,Varanasi,2802,1291734.56
uttar-pradesh,2021,1,Meerut,2197,1013101.95
uttar-pradesh,2021,1,Prayagraj,2180,1005312.23
uttar-pradesh,2021,2,Lucknow,23225,10706934.21
uttar-pradesh,2021,2,Kanpur Nagar,8923,4113590.17
uttar-pradesh,2021,2,Gautam Buddha Nagar,5507,2538856.31
uttar-pradesh,2021,2,Ghaziabad,4803,2214268.57
uttar-pradesh,2021,2,Agra,3609,1663795.6
uttar-pradesh,2021,2,Varanasi,2660,1226685.95
uttar-pradesh,2021,2,Meerut,2086,962084.6
uttar-pradesh,2021,2,Prayagraj,2070,954687.14
uttar-pradesh,2021,3,Lucknow,30892,14241696.69
uttar-pradesh,2021,3,Kanpur Nagar,11868,5471641.32
uttar-pradesh,2021,3,Gautam Buddha Nagar,7325,3377028.46
uttar-pradesh,2021,3,Ghaziabad,6388,2945282.08
uttar-pradesh,2021,3,Agra,4800,2213077.23
uttar-pradesh,2021,3,Varanasi,3539,1631661.21
uttar-pradesh,2021,3,Meerut,2775,1279704.99
uttar-pradesh,2021,3,Prayagraj,2754,1269865.35
uttar-pradesh,2021,4,Lucknow,36774,16953006.34
uttar-pradesh,2021,4,Kanpur Nagar,14128,6513322.95
uttar-pradesh,2021,4,Gautam Buddha Nagar,8719,4019941.31
uttar-pradesh,2021,4,Ghaziabad,7605,3505999.8
uttar-pradesh,2021,4,Agra,5714,2634399.05
uttar-pradesh,2021,4,Varanasi,4213,1942294.05
uttar-pradesh,2021,4,Meerut,3304,1523333.01
uttar-pradesh,2021,4,Prayagraj,3278,1511620.12
uttar-pradesh,2022,1,Lucknow,27687,12763885.6
uttar-pradesh,2022,1,Kanpur Nagar,10637,4903868.22
uttar-pradesh,2022,1,Gautam Buddha Nagar,6565,3026606.02
uttar-pradesh,2022,1,Ghaziabad,5725,2639660.45
uttar-pradesh,2022,1,Agra,4302,1983433.94
uttar-pradesh,2022,1,Varanasi,3172,1462349.43
uttar-pradesh,2022,1,Meerut,2487,1146914.47
uttar-pradesh,2022,1,Prayagraj,2468,1138095.86
uttar-pradesh,2022,2,Lucknow,32838,15138529.05
uttar-pradesh,2022,2,Kanpur Nagar,12616,5816203.14
uttar-pradesh,2022,2,Gautam Buddha Nagar,7786,3589687.7
uttar-pradesh,2022,2,Ghaziabad,6791,3130753.25
uttar-pradesh,2022,2,Agra,5102,2352439.79
uttar-pradesh,2022,2,Varanasi,3762,1734410.66
uttar-pradesh,2022,2,Meerut,2950,1360290.95
uttar-pradesh,2022,2,Prayagraj,2928,1349831.69
uttar-pradesh,2022,3,Lucknow,33930,15641879.02
uttar-pradesh,2022,3,Kanpur Nagar,13035,6009589.54
uttar-pradesh,2022,3,Gautam Buddha Nagar,8045,3709043.36
uttar-pradesh,2022,3,Ghaziabad,7017,3234849.53
uttar-pradesh,2022,3,Agra,5272,2430657.46
uttar-pradesh,2022,3,Varanasi,3887,1792079.12
uttar-pradesh,2022,3,Meerut,3048,1405520.07
uttar-pradesh,2022,3,Prayagraj,3025,1394713.05
uttar-pradesh,2022,4,Lucknow,38754,17866081.31
uttar-pradesh,2022,4,Kanpur Nagar,14889,6864125.16
uttar-pradesh,2022,4,Gautam Buddha Nagar,9189,4236452.04
uttar-pradesh,2022,4,Ghaziabad,8014,3694830.06
uttar-pradesh,2022,4,Agra,6022,2776285.62
uttar-pradesh,2022,4,Varanasi,4440,2046904.41
uttar-pradesh,2022,4,Meerut,3482,1605378.47
uttar-pradesh,2022,4,Prayagraj,3455,1593034.74
uttar-pradesh,2023,1,Lucknow,35583,16403986.36
uttar-pradesh,2023,1,Kanpur Nagar,13671,6302390.19
uttar-pradesh,2023,1,Gautam Buddha Nagar,8437,3889756.25
uttar-pradesh,2023,1,Ghaziabad,7358,3392458.64
uttar-pradesh,2023,1,Agra,5529,2549084.53
uttar-pradesh,2023,1,Varanasi,4076,1879393.22
uttar-pradesh,2023,1,Meerut,3197,1474000.15
uttar-pradesh,2023,1,Prayagraj,3172,1462666.59
uttar-pradesh,2023,2,Lucknow,43985,20277637.21
uttar-pradesh,2023,2,Kanpur Nagar,16899,7790641.8
uttar-pradesh,2023,2,Gautam Buddha Nagar,10430,4808286.5
uttar-pradesh,2023,2,Ghaziabad,9096,4193556.62
uttar-pradesh,2023,2,Agra,6835,3151027.45
uttar-pradesh,2023,2,Varanasi,5039,2323194.68
uttar-pradesh,2023,2,Meerut,3952,1822071.76
uttar-pradesh,2023,2,Prayagraj,3922,1808061.88
uttar-pradesh,2023,3,Lucknow,47255,21784919.03
uttar-pradesh,2023,3,Kanpur Nagar,18155,8369737.51
uttar-pradesh,2023,3,Gautam Buddha Nagar,11205,5165697.12
uttar-pradesh,2023,3,Ghaziabad,9772,4505273.0
uttar-pradesh,2023,3,Agra,7343,3385250.32
uttar-pradesh,2023,3,Varanasi,5414,2495882.9
uttar-pradesh,2023,3,Meerut,4246,1957510.41
uttar-pradesh,2023,3,Prayagraj,4213,1942459.13
uttar-pradesh,2023,4,Lucknow,48296,22264804.9
uttar-pradesh,2023,4,Kanpur Nagar,18555,8554109.04
uttar-pradesh,2023,4,Gautam Buddha Nagar,11452,5279488.91
uttar-pradesh,2023,4,Ghaziabad,9988,4604516.74
uttar-pradesh,2023,4,Agra,7505,3459821.81
uttar-pradesh,2023,4,Varanasi,5533,2550863.09
uttar-pradesh,2023,4,Meerut,4339,2000631.14
uttar-pradesh,2023,4,Prayagraj,4306,1985248.31
uttarakhand,2020,1,Uttarakhand District 1,3037,1551085.68
uttarakhand,2020,1,Uttarakhand District 2,1450,740761.53
uttarakhand,2020,1,Uttarakhand District 3,824,421072.59
uttarakhand,2020,1,Uttarakhand District 4,609,311361.56
uttarakhand,2020,1,Uttarakhand District 5,467,238860.94
uttarakhand,2020,2,Uttarakhand District 1,3801,1941080.18
uttarakhand,2020,2,Uttarakhand District 2,1815,927013.6
uttarakhand,2020,2,Uttarakhand District 3,1031,526944.24
uttarakhand,2020,2,Uttarakhand District 4,763,389648.2
uttarakhand,2020,2,Uttarakhand District 5,585,298918.52
uttarakhand,2020,3,Uttarakhand District 1,3814,1947787.96
uttarakhand,2020,3,Uttarakhand District 2,1821,930217.08
uttarakhand,2020,3,Uttarakhand District 3,1035,528765.2
uttarakhand,2020,3,Uttarakhand District 4,765,390994.71
uttarakhand,2020,3,Uttarakhand District 5,587,299951.49
uttarakhand,2020,4,Uttarakhand District 1,5278,2695273.89
uttarakhand,2020,4,Uttarakhand District 2,2520,1287198.52
uttarakhand,2020,4,Uttarakhand District 3,1432,731684.89
uttarakhand,2020,4,Uttarakhand District 4,1059,541043.4
uttarakhand,2020,4,Uttarakhand District 5,812,415061.31
uttarakhand,2021,1,Uttarakhand District 1,4161,2124809.58
uttarakhand,2021,1,Uttarakhand District 2,1987,1014758.38
uttarakhand,2021,1,Uttarakhand District 3,1129,576821.18
uttarakhand,2021,1,Uttarakhand District 4,835,426529.64
uttarakhand,2021,1,Uttarakhand District 5,640,327212.11
uttarakhand,2021,2,Uttarakhand District 1,4583,2340626.76
uttarakhand,2021,2,Uttarakhand District 2,2189,1117827.52
uttarakhand,2021,2,Uttarakhand District 3,1244,635408.98
uttarakhand,2021,2,Uttarakhand District 4,920,469852.31
uttarakhand,2021,2,Uttarakhand District 5,705,360447.08
uttarakhand,2021,3,Uttarakhand District 1,5891,3008528.88
uttarakhand,2021,3,Uttarakhand District 2,2813,1436801.64
uttarakhand,2021,3,Uttarakhand District 3,1599,816724.1
uttarakhand,2021,3,Uttarakhand District 4,1182,603925.52
uttarakhand,2021,3,Uttarakhand District 5,907,463301.31
uttarakhand,2021,4,Uttarakhand District 1,6968,3558531.94
uttarakhand,2021,4,Uttarakhand District 2,3328,1699469.98
uttarakhand,2021,4,Uttarakhand District 3,1891,966033.2
uttarakhand,2021,4,Uttarakhand District 4,1398,714331.94
uttarakhand,2021,4,Uttarakhand District 5,1073,547999.57
uttarakhand,2022,1,Uttarakhand District 1,5823,2973760.21
uttarakhand,2022,1,Uttarakhand District 2,2781,1420196.95
uttarakhand,2022,1,Uttarakhand District 3,1580,807285.46
uttarakhand,2022,1,Uttarakhand District 4,1169,596946.14
uttarakhand,2022,1,Uttarakhand District 5,896,457947.08
uttarakhand,2022,2,Uttarakhand District 1,6410,3273493.54
uttarakhand,2022,2,Uttarakhand District 2,3061,1563342.44
uttarakhand,2022,2,Uttarakhand District 3,1740,888653.94
uttarakhand,2022,2,Uttarakhand District 4,1286,657113.95
uttarakhand,2022,2,Uttarakhand District 5,987,504104.8
uttarakhand,2022,3,Uttarakhand District 1,6497,3317964.02
uttarakhand,2022,3,Uttarakhand District 2,3103,1584580.48
uttarakhand,2022,3,Uttarakhand District 3,1763,900726.33
uttarakhand,2022,3,Uttarakhand District 4,1304,666040.86
uttarakhand,2022,3,Uttarakhand District 5,1000,510953.08
uttarakhand,2022,4,Uttarakhand District 1,8055,4113259.55
uttarakhand,2022,4,Uttarakhand District 2,3847,1964394.66
uttarakhand,2022,4,Uttarakhand District 3,2186,1116624.88
uttarakhand,2022,4,Uttarakhand District 4,1617,825686.75
uttarakhand,2022,4,Uttarakhand District 5,1240,633425.38
uttarakhand,2023,1,Uttarakhand District 1,6506,3322518.93
uttarakhand,2023,1,Uttarakhand District 2,3107,1586755.8
uttarakhand,2023,1,Uttarakhand District 3,1766,901962.85
uttarakhand,2023,1,Uttarakhand District 4,1306,666955.2
uttarakhand,2023,1,Uttarakhand District 5,1002,511654.52
uttarakhand,2023,2,Uttarakhand District 1,7302,3728839.0
uttarakhand,2023,2,Uttarakhand District 2,3487,1780804.57
uttarakhand,2023,2,Uttarakhand District 3,1982,1012266.39
uttarakhand,2023,2,Uttarakhand District 4,1465,748519.0
uttarakhand,2023,2,Uttarakhand District 5,1124,574226.17
uttarakhand,2023,3,Uttarakhand District 1,8836,4512121.1
uttarakhand,2023,3,Uttarakhand District 2,4220,2154881.42
uttarakhand,2023,3,Uttarakhand District 3,2398,1224903.66
uttarakhand,2023,3,Uttarakhand District 4,1773,905753.35
uttarakhand,2023,3,Uttarakhand District 5,1360,694848.45
uttarakhand,2023,4,Uttarakhand District 1,10686,5456829.71
uttarakhand,2023,4,Uttarakhand District 2,5103,2606051.72
uttarakhand,2023,4,Uttarakhand District 3,2901,1481363.32
uttarakhand,2023,4,Uttarakhand District 4,2145,1095392.09
uttarakhand,2023,4,Uttarakhand District 5,1645,840329.77
west-bengal,2020,1,Kolkata,9715,4900664.88
west-bengal,2020,1,North 24 Parganas,4193,2115058.86
west-bengal,2020,1,South 24 Parganas,2883,1454581.7
west-bengal,2020,1,Howrah,1899,958242.99
west-bengal,2020,1,Hooghly,1642,828610.18
west-bengal,2020,1,Bardhaman,1316,664294.28
west-bengal,2020,2,Kolkata,12847,6480300.06
west-bengal,2020,2,North 24 Parganas,5544,2796807.46
west-bengal,2020,2,South 24 Parganas,3813,1923438.17
west-bengal,2020,2,Howrah,2512,1267114.21
west-bengal,2020,2,Hooghly,2172,1095696.75
west-bengal,2020,2,Bardhaman,1741,878416.78
west-bengal,2020,3,Kolkata,12678,6394987.4
west-bengal,2020,3,North 24 Parganas,5471,2759987.7
west-bengal,2020,3,South 24 Parganas,3763,1898116.25
west-bengal,2020,3,Howrah,2478,1250432.75
west-bengal,2020,3,Hooghly,2143,1081271.98
west-bengal,2020,3,Bardhaman,1718,866852.49
west-bengal,2020,4,Kolkata,15144,7638861.14
west-bengal,2020,4,North 24 Parganas,6536,3296826.32
west-bengal,2020,4,South 24 Parganas,4495,2267314.32
west-bengal,2020,4,Howrah,2961,1493651.44
west-bengal,2020,4,Hooghly,2560,1291587.62
west-bengal,2020,4,Bardhaman,2052,1035461.9
west-bengal,2021,1,Kolkata,12447,6278453.19
west-bengal,2021,1,North 24 Parganas,5371,2709693.16
west-bengal,2021,1,South 24 Parganas,3694,1863527.37
west-bengal,2021,1,Howrah,2433,1227646.43
west-bengal,2021,1,Hooghly,2104,1061568.24
west-bengal,2021,1,Bardhaman,1687,851056.06
west-bengal,2021,2,Kolkata,17302,8727661.97
west-bengal,2021,2,North 24 Parganas,7467,3766737.63
west-bengal,2021,2,South 24 Parganas,5135,2590484.71
west-bengal,2021,2,Howrah,3383,1706548.22
west-bengal,2021,2,Hooghly,2925,1475683.34
west-bengal,2021,2,Bardhaman,2345,1183050.88
west-bengal,2021,3,Kolkata,16305,8224607.65
west-bengal,2021,3,North 24 Parganas,7037,3549626.38
west-bengal,2021,3,South 24 Parganas,4839,2441171.58
west-bengal,2021,3,Howrah,3188,1608184.36
west-bengal,2021,3,Hooghly,2756,1390626.33
west-bengal,2021,3,Bardhaman,2210,1114860.93
west-bengal,2021,4,Kolkata,18051,9105605.31
west-bengal,2021,4,North 24 Parganas,7790,3929852.73
west-bengal,2021,4,South 24 Parganas,5358,2702663.25
west-bengal,2021,4,Howrah,3529,1780448.71
west-bengal,2021,4,Hooghly,3052,1539586.45
west-bengal,2021,4,Bardhaman,2446,1234281.81
west-bengal,2022,1,Kolkata,15481,7808887.98
west-bengal,2022,1,North 24 Parganas,6681,3370207.55
west-bengal,2022,1,South 24 Parganas,4595,2317780.52
west-bengal,2022,1,Howrah,3027,1526897.34
west-bengal,2022,1,Hooghly,2617,1320335.96
west-bengal,2022,1,Bardhaman,2098,1058509.35
west-bengal,2022,2,Kolkata,19740,9957130.63
west-bengal,2022,2,North 24 Parganas,8519,4297359.22
west-bengal,2022,2,South 24 Parganas,5859,2955407.15
west-bengal,2022,2,Howrah,3859,1946950.23
west-bengal,2022,2,Hooghly,3337,1683563.35
west-bengal,2022,2,Bardhaman,2675,1349707.66
west-bengal,2022,3,Kolkata,22418,11308219.2
west-bengal,2022,3,North 24 Parganas,9675,4880470.28
west-bengal,2022,3,South 24 Parganas,6654,3356427.98
west-bengal,2022,3,Howrah,4383,2211132.99
west-bengal,2022,3,Hooghly,3790,1912006.99
west-bengal,2022,3,Bardhaman,3038,1532850.24
west-bengal,2022,4,Kolkata,22628,11414003.1
west-bengal,2022,4,North 24 Parganas,9766,4926125.14
west-bengal,2022,4,South 24 Parganas,6716,3387826.04
west-bengal,2022,4,Howrah,4424,2231817.26
west-bengal,2022,4,Hooghly,3826,1929893.06
west-bengal,2022,4,Bardhaman,3067,1547189.44
west-bengal,2023,1,Kolkata,23858,12034357.49
west-bengal,2023,1,North 24 Parganas,10296,5193861.47
west-bengal,2023,1,South 24 Parganas,7081,3571955.37
west-bengal,2023,1,Howrah,4665,2353117.18
west-bengal,2023,1,Hooghly,4034,2034783.31
west-bengal,2023,1,Bardhaman,3234,1631279.64
west-bengal,2023,2,Kolkata,24322,12268630.19
west-bengal,2023,2,North 24 Parganas,10497,5294970.31
west-bengal,2023,2,South 24 Parganas,7219,3641490.58
west-bengal,2023,2,Howrah,4755,2398925.28
west-bengal,2023,2,Hooghly,4112,2074394.41
west-bengal,2023,2,Bardhaman,3297,1663035.74
west-bengal,2023,3,Kolkata,26984,13610850.42
west-bengal,2023,3,North 24 Parganas,11645,5874253.91
west-bengal,2023,3,South 24 Parganas,8009,4039879.17
west-bengal,2023,3,Howrah,5276,2661373.98
west-bengal,2023,3,Hooghly,4562,2301338.58
west-bengal,2023,3,Bardhaman,3657,1844976.2
west-bengal,2023,4,Kolkata,28869,14562040.7
west-bengal,2023,4,North 24 Parganas,12459,6284774.42
west-bengal,2023,4,South 24 Parganas,8568,4322204.94
west-bengal,2023,4,Howrah,5644,2847363.32
west-bengal,2023,4,Hooghly,4881,2462166.95
west-bengal,2023,4,Bardhaman,3913,1973911.82
