state,year,quarter,district,registered_users,app_opens
andaman-&-nicobar-islands,2018,1,Andaman And Nicobar Islands District 1,8366,76622
andaman-&-nicobar-islands,2018,1,Andaman And Nicobar Islands District 2,3798,34783
andaman-&-nicobar-islands,2018,1,Andaman And Nicobar Islands District 3,2298,21047
andaman-&-nicobar-islands,2018,1,Andaman And Nicobar Islands District 4,1743,15970
andaman-&-nicobar-islands,2018,1,Andaman And Nicobar Islands District 5,1238,11342
andaman-&-nicobar-islands,2018,2,Andaman And Nicobar Islands District 1,11271,104479
andaman-&-nicobar-islands,2018,2,Andaman And Nicobar Islands District 2,5116,47429
andaman-&-nicobar-islands,2018,2,Andaman And Nicobar Islands District 3,3096,28698
andaman-&-nicobar-islands,2018,2,Andaman And Nicobar Islands District 4,2349,21777
andaman-&-nicobar-islands,2018,2,Andaman And Nicobar Islands District 5,1668,15466
andaman-&-nicobar-islands,2018,3,Andaman And Nicobar Islands District 1,13628,102760
andaman-&-nicobar-islands,2018,3,Andaman And Nicobar Islands District 2,6186,46649
andaman-&-nicobar-islands,2018,3,Andaman And Nicobar Islands District 3,3743,28226
andaman-&-nicobar-islands,2018,3,Andaman And Nicobar Islands District 4,2840,21418
andaman-&-nicobar-islands,2018,3,Andaman And Nicobar Islands District 5,2017,15211
andaman-&-nicobar-islands,2018,4,Andaman And Nicobar Islands District 1,17110,115742
andaman-&-nicobar-islands,2018,4,Andaman And Nicobar Islands District 2,7767,52542
andaman-&-nicobar-islands,2018,4,Andaman And Nicobar Islands District 3,4699,31792
andaman-&-nicobar-islands,2018,4,Andaman And Nicobar Islands District 4,3566,24124
andaman-&-nicobar-islands,2018,4,Andaman And Nicobar Islands District 5,2532,17133
andaman-&-nicobar-islands,2019,1,Andaman And Nicobar Islands District 1,15076,112367
andaman-&-nicobar-islands,2019,1,Andaman And Nicobar Islands District 2,6844,51010
andaman-&-nicobar-islands,2019,1,Andaman And Nicobar Islands District 3,4141,30865
andaman-&-nicobar-islands,2019,1,Andaman And Nicobar Islands District 4,3142,23421
andaman-&-nicobar-islands,2019,1,Andaman And Nicobar Islands District 5,2231,16633
andaman-&-nicobar-islands,2019,2,Andaman And Nicobar Islands District 1,15023,113044
andaman-&-nicobar-islands,2019,2,Andaman And Nicobar Islands District 2,6819,51317
andaman-&-nicobar-islands,2019,2,Andaman And Nicobar Islands District 3,4126,31051
andaman-&-nicobar-islands,2019,2,Andaman And Nicobar Islands District 4,3131,23562
andaman-&-nicobar-islands,2019,2,Andaman And Nicobar Islands District 5,2223,16733
andaman-&-nicobar-islands,2019,3,Andaman And Nicobar Islands District 1,18268,130187
andaman-&-nicobar-islands,2019,3,Andaman And Nicobar Islands District 2,8293,59100
andaman-&-nicobar-islands,2019,3,Andaman And Nicobar Islands District 3,5018,35760
andaman-&-nicobar-islands,2019,3,Andaman And Nicobar Islands District 4,3807,27135
andaman-&-nicobar-islands,2019,3,Andaman And Nicobar Islands District 5,2704,19271
andaman-&-nicobar-islands,2019,4,Andaman And Nicobar Islands District 1,20001,130079
andaman-&-nicobar-islands,2019,4,Andaman And Nicobar Islands District 2,9079,59051
andaman-&-nicobar-islands,2019,4,Andaman And Nicobar Islands District 3,5494,35730
andaman-&-nicobar-islands,2019,4,Andaman And Nicobar Islands District 4,4168,27113
andaman-&-nicobar-islands,2019,4,Andaman And Nicobar Islands District 5,2960,19255
andaman-&-nicobar-islands,2020,1,Andaman And Nicobar Islands District 1,17832,136526
andaman-&-nicobar-islands,2020,1,Andaman And Nicobar Islands District 2,8095,61977
andaman-&-nicobar-islands,2020,1,Andaman And Nicobar Islands District 3,4898,37501
andaman-&-nicobar-islands,2020,1,Andaman And Nicobar Islands District 4,3716,28456
andaman-&-nicobar-islands,2020,1,Andaman And Nicobar Islands District 5,2639,20209
andaman-&-nicobar-islands,2020,2,Andaman And Nicobar Islands District 1,18351,123311
andaman-&-nicobar-islands,2020,2,Andaman And Nicobar Islands District 2,8330,55978
andaman-&-nicobar-islands,2020,2,Andaman And Nicobar Islands District 3,5040,33871
andaman-&-nicobar-islands,2020,2,Andaman And Nicobar Islands District 4,3825,25702
andaman-&-nicobar-islands,2020,2,Andaman And Nicobar Islands District 5,2716,18253
andaman-&-nicobar-islands,2020,3,Andaman And Nicobar Islands District 1,22043,209307
andaman-&-nicobar-islands,2020,3,Andaman And Nicobar Islands District 2,10007,95017
andaman-&-nicobar-islands,2020,3,Andaman And Nicobar Islands District 3,6055,57493
andaman-&-nicobar-islands,2020,3,Andaman And Nicobar Islands District 4,4594,43627
andaman-&-nicobar-islands,2020,3,Andaman And Nicobar Islands District 5,3263,30983
andaman-&-nicobar-islands,2020,4,Andaman And Nicobar Islands District 1,25525,217587
andaman-&-nicobar-islands,2020,4,Andaman And Nicobar Islands District 2,11587,98776
andaman-&-nicobar-islands,2020,4,Andaman And Nicobar Islands District 3,7011,59767
andaman-&-nicobar-islands,2020,4,Andaman And Nicobar Islands District 4,5320,45352
andaman-&-nicobar-islands,2020,4,Andaman And Nicobar Islands District 5,3778,32209
andaman-&-nicobar-islands,2021,1,Andaman And Nicobar Islands District 1,20926,139336
andaman-&-nicobar-islands,2021,1,Andaman And Nicobar Islands District 2,9499,63253
andaman-&-nicobar-islands,2021,1,Andaman And Nicobar Islands District 3,5748,38273
andaman-&-nicobar-islands,2021,1,Andaman And Nicobar Islands District 4,4361,29042
andaman-&-nicobar-islands,2021,1,Andaman And Nicobar Islands District 5,3097,20626
andaman-&-nicobar-islands,2021,2,Andaman And Nicobar Islands District 1,20432,150885
andaman-&-nicobar-islands,2021,2,Andaman And Nicobar Islands District 2,9275,68496
andaman-&-nicobar-islands,2021,2,Andaman And Nicobar Islands District 3,5612,41445
andaman-&-nicobar-islands,2021,2,Andaman And Nicobar Islands District 4,4258,31449
andaman-&-nicobar-islands,2021,2,Andaman And Nicobar Islands District 5,3024,22335
andaman-&-nicobar-islands,2021,3,Andaman And Nicobar Islands District 1,26574,239635
andaman-&-nicobar-islands,2021,3,Andaman And Nicobar Islands District 2,12063,108785
andaman-&-nicobar-islands,2021,3,Andaman And Nicobar Islands District 3,7299,65824
andaman-&-nicobar-islands,2021,3,Andaman And Nicobar Islands District 4,5538,49948
andaman-&-nicobar-islands,2021,3,Andaman And Nicobar Islands District 5,3933,35473
andaman-&-nicobar-islands,2021,4,Andaman And Nicobar Islands District 1,28796,197642
andaman-&-nicobar-islands,2021,4,Andaman And Nicobar Islands District 2,13072,89722
andaman-&-nicobar-islands,2021,4,Andaman And Nicobar Islands District 3,7909,54289
andaman-&-nicobar-islands,2021,4,Andaman And Nicobar Islands District 4,6002,41195
andaman-&-nicobar-islands,2021,4,Andaman And Nicobar Islands District 5,4262,29257
andaman-&-nicobar-islands,2022,1,Andaman And Nicobar Islands District 1,24369,167122
andaman-&-nicobar-islands,2022,1,Andaman And Nicobar Islands District 2,11063,75866
andaman-&-nicobar-islands,2022,1,Andaman And Nicobar Islands District 3,6694,45905
andaman-&-nicobar-islands,2022,1,Andaman And Nicobar Islands District 4,5079,34834
andaman-&-nicobar-islands,2022,1,Andaman And Nicobar Islands District 5,3607,24739
andaman-&-nicobar-islands,2022,2,Andaman And Nicobar Islands District 1,27385,241111
andaman-&-nicobar-islands,2022,2,Andaman And Nicobar Islands District 2,12431,109455
andaman-&-nicobar-islands,2022,2,Andaman And Nicobar Islands District 3,7522,66229
andaman-&-nicobar-islands,2022,2,Andaman And Nicobar Islands District 4,5708,50256
andaman-&-nicobar-islands,2022,2,Andaman And Nicobar Islands District 5,4053,35691
andaman-&-nicobar-islands,2022,3,Andaman And Nicobar Islands District 1,29748,220328
andaman-&-nicobar-islands,2022,3,Andaman And Nicobar Islands District 2,13504,100020
andaman-&-nicobar-islands,2022,3,Andaman And Nicobar Islands District 3,8171,60520
andaman-&-nicobar-islands,2022,3,Andaman And Nicobar Islands District 4,6200,45924
andaman-&-nicobar-islands,2022,3,Andaman And Nicobar Islands District 5,4403,32615
andaman-&-nicobar-islands,2022,4,Andaman And Nicobar Islands District 1,34253,223806
andaman-&-nicobar-islands,2022,4,Andaman And Nicobar Islands District 2,15549,101599
andaman-&-nicobar-islands,2022,4,Andaman And Nicobar Islands District 3,9408,61476
andaman-&-nicobar-islands,2022,4,Andaman And Nicobar Islands District 4,7139,46649
andaman-&-nicobar-islands,2022,4,Andaman And Nicobar Islands District 5,5070,33130
andaman-&-nicobar-islands,2023,1,Andaman And Nicobar Islands District 1,25053,207777
andaman-&-nicobar-islands,2023,1,Andaman And Nicobar Islands District 2,11373,94323
andaman-&-nicobar-islands,2023,1,Andaman And Nicobar Islands District 3,6881,57073
andaman-&-nicobar-islands,2023,1,Andaman And Nicobar Islands District 4,5221,43308
andaman-&-nicobar-islands,2023,1,Andaman And Nicobar Islands District 5,3708,30757
andaman-&-nicobar-islands,2023,2,Andaman And Nicobar Islands District 1,30360,262616
andaman-&-nicobar-islands,2023,2,Andaman And Nicobar Islands District 2,13782,119217
andaman-&-nicobar-islands,2023,2,Andaman And Nicobar Islands District 3,8339,72136
andaman-&-nicobar-islands,2023,2,Andaman And Nicobar Islands District 4,6328,54738
andaman-&-nicobar-islands,2023,2,Andaman And Nicobar Islands District 5,4494,38875
andaman-&-nicobar-islands,2023,3,Andaman And Nicobar Islands District 1,33231,266444
andaman-&-nicobar-islands,2023,3,Andaman And Nicobar Islands District 2,15085,120955
andaman-&-nicobar-islands,2023,3,Andaman And Nicobar Islands District 3,9128,73188
andaman-&-nicobar-islands,2023,3,Andaman And Nicobar Islands District 4,6926,55536
andaman-&-nicobar-islands,2023,3,Andaman And Nicobar Islands District 5,4919,39441
andaman-&-nicobar-islands,2023,4,Andaman And Nicobar Islands District 1,39388,343296
andaman-&-nicobar-islands,2023,4,Andaman And Nicobar Islands District 2,17880,155843
andaman-&-nicobar-islands,2023,4,Andaman And Nicobar Islands District 3,10819,94298
andaman-&-nicobar-islands,2023,4,Andaman And Nicobar Islands District 4,8210,71555
andaman-&-nicobar-islands,2023,4,Andaman And Nicobar Islands District 5,5830,50818
andhra-pradesh,2018,1,Visakhapatnam,534074,4518097
andhra-pradesh,2018,1,Krishna,246414,2084585
andhra-pradesh,2018,1,Guntur,146183,1236667
andhra-pradesh,2018,1,East Godavari,102265,865130
andhra-pradesh,2018,1,Chittoor,82615,698901
andhra-pradesh,2018,1,West Godavari,64570,546246
andhra-pradesh,2018,2,Visakhapatnam,622535,4257158
andhra-pradesh,2018,2,Krishna,287228,1964191
andhra-pradesh,2018,2,Guntur,170396,1165244
andhra-pradesh,2018,2,East Godavari,119203,815165
andhra-pradesh,2018,2,Chittoor,96299,658537
andhra-pradesh,2018,2,West Godavari,75265,514698
andhra-pradesh,2018,3,Visakhapatnam,796116,5638499
andhra-pradesh,2018,3,Krishna,367316,2601523
andhra-pradesh,2018,3,Guntur,217908,1543337
andhra-pradesh,2018,3,East Godavari,152441,1079665
andhra-pradesh,2018,3,Chittoor,123150,872215
andhra-pradesh,2018,3,West Godavari,96251,681705
andhra-pradesh,2018,4,Visakhapatnam,800738,7026373
andhra-pradesh,2018,4,Krishna,369449,3241868
andhra-pradesh,2018,4,Guntur,219173,1923218
andhra-pradesh,2018,4,East Godavari,153326,1345417
andhra-pradesh,2018,4,Chittoor,123865,1086905
andhra-pradesh,2018,4,West Godavari,96810,849502
andhra-pradesh,2019,1,Visakhapatnam,766085,5869599
andhra-pradesh,2019,1,Krishna,353460,2708149
andhra-pradesh,2019,1,Guntur,209688,1606592
andhra-pradesh,2019,1,East Godavari,146690,1123917
andhra-pradesh,2019,1,Chittoor,118505,907964
andhra-pradesh,2019,1,West Godavari,92621,709646
andhra-pradesh,2019,2,Visakhapatnam,919479,7943570
andhra-pradesh,2019,2,Krishna,424234,3665049
andhra-pradesh,2019,2,Guntur,251674,2174268
andhra-pradesh,2019,2,East Godavari,176062,1521043
andhra-pradesh,2019,2,Chittoor,142233,1228785
andhra-pradesh,2019,2,West Godavari,111166,960393
andhra-pradesh,2019,3,Visakhapatnam,993677,8318809
andhra-pradesh,2019,3,Krishna,458468,3838179
andhra-pradesh,2019,3,Guntur,271983,2276976
andhra-pradesh,2019,3,East Godavari,190270,1592894
andhra-pradesh,2019,3,Chittoor,153711,1286831
andhra-pradesh,2019,3,West Godavari,120137,1005760
andhra-pradesh,2019,4,Visakhapatnam,1151509,10684594
andhra-pradesh,2019,4,Krishna,531290,4929719
andhra-pradesh,2019,4,Guntur,315184,2924525
andhra-pradesh,2019,4,East Godavari,220492,2045897
andhra-pradesh,2019,4,Chittoor,178126,1652793
andhra-pradesh,2019,4,West Godavari,139219,1291788
andhra-pradesh,2020,1,Visakhapatnam,1049661,8182125
andhra-pradesh,2020,1,Krishna,484298,3775115
andhra-pradesh,2020,1,Guntur,287307,2239564
andhra-pradesh,2020,1,East Godavari,200990,1566722
andhra-pradesh,2020,1,Chittoor,162371,1265687
andhra-pradesh,2020,1,West Godavari,126906,989234
andhra-pradesh,2020,2,Visakhapatnam,1180744,10872775
andhra-pradesh,2020,2,Krishna,544778,5016543
andhra-pradesh,2020,2,Guntur,323186,2976033
andhra-pradesh,2020,2,East Godavari,226090,2081930
andhra-pradesh,2020,2,Chittoor,182648,1681902
andhra-pradesh,2020,2,West Godavari,142754,1314539
andhra-pradesh,2020,3,Visakhapatnam,1140882,8784814
andhra-pradesh,2020,3,Krishna,526386,4053187
andhra-pradesh,2020,3,Guntur,312275,2404528
andhra-pradesh,2020,3,East Godavari,218457,1682125
andhra-pradesh,2020,3,Chittoor,176482,1358917
andhra-pradesh,2020,3,West Godavari,137934,1062101
andhra-pradesh,2020,4,Visakhapatnam,1462633,12639004
andhra-pradesh,2020,4,Krishna,674837,5831455
andhra-pradesh,2020,4,Guntur,400343,3459475
andhra-pradesh,2020,4,East Godavari,280066,2420130
andhra-pradesh,2020,4,Chittoor,226253,1955119
andhra-pradesh,2020,4,West Godavari,176835,1528080
andhra-pradesh,2021,1,Visakhapatnam,1180274,10639689
andhra-pradesh,2021,1,Krishna,544561,4909000
andhra-pradesh,2021,1,Guntur,323057,2912234
andhra-pradesh,2021,1,East Godavari,226000,2037299
andhra-pradesh,2021,1,Chittoor,182575,1645846
andhra-pradesh,2021,1,West Godavari,142697,1286359
andhra-pradesh,2021,2,Visakhapatnam,1068163,9827746
andhra-pradesh,2021,2,Krishna,492835,4534381
andhra-pradesh,2021,2,Guntur,292371,2689994
andhra-pradesh,2021,2,East Godavari,204533,1881827
andhra-pradesh,2021,2,Chittoor,165233,1520247
andhra-pradesh,2021,2,West Godavari,129143,1188193
andhra-pradesh,2021,3,Visakhapatnam,1422502,13113628
andhra-pradesh,2021,3,Krishna,656322,6050440
andhra-pradesh,2021,3,Guntur,389359,3589386
andhra-pradesh,2021,3,East Godavari,272382,2511011
andhra-pradesh,2021,3,Chittoor,220045,2028538
andhra-pradesh,2021,3,West Godavari,171983,1585463
andhra-pradesh,2021,4,Visakhapatnam,1464874,12516136
andhra-pradesh,2021,4,Krishna,675872,5774766
andhra-pradesh,2021,4,Guntur,400957,3425844
andhra-pradesh,2021,4,East Godavari,280495,2396603
andhra-pradesh,2021,4,Chittoor,226600,1936113
andhra-pradesh,2021,4,West Godavari,177106,1513225
andhra-pradesh,2022,1,Visakhapatnam,1236786,9104251
andhra-pradesh,2022,1,Krishna,570635,4200571
andhra-pradesh,2022,1,Guntur,338525,2491963
andhra-pradesh,2022,1,East Godavari,236821,1743291
andhra-pradesh,2022,1,Chittoor,191317,1408330
andhra-pradesh,2022,1,West Godavari,149529,1100721
andhra-pradesh,2022,2,Visakhapatnam,1545229,14173259
andhra-pradesh,2022,2,Krishna,712946,6539339
andhra-pradesh,2022,2,Guntur,422951,3879422
andhra-pradesh,2022,2,East Godavari,295882,2713910
andhra-pradesh,2022,2,Chittoor,239030,2192452
andhra-pradesh,2022,2,West Godavari,186821,1713574
andhra-pradesh,2022,3,Visakhapatnam,1472032,12581642
andhra-pradesh,2022,3,Krishna,679174,5804989
andhra-pradesh,2022,3,Guntur,402916,3443774
andhra-pradesh,2022,3,East Godavari,281866,2409146
andhra-pradesh,2022,3,Chittoor,227707,1946246
andhra-pradesh,2022,3,West Godavari,177971,1521145
andhra-pradesh,2022,4,Visakhapatnam,1723189,15701703
andhra-pradesh,2022,4,Krishna,795055,7244541
andhra-pradesh,2022,4,Guntur,471661,4297779
andhra-pradesh,2022,4,East Godavari,329958,3006579
andhra-pradesh,2022,4,Chittoor,266559,2428886
andhra-pradesh,2022,4,West Godavari,208337,1898366
andhra-pradesh,2023,1,Visakhapatnam,1392892,12630860
andhra-pradesh,2023,1,Krishna,642660,5827698
andhra-pradesh,2023,1,Guntur,381254,3457246
andhra-pradesh,2023,1,East Godavari,266712,2418570
andhra-pradesh,2023,1,Chittoor,215465,1953859
andhra-pradesh,2023,1,West Godavari,168403,1527095
andhra-pradesh,2023,2,Visakhapatnam,1624189,13100600
andhra-pradesh,2023,2,Krishna,749377,6044429
andhra-pradesh,2023,2,Guntur,444563,3585820
andhra-pradesh,2023,2,East Godavari,311001,2508517
andhra-pradesh,2023,2,Chittoor,251244,2026523
andhra-pradesh,2023,2,West Godavari,196367,1583888
andhra-pradesh,2023,3,Visakhapatnam,1594066,12966624
andhra-pradesh,2023,3,Krishna,735479,5982615
andhra-pradesh,2023,3,Guntur,436318,3549149
andhra-pradesh,2023,3,East Godavari,305233,2482863
andhra-pradesh,2023,3,Chittoor,246585,2005798
andhra-pradesh,2023,3,West Godavari,192725,1567690
andhra-pradesh,2023,4,Visakhapatnam,2132346,16434978
andhra-pradesh,2023,4,Krishna,983834,7582863
andhra-pradesh,2023,4,Guntur,583653,4498487
andhra-pradesh,2023,4,East Godavari,408303,3146987
andhra-pradesh,2023,4,Chittoor,329851,2542316
andhra-pradesh,2023,4,West Godavari,257804,1987020
arunachal-pradesh,2018,1,Arunachal Pradesh District 1,20235,182956
arunachal-pradesh,2018,1,Arunachal Pradesh District 2,9024,81596
arunachal-pradesh,2018,1,Arunachal Pradesh District 3,5847,52871
arunachal-pradesh,2018,1,Arunachal Pradesh District 4,4546,41108
arunachal-pradesh,2018,1,Arunachal Pradesh District 5,3630,32823
arunachal-pradesh,2018,2,Arunachal Pradesh District 1,25448,185549
arunachal-pradesh,2018,2,Arunachal Pradesh District 2,11349,82752
arunachal-pradesh,2018,2,Arunachal Pradesh District 3,7354,53620
arunachal-pradesh,2018,2,Arunachal Pradesh District 4,5718,41691
arunachal-pradesh,2018,2,Arunachal Pradesh District 5,4565,33288
arunachal-pradesh,2018,3,Arunachal Pradesh District 1,26724,223433
arunachal-pradesh,2018,3,Arunachal Pradesh District 2,11918,99648
arunachal-pradesh,2018,3,Arunachal Pradesh District 3,7722,64568
arunachal-pradesh,2018,3,Arunachal Pradesh District 4,6004,50203
arunachal-pradesh,2018,3,Arunachal Pradesh District 5,4794,40085
arunachal-pradesh,2018,4,Arunachal Pradesh District 1,34557,243088
arunachal-pradesh,2018,4,Arunachal Pradesh District 2,15412,108414
arunachal-pradesh,2018,4,Arunachal Pradesh District 3,9986,70248
arunachal-pradesh,2018,4,Arunachal Pradesh District 4,7764,54620
arunachal-pradesh,2018,4,Arunachal Pradesh District 5,6199,43611
arunachal-pradesh,2019,1,Arunachal Pradesh District 1,26771,210705
arunachal-pradesh,2019,1,Arunachal Pradesh District 2,11939,93972
arunachal-pradesh,2019,1,Arunachal Pradesh District 3,7736,60890
arunachal-pradesh,2019,1,Arunachal Pradesh District 4,6015,47343
arunachal-pradesh,2019,1,Arunachal Pradesh District 5,4803,37802
arunachal-pradesh,2019,2,Arunachal Pradesh District 1,29459,206547
arunachal-pradesh,2019,2,Arunachal Pradesh District 2,13138,92117
arunachal-pradesh,2019,2,Arunachal Pradesh District 3,8513,59688
arunachal-pradesh,2019,2,Arunachal Pradesh District 4,6619,46409
arunachal-pradesh,2019,2,Arunachal Pradesh District 5,5285,37056
arunachal-pradesh,2019,3,Arunachal Pradesh District 1,33168,287086
arunachal-pradesh,2019,3,Arunachal Pradesh District 2,14792,128037
arunachal-pradesh,2019,3,Arunachal Pradesh District 3,9585,82963
arunachal-pradesh,2019,3,Arunachal Pradesh District 4,7452,64506
arunachal-pradesh,2019,3,Arunachal Pradesh District 5,5950,51505
arunachal-pradesh,2019,4,Arunachal Pradesh District 1,38318,267344
arunachal-pradesh,2019,4,Arunachal Pradesh District 2,17089,119232
arunachal-pradesh,2019,4,Arunachal Pradesh District 3,11073,77257
arunachal-pradesh,2019,4,Arunachal Pradesh District 4,8609,60070
arunachal-pradesh,2019,4,Arunachal Pradesh District 5,6874,47963
arunachal-pradesh,2020,1,Arunachal Pradesh District 1,36645,309654
arunachal-pradesh,2020,1,Arunachal Pradesh District 2,16343,138102
arunachal-pradesh,2020,1,Arunachal Pradesh District 3,10589,89485
arunachal-pradesh,2020,1,Arunachal Pradesh District 4,8233,69576
arunachal-pradesh,2020,1,Arunachal Pradesh District 5,6574,55554
arunachal-pradesh,2020,2,Arunachal Pradesh District 1,36560,327521
arunachal-pradesh,2020,2,Arunachal Pradesh District 2,16305,146070
arunachal-pradesh,2020,2,Arunachal Pradesh District 3,10565,94648
arunachal-pradesh,2020,2,Arunachal Pradesh District 4,8214,73591
arunachal-pradesh,2020,2,Arunachal Pradesh District 5,6559,58759
arunachal-pradesh,2020,3,Arunachal Pradesh District 1,41210,369792
arunachal-pradesh,2020,3,Arunachal Pradesh District 2,18379,164922
arunachal-pradesh,2020,3,Arunachal Pradesh District 3,11909,106863
arunachal-pradesh,2020,3,Arunachal Pradesh District 4,9259,83089
arunachal-pradesh,2020,3,Arunachal Pradesh District 5,7393,66343
arunachal-pradesh,2020,4,Arunachal Pradesh District 1,50590,328944
arunachal-pradesh,2020,4,Arunachal Pradesh District 2,22562,146705
arunachal-pradesh,2020,4,Arunachal Pradesh District 3,14619,95059
arunachal-pradesh,2020,4,Arunachal Pradesh District 4,11367,73911
arunachal-pradesh,2020,4,Arunachal Pradesh District 5,9076,59015
arunachal-pradesh,2021,1,Arunachal Pradesh District 1,41072,335122
arunachal-pradesh,2021,1,Arunachal Pradesh District 2,18317,149460
arunachal-pradesh,2021,1,Arunachal Pradesh District 3,11869,96844
arunachal-pradesh,2021,1,Arunachal Pradesh District 4,9228,75299
arunachal-pradesh,2021,1,Arunachal Pradesh District 5,7368,60123
arunachal-pradesh,2021,2,Arunachal Pradesh District 1,39333,304872
arunachal-pradesh,2021,2,Arunachal Pradesh District 2,17542,135969
arunachal-pradesh,2021,2,Arunachal Pradesh District 3,11366,88102
arunachal-pradesh,2021,2,Arunachal Pradesh District 4,8837,68502
arunachal-pradesh,2021,2,Arunachal Pradesh District 5,7056,54696
arunachal-pradesh,2021,3,Arunachal Pradesh District 1,48118,416070
arunachal-pradesh,2021,3,Arunachal Pradesh District 2,21460,185562
arunachal-pradesh,2021,3,Arunachal Pradesh District 3,13905,120237
arunachal-pradesh,2021,3,Arunachal Pradesh District 4,10811,93487
arunachal-pradesh,2021,3,Arunachal Pradesh District 5,8632,74646
arunachal-pradesh,2021,4,Arunachal Pradesh District 1,54222,403593
arunachal-pradesh,2021,4,Arunachal Pradesh District 2,24182,179997
arunachal-pradesh,2021,4,Arunachal Pradesh District 3,15669,116631
arunachal-pradesh,2021,4,Arunachal Pradesh District 4,12183,90684
arunachal-pradesh,2021,4,Arunachal Pradesh District 5,9727,72407
arunachal-pradesh,2022,1,Arunachal Pradesh District 1,43981,332418
arunachal-pradesh,2022,1,Arunachal Pradesh District 2,19615,148254
arunachal-pradesh,2022,1,Arunachal Pradesh District 3,12709,96063
arunachal-pradesh,2022,1,Arunachal Pradesh District 4,9882,74691
arunachal-pradesh,2022,1,Arunachal Pradesh District 5,7890,59638
arunachal-pradesh,2022,2,Arunachal Pradesh District 1,50675,384283
arunachal-pradesh,2022,2,Arunachal Pradesh District 2,22600,171385
arunachal-pradesh,2022,2,Arunachal Pradesh District 3,14644,111051
arunachal-pradesh,2022,2,Arunachal Pradesh District 4,11386,86345
arunachal-pradesh,2022,2,Arunachal Pradesh District 5,9091,68943
arunachal-pradesh,2022,3,Arunachal Pradesh District 1,54099,404377
arunachal-pradesh,2022,3,Arunachal Pradesh District 2,24127,180347
arunachal-pradesh,2022,3,Arunachal Pradesh District 3,15633,116858
arunachal-pradesh,2022,3,Arunachal Pradesh District 4,12155,90860
arunachal-pradesh,2022,3,Arunachal Pradesh District 5,9705,72548
arunachal-pradesh,2022,4,Arunachal Pradesh District 1,58638,491861
arunachal-pradesh,2022,4,Arunachal Pradesh District 2,26151,219364
arunachal-pradesh,2022,4,Arunachal Pradesh District 3,16945,142139
arunachal-pradesh,2022,4,Arunachal Pradesh District 4,13175,110517
arunachal-pradesh,2022,4,Arunachal Pradesh District 5,10520,88243
arunachal-pradesh,2023,1,Arunachal Pradesh District 1,48884,360418
arunachal-pradesh,2023,1,Arunachal Pradesh District 2,21802,160742
arunachal-pradesh,2023,1,Arunachal Pradesh District 3,14126,104154
arunachal-pradesh,2023,1,Arunachal Pradesh District 4,10984,80983
arunachal-pradesh,2023,1,Arunachal Pradesh District 5,8770,64661
arunachal-pradesh,2023,2,Arunachal Pradesh District 1,58883,559197
arunachal-pradesh,2023,2,Arunachal Pradesh District 2,26261,249395
arunachal-pradesh,2023,2,Arunachal Pradesh District 3,17016,161598
arunachal-pradesh,2023,2,Arunachal Pradesh District 4,13230,125647
arunachal-pradesh,2023,2,Arunachal Pradesh District 5,10564,100324
arunachal-pradesh,2023,3,Arunachal Pradesh District 1,53255,476848
arunachal-pradesh,2023,3,Arunachal Pradesh District 2,23751,212668
arunachal-pradesh,2023,3,Arunachal Pradesh District 3,15389,137801
arunachal-pradesh,2023,3,Arunachal Pradesh District 4,11966,107144
arunachal-pradesh,2023,3,Arunachal Pradesh District 5,9554,85550
arunachal-pradesh,2023,4,Arunachal Pradesh District 1,66936,565867
arunachal-pradesh,2023,4,Arunachal Pradesh District 2,29852,252369
arunachal-pradesh,2023,4,Arunachal Pradesh District 3,19343,163526
arunachal-pradesh,2023,4,Arunachal Pradesh District 4,15040,127145
arunachal-pradesh,2023,4,Arunachal Pradesh District 5,12008,101520
assam,2018,1,Assam District 1,190436,1408893
assam,2018,1,Assam District 2,74534,551424
assam,2018,1,Assam District 3,53263,394052
assam,2018,1,Assam District 4,33194,245580
assam,2018,1,Assam District 5,29992,221894
assam,2018,2,Assam District 1,265426,2174631
assam,2018,2,Assam District 2,103884,851126
assam,2018,2,Assam District 3,74237,608221
assam,2018,2,Assam District 4,46265,379055
assam,2018,2,Assam District 5,41803,342494
assam,2018,3,Assam District 1,259984,1781274
assam,2018,3,Assam District 2,101754,697170
assam,2018,3,Assam District 3,72714,498203
assam,2018,3,Assam District 4,45317,310489
assam,2018,3,Assam District 5,40946,280542
assam,2018,4,Assam District 1,375302,3093279
assam,2018,4,Assam District 2,146889,1210674
assam,2018,4,Assam District 3,104968,865157
assam,2018,4,Assam District 4,65418,539182
assam,2018,4,Assam District 5,59108,487176
assam,2019,1,Assam District 1,288217,1917567
assam,2019,1,Assam District 2,112804,750514
assam,2019,1,Assam District 3,80611,536323
assam,2019,1,Assam District 4,50238,334246
assam,2019,1,Assam District 5,45392,302007
assam,2019,2,Assam District 1,299475,2824955
assam,2019,2,Assam District 2,117211,1105655
assam,2019,2,Assam District 3,83760,790110
assam,2019,2,Assam District 4,52200,492411
assam,2019,2,Assam District 5,47165,444917
assam,2019,3,Assam District 1,375803,2963993
assam,2019,3,Assam District 2,147085,1160073
assam,2019,3,Assam District 3,105108,828997
assam,2019,3,Assam District 4,65505,516646
assam,2019,3,Assam District 5,59187,466815
assam,2019,4,Assam District 1,472888,3616329
assam,2019,4,Assam District 2,185083,1415390
assam,2019,4,Assam District 3,132261,1011449
assam,2019,4,Assam District 4,82428,630354
assam,2019,4,Assam District 5,74477,569554
assam,2020,1,Assam District 1,372738,2866322
assam,2020,1,Assam District 2,145885,1121845
assam,2020,1,Assam District 3,104251,801679
assam,2020,1,Assam District 4,64971,499621
assam,2020,1,Assam District 5,58704,451432
assam,2020,2,Assam District 1,410814,3745747
assam,2020,2,Assam District 2,160788,1466043
assam,2020,2,Assam District 3,114900,1047645
assam,2020,2,Assam District 4,71608,652912
assam,2020,2,Assam District 5,64701,589937
assam,2020,3,Assam District 1,472867,4117009
assam,2020,3,Assam District 2,185074,1611350
assam,2020,3,Assam District 3,132255,1151484
assam,2020,3,Assam District 4,82424,717626
assam,2020,3,Assam District 5,74474,648409
assam,2020,4,Assam District 1,498139,4193149
assam,2020,4,Assam District 2,194966,1641151
assam,2020,4,Assam District 3,139324,1172779
assam,2020,4,Assam District 4,86829,730898
assam,2020,4,Assam District 5,78454,660401
assam,2021,1,Assam District 1,402757,3688641
assam,2021,1,Assam District 2,157634,1443692
assam,2021,1,Assam District 3,112647,1031673
assam,2021,1,Assam District 4,70203,642958
assam,2021,1,Assam District 5,63432,580943
assam,2021,2,Assam District 1,488951,3717969
assam,2021,2,Assam District 2,191369,1455170
assam,2021,2,Assam District 3,136754,1039876
assam,2021,2,Assam District 4,85227,648070
assam,2021,2,Assam District 5,77007,585562
assam,2021,3,Assam District 1,507938,4808168
assam,2021,3,Assam District 2,198801,1881862
assam,2021,3,Assam District 3,142065,1344793
assam,2021,3,Assam District 4,88537,838100
assam,2021,3,Assam District 5,79997,757263
assam,2021,4,Assam District 1,551731,4581248
assam,2021,4,Assam District 2,215941,1793048
assam,2021,4,Assam District 3,154313,1281326
assam,2021,4,Assam District 4,96170,798546
assam,2021,4,Assam District 5,86895,721525
assam,2022,1,Assam District 1,435132,2978007
assam,2022,1,Assam District 2,170305,1165558
assam,2022,1,Assam District 3,121702,832917
assam,2022,1,Assam District 4,75846,519089
assam,2022,1,Assam District 5,68531,469022
assam,2022,2,Assam District 1,537877,3595828
assam,2022,2,Assam District 2,210519,1407366
assam,2022,2,Assam District 3,150438,1005715
assam,2022,2,Assam District 4,93756,626780
assam,2022,2,Assam District 5,84713,566326
assam,2022,3,Assam District 1,573546,4864785
assam,2022,3,Assam District 2,224479,1904021
assam,2022,3,Assam District 3,160414,1360628
assam,2022,3,Assam District 4,99973,847969
assam,2022,3,Assam District 5,90330,766180
assam,2022,4,Assam District 1,594495,3932955
assam,2022,4,Assam District 2,232678,1539314
assam,2022,4,Assam District 3,166273,1100005
assam,2022,4,Assam District 4,103625,685544
assam,2022,4,Assam District 5,93630,619422
assam,2023,1,Assam District 1,472056,4079573
assam,2023,1,Assam District 2,184757,1596698
assam,2023,1,Assam District 3,132029,1141013
assam,2023,1,Assam District 4,82283,711100
assam,2023,1,Assam District 5,74346,642513
assam,2023,2,Assam District 1,632507,5949451
assam,2023,2,Assam District 2,247556,2328547
assam,2023,2,Assam District 3,176905,1663998
assam,2023,2,Assam District 4,110250,1037035
assam,2023,2,Assam District 5,99616,937010
assam,2023,3,Assam District 1,577602,4021613
assam,2023,3,Assam District 2,226067,1574014
assam,2023,3,Assam District 3,161549,1124802
assam,2023,3,Assam District 4,100680,700998
assam,2023,3,Assam District 5,90969,633385
assam,2023,4,Assam District 1,743600,5249358
assam,2023,4,Assam District 2,291036,2054539
assam,2023,4,Assam District 3,207977,1468189
assam,2023,4,Assam District 4,129615,915003
assam,2023,4,Assam District 5,117113,826749
bihar,2018,1,Patna,300706,2025714
bihar,2018,1,Gaya,139240,937997
bihar,2018,1,Muzaffarpur,75462,508353
bihar,2018,1,Bhagalpur,64007,431184
bihar,2018,1,Darbhanga,44475,299612
bihar,2018,2,Patna,372328,3193628
bihar,2018,2,Gaya,172405,1478794
bihar,2018,2,Muzaffarpur,93435,801441
bihar,2018,2,Bhagalpur,79252,679781
bihar,2018,2,Darbhanga,55069,472352
bihar,2018,3,Patna,453245,4036772
bihar,2018,3,Gaya,209873,1869208
bihar,2018,3,Muzaffarpur,113742,1013028
bihar,2018,3,Bhagalpur,96475,859249
bihar,2018,3,Darbhanga,67037,597056
bihar,2018,4,Patna,604160,5584300
bihar,2018,4,Gaya,279753,2585783
bihar,2018,4,Muzaffarpur,151614,1401381
bihar,2018,4,Bhagalpur,128599,1188649
bihar,2018,4,Darbhanga,89358,825943
bihar,2019,1,Patna,465447,4342934
bihar,2019,1,Gaya,215523,2010975
bihar,2019,1,Muzaffarpur,116804,1089860
bihar,2019,1,Bhagalpur,99073,924417
bihar,2019,1,Darbhanga,68841,642339
bihar,2019,2,Patna,538475,4091325
bihar,2019,2,Gaya,249338,1894468
bihar,2019,2,Muzaffarpur,135130,1026719
bihar,2019,2,Bhagalpur,114617,870861
bihar,2019,2,Darbhanga,79643,605125
bihar,2019,3,Patna,636711,4462565
bihar,2019,3,Gaya,294826,2066369
bihar,2019,3,Muzaffarpur,159782,1119881
bihar,2019,3,Bhagalpur,135527,949881
bihar,2019,3,Darbhanga,94172,660033
bihar,2019,4,Patna,675807,5382159
bihar,2019,4,Gaya,312929,2492183
bihar,2019,4,Muzaffarpur,169594,1350654
bihar,2019,4,Bhagalpur,143849,1145622
bihar,2019,4,Darbhanga,99955,796045
bihar,2020,1,Patna,671145,4737795
bihar,2020,1,Gaya,310770,2193813
bihar,2020,1,Muzaffarpur,168424,1188950
bihar,2020,1,Bhagalpur,142856,1008466
bihar,2020,1,Darbhanga,99265,700741
bihar,2020,2,Patna,716040,6337891
bihar,2020,2,Gaya,331559,2934730
bihar,2020,2,Muzaffarpur,179690,1590495
bihar,2020,2,Bhagalpur,152413,1349055
bihar,2020,2,Darbhanga,105905,937402
bihar,2020,3,Patna,699238,5368909
bihar,2020,3,Gaya,323778,2486048
bihar,2020,3,Muzaffarpur,175473,1347329
bihar,2020,3,Bhagalpur,148836,1142802
bihar,2020,3,Darbhanga,103420,794086
bihar,2020,4,Patna,857481,8005036
bihar,2020,4,Gaya,397052,3706694
bihar,2020,4,Muzaffarpur,215185,2008865
bihar,2020,4,Bhagalpur,182519,1703916
bihar,2020,4,Darbhanga,126825,1183980
bihar,2021,1,Patna,685853,5047607
bihar,2021,1,Gaya,317581,2337270
bihar,2021,1,Muzaffarpur,172115,1266698
bihar,2021,1,Bhagalpur,145987,1074411
bihar,2021,1,Darbhanga,101440,746563
bihar,2021,2,Patna,772088,6259384
bihar,2021,2,Gaya,357511,2898378
bihar,2021,2,Muzaffarpur,193755,1570793
bihar,2021,2,Bhagalpur,164343,1332344
bihar,2021,2,Darbhanga,114195,925791
bihar,2021,3,Patna,781899,5252923
bihar,2021,3,Gaya,362054,2432341
bihar,2021,3,Muzaffarpur,196217,1318222
bihar,2021,3,Bhagalpur,166431,1118114
bihar,2021,3,Darbhanga,115646,776931
bihar,2021,4,Patna,995420,7115992
bihar,2021,4,Gaya,460924,3295026
bihar,2021,4,Muzaffarpur,249801,1785760
bihar,2021,4,Bhagalpur,211880,1514678
bihar,2021,4,Darbhanga,147227,1052487
bihar,2022,1,Patna,847495,6231430
bihar,2022,1,Gaya,392428,2885434
bihar,2022,1,Muzaffarpur,212679,1563778
bihar,2022,1,Bhagalpur,180394,1326394
bihar,2022,1,Darbhanga,125348,921656
bihar,2022,2,Patna,844900,6663629
bihar,2022,2,Gaya,391226,3085562
bihar,2022,2,Muzaffarpur,212027,1672239
bihar,2022,2,Bhagalpur,179841,1418390
bihar,2022,2,Darbhanga,124964,985580
bihar,2022,3,Patna,1019165,7576843
bihar,2022,3,Gaya,471919,3508421
bihar,2022,3,Muzaffarpur,255759,1901410
bihar,2022,3,Bhagalpur,216935,1612773
bihar,2022,3,Darbhanga,150739,1120649
bihar,2022,4,Patna,1056742,7567848
bihar,2022,4,Gaya,489319,3504256
bihar,2022,4,Muzaffarpur,265189,1899153
bihar,2022,4,Bhagalpur,224933,1610858
bihar,2022,4,Darbhanga,156296,1119318
bihar,2023,1,Patna,833103,6858630
bihar,2023,1,Gaya,385764,3175856
bihar,2023,1,Muzaffarpur,209067,1721174
bihar,2023,1,Bhagalpur,177330,1459897
bihar,2023,1,Darbhanga,123219,1014422
bihar,2023,2,Patna,1011054,6685419
bihar,2023,2,Gaya,468163,3095651
bihar,2023,2,Muzaffarpur,253724,1677707
bihar,2023,2,Bhagalpur,215208,1423028
bihar,2023,2,Darbhanga,149539,988803
bihar,2023,3,Patna,1028153,9561092
bihar,2023,3,Gaya,476081,4427218
bihar,2023,3,Muzaffarpur,258015,2399358
bihar,2023,3,Bhagalpur,218848,2035131
bihar,2023,3,Darbhanga,152068,1414128
bihar,2023,4,Patna,1099820,8744075
bihar,2023,4,Gaya,509266,4048902
bihar,2023,4,Muzaffarpur,276000,2194327
bihar,2023,4,Bhagalpur,234102,1861225
bihar,2023,4,Darbhanga,162668,1293288
chandigarh,2018,1,Chandigarh District 1,34886,292399
chandigarh,2018,1,Chandigarh District 2,18152,152141
chandigarh,2018,1,Chandigarh District 3,10340,86668
chandigarh,2018,1,Chandigarh District 4,7759,65039
chandigarh,2018,1,Chandigarh District 5,6304,52837
chandigarh,2018,2,Chandigarh District 1,40073,377775
chandigarh,2018,2,Chandigarh District 2,20850,196564
chandigarh,2018,2,Chandigarh District 3,11877,111973
chandigarh,2018,2,Chandigarh District 4,8913,84030
chandigarh,2018,2,Chandigarh District 5,7241,68264
chandigarh,2018,3,Chandigarh District 1,54742,496814
chandigarh,2018,3,Chandigarh District 2,28483,258502
chandigarh,2018,3,Chandigarh District 3,16225,147257
chandigarh,2018,3,Chandigarh District 4,12176,110508
chandigarh,2018,3,Chandigarh District 5,9892,89775
chandigarh,2018,4,Chandigarh District 1,56417,453627
chandigarh,2018,4,Chandigarh District 2,29355,236031
chandigarh,2018,4,Chandigarh District 3,16722,134456
chandigarh,2018,4,Chandigarh District 4,12549,100902
chandigarh,2018,4,Chandigarh District 5,10194,81971
chandigarh,2019,1,Chandigarh District 1,52639,439159
chandigarh,2019,1,Chandigarh District 2,27389,228503
chandigarh,2019,1,Chandigarh District 3,15602,130168
chandigarh,2019,1,Chandigarh District 4,11708,97684
chandigarh,2019,1,Chandigarh District 5,9512,79356
chandigarh,2019,2,Chandigarh District 1,60067,443092
chandigarh,2019,2,Chandigarh District 2,31254,230550
chandigarh,2019,2,Chandigarh District 3,17804,131333
chandigarh,2019,2,Chandigarh District 4,13361,98559
chandigarh,2019,2,Chandigarh District 5,10854,80067
chandigarh,2019,3,Chandigarh District 1,73986,561818
chandigarh,2019,3,Chandigarh District 2,38496,292325
chandigarh,2019,3,Chandigarh District 3,21929,166524
chandigarh,2019,3,Chandigarh District 4,16457,124968
chandigarh,2019,3,Chandigarh District 5,13369,101521
chandigarh,2019,4,Chandigarh District 1,86934,686028
chandigarh,2019,4,Chandigarh District 2,45233,356954
chandigarh,2019,4,Chandigarh District 3,25767,203340
chandigarh,2019,4,Chandigarh District 4,19337,152596
chandigarh,2019,4,Chandigarh District 5,15709,123966
chandigarh,2020,1,Chandigarh District 1,67598,498561
chandigarh,2020,1,Chandigarh District 2,35172,259411
chandigarh,2020,1,Chandigarh District 3,20036,147774
chandigarh,2020,1,Chandigarh District 4,15036,110897
chandigarh,2020,1,Chandigarh District 5,12215,90090
chandigarh,2020,2,Chandigarh District 1,65953,536053
chandigarh,2020,2,Chandigarh District 2,34317,278919
chandigarh,2020,2,Chandigarh District 3,19548,158887
chandigarh,2020,2,Chandigarh District 4,14670,119236
chandigarh,2020,2,Chandigarh District 5,11917,96865
chandigarh,2020,3,Chandigarh District 1,91718,628926
chandigarh,2020,3,Chandigarh District 2,47723,327243
chandigarh,2020,3,Chandigarh District 3,27185,186415
chandigarh,2020,3,Chandigarh District 4,20401,139895
chandigarh,2020,3,Chandigarh District 5,16573,113647
chandigarh,2020,4,Chandigarh District 1,86354,682398
chandigarh,2020,4,Chandigarh District 2,44932,355066
chandigarh,2020,4,Chandigarh District 3,25595,202264
chandigarh,2020,4,Chandigarh District 4,19208,151789
chandigarh,2020,4,Chandigarh District 5,15604,123310
chandigarh,2021,1,Chandigarh District 1,75360,678114
chandigarh,2021,1,Chandigarh District 2,39211,352836
chandigarh,2021,1,Chandigarh District 3,22336,200994
chandigarh,2021,1,Chandigarh District 4,16762,150836
chandigarh,2021,1,Chandigarh District 5,13617,122536
chandigarh,2021,2,Chandigarh District 1,82557,712676
chandigarh,2021,2,Chandigarh District 2,42956,370820
chandigarh,2021,2,Chandigarh District 3,24470,211239
chandigarh,2021,2,Chandigarh District 4,18363,158524
chandigarh,2021,2,Chandigarh District 5,14918,128781
chandigarh,2021,3,Chandigarh District 1,84235,742977
chandigarh,2021,3,Chandigarh District 2,43829,386586
chandigarh,2021,3,Chandigarh District 3,24967,220220
chandigarh,2021,3,Chandigarh District 4,18736,165264
chandigarh,2021,3,Chandigarh District 5,15221,134257
chandigarh,2021,4,Chandigarh District 1,100992,809634
chandigarh,2021,4,Chandigarh District 2,52548,421269
chandigarh,2021,4,Chandigarh District 3,29934,239977
chandigarh,2021,4,Chandigarh District 4,22464,180090
chandigarh,2021,4,Chandigarh District 5,18249,146302
chandigarh,2022,1,Chandigarh District 1,85535,682973
chandigarh,2022,1,Chandigarh District 2,44505,355365
chandigarh,2022,1,Chandigarh District 3,25352,202435
chandigarh,2022,1,Chandigarh District 4,19026,151917
chandigarh,2022,1,Chandigarh District 5,15456,123414
chandigarh,2022,2,Chandigarh District 1,94449,801661
chandigarh,2022,2,Chandigarh District 2,49144,417121
chandigarh,2022,2,Chandigarh District 3,27995,237614
chandigarh,2022,2,Chandigarh District 4,21008,178317
chandigarh,2022,2,Chandigarh District 5,17067,144861
chandigarh,2022,3,Chandigarh District 1,94538,695750
chandigarh,2022,3,Chandigarh District 2,49190,362013
chandigarh,2022,3,Chandigarh District 3,28021,206222
chandigarh,2022,3,Chandigarh District 4,21028,154759
chandigarh,2022,3,Chandigarh District 5,17083,125723
chandigarh,2022,4,Chandigarh District 1,108667,956927
chandigarh,2022,4,Chandigarh District 2,56542,497909
chandigarh,2022,4,Chandigarh District 3,32209,283636
chandigarh,2022,4,Chandigarh District 4,24171,212854
chandigarh,2022,4,Chandigarh District 5,19636,172918
chandigarh,2023,1,Chandigarh District 1,85352,598753
chandigarh,2023,1,Chandigarh District 2,44410,311543
chandigarh,2023,1,Chandigarh District 3,25298,177472
chandigarh,2023,1,Chandigarh District 4,18985,133183
chandigarh,2023,1,Chandigarh District 5,15423,108195
chandigarh,2023,2,Chandigarh District 1,113666,986455
chandigarh,2023,2,Chandigarh District 2,59142,513272
chandigarh,2023,2,Chandigarh District 3,33690,292388
chandigarh,2023,2,Chandigarh District 4,25283,219422
chandigarh,2023,2,Chandigarh District 5,20539,178253
chandigarh,2023,3,Chandigarh District 1,109313,910746
chandigarh,2023,3,Chandigarh District 2,56878,473879
chandigarh,2023,3,Chandigarh District 3,32400,269947
chandigarh,2023,3,Chandigarh District 4,24315,202581
chandigarh,2023,3,Chandigarh District 5,19753,164573
chandigarh,2023,4,Chandigarh District 1,125455,912518
chandigarh,2023,4,Chandigarh District 2,65277,474802
chandigarh,2023,4,Chandigarh District 3,37185,270473
chandigarh,2023,4,Chandigarh District 4,27905,202975
chandigarh,2023,4,Chandigarh District 5,22670,164893
chhattisgarh,2018,1,Chhattisgarh District 1,189444,1713914
chhattisgarh,2018,1,Chhattisgarh District 2,92730,838939
chhattisgarh,2018,1,Chhattisgarh District 3,49145,444617
chhattisgarh,2018,1,Chhattisgarh District 4,37544,339670
chhattisgarh,2018,1,Chhattisgarh District 5,29452,266461
chhattisgarh,2018,2,Chhattisgarh District 1,200509,1871010
chhattisgarh,2018,2,Chhattisgarh District 2,98146,915835
chhattisgarh,2018,2,Chhattisgarh District 3,52015,485370
chhattisgarh,2018,2,Chhattisgarh District 4,39737,370804
chhattisgarh,2018,2,Chhattisgarh District 5,31173,290884
chhattisgarh,2018,3,Chhattisgarh District 1,219051,2030406
chhattisgarh,2018,3,Chhattisgarh District 2,107222,993858
chhattisgarh,2018,3,Chhattisgarh District 3,56825,526720
chhattisgarh,2018,3,Chhattisgarh District 4,43412,402394
chhattisgarh,2018,3,Chhattisgarh District 5,34055,315666
chhattisgarh,2018,4,Chhattisgarh District 1,292519,2707908
chhattisgarh,2018,4,Chhattisgarh District 2,143184,1325486
chhattisgarh,2018,4,Chhattisgarh District 3,75884,702475
chhattisgarh,2018,4,Chhattisgarh District 4,57972,536664
chhattisgarh,2018,4,Chhattisgarh District 5,45477,420996
chhattisgarh,2019,1,Chhattisgarh District 1,256372,1890654
chhattisgarh,2019,1,Chhattisgarh District 2,125490,925451
chhattisgarh,2019,1,Chhattisgarh District 3,66507,490466
chhattisgarh,2019,1,Chhattisgarh District 4,50808,374697
chhattisgarh,2019,1,Chhattisgarh District 5,39858,293938
chhattisgarh,2019,2,Chhattisgarh District 1,319026,2399448
chhattisgarh,2019,2,Chhattisgarh District 2,156159,1174499
chhattisgarh,2019,2,Chhattisgarh District 3,82760,622455
chhattisgarh,2019,2,Chhattisgarh District 4,63225,475532
chhattisgarh,2019,2,Chhattisgarh District 5,49598,373040
chhattisgarh,2019,3,Chhattisgarh District 1,309456,2587343
chhattisgarh,2019,3,Chhattisgarh District 2,151474,1266471
chhattisgarh,2019,3,Chhattisgarh District 3,80277,671199
chhattisgarh,2019,3,Chhattisgarh District 4,61329,512770
chhattisgarh,2019,3,Chhattisgarh District 5,48110,402252
chhattisgarh,2019,4,Chhattisgarh District 1,403597,3662081
chhattisgarh,2019,4,Chhattisgarh District 2,197555,1792541
chhattisgarh,2019,4,Chhattisgarh District 3,104699,950003
chhattisgarh,2019,4,Chhattisgarh District 4,79986,725765
chhattisgarh,2019,4,Chhattisgarh District 5,62746,569341
chhattisgarh,2020,1,Chhattisgarh District 1,283055,1860100
chhattisgarh,2020,1,Chhattisgarh District 2,138551,910495
chhattisgarh,2020,1,Chhattisgarh District 3,73429,482540
chhattisgarh,2020,1,Chhattisgarh District 4,56097,368642
chhattisgarh,2020,1,Chhattisgarh District 5,44006,289188
chhattisgarh,2020,2,Chhattisgarh District 1,338273,2361335
chhattisgarh,2020,2,Chhattisgarh District 2,165580,1155843
chhattisgarh,2020,2,Chhattisgarh District 3,87753,612568
chhattisgarh,2020,2,Chhattisgarh District 4,67040,467978
chhattisgarh,2020,2,Chhattisgarh District 5,52591,367115
chhattisgarh,2020,3,Chhattisgarh District 1,390365,3279611
chhattisgarh,2020,3,Chhattisgarh District 2,191078,1605328
chhattisgarh,2020,3,Chhattisgarh District 3,101267,850784
chhattisgarh,2020,3,Chhattisgarh District 4,77364,649966
chhattisgarh,2020,3,Chhattisgarh District 5,60689,509879
chhattisgarh,2020,4,Chhattisgarh District 1,441874,3235539
chhattisgarh,2020,4,Chhattisgarh District 2,216292,1583755
chhattisgarh,2020,4,Chhattisgarh District 3,114629,839351
chhattisgarh,2020,4,Chhattisgarh District 4,87572,641231
chhattisgarh,2020,4,Chhattisgarh District 5,68698,503027
chhattisgarh,2021,1,Chhattisgarh District 1,386683,3105678
chhattisgarh,2021,1,Chhattisgarh District 2,189276,1520190
chhattisgarh,2021,1,Chhattisgarh District 3,100312,805663
chhattisgarh,2021,1,Chhattisgarh District 4,76634,615495
chhattisgarh,2021,1,Chhattisgarh District 5,60117,482837
chhattisgarh,2021,2,Chhattisgarh District 1,378807,2810349
chhattisgarh,2021,2,Chhattisgarh District 2,185421,1375630
chhattisgarh,2021,2,Chhattisgarh District 3,98268,729050
chhattisgarh,2021,2,Chhattisgarh District 4,75073,556966
chhattisgarh,2021,2,Chhattisgarh District 5,58892,436923
chhattisgarh,2021,3,Chhattisgarh District 1,411032,3581001
chhattisgarh,2021,3,Chhattisgarh District 2,201195,1752854
chhattisgarh,2021,3,Chhattisgarh District 3,106628,928970
chhattisgarh,2021,3,Chhattisgarh District 4,81460,709697
chhattisgarh,2021,3,Chhattisgarh District 5,63903,556736
chhattisgarh,2021,4,Chhattisgarh District 1,451962,2972946
chhattisgarh,2021,4,Chhattisgarh District 2,221229,1455219
chhattisgarh,2021,4,Chhattisgarh District 3,117246,771230
chhattisgarh,2021,4,Chhattisgarh District 4,89571,589190
chhattisgarh,2021,4,Chhattisgarh District 5,70266,462202
chhattisgarh,2022,1,Chhattisgarh District 1,420322,3249972
chhattisgarh,2022,1,Chhattisgarh District 2,205742,1590819
chhattisgarh,2022,1,Chhattisgarh District 3,109038,843095
chhattisgarh,2022,1,Chhattisgarh District 4,83301,644092
chhattisgarh,2022,1,Chhattisgarh District 5,65347,505271
chhattisgarh,2022,2,Chhattisgarh District 1,473983,3702272
chhattisgarh,2022,2,Chhattisgarh District 2,232008,1812215
chhattisgarh,2022,2,Chhattisgarh District 3,122958,960429
chhattisgarh,2022,2,Chhattisgarh District 4,93935,733731
chhattisgarh,2022,2,Chhattisgarh District 5,73689,575590
chhattisgarh,2022,3,Chhattisgarh District 1,487065,3197008
chhattisgarh,2022,3,Chhattisgarh District 2,238412,1564895
chhattisgarh,2022,3,Chhattisgarh District 3,126352,829356
chhattisgarh,2022,3,Chhattisgarh District 4,96528,633595
chhattisgarh,2022,3,Chhattisgarh District 5,75723,497036
chhattisgarh,2022,4,Chhattisgarh District 1,510807,4673255
chhattisgarh,2022,4,Chhattisgarh District 2,250033,2287498
chhattisgarh,2022,4,Chhattisgarh District 3,132511,1212318
chhattisgarh,2022,4,Chhattisgarh District 4,101233,926164
chhattisgarh,2022,4,Chhattisgarh District 5,79414,726548
chhattisgarh,2023,1,Chhattisgarh District 1,472401,4339480
chhattisgarh,2023,1,Chhattisgarh District 2,231234,2124120
chhattisgarh,2023,1,Chhattisgarh District 3,122548,1125731
chhattisgarh,2023,1,Chhattisgarh District 4,93622,860015
chhattisgarh,2023,1,Chhattisgarh District 5,73443,674656
chhattisgarh,2023,2,Chhattisgarh District 1,488597,4404071
chhattisgarh,2023,2,Chhattisgarh District 2,239162,2155736
chhattisgarh,2023,2,Chhattisgarh District 3,126750,1142487
chhattisgarh,2023,2,Chhattisgarh District 4,96832,872816
chhattisgarh,2023,2,Chhattisgarh District 5,75961,684698
chhattisgarh,2023,3,Chhattisgarh District 1,511161,3983803
chhattisgarh,2023,3,Chhattisgarh District 2,250207,1950020
chhattisgarh,2023,3,Chhattisgarh District 3,132603,1033463
chhattisgarh,2023,3,Chhattisgarh District 4,101304,789525
chhattisgarh,2023,3,Chhattisgarh District 5,79470,619359
chhattisgarh,2023,4,Chhattisgarh District 1,610704,5425516
chhattisgarh,2023,4,Chhattisgarh District 2,298931,2655721
chhattisgarh,2023,4,Chhattisgarh District 3,158426,1407467
chhattisgarh,2023,4,Chhattisgarh District 4,121031,1075250
chhattisgarh,2023,4,Chhattisgarh District 5,94945,843501
dadra-&-nagar-haveli-&-daman-&-diu,2018,1,Dadra And Nagar Haveli And Daman And Diu District 1,16680,110138
dadra-&-nagar-haveli-&-daman-&-diu,2018,1,Dadra And Nagar Haveli And Daman And Diu District 2,8293,54758
dadra-&-nagar-haveli-&-daman-&-diu,2018,1,Dadra And Nagar Haveli And Daman And Diu District 3,5154,34034
dadra-&-nagar-haveli-&-daman-&-diu,2018,1,Dadra And Nagar Haveli And Daman And Diu District 4,3154,20831
dadra-&-nagar-haveli-&-daman-&-diu,2018,1,Dadra And Nagar Haveli And Daman And Diu District 5,2776,18331
dadra-&-nagar-haveli-&-daman-&-diu,2018,2,Dadra And Nagar Haveli And Daman And Diu District 1,20152,138347
dadra-&-nagar-haveli-&-daman-&-diu,2018,2,Dadra And Nagar Haveli And Daman And Diu District 2,10019,68783
dadra-&-nagar-haveli-&-daman-&-diu,2018,2,Dadra And Nagar Haveli And Daman And Diu District 3,6227,42751
dadra-&-nagar-haveli-&-daman-&-diu,2018,2,Dadra And Nagar Haveli And Daman And Diu District 4,3811,26166
dadra-&-nagar-haveli-&-daman-&-diu,2018,2,Dadra And Nagar Haveli And Daman And Diu District 5,3354,23025
dadra-&-nagar-haveli-&-daman-&-diu,2018,3,Dadra And Nagar Haveli And Daman And Diu District 1,25565,183956
dadra-&-nagar-haveli-&-daman-&-diu,2018,3,Dadra And Nagar Haveli And Daman And Diu District 2,12710,91458
dadra-&-nagar-haveli-&-daman-&-diu,2018,3,Dadra And Nagar Haveli And Daman And Diu District 3,7900,56844
dadra-&-nagar-haveli-&-daman-&-diu,2018,3,Dadra And Nagar Haveli And Daman And Diu District 4,4835,34792
dadra-&-nagar-haveli-&-daman-&-diu,2018,3,Dadra And Nagar Haveli And Daman And Diu District 5,4254,30616
dadra-&-nagar-haveli-&-daman-&-diu,2018,4,Dadra And Nagar Haveli And Daman And Diu District 1,30957,280546
dadra-&-nagar-haveli-&-daman-&-diu,2018,4,Dadra And Nagar Haveli And Daman And Diu District 2,15391,139481
dadra-&-nagar-haveli-&-daman-&-diu,2018,4,Dadra And Nagar Haveli And Daman And Diu District 3,9566,86692
dadra-&-nagar-haveli-&-daman-&-diu,2018,4,Dadra And Nagar Haveli And Daman And Diu District 4,5855,53061
dadra-&-nagar-haveli-&-daman-&-diu,2018,4,Dadra And Nagar Haveli And Daman And Diu District 5,5152,46693
dadra-&-nagar-haveli-&-daman-&-diu,2019,1,Dadra And Nagar Haveli And Daman And Diu District 1,25495,224266
dadra-&-nagar-haveli-&-daman-&-diu,2019,1,Dadra And Nagar Haveli And Daman And Diu District 2,12675,111500
dadra-&-nagar-haveli-&-daman-&-diu,2019,1,Dadra And Nagar Haveli And Daman And Diu District 3,7878,69301
dadra-&-nagar-haveli-&-daman-&-diu,2019,1,Dadra And Nagar Haveli And Daman And Diu District 4,4822,42416
dadra-&-nagar-haveli-&-daman-&-diu,2019,1,Dadra And Nagar Haveli And Daman And Diu District 5,4243,37326
dadra-&-nagar-haveli-&-daman-&-diu,2019,2,Dadra And Nagar Haveli And Daman And Diu District 1,31572,290999
dadra-&-nagar-haveli-&-daman-&-diu,2019,2,Dadra And Nagar Haveli And Daman And Diu District 2,15697,144678
dadra-&-nagar-haveli-&-daman-&-diu,2019,2,Dadra And Nagar Haveli And Daman And Diu District 3,9756,89922
dadra-&-nagar-haveli-&-daman-&-diu,2019,2,Dadra And Nagar Haveli And Daman And Diu District 4,5971,55038
dadra-&-nagar-haveli-&-daman-&-diu,2019,2,Dadra And Nagar Haveli And Daman And Diu District 5,5254,48432
dadra-&-nagar-haveli-&-daman-&-diu,2019,3,Dadra And Nagar Haveli And Daman And Diu District 1,37167,275704
dadra-&-nagar-haveli-&-daman-&-diu,2019,3,Dadra And Nagar Haveli And Daman And Diu District 2,18479,137074
dadra-&-nagar-haveli-&-daman-&-diu,2019,3,Dadra And Nagar Haveli And Daman And Diu District 3,11485,85196
dadra-&-nagar-haveli-&-daman-&-diu,2019,3,Dadra And Nagar Haveli And Daman And Diu District 4,7029,52145
dadra-&-nagar-haveli-&-daman-&-diu,2019,3,Dadra And Nagar Haveli And Daman And Diu District 5,6186,45887
dadra-&-nagar-haveli-&-daman-&-diu,2019,4,Dadra And Nagar Haveli And Daman And Diu District 1,40404,348851
dadra-&-nagar-haveli-&-daman-&-diu,2019,4,Dadra And Nagar Haveli And Daman And Diu District 2,20088,173441
dadra-&-nagar-haveli-&-daman-&-diu,2019,4,Dadra And Nagar Haveli And Daman And Diu District 3,12485,107799
dadra-&-nagar-haveli-&-daman-&-diu,2019,4,Dadra And Nagar Haveli And Daman And Diu District 4,7642,65980
dadra-&-nagar-haveli-&-daman-&-diu,2019,4,Dadra And Nagar Haveli And Daman And Diu District 5,6724,58061
dadra-&-nagar-haveli-&-daman-&-diu,2020,1,Dadra And Nagar Haveli And Daman And Diu District 1,33291,229977
dadra-&-nagar-haveli-&-daman-&-diu,2020,1,Dadra And Nagar Haveli And Daman And Diu District 2,16551,114339
dadra-&-nagar-haveli-&-daman-&-diu,2020,1,Dadra And Nagar Haveli And Daman And Diu District 3,10287,71066
dadra-&-nagar-haveli-&-daman-&-diu,2020,1,Dadra And Nagar Haveli And Daman And Diu District 4,6296,43497
dadra-&-nagar-haveli-&-daman-&-diu,2020,1,Dadra And Nagar Haveli And Daman And Diu District 5,5540,38276
dadra-&-nagar-haveli-&-daman-&-diu,2020,2,Dadra And Nagar Haveli And Daman And Diu District 1,41000,302593
dadra-&-nagar-haveli-&-daman-&-diu,2020,2,Dadra And Nagar Haveli And Daman And Diu District 2,20384,150442
dadra-&-nagar-haveli-&-daman-&-diu,2020,2,Dadra And Nagar Haveli And Daman And Diu District 3,12669,93505
dadra-&-nagar-haveli-&-daman-&-diu,2020,2,Dadra And Nagar Haveli And Daman And Diu District 4,7754,57231
dadra-&-nagar-haveli-&-daman-&-diu,2020,2,Dadra And Nagar Haveli And Daman And Diu District 5,6823,50362
dadra-&-nagar-haveli-&-daman-&-diu,2020,3,Dadra And Nagar Haveli And Daman And Diu District 1,37261,344391
dadra-&-nagar-haveli-&-daman-&-diu,2020,3,Dadra And Nagar Haveli And Daman And Diu District 2,18525,171223
dadra-&-nagar-haveli-&-daman-&-diu,2020,3,Dadra And Nagar Haveli And Daman And Diu District 3,11514,106421
dadra-&-nagar-haveli-&-daman-&-diu,2020,3,Dadra And Nagar Haveli And Daman And Diu District 4,7047,65136
dadra-&-nagar-haveli-&-daman-&-diu,2020,3,Dadra And Nagar Haveli And Daman And Diu District 5,6201,57319
dadra-&-nagar-haveli-&-daman-&-diu,2020,4,Dadra And Nagar Haveli And Daman And Diu District 1,46516,349846
dadra-&-nagar-haveli-&-daman-&-diu,2020,4,Dadra And Nagar Haveli And Daman And Diu District 2,23126,173935
dadra-&-nagar-haveli-&-daman-&-diu,2020,4,Dadra And Nagar Haveli And Daman And Diu District 3,14374,108107
dadra-&-nagar-haveli-&-daman-&-diu,2020,4,Dadra And Nagar Haveli And Daman And Diu District 4,8797,66168
dadra-&-nagar-haveli-&-daman-&-diu,2020,4,Dadra And Nagar Haveli And Daman And Diu District 5,7741,58226
dadra-&-nagar-haveli-&-daman-&-diu,2021,1,Dadra And Nagar Haveli And Daman And Diu District 1,38172,279330
dadra-&-nagar-haveli-&-daman-&-diu,2021,1,Dadra And Nagar Haveli And Daman And Diu District 2,18978,138876
dadra-&-nagar-haveli-&-daman-&-diu,2021,1,Dadra And Nagar Haveli And Daman And Diu District 3,11795,86316
dadra-&-nagar-haveli-&-daman-&-diu,2021,1,Dadra And Nagar Haveli And Daman And Diu District 4,7219,52831
dadra-&-nagar-haveli-&-daman-&-diu,2021,1,Dadra And Nagar Haveli And Daman And Diu District 5,6353,46490
dadra-&-nagar-haveli-&-daman-&-diu,2021,2,Dadra And Nagar Haveli And Daman And Diu District 1,46132,423868
dadra-&-nagar-haveli-&-daman-&-diu,2021,2,Dadra And Nagar Haveli And Daman And Diu District 2,22936,210737
dadra-&-nagar-haveli-&-daman-&-diu,2021,2,Dadra And Nagar Haveli And Daman And Diu District 3,14255,130981
dadra-&-nagar-haveli-&-daman-&-diu,2021,2,Dadra And Nagar Haveli And Daman And Diu District 4,8725,80168
dadra-&-nagar-haveli-&-daman-&-diu,2021,2,Dadra And Nagar Haveli And Daman And Diu District 5,7678,70546
dadra-&-nagar-haveli-&-daman-&-diu,2021,3,Dadra And Nagar Haveli And Daman And Diu District 1,48820,436270
dadra-&-nagar-haveli-&-daman-&-diu,2021,3,Dadra And Nagar Haveli And Daman And Diu District 2,24272,216904
dadra-&-nagar-haveli-&-daman-&-diu,2021,3,Dadra And Nagar Haveli And Daman And Diu District 3,15086,134813
dadra-&-nagar-haveli-&-daman-&-diu,2021,3,Dadra And Nagar Haveli And Daman And Diu District 4,9233,82514
dadra-&-nagar-haveli-&-daman-&-diu,2021,3,Dadra And Nagar Haveli And Daman And Diu District 5,8125,72611
dadra-&-nagar-haveli-&-daman-&-diu,2021,4,Dadra And Nagar Haveli And Daman And Diu District 1,60357,409923
dadra-&-nagar-haveli-&-daman-&-diu,2021,4,Dadra And Nagar Haveli And Daman And Diu District 2,30008,203804
dadra-&-nagar-haveli-&-daman-&-diu,2021,4,Dadra And Nagar Haveli And Daman And Diu District 3,18651,126671
dadra-&-nagar-haveli-&-daman-&-diu,2021,4,Dadra And Nagar Haveli And Daman And Diu District 4,11415,77531
dadra-&-nagar-haveli-&-daman-&-diu,2021,4,Dadra And Nagar Haveli And Daman And Diu District 5,10045,68226
dadra-&-nagar-haveli-&-daman-&-diu,2022,1,Dadra And Nagar Haveli And Daman And Diu District 1,43347,334042
dadra-&-nagar-haveli-&-daman-&-diu,2022,1,Dadra And Nagar Haveli And Daman And Diu District 2,21551,166078
dadra-&-nagar-haveli-&-daman-&-diu,2022,1,Dadra And Nagar Haveli And Daman And Diu District 3,13394,103223
dadra-&-nagar-haveli-&-daman-&-diu,2022,1,Dadra And Nagar Haveli And Daman And Diu District 4,8198,63179
dadra-&-nagar-haveli-&-daman-&-diu,2022,1,Dadra And Nagar Haveli And Daman And Diu District 5,7214,55596
dadra-&-nagar-haveli-&-daman-&-diu,2022,2,Dadra And Nagar Haveli And Daman And Diu District 1,43746,394115
dadra-&-nagar-haveli-&-daman-&-diu,2022,2,Dadra And Nagar Haveli And Daman And Diu District 2,21749,195945
dadra-&-nagar-haveli-&-daman-&-diu,2022,2,Dadra And Nagar Haveli And Daman And Diu District 3,13518,121786
dadra-&-nagar-haveli-&-daman-&-diu,2022,2,Dadra And Nagar Haveli And Daman And Diu District 4,8273,74541
dadra-&-nagar-haveli-&-daman-&-diu,2022,2,Dadra And Nagar Haveli And Daman And Diu District 5,7280,65594
dadra-&-nagar-haveli-&-daman-&-diu,2022,3,Dadra And Nagar Haveli And Daman And Diu District 1,57835,439001
dadra-&-nagar-haveli-&-daman-&-diu,2022,3,Dadra And Nagar Haveli And Daman And Diu District 2,28754,218261
dadra-&-nagar-haveli-&-daman-&-diu,2022,3,Dadra And Nagar Haveli And Daman And Diu District 3,17872,135657
dadra-&-nagar-haveli-&-daman-&-diu,2022,3,Dadra And Nagar Haveli And Daman And Diu District 4,10938,83031
dadra-&-nagar-haveli-&-daman-&-diu,2022,3,Dadra And Nagar Haveli And Daman And Diu District 5,9625,73065
dadra-&-nagar-haveli-&-daman-&-diu,2022,4,Dadra And Nagar Haveli And Daman And Diu District 1,54917,461878
dadra-&-nagar-haveli-&-daman-&-diu,2022,4,Dadra And Nagar Haveli And Daman And Diu District 2,27303,229635
dadra-&-nagar-haveli-&-daman-&-diu,2022,4,Dadra And Nagar Haveli And Daman And Diu District 3,16970,142726
dadra-&-nagar-haveli-&-daman-&-diu,2022,4,Dadra And Nagar Haveli And Daman And Diu District 4,10386,87358
dadra-&-nagar-haveli-&-daman-&-diu,2022,4,Dadra And Nagar Haveli And Daman And Diu District 5,9140,76873
dadra-&-nagar-haveli-&-daman-&-diu,2023,1,Dadra And Nagar Haveli And Daman And Diu District 1,54121,364734
dadra-&-nagar-haveli-&-daman-&-diu,2023,1,Dadra And Nagar Haveli And Daman And Diu District 2,26908,181337
dadra-&-nagar-haveli-&-daman-&-diu,2023,1,Dadra And Nagar Haveli And Daman And Diu District 3,16724,112707
dadra-&-nagar-haveli-&-daman-&-diu,2023,1,Dadra And Nagar Haveli And Daman And Diu District 4,10236,68984
dadra-&-nagar-haveli-&-daman-&-diu,2023,1,Dadra And Nagar Haveli And Daman And Diu District 5,9007,60704
dadra-&-nagar-haveli-&-daman-&-diu,2023,2,Dadra And Nagar Haveli And Daman And Diu District 1,56262,461919
dadra-&-nagar-haveli-&-daman-&-diu,2023,2,Dadra And Nagar Haveli And Daman And Diu District 2,27972,229656
dadra-&-nagar-haveli-&-daman-&-diu,2023,2,Dadra And Nagar Haveli And Daman And Diu District 3,17385,142739
dadra-&-nagar-haveli-&-daman-&-diu,2023,2,Dadra And Nagar Haveli And Daman And Diu District 4,10641,87365
dadra-&-nagar-haveli-&-daman-&-diu,2023,2,Dadra And Nagar Haveli And Daman And Diu District 5,9364,76880
dadra-&-nagar-haveli-&-daman-&-diu,2023,3,Dadra And Nagar Haveli And Daman And Diu District 1,58722,401891
dadra-&-nagar-haveli-&-daman-&-diu,2023,3,Dadra And Nagar Haveli And Daman And Diu District 2,29195,199811
dadra-&-nagar-haveli-&-daman-&-diu,2023,3,Dadra And Nagar Haveli And Daman And Diu District 3,18146,124189
dadra-&-nagar-haveli-&-daman-&-diu,2023,3,Dadra And Nagar Haveli And Daman And Diu District 4,11106,76012
dadra-&-nagar-haveli-&-daman-&-diu,2023,3,Dadra And Nagar Haveli And Daman And Diu District 5,9773,66889
dadra-&-nagar-haveli-&-daman-&-diu,2023,4,Dadra And Nagar Haveli And Daman And Diu District 1,67535,474194
dadra-&-nagar-haveli-&-daman-&-diu,2023,4,Dadra And Nagar Haveli And Daman And Diu District 2,33576,235758
dadra-&-nagar-haveli-&-daman-&-diu,2023,4,Dadra And Nagar Haveli And Daman And Diu District 3,20869,146532
dadra-&-nagar-haveli-&-daman-&-diu,2023,4,Dadra And Nagar Haveli And Daman And Diu District 4,12773,89687
dadra-&-nagar-haveli-&-daman-&-diu,2023,4,Dadra And Nagar Haveli And Daman And Diu District 5,11240,78922
delhi,2018,1,New Delhi,490701,4643449
delhi,2018,1,South Delhi,193175,1827998
delhi,2018,1,West Delhi,116004,1097732
delhi,2018,1,North Delhi,96604,914161
delhi,2018,1,East Delhi,69934,661780
delhi,2018,1,Central Delhi,62813,594395
delhi,2018,2,New Delhi,574625,4288427
delhi,2018,2,South Delhi,226214,1688235
delhi,2018,2,West Delhi,135844,1013803
delhi,2018,2,North Delhi,113127,844267
delhi,2018,2,East Delhi,81895,611183
delhi,2018,2,Central Delhi,73556,548950
delhi,2018,3,New Delhi,816973,6000354
delhi,2018,3,South Delhi,321619,2362174
delhi,2018,3,West Delhi,193136,1418510
delhi,2018,3,North Delhi,160838,1181297
delhi,2018,3,East Delhi,116434,855166
delhi,2018,3,Central Delhi,104578,768089
delhi,2018,4,New Delhi,778697,6067967
delhi,2018,4,South Delhi,306551,2388792
delhi,2018,4,West Delhi,184087,1434494
delhi,2018,4,North Delhi,153303,1194608
delhi,2018,4,East Delhi,110979,864802
delhi,2018,4,Central Delhi,99679,776744
delhi,2019,1,New Delhi,877103,5703268
delhi,2019,1,South Delhi,345291,2245220
delhi,2019,1,West Delhi,207351,1348278
delhi,2019,1,North Delhi,172676,1122809
delhi,2019,1,East Delhi,125004,812825
delhi,2019,1,Central Delhi,112275,730060
delhi,2019,2,New Delhi,858147,6445516
delhi,2019,2,South Delhi,337829,2537422
delhi,2019,2,West Delhi,202869,1523749
delhi,2019,2,North Delhi,168944,1268936
delhi,2019,2,East Delhi,122302,918610
delhi,2019,2,Central Delhi,109849,825073
delhi,2019,3,New Delhi,948210,8506801
delhi,2019,3,South Delhi,373284,3348894
delhi,2019,3,West Delhi,224161,2011046
delhi,2019,3,North Delhi,186675,1674744
delhi,2019,3,East Delhi,135138,1212382
delhi,2019,3,Central Delhi,121377,1088933
delhi,2019,4,New Delhi,1102729,9717732
delhi,2019,4,South Delhi,434114,3825604
delhi,2019,4,West Delhi,260690,2297315
delhi,2019,4,North Delhi,217095,1913141
delhi,2019,4,East Delhi,157160,1384963
delhi,2019,4,Central Delhi,141157,1243941
delhi,2020,1,New Delhi,1009263,8440733
delhi,2020,1,South Delhi,397319,3322884
delhi,2020,1,West Delhi,238594,1995427
delhi,2020,1,North Delhi,198694,1661737
delhi,2020,1,East Delhi,143839,1202966
delhi,2020,1,Central Delhi,129193,1080475
delhi,2020,2,New Delhi,1002469,8307168
delhi,2020,2,South Delhi,394644,3270303
delhi,2020,2,West Delhi,236988,1963852
delhi,2020,2,North Delhi,197357,1635442
delhi,2020,2,East Delhi,142871,1183931
delhi,2020,2,Central Delhi,128323,1063378
delhi,2020,3,New Delhi,1130445,10072626
delhi,2020,3,South Delhi,445025,3965316
delhi,2020,3,West Delhi,267242,2381214
delhi,2020,3,North Delhi,222552,1983010
delhi,2020,3,East Delhi,161110,1435543
delhi,2020,3,Central Delhi,144705,1289370
delhi,2020,4,New Delhi,1334590,11372115
delhi,2020,4,South Delhi,525391,4476889
delhi,2020,4,West Delhi,315503,2688419
delhi,2020,4,North Delhi,262742,2238842
delhi,2020,4,East Delhi,190204,1620745
delhi,2020,4,Central Delhi,170837,1455714
delhi,2021,1,New Delhi,1170010,10225843
delhi,2021,1,South Delhi,460600,4025633
delhi,2021,1,West Delhi,276595,2417435
delhi,2021,1,North Delhi,230341,2013174
delhi,2021,1,East Delhi,166748,1457379
delhi,2021,1,Central Delhi,149769,1308983
delhi,2021,2,New Delhi,1222511,8447202
delhi,2021,2,South Delhi,481269,3325431
delhi,2021,2,West Delhi,289007,1996956
delhi,2021,2,North Delhi,240677,1663010
delhi,2021,2,East Delhi,174231,1203888
delhi,2021,2,Central Delhi,156490,1081303
delhi,2021,3,New Delhi,1454585,11718877
delhi,2021,3,South Delhi,572630,4613400
delhi,2021,3,West Delhi,343870,2770395
delhi,2021,3,North Delhi,286366,2307109
delhi,2021,3,East Delhi,207306,1670165
delhi,2021,3,Central Delhi,186197,1500102
delhi,2021,4,New Delhi,1562174,12025154
delhi,2021,4,South Delhi,614985,4733972
delhi,2021,4,West Delhi,369305,2842800
delhi,2021,4,North Delhi,307547,2367406
delhi,2021,4,East Delhi,222639,1713815
delhi,2021,4,Central Delhi,199969,1539308
delhi,2022,1,New Delhi,1303661,11941847
delhi,2022,1,South Delhi,513215,4701177
delhi,2022,1,West Delhi,308191,2823106
delhi,2022,1,North Delhi,256653,2351005
delhi,2022,1,East Delhi,185796,1701943
delhi,2022,1,Central Delhi,166878,1528644
delhi,2022,2,New Delhi,1255985,8581561
delhi,2022,2,South Delhi,494446,3378325
delhi,2022,2,West Delhi,296920,2028719
delhi,2022,2,North Delhi,247267,1689462
delhi,2022,2,East Delhi,179002,1223037
delhi,2022,2,Central Delhi,160775,1098502
delhi,2022,3,New Delhi,1396032,12247361
delhi,2022,3,South Delhi,549579,4821449
delhi,2022,3,West Delhi,330028,2895331
delhi,2022,3,North Delhi,274838,2411152
delhi,2022,3,East Delhi,198961,1745484
delhi,2022,3,Central Delhi,178702,1567752
delhi,2022,4,New Delhi,1766044,11919187
delhi,2022,4,South Delhi,695243,4692256
delhi,2022,4,West Delhi,417500,2817749
delhi,2022,4,North Delhi,347683,2346544
delhi,2022,4,East Delhi,251695,1698713
delhi,2022,4,Central Delhi,226066,1525743
delhi,2023,1,New Delhi,1333966,9311970
delhi,2023,1,South Delhi,525145,3665866
delhi,2023,1,West Delhi,315355,2201391
delhi,2023,1,North Delhi,262619,1833258
delhi,2023,1,East Delhi,190115,1327134
delhi,2023,1,Central Delhi,170757,1192000
delhi,2023,2,New Delhi,1568505,12973020
delhi,2023,2,South Delhi,617477,5107121
delhi,2023,2,West Delhi,370801,3066880
delhi,2023,2,North Delhi,308793,2554014
delhi,2023,2,East Delhi,223542,1848904
delhi,2023,2,Central Delhi,200780,1660641
delhi,2023,3,New Delhi,1455238,10785981
delhi,2023,3,South Delhi,572887,4246144
delhi,2023,3,West Delhi,344024,2549854
delhi,2023,3,North Delhi,286494,2123449
delhi,2023,3,East Delhi,207399,1537209
delhi,2023,3,Central Delhi,186281,1380684
delhi,2023,4,New Delhi,1722644,11992740
delhi,2023,4,South Delhi,678157,4721212
delhi,2023,4,West Delhi,407240,2835137
delhi,2023,4,North Delhi,339139,2361025
delhi,2023,4,East Delhi,245510,1709196
delhi,2023,4,Central Delhi,220511,1535158
goa,2018,1,Goa District 1,54986,420718
goa,2018,1,Goa District 2,25778,197234
goa,2018,1,Goa District 3,15073,115332
goa,2018,1,Goa District 4,10804,82669
goa,2018,1,Goa District 5,8745,66917
goa,2018,2,Goa District 1,67403,591856
goa,2018,2,Goa District 2,31599,277464
goa,2018,2,Goa District 3,18477,162246
goa,2018,2,Goa District 4,13244,116296
goa,2018,2,Goa District 5,10720,94137
goa,2018,3,Goa District 1,82129,620226
goa,2018,3,Goa District 2,38502,290764
goa,2018,3,Goa District 3,22514,170023
goa,2018,3,Goa District 4,16138,121871
goa,2018,3,Goa District 5,13063,98649
goa,2018,4,Goa District 1,97171,707809
goa,2018,4,Goa District 2,45554,331823
goa,2018,4,Goa District 3,26637,194032
goa,2018,4,Goa District 4,19093,139081
goa,2018,4,Goa District 5,15455,112580
goa,2019,1,Goa District 1,91221,822719
goa,2019,1,Goa District 2,42764,385693
goa,2019,1,Goa District 3,25006,225532
goa,2019,1,Goa District 4,17924,161660
goa,2019,1,Goa District 5,14509,130857
goa,2019,2,Goa District 1,91471,671592
goa,2019,2,Goa District 2,42882,314844
goa,2019,2,Goa District 3,25075,184104
goa,2019,2,Goa District 4,17973,131964
goa,2019,2,Goa District 5,14548,106819
goa,2019,3,Goa District 1,111301,931025
goa,2019,3,Goa District 2,52178,436467
goa,2019,3,Goa District 3,30511,255223
goa,2019,3,Goa District 4,21870,182942
goa,2019,3,Goa District 5,17703,148083
goa,2019,4,Goa District 1,119754,847087
goa,2019,4,Goa District 2,56141,397117
goa,2019,4,Goa District 3,32828,232212
goa,2019,4,Goa District 4,23531,166448
goa,2019,4,Goa District 5,19047,134732
goa,2020,1,Goa District 1,104753,984923
goa,2020,1,Goa District 2,49108,461735
goa,2020,1,Goa District 3,28716,269998
goa,2020,1,Goa District 4,20583,193532
goa,2020,1,Goa District 5,16661,156656
goa,2020,2,Goa District 1,115818,997170
goa,2020,2,Goa District 2,54296,467476
goa,2020,2,Goa District 3,31749,273355
goa,2020,2,Goa District 4,22757,195939
goa,2020,2,Goa District 5,18421,158604
goa,2020,3,Goa District 1,131799,1010860
goa,2020,3,Goa District 2,61788,473894
goa,2020,3,Goa District 3,36130,277108
goa,2020,3,Goa District 4,25898,198629
goa,2020,3,Goa District 5,20963,160781
goa,2020,4,Goa District 1,151772,1438489
goa,2020,4,Goa District 2,71151,674368
goa,2020,4,Goa District 3,41605,394334
goa,2020,4,Goa District 4,29822,282656
goa,2020,4,Goa District 5,24140,228798
goa,2021,1,Goa District 1,122549,1118465
goa,2021,1,Goa District 2,57451,524340
goa,2021,1,Goa District 3,33594,306606
goa,2021,1,Goa District 4,24080,219773
goa,2021,1,Goa District 5,19492,177896
goa,2021,2,Goa District 1,133803,1022655
goa,2021,2,Goa District 2,62727,479424
goa,2021,2,Goa District 3,36679,280341
goa,2021,2,Goa District 4,26291,200946
goa,2021,2,Goa District 5,21281,162657
goa,2021,3,Goa District 1,141491,1188726
goa,2021,3,Goa District 2,66331,557278
goa,2021,3,Goa District 3,38787,325866
goa,2021,3,Goa District 4,27802,233579
goa,2021,3,Goa District 5,22504,189072
goa,2021,4,Goa District 1,154930,1288810
goa,2021,4,Goa District 2,72631,604198
goa,2021,4,Goa District 3,42471,353302
goa,2021,4,Goa District 4,30443,253245
goa,2021,4,Goa District 5,24642,204990
goa,2022,1,Goa District 1,123817,953938
goa,2022,1,Goa District 2,58046,447209
goa,2022,1,Goa District 3,33942,261504
goa,2022,1,Goa District 4,24329,187444
goa,2022,1,Goa District 5,19693,151728
goa,2022,2,Goa District 1,162525,1424338
goa,2022,2,Goa District 2,76192,667734
goa,2022,2,Goa District 3,44553,390455
goa,2022,2,Goa District 4,31935,279875
goa,2022,2,Goa District 5,25850,226547
goa,2022,3,Goa District 1,164697,1506450
goa,2022,3,Goa District 2,77210,706228
goa,2022,3,Goa District 3,45148,412965
goa,2022,3,Goa District 4,32362,296010
goa,2022,3,Goa District 5,26195,239607
goa,2022,4,Goa District 1,169652,1368183
goa,2022,4,Goa District 2,79533,641408
goa,2022,4,Goa District 3,46506,375061
goa,2022,4,Goa District 4,33335,268841
goa,2022,4,Goa District 5,26983,217615
goa,2023,1,Goa District 1,137049,993549
goa,2023,1,Goa District 2,64249,465779
goa,2023,1,Goa District 3,37569,272362
goa,2023,1,Goa District 4,26929,195227
goa,2023,1,Goa District 5,21798,158028
goa,2023,2,Goa District 1,153046,1327737
goa,2023,2,Goa District 2,71748,622447
goa,2023,2,Goa District 3,41954,363974
goa,2023,2,Goa District 4,30072,260894
goa,2023,2,Goa District 5,24342,211182
goa,2023,3,Goa District 1,167875,1404110
goa,2023,3,Goa District 2,78700,658251
goa,2023,3,Goa District 3,46019,384910
goa,2023,3,Goa District 4,32986,275901
goa,2023,3,Goa District 5,26701,223329
goa,2023,4,Goa District 1,190316,1423383
goa,2023,4,Goa District 2,89220,667286
goa,2023,4,Goa District 3,52171,390193
goa,2023,4,Goa District 4,37396,279688
goa,2023,4,Goa District 5,30270,226395
gujarat,2018,1,Ahmedabad,500545,4136655
gujarat,2018,1,Surat,186851,1544192
gujarat,2018,1,Vadodara,135518,1119963
gujarat,2018,1,Rajkot,101367,837730
gujarat,2018,1,Gandhinagar,75150,621061
gujarat,2018,1,Bhavnagar,60700,501648
gujarat,2018,2,Ahmedabad,578577,3830603
gujarat,2018,2,Surat,215979,1429944
gujarat,2018,2,Vadodara,156644,1037102
gujarat,2018,2,Rajkot,117169,775750
gujarat,2018,2,Gandhinagar,86865,575111
gujarat,2018,2,Bhavnagar,70163,464533
gujarat,2018,3,Ahmedabad,661569,5758914
gujarat,2018,3,Surat,246960,2149773
gujarat,2018,3,Vadodara,179114,1559176
gujarat,2018,3,Rajkot,133976,1166260
gujarat,2018,3,Gandhinagar,99325,864620
gujarat,2018,3,Bhavnagar,80227,698378
gujarat,2018,4,Ahmedabad,793945,5567473
gujarat,2018,4,Surat,296375,2078309
gujarat,2018,4,Vadodara,214954,1507345
gujarat,2018,4,Rajkot,160785,1127490
gujarat,2018,4,Gandhinagar,119199,835878
gujarat,2018,4,Bhavnagar,96281,675162
gujarat,2019,1,Ahmedabad,678989,5469396
gujarat,2019,1,Surat,253463,2041697
gujarat,2019,1,Vadodara,183830,1480792
gujarat,2019,1,Rajkot,137504,1107628
gujarat,2019,1,Gandhinagar,101940,821153
gujarat,2019,1,Bhavnagar,82340,663268
gujarat,2019,2,Ahmedabad,841131,6865431
gujarat,2019,2,Surat,313990,2562830
gujarat,2019,2,Vadodara,227729,1858756
gujarat,2019,2,Rajkot,170340,1390345
gujarat,2019,2,Gandhinagar,126284,1030749
gujarat,2019,2,Bhavnagar,102003,832564
gujarat,2019,3,Ahmedabad,898077,7051084
gujarat,2019,3,Surat,335247,2632133
gujarat,2019,3,Vadodara,243146,1909020
gujarat,2019,3,Rajkot,181873,1427942
gujarat,2019,3,Gandhinagar,134833,1058622
gujarat,2019,3,Bhavnagar,108908,855078
gujarat,2019,4,Ahmedabad,1083998,8021625
gujarat,2019,4,Surat,404651,2994431
gujarat,2019,4,Vadodara,293483,2171786
gujarat,2019,4,Rajkot,219524,1624490
gujarat,2019,4,Gandhinagar,162747,1204335
gujarat,2019,4,Bhavnagar,131455,972774
gujarat,2020,1,Ahmedabad,861758,5638498
gujarat,2020,1,Surat,321690,2104822
gujarat,2020,1,Vadodara,233313,1526575
gujarat,2020,1,Rajkot,174518,1141874
gujarat,2020,1,Gandhinagar,129381,846542
gujarat,2020,1,Bhavnagar,104504,683775
gujarat,2020,2,Ahmedabad,1035618,8711025
gujarat,2020,2,Surat,386590,3251781
gujarat,2020,2,Vadodara,280384,2358435
gujarat,2020,2,Rajkot,209727,1764103
gujarat,2020,2,Gandhinagar,155483,1307839
gujarat,2020,2,Bhavnagar,125588,1056377
gujarat,2020,3,Ahmedabad,1126898,7423445
gujarat,2020,3,Surat,420665,2771134
gujarat,2020,3,Vadodara,305098,2009834
gujarat,2020,3,Rajkot,228212,1503350
gujarat,2020,3,Gandhinagar,169188,1114527
gujarat,2020,3,Bhavnagar,136657,900234
gujarat,2020,4,Ahmedabad,1215619,10117388
gujarat,2020,4,Surat,453784,3776769
gujarat,2020,4,Vadodara,329118,2739196
gujarat,2020,4,Rajkot,246179,2048911
gujarat,2020,4,Gandhinagar,182508,1518985
gujarat,2020,4,Bhavnagar,147417,1226926
gujarat,2021,1,Ahmedabad,1027509,8781462
gujarat,2021,1,Surat,383564,3278075
gujarat,2021,1,Vadodara,278189,2377505
gujarat,2021,1,Rajkot,208085,1778368
gujarat,2021,1,Gandhinagar,154266,1318414
gujarat,2021,1,Bhavnagar,124605,1064919
gujarat,2021,2,Ahmedabad,1211561,9643715
gujarat,2021,2,Surat,452269,3599949
gujarat,2021,2,Vadodara,328019,2610953
gujarat,2021,2,Rajkot,245358,1952986
gujarat,2021,2,Gandhinagar,181899,1447869
gujarat,2021,2,Bhavnagar,146924,1169484
gujarat,2021,3,Ahmedabad,1169867,7726716
gujarat,2021,3,Surat,436705,2884343
gujarat,2021,3,Vadodara,316731,2091942
gujarat,2021,3,Rajkot,236914,1564767
gujarat,2021,3,Gandhinagar,175639,1160059
gujarat,2021,3,Bhavnagar,141868,937011
gujarat,2021,4,Ahmedabad,1330943,10384836
gujarat,2021,4,Surat,496834,3876606
gujarat,2021,4,Vadodara,360341,2811605
gujarat,2021,4,Rajkot,269534,2103073
gujarat,2021,4,Gandhinagar,199822,1559138
gujarat,2021,4,Bhavnagar,161402,1259359
gujarat,2022,1,Ahmedabad,1151298,8772554
gujarat,2022,1,Surat,429773,3274749
gujarat,2022,1,Vadodara,311704,2375093
gujarat,2022,1,Rajkot,233153,1776564
gujarat,2022,1,Gandhinagar,172851,1317077
gujarat,2022,1,Bhavnagar,139616,1063839
gujarat,2022,2,Ahmedabad,1197023,10391254
gujarat,2022,2,Surat,446842,3879002
gujarat,2022,2,Vadodara,324083,2813342
gujarat,2022,2,Rajkot,242413,2104373
gujarat,2022,2,Gandhinagar,179716,1560102
gujarat,2022,2,Bhavnagar,145161,1260137
gujarat,2022,3,Ahmedabad,1430917,11198518
gujarat,2022,3,Surat,534154,4180349
gujarat,2022,3,Vadodara,387408,3031902
gujarat,2022,3,Rajkot,289780,2267855
gujarat,2022,3,Gandhinagar,214832,1681301
gujarat,2022,3,Bhavnagar,173526,1358033
gujarat,2022,4,Ahmedabad,1678790,12943604
gujarat,2022,4,Surat,626683,4831781
gujarat,2022,4,Vadodara,454518,3504369
gujarat,2022,4,Rajkot,339978,2621260
gujarat,2022,4,Gandhinagar,252047,1943302
gujarat,2022,4,Bhavnagar,203585,1569658
gujarat,2023,1,Ahmedabad,1212646,9165688
gujarat,2023,1,Surat,452674,3421504
gujarat,2023,1,Vadodara,328313,2481531
gujarat,2023,1,Rajkot,245577,1856179
gujarat,2023,1,Gandhinagar,182062,1376100
gujarat,2023,1,Bhavnagar,147056,1111514
gujarat,2023,2,Ahmedabad,1390177,12924206
gujarat,2023,2,Surat,518945,4824540
gujarat,2023,2,Vadodara,376378,3499117
gujarat,2023,2,Rajkot,281530,2617331
gujarat,2023,2,Gandhinagar,208715,1940389
gujarat,2023,2,Bhavnagar,168585,1567306
gujarat,2023,3,Ahmedabad,1727889,13596533
gujarat,2023,3,Surat,645012,5075516
gujarat,2023,3,Vadodara,467811,3681144
gujarat,2023,3,Rajkot,349921,2753487
gujarat,2023,3,Gandhinagar,259418,2041330
gujarat,2023,3,Bhavnagar,209539,1648838
gujarat,2023,4,Ahmedabad,1747436,14844305
gujarat,2023,4,Surat,652309,5541303
gujarat,2023,4,Vadodara,473103,4018968
gujarat,2023,4,Rajkot,353880,3006178
gujarat,2023,4,Gandhinagar,262353,2228666
gujarat,2023,4,Bhavnagar,211909,1800154
haryana,2018,1,Gurugram,326891,2860799
haryana,2018,1,Faridabad,123739,1082911
haryana,2018,1,Hisar,86232,754671
haryana,2018,1,Panipat,57659,504613
haryana,2018,1,Karnal,47530,415967
haryana,2018,1,Ambala,37549,328618
haryana,2018,2,Gurugram,420408,3046891
haryana,2018,2,Faridabad,159139,1153353
haryana,2018,2,Hisar,110902,803761
haryana,2018,2,Panipat,74155,537437
haryana,2018,2,Karnal,61128,443026
haryana,2018,2,Ambala,48292,349994
haryana,2018,3,Gurugram,516218,4470763
haryana,2018,3,Faridabad,195406,1692337
haryana,2018,3,Hisar,136176,1179375
haryana,2018,3,Panipat,91055,788592
haryana,2018,3,Karnal,75059,650060
haryana,2018,3,Ambala,59297,513554
haryana,2018,4,Gurugram,620695,5179878
haryana,2018,4,Faridabad,234954,1960762
haryana,2018,4,Hisar,163737,1366438
haryana,2018,4,Panipat,109483,913672
haryana,2018,4,Karnal,90250,753168
haryana,2018,4,Ambala,71298,595009
haryana,2019,1,Gurugram,558991,4888109
haryana,2019,1,Faridabad,211597,1850317
haryana,2019,1,Hisar,147460,1289470
haryana,2019,1,Panipat,98599,862207
haryana,2019,1,Karnal,81278,710744
haryana,2019,1,Ambala,64211,561494
haryana,2019,2,Gurugram,540860,3704708
haryana,2019,2,Faridabad,204734,1402359
haryana,2019,2,Hisar,142677,977292
haryana,2019,2,Panipat,95401,653469
haryana,2019,2,Karnal,78642,538674
haryana,2019,2,Ambala,62128,425557
haryana,2019,3,Gurugram,647230,5321596
haryana,2019,3,Faridabad,244998,2014407
haryana,2019,3,Hisar,170737,1403822
haryana,2019,3,Panipat,114164,938670
haryana,2019,3,Karnal,94109,773774
haryana,2019,3,Ambala,74346,611288
haryana,2019,4,Gurugram,836488,7742242
haryana,2019,4,Faridabad,316639,2930705
haryana,2019,4,Hisar,220663,2042382
haryana,2019,4,Panipat,147547,1365644
haryana,2019,4,Karnal,121627,1125742
haryana,2019,4,Ambala,96087,889347
haryana,2020,1,Gurugram,647673,4810550
haryana,2020,1,Faridabad,245166,1820959
haryana,2020,1,Hisar,170854,1269010
haryana,2020,1,Panipat,114242,848527
haryana,2020,1,Karnal,94173,699466
haryana,2020,1,Ambala,74397,552585
haryana,2020,2,Gurugram,694700,5954239
haryana,2020,2,Faridabad,262968,2253884
haryana,2020,2,Hisar,183260,1570712
haryana,2020,2,Panipat,122537,1050261
haryana,2020,2,Karnal,101011,865762
haryana,2020,2,Ambala,79799,683960
haryana,2020,3,Gurugram,715998,4936104
haryana,2020,3,Faridabad,271029,1868485
haryana,2020,3,Hisar,188878,1302131
haryana,2020,3,Panipat,126294,870673
haryana,2020,3,Karnal,104108,717722
haryana,2020,3,Ambala,82246,567007
haryana,2020,4,Gurugram,904186,8258419
haryana,2020,4,Faridabad,342265,3126095
haryana,2020,4,Hisar,238522,2178548
haryana,2020,4,Panipat,159488,1456692
haryana,2020,4,Karnal,131471,1200796
haryana,2020,4,Ambala,103863,948640
haryana,2021,1,Gurugram,771589,6888442
haryana,2021,1,Faridabad,292073,2607512
haryana,2021,1,Hisar,203543,1817152
haryana,2021,1,Panipat,136099,1215044
haryana,2021,1,Karnal,112191,1001597
haryana,2021,1,Ambala,88632,791271
haryana,2021,2,Gurugram,782956,7269411
haryana,2021,2,Faridabad,296375,2751722
haryana,2021,2,Hisar,206541,1917651
haryana,2021,2,Panipat,138104,1282242
haryana,2021,2,Karnal,113843,1056991
haryana,2021,2,Ambala,89937,835033
haryana,2021,3,Gurugram,836329,7233305
haryana,2021,3,Faridabad,316579,2738054
haryana,2021,3,Hisar,220621,1908126
haryana,2021,3,Panipat,147519,1275873
haryana,2021,3,Karnal,121604,1051741
haryana,2021,3,Ambala,96068,830885
haryana,2021,4,Gurugram,944760,8104268
haryana,2021,4,Faridabad,357624,3067744
haryana,2021,4,Hisar,249225,2137884
haryana,2021,4,Panipat,166645,1429502
haryana,2021,4,Karnal,137370,1178382
haryana,2021,4,Ambala,108524,930932
haryana,2022,1,Gurugram,855826,6685978
haryana,2022,1,Faridabad,323959,2530872
haryana,2022,1,Hisar,225764,1763743
haryana,2022,1,Panipat,150958,1179331
haryana,2022,1,Karnal,124439,972159
haryana,2022,1,Ambala,98308,768014
haryana,2022,2,Gurugram,911861,6001233
haryana,2022,2,Faridabad,345170,2271673
haryana,2022,2,Hisar,240546,1583109
haryana,2022,2,Panipat,160842,1058550
haryana,2022,2,Karnal,132587,872595
haryana,2022,2,Ambala,104745,689358
haryana,2022,3,Gurugram,1105576,9762521
haryana,2022,3,Faridabad,418498,3695450
haryana,2022,3,Hisar,291648,2575327
haryana,2022,3,Panipat,195011,1721999
haryana,2022,3,Karnal,160753,1419496
haryana,2022,3,Ambala,126996,1121415
haryana,2022,4,Gurugram,1035580,7424235
haryana,2022,4,Faridabad,392002,2810328
haryana,2022,4,Hisar,273183,1958493
haryana,2022,4,Panipat,182664,1309551
haryana,2022,4,Karnal,150576,1079503
haryana,2022,4,Ambala,118956,852817
haryana,2023,1,Gurugram,895348,6321096
haryana,2023,1,Faridabad,338920,2392752
haryana,2023,1,Hisar,236190,1667488
haryana,2023,1,Panipat,157929,1114970
haryana,2023,1,Karnal,130185,919104
haryana,2023,1,Ambala,102848,726100
haryana,2023,2,Gurugram,918070,7749298
haryana,2023,2,Faridabad,347521,2933376
haryana,2023,2,Hisar,242184,2044244
haryana,2023,2,Panipat,161937,1366889
haryana,2023,2,Karnal,133489,1126768
haryana,2023,2,Ambala,105458,890157
haryana,2023,3,Gurugram,1122228,9653834
haryana,2023,3,Faridabad,424801,3654308
haryana,2023,3,Hisar,296040,2546655
haryana,2023,3,Panipat,197948,1702828
haryana,2023,3,Karnal,163174,1403693
haryana,2023,3,Ambala,128909,1108930
haryana,2023,4,Gurugram,1251293,8641510
haryana,2023,4,Faridabad,473657,3271109
haryana,2023,4,Hisar,330087,2279607
haryana,2023,4,Panipat,220714,1524265
haryana,2023,4,Karnal,181941,1256498
haryana,2023,4,Ambala,143735,992645
himachal-pradesh,2018,1,Himachal Pradesh District 1,87102,801248
himachal-pradesh,2018,1,Himachal Pradesh District 2,39407,362505
himachal-pradesh,2018,1,Himachal Pradesh District 3,24388,224350
himachal-pradesh,2018,1,Himachal Pradesh District 4,18419,169440
himachal-pradesh,2018,1,Himachal Pradesh District 5,14562,133958
himachal-pradesh,2018,2,Himachal Pradesh District 1,102714,947578
himachal-pradesh,2018,2,Himachal Pradesh District 2,46470,428708
himachal-pradesh,2018,2,Himachal Pradesh District 3,28760,265322
himachal-pradesh,2018,2,Himachal Pradesh District 4,21721,200385
himachal-pradesh,2018,2,Himachal Pradesh District 5,17172,158422
himachal-pradesh,2018,3,Himachal Pradesh District 1,113376,1068272
himachal-pradesh,2018,3,Himachal Pradesh District 2,51294,483314
himachal-pradesh,2018,3,Himachal Pradesh District 3,31745,299117
himachal-pradesh,2018,3,Himachal Pradesh District 4,23975,225908
himachal-pradesh,2018,3,Himachal Pradesh District 5,18955,178601
himachal-pradesh,2018,4,Himachal Pradesh District 1,149541,1117972
himachal-pradesh,2018,4,Himachal Pradesh District 2,67656,505799
himachal-pradesh,2018,4,Himachal Pradesh District 3,41871,313033
himachal-pradesh,2018,4,Himachal Pradesh District 4,31623,236418
himachal-pradesh,2018,4,Himachal Pradesh District 5,25001,186910
himachal-pradesh,2019,1,Himachal Pradesh District 1,121471,1112303
himachal-pradesh,2019,1,Himachal Pradesh District 2,54956,503234
himachal-pradesh,2019,1,Himachal Pradesh District 3,34012,311446
himachal-pradesh,2019,1,Himachal Pradesh District 4,25687,235219
himachal-pradesh,2019,1,Himachal Pradesh District 5,20308,185962
himachal-pradesh,2019,2,Himachal Pradesh District 1,146068,1317577
himachal-pradesh,2019,2,Himachal Pradesh District 2,66084,596106
himachal-pradesh,2019,2,Himachal Pradesh District 3,40899,368923
himachal-pradesh,2019,2,Himachal Pradesh District 4,30889,278629
himachal-pradesh,2019,2,Himachal Pradesh District 5,24420,220282
himachal-pradesh,2019,3,Himachal Pradesh District 1,141117,1218622
himachal-pradesh,2019,3,Himachal Pradesh District 2,63844,551336
himachal-pradesh,2019,3,Himachal Pradesh District 3,39512,341215
himachal-pradesh,2019,3,Himachal Pradesh District 4,29842,257703
himachal-pradesh,2019,3,Himachal Pradesh District 5,23592,203738
himachal-pradesh,2019,4,Himachal Pradesh District 1,184289,1547118
himachal-pradesh,2019,4,Himachal Pradesh District 2,83377,699956
himachal-pradesh,2019,4,Himachal Pradesh District 3,51601,433194
himachal-pradesh,2019,4,Himachal Pradesh District 4,38971,327170
himachal-pradesh,2019,4,Himachal Pradesh District 5,30810,258658
himachal-pradesh,2020,1,Himachal Pradesh District 1,140746,1335556
himachal-pradesh,2020,1,Himachal Pradesh District 2,63677,604240
himachal-pradesh,2020,1,Himachal Pradesh District 3,39409,373957
himachal-pradesh,2020,1,Himachal Pradesh District 4,29763,282431
himachal-pradesh,2020,1,Himachal Pradesh District 5,23530,223287
himachal-pradesh,2020,2,Himachal Pradesh District 1,159049,1161365
himachal-pradesh,2020,2,Himachal Pradesh District 2,71957,525431
himachal-pradesh,2020,2,Himachal Pradesh District 3,44533,325183
himachal-pradesh,2020,2,Himachal Pradesh District 4,33634,245594
himachal-pradesh,2020,2,Himachal Pradesh District 5,26590,194165
himachal-pradesh,2020,3,Himachal Pradesh District 1,172725,1184342
himachal-pradesh,2020,3,Himachal Pradesh District 2,78145,535827
himachal-pradesh,2020,3,Himachal Pradesh District 3,48363,331617
himachal-pradesh,2020,3,Himachal Pradesh District 4,36526,250453
himachal-pradesh,2020,3,Himachal Pradesh District 5,28877,198006
himachal-pradesh,2020,4,Himachal Pradesh District 1,212650,1920577
himachal-pradesh,2020,4,Himachal Pradesh District 2,96208,868918
himachal-pradesh,2020,4,Himachal Pradesh District 3,59542,537763
himachal-pradesh,2020,4,Himachal Pradesh District 4,44969,406145
himachal-pradesh,2020,4,Himachal Pradesh District 5,35552,321095
himachal-pradesh,2021,1,Himachal Pradesh District 1,178815,1343303
himachal-pradesh,2021,1,Himachal Pradesh District 2,80900,607745
himachal-pradesh,2021,1,Himachal Pradesh District 3,50068,376126
himachal-pradesh,2021,1,Himachal Pradesh District 4,37814,284069
himachal-pradesh,2021,1,Himachal Pradesh District 5,29895,224583
himachal-pradesh,2021,2,Himachal Pradesh District 1,179659,1241049
himachal-pradesh,2021,2,Himachal Pradesh District 2,81282,561482
himachal-pradesh,2021,2,Himachal Pradesh District 3,50304,347495
himachal-pradesh,2021,2,Himachal Pradesh District 4,37992,262445
himachal-pradesh,2021,2,Himachal Pradesh District 5,30036,207487
himachal-pradesh,2021,3,Himachal Pradesh District 1,203385,1404440
himachal-pradesh,2021,3,Himachal Pradesh District 2,92017,635404
himachal-pradesh,2021,3,Himachal Pradesh District 3,56948,393244
himachal-pradesh,2021,3,Himachal Pradesh District 4,43010,296998
himachal-pradesh,2021,3,Himachal Pradesh District 5,34003,234804
himachal-pradesh,2021,4,Himachal Pradesh District 1,223767,1677077
himachal-pradesh,2021,4,Himachal Pradesh District 2,101238,758752
himachal-pradesh,2021,4,Himachal Pradesh District 3,62655,469583
himachal-pradesh,2021,4,Himachal Pradesh District 4,47320,354652
himachal-pradesh,2021,4,Himachal Pradesh District 5,37411,280385
himachal-pradesh,2022,1,Himachal Pradesh District 1,218654,1844131
himachal-pradesh,2022,1,Himachal Pradesh District 2,98925,834332
himachal-pradesh,2022,1,Himachal Pradesh District 3,61223,516358
himachal-pradesh,2022,1,Himachal Pradesh District 4,46239,389979
himachal-pradesh,2022,1,Himachal Pradesh District 5,36556,308315
himachal-pradesh,2022,2,Himachal Pradesh District 1,230510,1945870
himachal-pradesh,2022,2,Himachal Pradesh District 2,104288,880362
himachal-pradesh,2022,2,Himachal Pradesh District 3,64543,544845
himachal-pradesh,2022,2,Himachal Pradesh District 4,48746,411494
himachal-pradesh,2022,2,Himachal Pradesh District 5,38538,325324
himachal-pradesh,2022,3,Himachal Pradesh District 1,235081,1595998
himachal-pradesh,2022,3,Himachal Pradesh District 2,106356,722070
himachal-pradesh,2022,3,Himachal Pradesh District 3,65823,446881
himachal-pradesh,2022,3,Himachal Pradesh District 4,49712,337507
himachal-pradesh,2022,3,Himachal Pradesh District 5,39302,266830
himachal-pradesh,2022,4,Himachal Pradesh District 1,293552,2581707
himachal-pradesh,2022,4,Himachal Pradesh District 2,132810,1168031
himachal-pradesh,2022,4,Himachal Pradesh District 3,82195,722880
himachal-pradesh,2022,4,Himachal Pradesh District 4,62077,545955
himachal-pradesh,2022,4,Himachal Pradesh District 5,49078,431628
himachal-pradesh,2023,1,Himachal Pradesh District 1,225480,1755891
himachal-pradesh,2023,1,Himachal Pradesh District 2,102013,794410
himachal-pradesh,2023,1,Himachal Pradesh District 3,63134,491651
himachal-pradesh,2023,1,Himachal Pradesh District 4,47682,371319
himachal-pradesh,2023,1,Himachal Pradesh District 5,37697,293562
himachal-pradesh,2023,2,Himachal Pradesh District 1,248998,1817849
himachal-pradesh,2023,2,Himachal Pradesh District 2,112653,822441
himachal-pradesh,2023,2,Himachal Pradesh District 3,69719,508999
himachal-pradesh,2023,2,Himachal Pradesh District 4,52655,384422
himachal-pradesh,2023,2,Himachal Pradesh District 5,41629,303921
himachal-pradesh,2023,3,Himachal Pradesh District 1,267533,2011666
himachal-pradesh,2023,3,Himachal Pradesh District 2,121038,910129
himachal-pradesh,2023,3,Himachal Pradesh District 3,74909,563268
himachal-pradesh,2023,3,Himachal Pradesh District 4,56575,425408
himachal-pradesh,2023,3,Himachal Pradesh District 5,44728,336324
himachal-pradesh,2023,4,Himachal Pradesh District 1,299054,2692417
himachal-pradesh,2023,4,Himachal Pradesh District 2,135299,1218119
himachal-pradesh,2023,4,Himachal Pradesh District 3,83735,753879
himachal-pradesh,2023,4,Himachal Pradesh District 4,63241,569367
himachal-pradesh,2023,4,Himachal Pradesh District 5,49998,450137
jammu-&-kashmir,2018,1,Jammu And Kashmir District 1,99153,834000
jammu-&-kashmir,2018,1,Jammu And Kashmir District 2,53180,447311
jammu-&-kashmir,2018,1,Jammu And Kashmir District 3,31648,266198
jammu-&-kashmir,2018,1,Jammu And Kashmir District 4,20687,174003
jammu-&-kashmir,2018,1,Jammu And Kashmir District 5,18725,157506
jammu-&-kashmir,2018,2,Jammu And Kashmir District 1,94521,642999
jammu-&-kashmir,2018,2,Jammu And Kashmir District 2,50696,344869
jammu-&-kashmir,2018,2,Jammu And Kashmir District 3,30169,205234
jammu-&-kashmir,2018,2,Jammu And Kashmir District 4,19720,134153
jammu-&-kashmir,2018,2,Jammu And Kashmir District 5,17851,121435
jammu-&-kashmir,2018,3,Jammu And Kashmir District 1,117423,948432
jammu-&-kashmir,2018,3,Jammu And Kashmir District 2,62979,508687
jammu-&-kashmir,2018,3,Jammu And Kashmir District 3,37479,302723
jammu-&-kashmir,2018,3,Jammu And Kashmir District 4,24498,197877
jammu-&-kashmir,2018,3,Jammu And Kashmir District 5,22176,179118
jammu-&-kashmir,2018,4,Jammu And Kashmir District 1,137987,1236452
jammu-&-kashmir,2018,4,Jammu And Kashmir District 2,74008,663164
jammu-&-kashmir,2018,4,Jammu And Kashmir District 3,44043,394654
jammu-&-kashmir,2018,4,Jammu And Kashmir District 4,28789,257969
jammu-&-kashmir,2018,4,Jammu And Kashmir District 5,26059,233512
jammu-&-kashmir,2019,1,Jammu And Kashmir District 1,130227,1092141
jammu-&-kashmir,2019,1,Jammu And Kashmir District 2,69847,585764
jammu-&-kashmir,2019,1,Jammu And Kashmir District 3,41566,348593
jammu-&-kashmir,2019,1,Jammu And Kashmir District 4,27170,227860
jammu-&-kashmir,2019,1,Jammu And Kashmir District 5,24594,206258
jammu-&-kashmir,2019,2,Jammu And Kashmir District 1,149273,1346345
jammu-&-kashmir,2019,2,Jammu And Kashmir District 2,80062,722105
jammu-&-kashmir,2019,2,Jammu And Kashmir District 3,47645,429730
jammu-&-kashmir,2019,2,Jammu And Kashmir District 4,31143,280897
jammu-&-kashmir,2019,2,Jammu And Kashmir District 5,28191,254267
jammu-&-kashmir,2019,3,Jammu And Kashmir District 1,177355,1296362
jammu-&-kashmir,2019,3,Jammu And Kashmir District 2,95123,695297
jammu-&-kashmir,2019,3,Jammu And Kashmir District 3,56608,413777
jammu-&-kashmir,2019,3,Jammu And Kashmir District 4,37002,270468
jammu-&-kashmir,2019,3,Jammu And Kashmir District 5,33494,244827
jammu-&-kashmir,2019,4,Jammu And Kashmir District 1,189079,1541373
jammu-&-kashmir,2019,4,Jammu And Kashmir District 2,101411,826708
jammu-&-kashmir,2019,4,Jammu And Kashmir District 3,60350,491980
jammu-&-kashmir,2019,4,Jammu And Kashmir District 4,39448,321587
jammu-&-kashmir,2019,4,Jammu And Kashmir District 5,35708,291099
jammu-&-kashmir,2020,1,Jammu And Kashmir District 1,144512,1228281
jammu-&-kashmir,2020,1,Jammu And Kashmir District 2,77508,658782
jammu-&-kashmir,2020,1,Jammu And Kashmir District 3,46125,392046
jammu-&-kashmir,2020,1,Jammu And Kashmir District 4,30150,256264
jammu-&-kashmir,2020,1,Jammu And Kashmir District 5,27292,231969
jammu-&-kashmir,2020,2,Jammu And Kashmir District 1,167097,1139012
jammu-&-kashmir,2020,2,Jammu And Kashmir District 2,89622,610903
jammu-&-kashmir,2020,2,Jammu And Kashmir District 3,53334,363553
jammu-&-kashmir,2020,2,Jammu And Kashmir District 4,34862,237639
jammu-&-kashmir,2020,2,Jammu And Kashmir District 5,31557,215110
jammu-&-kashmir,2020,3,Jammu And Kashmir District 1,171239,1290975
jammu-&-kashmir,2020,3,Jammu And Kashmir District 2,91843,692408
jammu-&-kashmir,2020,3,Jammu And Kashmir District 3,54656,412057
jammu-&-kashmir,2020,3,Jammu And Kashmir District 4,35726,269345
jammu-&-kashmir,2020,3,Jammu And Kashmir District 5,32339,243810
jammu-&-kashmir,2020,4,Jammu And Kashmir District 1,259799,1710228
jammu-&-kashmir,2020,4,Jammu And Kashmir District 2,139342,917272
jammu-&-kashmir,2020,4,Jammu And Kashmir District 3,82923,545876
jammu-&-kashmir,2020,4,Jammu And Kashmir District 4,54203,356816
jammu-&-kashmir,2020,4,Jammu And Kashmir District 5,49065,322988
jammu-&-kashmir,2021,1,Jammu And Kashmir District 1,203531,1583854
jammu-&-kashmir,2021,1,Jammu And Kashmir District 2,109163,849492
jammu-&-kashmir,2021,1,Jammu And Kashmir District 3,64963,505539
jammu-&-kashmir,2021,1,Jammu And Kashmir District 4,42464,330450
jammu-&-kashmir,2021,1,Jammu And Kashmir District 5,38438,299122
jammu-&-kashmir,2021,2,Jammu And Kashmir District 1,195749,1562014
jammu-&-kashmir,2021,2,Jammu And Kashmir District 2,104989,837778
jammu-&-kashmir,2021,2,Jammu And Kashmir District 3,62479,498568
jammu-&-kashmir,2021,2,Jammu And Kashmir District 4,40840,325893
jammu-&-kashmir,2021,2,Jammu And Kashmir District 5,36968,294997
jammu-&-kashmir,2021,3,Jammu And Kashmir District 1,221378,1973157
jammu-&-kashmir,2021,3,Jammu And Kashmir District 2,118735,1058293
jammu-&-kashmir,2021,3,Jammu And Kashmir District 3,70660,629798
jammu-&-kashmir,2021,3,Jammu And Kashmir District 4,46187,411673
jammu-&-kashmir,2021,3,Jammu And Kashmir District 5,41808,372645
jammu-&-kashmir,2021,4,Jammu And Kashmir District 1,243937,1774702
jammu-&-kashmir,2021,4,Jammu And Kashmir District 2,130834,951853
jammu-&-kashmir,2021,4,Jammu And Kashmir District 3,77860,566455
jammu-&-kashmir,2021,4,Jammu And Kashmir District 4,50894,370268
jammu-&-kashmir,2021,4,Jammu And Kashmir District 5,46069,335165
jammu-&-kashmir,2022,1,Jammu And Kashmir District 1,224767,1732946
jammu-&-kashmir,2022,1,Jammu And Kashmir District 2,120553,929457
jammu-&-kashmir,2022,1,Jammu And Kashmir District 3,71742,553127
jammu-&-kashmir,2022,1,Jammu And Kashmir District 4,46894,361556
jammu-&-kashmir,2022,1,Jammu And Kashmir District 5,42449,327279
jammu-&-kashmir,2022,2,Jammu And Kashmir District 1,221913,1978072
jammu-&-kashmir,2022,2,Jammu And Kashmir District 2,119022,1060929
jammu-&-kashmir,2022,2,Jammu And Kashmir District 3,70831,631367
jammu-&-kashmir,2022,2,Jammu And Kashmir District 4,46299,412698
jammu-&-kashmir,2022,2,Jammu And Kashmir District 5,41910,373573
jammu-&-kashmir,2022,3,Jammu And Kashmir District 1,235268,2164875
jammu-&-kashmir,2022,3,Jammu And Kashmir District 2,126185,1161120
jammu-&-kashmir,2022,3,Jammu And Kashmir District 3,75093,690991
jammu-&-kashmir,2022,3,Jammu And Kashmir District 4,49085,451672
jammu-&-kashmir,2022,3,Jammu And Kashmir District 5,44432,408852
jammu-&-kashmir,2022,4,Jammu And Kashmir District 1,283982,2131713
jammu-&-kashmir,2022,4,Jammu And Kashmir District 2,152312,1143334
jammu-&-kashmir,2022,4,Jammu And Kashmir District 3,90642,680407
jammu-&-kashmir,2022,4,Jammu And Kashmir District 4,59249,444753
jammu-&-kashmir,2022,4,Jammu And Kashmir District 5,53632,402589
jammu-&-kashmir,2023,1,Jammu And Kashmir District 1,235397,2124873
jammu-&-kashmir,2023,1,Jammu And Kashmir District 2,126254,1139665
jammu-&-kashmir,2023,1,Jammu And Kashmir District 3,75134,678224
jammu-&-kashmir,2023,1,Jammu And Kashmir District 4,49112,443326
jammu-&-kashmir,2023,1,Jammu And Kashmir District 5,44456,401297
jammu-&-kashmir,2023,2,Jammu And Kashmir District 1,245764,1877324
jammu-&-kashmir,2023,2,Jammu And Kashmir District 2,131814,1006893
jammu-&-kashmir,2023,2,Jammu And Kashmir District 3,78443,599210
jammu-&-kashmir,2023,2,Jammu And Kashmir District 4,51275,391678
jammu-&-kashmir,2023,2,Jammu And Kashmir District 5,46414,354546
jammu-&-kashmir,2023,3,Jammu And Kashmir District 1,285682,2321547
jammu-&-kashmir,2023,3,Jammu And Kashmir District 2,153224,1245150
jammu-&-kashmir,2023,3,Jammu And Kashmir District 3,91184,740998
jammu-&-kashmir,2023,3,Jammu And Kashmir District 4,59603,484360
jammu-&-kashmir,2023,3,Jammu And Kashmir District 5,53953,438440
jammu-&-kashmir,2023,4,Jammu And Kashmir District 1,330065,2509627
jammu-&-kashmir,2023,4,Jammu And Kashmir District 2,177028,1346026
jammu-&-kashmir,2023,4,Jammu And Kashmir District 3,105351,801031
jammu-&-kashmir,2023,4,Jammu And Kashmir District 4,68863,523600
jammu-&-kashmir,2023,4,Jammu And Kashmir District 5,62335,473961
jharkhand,2018,1,Jharkhand District 1,179563,1499040
jharkhand,2018,1,Jharkhand District 2,83076,693545
jharkhand,2018,1,Jharkhand District 3,44019,367482
jharkhand,2018,1,Jharkhand District 4,33062,276012
jharkhand,2018,1,Jharkhand District 5,27721,231422
jharkhand,2018,2,Jharkhand District 1,207834,1371685
jharkhand,2018,2,Jharkhand District 2,96156,634623
jharkhand,2018,2,Jharkhand District 3,50949,336261
jharkhand,2018,2,Jharkhand District 4,38267,252563
jharkhand,2018,2,Jharkhand District 5,32085,211761
jharkhand,2018,3,Jharkhand District 1,246027,1607992
jharkhand,2018,3,Jharkhand District 2,113826,743953
jharkhand,2018,3,Jharkhand District 3,60312,394191
jharkhand,2018,3,Jharkhand District 4,45300,296073
jharkhand,2018,3,Jharkhand District 5,37981,248242
jharkhand,2018,4,Jharkhand District 1,309906,2285715
jharkhand,2018,4,Jharkhand District 2,143381,1057508
jharkhand,2018,4,Jharkhand District 3,75972,560331
jharkhand,2018,4,Jharkhand District 4,57061,420860
jharkhand,2018,4,Jharkhand District 5,47843,352869
jharkhand,2019,1,Jharkhand District 1,246818,1673442
jharkhand,2019,1,Jharkhand District 2,114192,774234
jharkhand,2019,1,Jharkhand District 3,60506,410236
jharkhand,2019,1,Jharkhand District 4,45445,308124
jharkhand,2019,1,Jharkhand District 5,38103,258347
jharkhand,2019,2,Jharkhand District 1,294413,2489855
jharkhand,2019,2,Jharkhand District 2,136213,1151956
jharkhand,2019,2,Jharkhand District 3,72174,610375
jharkhand,2019,2,Jharkhand District 4,54209,458447
jharkhand,2019,2,Jharkhand District 5,45451,384385
jharkhand,2019,3,Jharkhand District 1,318859,2260723
jharkhand,2019,3,Jharkhand District 2,147523,1045946
jharkhand,2019,3,Jharkhand District 3,78166,554205
jharkhand,2019,3,Jharkhand District 4,58710,416258
jharkhand,2019,3,Jharkhand District 5,49225,349011
jharkhand,2019,4,Jharkhand District 1,418925,3605093
jharkhand,2019,4,Jharkhand District 2,193819,1667931
jharkhand,2019,4,Jharkhand District 3,102697,883770
jharkhand,2019,4,Jharkhand District 4,77135,663792
jharkhand,2019,4,Jharkhand District 5,64673,556556
jharkhand,2020,1,Jharkhand District 1,312139,2762245
jharkhand,2020,1,Jharkhand District 2,144414,1277980
jharkhand,2020,1,Jharkhand District 3,76519,677151
jharkhand,2020,1,Jharkhand District 4,57473,508602
jharkhand,2020,1,Jharkhand District 5,48188,426436
jharkhand,2020,2,Jharkhand District 1,395190,3144773
jharkhand,2020,2,Jharkhand District 2,182838,1454960
jharkhand,2020,2,Jharkhand District 3,96879,770925
jharkhand,2020,2,Jharkhand District 4,72764,579035
jharkhand,2020,2,Jharkhand District 5,61009,485491
jharkhand,2020,3,Jharkhand District 1,458113,3148998
jharkhand,2020,3,Jharkhand District 2,211950,1456915
jharkhand,2020,3,Jharkhand District 3,112304,771961
jharkhand,2020,3,Jharkhand District 4,84350,579813
jharkhand,2020,3,Jharkhand District 5,70723,486144
jharkhand,2020,4,Jharkhand District 1,467236,4198519
jharkhand,2020,4,Jharkhand District 2,216171,1942486
jharkhand,2020,4,Jharkhand District 3,114540,1029246
jharkhand,2020,4,Jharkhand District 4,86030,773057
jharkhand,2020,4,Jharkhand District 5,72132,648169
jharkhand,2021,1,Jharkhand District 1,399055,3363552
jharkhand,2021,1,Jharkhand District 2,184626,1556180
jharkhand,2021,1,Jharkhand District 3,97826,824558
jharkhand,2021,1,Jharkhand District 4,73476,619318
jharkhand,2021,1,Jharkhand District 5,61606,519267
jharkhand,2021,2,Jharkhand District 1,431537,3573028
jharkhand,2021,2,Jharkhand District 2,199655,1653096
jharkhand,2021,2,Jharkhand District 3,105789,875910
jharkhand,2021,2,Jharkhand District 4,79457,657888
jharkhand,2021,2,Jharkhand District 5,66621,551606
jharkhand,2021,3,Jharkhand District 1,476578,3517332
jharkhand,2021,3,Jharkhand District 2,220493,1627328
jharkhand,2021,3,Jharkhand District 3,116830,862256
jharkhand,2021,3,Jharkhand District 4,87750,647633
jharkhand,2021,3,Jharkhand District 5,73574,543007
jharkhand,2021,4,Jharkhand District 1,534587,4804867
jharkhand,2021,4,Jharkhand District 2,247331,2223018
jharkhand,2021,4,Jharkhand District 3,131051,1177889
jharkhand,2021,4,Jharkhand District 4,98431,884702
jharkhand,2021,4,Jharkhand District 5,82529,741777
jharkhand,2022,1,Jharkhand District 1,430432,3848598
jharkhand,2022,1,Jharkhand District 2,199144,1780591
jharkhand,2022,1,Jharkhand District 3,105518,943465
jharkhand,2022,1,Jharkhand District 4,79254,708628
jharkhand,2022,1,Jharkhand District 5,66450,594148
jharkhand,2022,2,Jharkhand District 1,477188,4052440
jharkhand,2022,2,Jharkhand District 2,220775,1874901
jharkhand,2022,2,Jharkhand District 3,116980,993435
jharkhand,2022,2,Jharkhand District 4,87862,746160
jharkhand,2022,2,Jharkhand District 5,73668,625617
jharkhand,2022,3,Jharkhand District 1,499642,4345738
jharkhand,2022,3,Jharkhand District 2,231164,2010598
jharkhand,2022,3,Jharkhand District 3,122484,1065336
jharkhand,2022,3,Jharkhand District 4,91997,800164
jharkhand,2022,3,Jharkhand District 5,77135,670897
jharkhand,2022,4,Jharkhand District 1,597826,5276805
jharkhand,2022,4,Jharkhand District 2,276590,2441365
jharkhand,2022,4,Jharkhand District 3,146554,1293582
jharkhand,2022,4,Jharkhand District 4,110075,971598
jharkhand,2022,4,Jharkhand District 5,92292,814636
jharkhand,2023,1,Jharkhand District 1,560015,5005171
jharkhand,2023,1,Jharkhand District 2,259096,2315691
jharkhand,2023,1,Jharkhand District 3,137285,1226993
jharkhand,2023,1,Jharkhand District 4,103113,921583
jharkhand,2023,1,Jharkhand District 5,86455,772701
jharkhand,2023,2,Jharkhand District 1,504728,3401819
jharkhand,2023,2,Jharkhand District 2,233517,1573885
jharkhand,2023,2,Jharkhand District 3,123731,833939
jharkhand,2023,2,Jharkhand District 4,92933,626364
jharkhand,2023,2,Jharkhand District 5,77920,525174
jharkhand,2023,3,Jharkhand District 1,604070,4198503
jharkhand,2023,3,Jharkhand District 2,279479,1942478
jharkhand,2023,3,Jharkhand District 3,148084,1029242
jharkhand,2023,3,Jharkhand District 4,111225,773054
jharkhand,2023,3,Jharkhand District 5,93256,648167
jharkhand,2023,4,Jharkhand District 1,629329,4804596
jharkhand,2023,4,Jharkhand District 2,291165,2222893
jharkhand,2023,4,Jharkhand District 3,154276,1177823
jharkhand,2023,4,Jharkhand District 4,115876,884652
jharkhand,2023,4,Jharkhand District 5,97156,741736
karnataka,2018,1,Bengaluru Urban,764882,7125771
karnataka,2018,1,Belgaum,376709,3509488
karnataka,2018,1,Mysuru,204863,1908545
karnataka,2018,1,Tumakuru,155312,1446918
karnataka,2018,1,Kalaburagi,123096,1146789
karnataka,2018,1,Ballari,93898,874771
karnataka,2018,1,Dakshina Kannada,89194,830947
karnataka,2018,2,Bengaluru Urban,862428,6571013
karnataka,2018,2,Belgaum,424751,3236266
karnataka,2018,2,Mysuru,230990,1759960
karnataka,2018,2,Tumakuru,175119,1334271
karnataka,2018,2,Kalaburagi,138795,1057509
karnataka,2018,2,Ballari,105873,806668
karnataka,2018,2,Dakshina Kannada,100569,766256
karnataka,2018,3,Bengaluru Urban,905871,5942225
karnataka,2018,3,Belgaum,446147,2926584
karnataka,2018,3,Mysuru,242625,1591547
karnataka,2018,3,Tumakuru,183941,1206593
karnataka,2018,3,Kalaburagi,145786,956314
karnataka,2018,3,Ballari,111206,729477
karnataka,2018,3,Dakshina Kannada,105635,692932
karnataka,2018,4,Bengaluru Urban,1112509,9610116
karnataka,2018,4,Belgaum,547917,4733044
karnataka,2018,4,Mysuru,297971,2573944
karnataka,2018,4,Tumakuru,225899,1951374
karnataka,2018,4,Kalaburagi,179042,1546608
karnataka,2018,4,Ballari,136573,1179753
karnataka,2018,4,Dakshina Kannada,129731,1120650
karnataka,2019,1,Bengaluru Urban,922242,7336547
karnataka,2019,1,Belgaum,454210,3613296
karnataka,2019,1,Mysuru,247010,1964998
karnataka,2019,1,Tumakuru,187265,1489716
karnataka,2019,1,Kalaburagi,148421,1180710
karnataka,2019,1,Ballari,113215,900646
karnataka,2019,1,Dakshina Kannada,107544,855526
karnataka,2019,2,Bengaluru Urban,1046958,9518523
karnataka,2019,2,Belgaum,515633,4687933
karnataka,2019,2,Mysuru,280414,2549412
karnataka,2019,2,Tumakuru,212589,1932776
karnataka,2019,2,Kalaburagi,168492,1531868
karnataka,2019,2,Ballari,128526,1168509
karnataka,2019,2,Dakshina Kannada,122087,1109969
karnataka,2019,3,Bengaluru Urban,1394655,11712673
karnataka,2019,3,Belgaum,686876,5768566
karnataka,2019,3,Mysuru,373540,3137087
karnataka,2019,3,Tumakuru,283190,2378307
karnataka,2019,3,Kalaburagi,224449,1884984
karnataka,2019,3,Ballari,171210,1437866
karnataka,2019,3,Dakshina Kannada,162632,1365833
karnataka,2019,4,Bengaluru Urban,1524819,12990401
karnataka,2019,4,Belgaum,750983,6397856
karnataka,2019,4,Mysuru,408403,3479310
karnataka,2019,4,Tumakuru,309620,2637755
karnataka,2019,4,Kalaburagi,245397,2090616
karnataka,2019,4,Ballari,187189,1594722
karnataka,2019,4,Dakshina Kannada,177811,1514831
karnataka,2020,1,Bengaluru Urban,1191645,10346064
karnataka,2020,1,Belgaum,586893,5095503
karnataka,2020,1,Mysuru,319166,2771058
karnataka,2020,1,Tumakuru,241968,2100812
karnataka,2020,1,Kalaburagi,191778,1665048
karnataka,2020,1,Ballari,146288,1270099
karnataka,2020,1,Dakshina Kannada,138959,1206470
karnataka,2020,2,Bengaluru Urban,1336179,9813000
karnataka,2020,2,Belgaum,658077,4832966
karnataka,2020,2,Mysuru,357878,2628284
karnataka,2020,2,Tumakuru,271316,1992571
karnataka,2020,2,Kalaburagi,215038,1579260
karnataka,2020,2,Ballari,164031,1204659
karnataka,2020,2,Dakshina Kannada,155814,1144309
karnataka,2020,3,Bengaluru Urban,1428566,12066712
karnataka,2020,3,Belgaum,703578,5942933
karnataka,2020,3,Mysuru,382622,3231912
karnataka,2020,3,Tumakuru,290076,2450196
karnataka,2020,3,Kalaburagi,229907,1941962
karnataka,2020,3,Ballari,175373,1481329
karnataka,2020,3,Dakshina Kannada,166587,1407118
karnataka,2020,4,Bengaluru Urban,1634600,12120298
karnataka,2020,4,Belgaum,805051,5969324
karnataka,2020,4,Mysuru,437806,3246264
karnataka,2020,4,Tumakuru,331912,2461077
karnataka,2020,4,Kalaburagi,263065,1950586
karnataka,2020,4,Ballari,200666,1487907
karnataka,2020,4,Dakshina Kannada,190613,1413366
karnataka,2021,1,Bengaluru Urban,1393050,9712774
karnataka,2021,1,Belgaum,686086,4783603
karnataka,2021,1,Mysuru,373110,2601440
karnataka,2021,1,Tumakuru,282864,1972219
karnataka,2021,1,Kalaburagi,224191,1563130
karnataka,2021,1,Ballari,171013,1192355
karnataka,2021,1,Dakshina Kannada,162445,1132621
karnataka,2021,2,Bengaluru Urban,1556140,14474606
karnataka,2021,2,Belgaum,766409,7128836
karnataka,2021,2,Mysuru,416791,3876835
karnataka,2021,2,Tumakuru,315980,2939129
karnataka,2021,2,Kalaburagi,250438,2329477
karnataka,2021,2,Ballari,191034,1776926
karnataka,2021,2,Dakshina Kannada,181463,1687906
karnataka,2021,3,Bengaluru Urban,1819706,13357609
karnataka,2021,3,Belgaum,896217,6578708
karnataka,2021,3,Mysuru,487384,3577661
karnataka,2021,3,Tumakuru,369499,2712318
karnataka,2021,3,Kalaburagi,292855,2149713
karnataka,2021,3,Ballari,223390,1639801
karnataka,2021,3,Dakshina Kannada,212198,1557651
karnataka,2021,4,Bengaluru Urban,2058225,18366080
karnataka,2021,4,Belgaum,1013689,9045412
karnataka,2021,4,Mysuru,551268,4919115
karnataka,2021,4,Tumakuru,417931,3729310
karnataka,2021,4,Kalaburagi,331241,2955754
karnataka,2021,4,Ballari,252671,2254649
karnataka,2021,4,Dakshina Kannada,240012,2141697
karnataka,2022,1,Bengaluru Urban,1642056,11002057
karnataka,2022,1,Belgaum,808723,5418584
karnataka,2022,1,Mysuru,439803,2946757
karnataka,2022,1,Tumakuru,333426,2234014
karnataka,2022,1,Kalaburagi,264265,1770621
karnataka,2022,1,Ballari,201581,1350630
karnataka,2022,1,Dakshina Kannada,191482,1282967
karnataka,2022,2,Bengaluru Urban,1646754,11330323
karnataka,2022,2,Belgaum,811036,5580257
karnataka,2022,2,Mysuru,441061,3034679
karnataka,2022,2,Tumakuru,334380,2300670
karnataka,2022,2,Kalaburagi,265021,1823451
karnataka,2022,2,Ballari,202158,1390929
karnataka,2022,2,Dakshina Kannada,192030,1321246
karnataka,2022,3,Bengaluru Urban,1840102,14248677
karnataka,2022,3,Belgaum,906262,7017565
karnataka,2022,3,Mysuru,492847,3816322
karnataka,2022,3,Tumakuru,373640,2893253
karnataka,2022,3,Kalaburagi,296137,2293117
karnataka,2022,3,Ballari,225894,1749190
karnataka,2022,3,Dakshina Kannada,214577,1661560
karnataka,2022,4,Bengaluru Urban,2109636,15820877
karnataka,2022,4,Belgaum,1039009,7791884
karnataka,2022,4,Mysuru,565038,4237416
karnataka,2022,4,Tumakuru,428370,3212495
karnataka,2022,4,Kalaburagi,339515,2546140
karnataka,2022,4,Ballari,258982,1942196
karnataka,2022,4,Dakshina Kannada,246007,1844897
karnataka,2023,1,Bengaluru Urban,1669485,10885037
karnataka,2023,1,Belgaum,822232,5360951
karnataka,2023,1,Mysuru,447149,2915415
karnataka,2023,1,Tumakuru,338996,2210252
karnataka,2023,1,Kalaburagi,268679,1751788
karnataka,2023,1,Ballari,204948,1336264
karnataka,2023,1,Dakshina Kannada,194681,1269321
karnataka,2023,2,Bengaluru Urban,2259408,16792871
karnataka,2023,2,Belgaum,1112773,8270597
karnataka,2023,2,Mysuru,605153,4497752
karnataka,2023,2,Tumakuru,458782,3409863
karnataka,2023,2,Kalaburagi,363619,2702568
karnataka,2023,2,Ballari,277368,2061520
karnataka,2023,2,Dakshina Kannada,263473,1958242
karnataka,2023,3,Bengaluru Urban,2276466,19167623
karnataka,2023,3,Belgaum,1121174,9440177
karnataka,2023,3,Mysuru,609722,5133798
karnataka,2023,3,Tumakuru,462246,3892066
karnataka,2023,3,Kalaburagi,366364,3084750
karnataka,2023,3,Ballari,279462,2353048
karnataka,2023,3,Dakshina Kannada,265462,2235166
karnataka,2023,4,Bengaluru Urban,2573876,17631318
karnataka,2023,4,Belgaum,1267650,8683537
karnataka,2023,4,Mysuru,689379,4722319
karnataka,2023,4,Tumakuru,522636,3580113
karnataka,2023,4,Kalaburagi,414228,2837504
karnataka,2023,4,Ballari,315973,2164449
karnataka,2023,4,Dakshina Kannada,300143,2056015
kerala,2018,1,Ernakulam,414380,3467550
kerala,2018,1,Thiruvananthapuram,164912,1379994
kerala,2018,1,Thrissur,115513,966619
kerala,2018,1,Kozhikode,76382,639167
kerala,2018,1,Malappuram,60224,503961
kerala,2018,1,Kollam,45773,383035
kerala,2018,2,Ernakulam,474077,3981065
kerala,2018,2,Thiruvananthapuram,188670,1584359
kerala,2018,2,Thrissur,132154,1109767
kerala,2018,2,Kozhikode,87385,733822
kerala,2018,2,Malappuram,68900,578593
kerala,2018,2,Kollam,52368,439760
kerala,2018,3,Ernakulam,561869,4244913
kerala,2018,3,Thiruvananthapuram,223609,1689364
kerala,2018,3,Thrissur,156627,1183317
kerala,2018,3,Kozhikode,103568,782456
kerala,2018,3,Malappuram,81660,616940
kerala,2018,3,Kollam,62065,468905
kerala,2018,4,Ernakulam,745613,5668139
kerala,2018,4,Thiruvananthapuram,296734,2255771
kerala,2018,4,Thrissur,207848,1580058
kerala,2018,4,Kozhikode,137437,1044797
kerala,2018,4,Malappuram,108364,823786
kerala,2018,4,Kollam,82362,626119
kerala,2019,1,Ernakulam,593983,4977776
kerala,2019,1,Thiruvananthapuram,236389,1981024
kerala,2019,1,Thrissur,165579,1387611
kerala,2019,1,Kozhikode,109487,917544
kerala,2019,1,Malappuram,86327,723451
kerala,2019,1,Kollam,65613,549859
kerala,2019,2,Ernakulam,690434,6102855
kerala,2019,2,Thiruvananthapuram,274775,2428776
kerala,2019,2,Thrissur,192466,1701240
kerala,2019,2,Kozhikode,127266,1124927
kerala,2019,2,Malappuram,100345,886966
kerala,2019,2,Kollam,76267,674139
kerala,2019,3,Ernakulam,750244,5637241
kerala,2019,3,Thiruvananthapuram,298577,2243474
kerala,2019,3,Thrissur,209139,1571445
kerala,2019,3,Kozhikode,138291,1039102
kerala,2019,3,Malappuram,109037,819296
kerala,2019,3,Kollam,82874,622706
kerala,2019,4,Ernakulam,945901,6467010
kerala,2019,4,Thiruvananthapuram,376443,2573700
kerala,2019,4,Thrissur,263680,1802752
kerala,2019,4,Kozhikode,174356,1192051
kerala,2019,4,Malappuram,137473,939891
kerala,2019,4,Kollam,104487,714365
kerala,2020,1,Ernakulam,667250,5116549
kerala,2020,1,Thiruvananthapuram,265548,2036252
kerala,2020,1,Thrissur,186003,1426296
kerala,2020,1,Kozhikode,122993,943123
kerala,2020,1,Malappuram,96975,743620
kerala,2020,1,Kollam,73706,565189
kerala,2020,2,Ernakulam,868455,7393549
kerala,2020,2,Thiruvananthapuram,345622,2942439
kerala,2020,2,Thrissur,242091,2061035
kerala,2020,2,Kozhikode,160080,1362839
kerala,2020,2,Malappuram,126218,1074551
kerala,2020,2,Kollam,95932,816713
kerala,2020,3,Ernakulam,917481,8476562
kerala,2020,3,Thiruvananthapuram,365133,3373450
kerala,2020,3,Thrissur,255758,2362938
kerala,2020,3,Kozhikode,169117,1562468
kerala,2020,3,Malappuram,133343,1231952
kerala,2020,3,Kollam,101347,936346
kerala,2020,4,Ernakulam,1122640,9352953
kerala,2020,4,Thiruvananthapuram,446781,3722230
kerala,2020,4,Thrissur,312948,2607241
kerala,2020,4,Kozhikode,206934,1724012
kerala,2020,4,Malappuram,163160,1359324
kerala,2020,4,Kollam,124010,1033154
kerala,2021,1,Ernakulam,878866,7636027
kerala,2021,1,Thiruvananthapuram,349765,3038939
kerala,2021,1,Thrissur,244993,2128629
kerala,2021,1,Kozhikode,161999,1407534
kerala,2021,1,Malappuram,127731,1109792
kerala,2021,1,Kollam,97082,843498
kerala,2021,2,Ernakulam,1023607,7312556
kerala,2021,2,Thiruvananthapuram,407368,2910206
kerala,2021,2,Thrissur,285342,2038458
kerala,2021,2,Kozhikode,188679,1347909
kerala,2021,2,Malappuram,148767,1062780
kerala,2021,2,Kollam,113070,807766
kerala,2021,3,Ernakulam,983561,8710606
kerala,2021,3,Thiruvananthapuram,391431,3466593
kerala,2021,3,Thrissur,274178,2428180
kerala,2021,3,Kozhikode,181298,1605609
kerala,2021,3,Malappuram,142947,1265967
kerala,2021,3,Kollam,108647,962199
kerala,2021,4,Ernakulam,1150499,10493033
kerala,2021,4,Thiruvananthapuram,457868,4175953
kerala,2021,4,Thrissur,320714,2925052
kerala,2021,4,Kozhikode,212069,1934161
kerala,2021,4,Malappuram,167209,1525019
kerala,2021,4,Kollam,127087,1159091
kerala,2022,1,Ernakulam,922031,6564387
kerala,2022,1,Thiruvananthapuram,366944,2612454
kerala,2022,1,Thrissur,257026,1829897
kerala,2022,1,Kozhikode,169956,1210001
kerala,2022,1,Malappuram,134004,954044
kerala,2022,1,Kollam,101850,725121
kerala,2022,2,Ernakulam,1115834,9522516
kerala,2022,2,Thiruvananthapuram,444073,3789712
kerala,2022,2,Thrissur,311051,2654509
kerala,2022,2,Kozhikode,205679,1755267
kerala,2022,2,Malappuram,162171,1383967
kerala,2022,2,Kollam,123258,1051885
kerala,2022,3,Ernakulam,1063008,9014955
kerala,2022,3,Thiruvananthapuram,423049,3587716
kerala,2022,3,Thrissur,296325,2513021
kerala,2022,3,Kozhikode,195942,1661709
kerala,2022,3,Malappuram,154493,1310200
kerala,2022,3,Kollam,117423,995818
kerala,2022,4,Ernakulam,1190432,10638999
kerala,2022,4,Thiruvananthapuram,473760,4234043
kerala,2022,4,Thrissur,331846,2965741
kerala,2022,4,Kozhikode,219430,1961066
kerala,2022,4,Malappuram,173013,1546233
kerala,2022,4,Kollam,131498,1175215
kerala,2023,1,Ernakulam,1080032,8114723
kerala,2023,1,Thiruvananthapuram,429824,3229447
kerala,2023,1,Thrissur,301071,2262071
kerala,2023,1,Kozhikode,199080,1495771
kerala,2023,1,Malappuram,156967,1179364
kerala,2023,1,Kollam,119303,896376
kerala,2023,2,Ernakulam,1048304,7486106
kerala,2023,2,Thiruvananthapuram,417197,2979274
kerala,2023,2,Thrissur,292226,2086837
kerala,2023,2,Kozhikode,193231,1379900
kerala,2023,2,Malappuram,152356,1088003
kerala,2023,2,Kollam,115798,826937
kerala,2023,3,Ernakulam,1348611,10581755
kerala,2023,3,Thiruvananthapuram,536712,4211262
kerala,2023,3,Thrissur,375940,2949784
kerala,2023,3,Kozhikode,248587,1950515
kerala,2023,3,Malappuram,196002,1537913
kerala,2023,3,Kollam,148971,1168891
kerala,2023,4,Ernakulam,1317295,10072903
kerala,2023,4,Thiruvananthapuram,524249,4008752
kerala,2023,4,Thrissur,367211,2807936
kerala,2023,4,Kozhikode,242814,1856719
kerala,2023,4,Malappuram,191450,1463959
kerala,2023,4,Kollam,145512,1112682
ladakh,2018,1,Ladakh District 1,10294,95475
ladakh,2018,1,Ladakh District 2,4211,39054
ladakh,2018,1,Ladakh District 3,2860,26532
ladakh,2018,1,Ladakh District 4,2124,19706
ladakh,2018,1,Ladakh District 5,1707,15833
ladakh,2018,2,Ladakh District 1,11682,98659
ladakh,2018,2,Ladakh District 2,4778,40357
ladakh,2018,2,Ladakh District 3,3246,27417
ladakh,2018,2,Ladakh District 4,2411,20364
ladakh,2018,2,Ladakh District 5,1937,16361
ladakh,2018,3,Ladakh District 1,14908,114764
ladakh,2018,3,Ladakh District 2,6098,46945
ladakh,2018,3,Ladakh District 3,4142,31892
ladakh,2018,3,Ladakh District 4,3077,23688
ladakh,2018,3,Ladakh District 5,2472,19032
ladakh,2018,4,Ladakh District 1,16453,108313
ladakh,2018,4,Ladakh District 2,6730,44306
ladakh,2018,4,Ladakh District 3,4572,30099
ladakh,2018,4,Ladakh District 4,3396,22356
ladakh,2018,4,Ladakh District 5,2728,17962
ladakh,2019,1,Ladakh District 1,14226,108452
ladakh,2019,1,Ladakh District 2,5819,44363
ladakh,2019,1,Ladakh District 3,3953,30138
ladakh,2019,1,Ladakh District 4,2936,22385
ladakh,2019,1,Ladakh District 5,2359,17985
ladakh,2019,2,Ladakh District 1,16143,122260
ladakh,2019,2,Ladakh District 2,6603,50011
ladakh,2019,2,Ladakh District 3,4486,33975
ladakh,2019,2,Ladakh District 4,3332,25235
ladakh,2019,2,Ladakh District 5,2677,20275
ladakh,2019,3,Ladakh District 1,19222,130908
ladakh,2019,3,Ladakh District 2,7863,53548
ladakh,2019,3,Ladakh District 3,5341,36379
ladakh,2019,3,Ladakh District 4,3967,27020
ladakh,2019,3,Ladakh District 5,3187,21709
ladakh,2019,4,Ladakh District 1,20025,183072
ladakh,2019,4,Ladakh District 2,8191,74887
ladakh,2019,4,Ladakh District 3,5564,50875
ladakh,2019,4,Ladakh District 4,4133,37787
ladakh,2019,4,Ladakh District 5,3320,30360
ladakh,2020,1,Ladakh District 1,17757,135898
ladakh,2020,1,Ladakh District 2,7263,55590
ladakh,2020,1,Ladakh District 3,4934,37765
ladakh,2020,1,Ladakh District 4,3665,28050
ladakh,2020,1,Ladakh District 5,2944,22536
ladakh,2020,2,Ladakh District 1,19150,133500
ladakh,2020,2,Ladakh District 2,7833,54609
ladakh,2020,2,Ladakh District 3,5321,37099
ladakh,2020,2,Ladakh District 4,3952,27555
ladakh,2020,2,Ladakh District 5,3175,22139
ladakh,2020,3,Ladakh District 1,19757,163732
ladakh,2020,3,Ladakh District 2,8082,66975
ladakh,2020,3,Ladakh District 3,5490,45500
ladakh,2020,3,Ladakh District 4,4078,33795
ladakh,2020,3,Ladakh District 5,3276,27152
ladakh,2020,4,Ladakh District 1,24865,206829
ladakh,2020,4,Ladakh District 2,10171,84604
ladakh,2020,4,Ladakh District 3,6910,57477
ladakh,2020,4,Ladakh District 4,5132,42691
ladakh,2020,4,Ladakh District 5,4123,34299
ladakh,2021,1,Ladakh District 1,22106,209565
ladakh,2021,1,Ladakh District 2,9042,85724
ladakh,2021,1,Ladakh District 3,6143,58237
ladakh,2021,1,Ladakh District 4,4562,43256
ladakh,2021,1,Ladakh District 5,3666,34753
ladakh,2021,2,Ladakh District 1,21092,158254
ladakh,2021,2,Ladakh District 2,8628,64734
ladakh,2021,2,Ladakh District 3,5861,43978
ladakh,2021,2,Ladakh District 4,4353,32665
ladakh,2021,2,Ladakh District 5,3497,26244
ladakh,2021,3,Ladakh District 1,25523,231035
ladakh,2021,3,Ladakh District 2,10440,94506
ladakh,2021,3,Ladakh District 3,7092,64204
ladakh,2021,3,Ladakh District 4,5268,47687
ladakh,2021,3,Ladakh District 5,4232,38313
ladakh,2021,4,Ladakh District 1,26609,173119
ladakh,2021,4,Ladakh District 2,10884,70815
ladakh,2021,4,Ladakh District 3,7394,48109
ladakh,2021,4,Ladakh District 4,5492,35733
ladakh,2021,4,Ladakh District 5,4412,28709
ladakh,2022,1,Ladakh District 1,24957,226709
ladakh,2022,1,Ladakh District 2,10209,92736
ladakh,2022,1,Ladakh District 3,6935,63001
ladakh,2022,1,Ladakh District 4,5151,46794
ladakh,2022,1,Ladakh District 5,4138,37596
ladakh,2022,2,Ladakh District 1,23442,153429
ladakh,2022,2,Ladakh District 2,9589,62761
ladakh,2022,2,Ladakh District 3,6514,42637
ladakh,2022,2,Ladakh District 4,4838,31669
ladakh,2022,2,Ladakh District 5,3887,25444
ladakh,2022,3,Ladakh District 1,28495,201357
ladakh,2022,3,Ladakh District 2,11656,82366
ladakh,2022,3,Ladakh District 3,7918,55956
ladakh,2022,3,Ladakh District 4,5881,41561
ladakh,2022,3,Ladakh District 5,4725,33392
ladakh,2022,4,Ladakh District 1,33369,283079
ladakh,2022,4,Ladakh District 2,13650,115795
ladakh,2022,4,Ladakh District 3,9273,78667
ladakh,2022,4,Ladakh District 4,6887,58430
ladakh,2022,4,Ladakh District 5,5533,46944
ladakh,2023,1,Ladakh District 1,26872,184701
ladakh,2023,1,Ladakh District 2,10992,75553
ladakh,2023,1,Ladakh District 3,7467,51328
ladakh,2023,1,Ladakh District 4,5546,38123
ladakh,2023,1,Ladakh District 5,4456,30630
ladakh,2023,2,Ladakh District 1,29742,235711
ladakh,2023,2,Ladakh District 2,12166,96419
ladakh,2023,2,Ladakh District 3,8265,65503
ladakh,2023,2,Ladakh District 4,6139,48652
ladakh,2023,2,Ladakh District 5,4932,39089
ladakh,2023,3,Ladakh District 1,28134,231407
ladakh,2023,3,Ladakh District 2,11508,94658
ladakh,2023,3,Ladakh District 3,7818,64307
ladakh,2023,3,Ladakh District 4,5807,47764
ladakh,2023,3,Ladakh District 5,4665,38375
ladakh,2023,4,Ladakh District 1,38958,310062
ladakh,2023,4,Ladakh District 2,15936,126833
ladakh,2023,4,Ladakh District 3,10826,86165
ladakh,2023,4,Ladakh District 4,8041,63999
ladakh,2023,4,Ladakh District 5,6460,51419
lakshadweep,2018,1,Lakshadweep District 1,4478,41017
lakshadweep,2018,1,Lakshadweep District 2,1937,17743
lakshadweep,2018,1,Lakshadweep District 3,1186,10865
lakshadweep,2018,1,Lakshadweep District 4,875,8022
lakshadweep,2018,1,Lakshadweep District 5,737,6755
lakshadweep,2018,2,Lakshadweep District 1,5289,39415
lakshadweep,2018,2,Lakshadweep District 2,2287,17049
lakshadweep,2018,2,Lakshadweep District 3,1401,10441
lakshadweep,2018,2,Lakshadweep District 4,1034,7709
lakshadweep,2018,2,Lakshadweep District 5,871,6491
lakshadweep,2018,3,Lakshadweep District 1,7481,56928
lakshadweep,2018,3,Lakshadweep District 2,3236,24625
lakshadweep,2018,3,Lakshadweep District 3,1982,15080
lakshadweep,2018,3,Lakshadweep District 4,1463,11135
lakshadweep,2018,3,Lakshadweep District 5,1232,9375
lakshadweep,2018,4,Lakshadweep District 1,8247,63088
lakshadweep,2018,4,Lakshadweep District 2,3567,27290
lakshadweep,2018,4,Lakshadweep District 3,2184,16712
lakshadweep,2018,4,Lakshadweep District 4,1613,12340
lakshadweep,2018,4,Lakshadweep District 5,1358,10390
lakshadweep,2019,1,Lakshadweep District 1,6505,44038
lakshadweep,2019,1,Lakshadweep District 2,2814,19049
lakshadweep,2019,1,Lakshadweep District 3,1723,11666
lakshadweep,2019,1,Lakshadweep District 4,1272,8613
lakshadweep,2019,1,Lakshadweep District 5,1071,7252
lakshadweep,2019,2,Lakshadweep District 1,7810,67437
lakshadweep,2019,2,Lakshadweep District 2,3378,29171
lakshadweep,2019,2,Lakshadweep District 3,2069,17864
lakshadweep,2019,2,Lakshadweep District 4,1527,13190
lakshadweep,2019,2,Lakshadweep District 5,1286,11106
lakshadweep,2019,3,Lakshadweep District 1,9552,64094
lakshadweep,2019,3,Lakshadweep District 2,4131,27725
lakshadweep,2019,3,Lakshadweep District 3,2530,16979
lakshadweep,2019,3,Lakshadweep District 4,1868,12536
lakshadweep,2019,3,Lakshadweep District 5,1573,10555
lakshadweep,2019,4,Lakshadweep District 1,9187,76226
lakshadweep,2019,4,Lakshadweep District 2,3974,32973
lakshadweep,2019,4,Lakshadweep District 3,2433,20193
lakshadweep,2019,4,Lakshadweep District 4,1796,14909
lakshadweep,2019,4,Lakshadweep District 5,1513,12554
lakshadweep,2020,1,Lakshadweep District 1,9663,83107
lakshadweep,2020,1,Lakshadweep District 2,4180,35949
lakshadweep,2020,1,Lakshadweep District 3,2559,22016
lakshadweep,2020,1,Lakshadweep District 4,1890,16255
lakshadweep,2020,1,Lakshadweep District 5,1591,13687
lakshadweep,2020,2,Lakshadweep District 1,8934,73022
lakshadweep,2020,2,Lakshadweep District 2,3864,31587
lakshadweep,2020,2,Lakshadweep District 3,2366,19344
lakshadweep,2020,2,Lakshadweep District 4,1747,14283
lakshadweep,2020,2,Lakshadweep District 5,1471,12026
lakshadweep,2020,3,Lakshadweep District 1,9904,65552
lakshadweep,2020,3,Lakshadweep District 2,4284,28356
lakshadweep,2020,3,Lakshadweep District 3,2623,17365
lakshadweep,2020,3,Lakshadweep District 4,1937,12821
lakshadweep,2020,3,Lakshadweep District 5,1631,10796
lakshadweep,2020,4,Lakshadweep District 1,10827,100466
lakshadweep,2020,4,Lakshadweep District 2,4683,43459
lakshadweep,2020,4,Lakshadweep District 3,2868,26614
lakshadweep,2020,4,Lakshadweep District 4,2117,19651
lakshadweep,2020,4,Lakshadweep District 5,1783,16546
lakshadweep,2021,1,Lakshadweep District 1,9728,70430
lakshadweep,2021,1,Lakshadweep District 2,4208,30466
lakshadweep,2021,1,Lakshadweep District 3,2577,18657
lakshadweep,2021,1,Lakshadweep District 4,1902,13776
lakshadweep,2021,1,Lakshadweep District 5,1602,11599
lakshadweep,2021,2,Lakshadweep District 1,11055,93394
lakshadweep,2021,2,Lakshadweep District 2,4782,40399
lakshadweep,2021,2,Lakshadweep District 3,2928,24741
lakshadweep,2021,2,Lakshadweep District 4,2162,18267
lakshadweep,2021,2,Lakshadweep District 5,1820,15381
lakshadweep,2021,3,Lakshadweep District 1,12228,115640
lakshadweep,2021,3,Lakshadweep District 2,5289,50022
lakshadweep,2021,3,Lakshadweep District 3,3239,30634
lakshadweep,2021,3,Lakshadweep District 4,2391,22618
lakshadweep,2021,3,Lakshadweep District 5,2013,19045
lakshadweep,2021,4,Lakshadweep District 1,12307,98737
lakshadweep,2021,4,Lakshadweep District 2,5324,42711
lakshadweep,2021,4,Lakshadweep District 3,3260,26156
lakshadweep,2021,4,Lakshadweep District 4,2407,19312
lakshadweep,2021,4,Lakshadweep District 5,2027,16261
lakshadweep,2022,1,Lakshadweep District 1,11417,101758
lakshadweep,2022,1,Lakshadweep District 2,4938,44017
lakshadweep,2022,1,Lakshadweep District 3,3024,26956
lakshadweep,2022,1,Lakshadweep District 4,2233,19903
lakshadweep,2022,1,Lakshadweep District 5,1880,16759
lakshadweep,2022,2,Lakshadweep District 1,11514,107376
lakshadweep,2022,2,Lakshadweep District 2,4980,46447
lakshadweep,2022,2,Lakshadweep District 3,3050,28445
lakshadweep,2022,2,Lakshadweep District 4,2252,21002
lakshadweep,2022,2,Lakshadweep District 5,1896,17684
lakshadweep,2022,3,Lakshadweep District 1,14611,128884
lakshadweep,2022,3,Lakshadweep District 2,6320,55751
lakshadweep,2022,3,Lakshadweep District 3,3870,34142
lakshadweep,2022,3,Lakshadweep District 4,2858,25209
lakshadweep,2022,3,Lakshadweep District 5,2406,21226
lakshadweep,2022,4,Lakshadweep District 1,15145,141183
lakshadweep,2022,4,Lakshadweep District 2,6551,61071
lakshadweep,2022,4,Lakshadweep District 3,4012,37400
lakshadweep,2022,4,Lakshadweep District 4,2962,27615
lakshadweep,2022,4,Lakshadweep District 5,2494,23252
lakshadweep,2023,1,Lakshadweep District 1,12923,119996
lakshadweep,2023,1,Lakshadweep District 2,5590,51907
lakshadweep,2023,1,Lakshadweep District 3,3423,31788
lakshadweep,2023,1,Lakshadweep District 4,2527,23471
lakshadweep,2023,1,Lakshadweep District 5,2128,19762
lakshadweep,2023,2,Lakshadweep District 1,15043,101262
lakshadweep,2023,2,Lakshadweep District 2,6507,43803
lakshadweep,2023,2,Lakshadweep District 3,3985,26825
lakshadweep,2023,2,Lakshadweep District 4,2942,19806
lakshadweep,2023,2,Lakshadweep District 5,2477,16677
lakshadweep,2023,3,Lakshadweep District 1,16633,152968
lakshadweep,2023,3,Lakshadweep District 2,7195,66169
lakshadweep,2023,3,Lakshadweep District 3,4406,40522
lakshadweep,2023,3,Lakshadweep District 4,3253,29920
lakshadweep,2023,3,Lakshadweep District 5,2739,25193
lakshadweep,2023,4,Lakshadweep District 1,16928,140046
lakshadweep,2023,4,Lakshadweep District 2,7322,60580
lakshadweep,2023,4,Lakshadweep District 3,4484,37099
lakshadweep,2023,4,Lakshadweep District 4,3311,27392
lakshadweep,2023,4,Lakshadweep District 5,2787,23065
madhya-pradesh,2018,1,Indore,386137,2761875
madhya-pradesh,2018,1,Bhopal,150368,1075520
madhya-pradesh,2018,1,Jabalpur,107227,766953
madhya-pradesh,2018,1,Gwalior,71578,511973
madhya-pradesh,2018,1,Ujjain,55090,394040
madhya-pradesh,2018,1,Sagar,42168,301609
madhya-pradesh,2018,2,Indore,425390,3258304
madhya-pradesh,2018,2,Bhopal,165654,1268838
madhya-pradesh,2018,2,Jabalpur,118127,904808
madhya-pradesh,2018,2,Gwalior,78855,603997
madhya-pradesh,2018,2,Ujjain,60691,464867
madhya-pradesh,2018,2,Sagar,46454,355822
madhya-pradesh,2018,3,Indore,475935,3677301
madhya-pradesh,2018,3,Bhopal,185337,1432003
madhya-pradesh,2018,3,Jabalpur,132163,1021160
madhya-pradesh,2018,3,Gwalior,88224,681667
madhya-pradesh,2018,3,Ujjain,67902,524646
madhya-pradesh,2018,3,Sagar,51974,401578
madhya-pradesh,2018,4,Indore,580890,4487044
madhya-pradesh,2018,4,Bhopal,226208,1747331
madhya-pradesh,2018,4,Jabalpur,161309,1246020
madhya-pradesh,2018,4,Gwalior,107680,831770
madhya-pradesh,2018,4,Ujjain,82876,640173
madhya-pradesh,2018,4,Sagar,63435,490006
madhya-pradesh,2019,1,Indore,569024,4979534
madhya-pradesh,2019,1,Bhopal,221587,1939114
madhya-pradesh,2019,1,Jabalpur,158014,1382781
madhya-pradesh,2019,1,Gwalior,105480,923064
madhya-pradesh,2019,1,Ujjain,81183,710437
madhya-pradesh,2019,1,Sagar,62140,543788
madhya-pradesh,2019,2,Indore,598356,4220550
madhya-pradesh,2019,2,Bhopal,233010,1643553
madhya-pradesh,2019,2,Jabalpur,166159,1172017
madhya-pradesh,2019,2,Gwalior,110918,782370
madhya-pradesh,2019,2,Ujjain,85368,602152
madhya-pradesh,2019,2,Sagar,65343,460903
madhya-pradesh,2019,3,Indore,692188,5594917
madhya-pradesh,2019,3,Bhopal,269549,2178755
madhya-pradesh,2019,3,Jabalpur,192215,1553669
madhya-pradesh,2019,3,Gwalior,128312,1037138
madhya-pradesh,2019,3,Ujjain,98755,798235
madhya-pradesh,2019,3,Sagar,75590,610991
madhya-pradesh,2019,4,Indore,914938,6282796
madhya-pradesh,2019,4,Bhopal,356292,2446627
madhya-pradesh,2019,4,Jabalpur,254071,1744688
madhya-pradesh,2019,4,Gwalior,169603,1164651
madhya-pradesh,2019,4,Ujjain,130535,896375
madhya-pradesh,2019,4,Sagar,99915,686110
madhya-pradesh,2020,1,Indore,729564,5350279
madhya-pradesh,2020,1,Bhopal,284104,2083489
madhya-pradesh,2020,1,Jabalpur,202594,1485734
madhya-pradesh,2020,1,Gwalior,135240,991789
madhya-pradesh,2020,1,Ujjain,104088,763332
madhya-pradesh,2020,1,Sagar,79671,584275
madhya-pradesh,2020,2,Indore,792203,7315823
madhya-pradesh,2020,2,Bhopal,308497,2848905
madhya-pradesh,2020,2,Jabalpur,219989,2031552
madhya-pradesh,2020,2,Gwalior,146851,1356145
madhya-pradesh,2020,2,Ujjain,113024,1043759
madhya-pradesh,2020,2,Sagar,86512,798922
madhya-pradesh,2020,3,Indore,921918,6808251
madhya-pradesh,2020,3,Bhopal,359010,2651248
madhya-pradesh,2020,3,Jabalpur,256010,1890603
madhya-pradesh,2020,3,Gwalior,170897,1262056
madhya-pradesh,2020,3,Ujjain,131531,971343
madhya-pradesh,2020,3,Sagar,100677,743493
madhya-pradesh,2020,4,Indore,1073416,9432432
madhya-pradesh,2020,4,Bhopal,418006,3673148
madhya-pradesh,2020,4,Jabalpur,298080,2619319
madhya-pradesh,2020,4,Gwalior,198980,1748504
madhya-pradesh,2020,4,Ujjain,153145,1345739
madhya-pradesh,2020,4,Sagar,117222,1030065
madhya-pradesh,2021,1,Indore,766846,6299104
madhya-pradesh,2021,1,Bhopal,298623,2452978
madhya-pradesh,2021,1,Jabalpur,212947,1749216
madhya-pradesh,2021,1,Gwalior,142151,1167674
madhya-pradesh,2021,1,Ujjain,109407,898702
madhya-pradesh,2021,1,Sagar,83743,687891
madhya-pradesh,2021,2,Indore,890787,8252437
madhya-pradesh,2021,2,Bhopal,346887,3213638
madhya-pradesh,2021,2,Jabalpur,247365,2291643
madhya-pradesh,2021,2,Gwalior,165126,1529767
madhya-pradesh,2021,2,Ujjain,127089,1177387
madhya-pradesh,2021,2,Sagar,97278,901204
madhya-pradesh,2021,3,Indore,1008847,7920355
madhya-pradesh,2021,3,Bhopal,392862,3084320
madhya-pradesh,2021,3,Jabalpur,280149,2199426
madhya-pradesh,2021,3,Gwalior,187011,1468208
madhya-pradesh,2021,3,Ujjain,143933,1130008
madhya-pradesh,2021,3,Sagar,110170,864939
madhya-pradesh,2021,4,Indore,1155234,10495643
madhya-pradesh,2021,4,Bhopal,449867,4087181
madhya-pradesh,2021,4,Jabalpur,320800,2914566
madhya-pradesh,2021,4,Gwalior,214147,1945593
madhya-pradesh,2021,4,Ujjain,164818,1497429
madhya-pradesh,2021,4,Sagar,126156,1146173
madhya-pradesh,2022,1,Indore,881453,8070047
madhya-pradesh,2022,1,Bhopal,343253,3142613
madhya-pradesh,2022,1,Jabalpur,244773,2240995
madhya-pradesh,2022,1,Gwalior,163396,1495957
madhya-pradesh,2022,1,Ujjain,125758,1151365
madhya-pradesh,2022,1,Sagar,96258,881287
madhya-pradesh,2022,2,Indore,902224,8229390
madhya-pradesh,2022,2,Bhopal,351341,3204664
madhya-pradesh,2022,2,Jabalpur,250541,2285243
madhya-pradesh,2022,2,Gwalior,167246,1525495
madhya-pradesh,2022,2,Ujjain,128721,1174099
madhya-pradesh,2022,2,Sagar,98527,898688
madhya-pradesh,2022,3,Indore,1037863,9318420
madhya-pradesh,2022,3,Bhopal,404161,3628750
madhya-pradesh,2022,3,Jabalpur,288207,2587659
madhya-pradesh,2022,3,Gwalior,192390,1727370
madhya-pradesh,2022,3,Ujjain,148073,1329473
madhya-pradesh,2022,3,Sagar,113339,1017615
madhya-pradesh,2022,4,Indore,1108793,7315445
madhya-pradesh,2022,4,Bhopal,431783,2848758
madhya-pradesh,2022,4,Jabalpur,307904,2031447
madhya-pradesh,2022,4,Gwalior,205538,1356075
madhya-pradesh,2022,4,Ujjain,158193,1043705
madhya-pradesh,2022,4,Sagar,121085,798880
madhya-pradesh,2023,1,Indore,1023421,9039317
madhya-pradesh,2023,1,Bhopal,398537,3520063
madhya-pradesh,2023,1,Jabalpur,284196,2510154
madhya-pradesh,2023,1,Gwalior,189713,1675632
madhya-pradesh,2023,1,Ujjain,146013,1289652
madhya-pradesh,2023,1,Sagar,111762,987135
madhya-pradesh,2023,2,Indore,1023550,8113747
madhya-pradesh,2023,2,Bhopal,398588,3159630
madhya-pradesh,2023,2,Jabalpur,284232,2253130
madhya-pradesh,2023,2,Gwalior,189737,1504058
madhya-pradesh,2023,2,Ujjain,146031,1157600
madhya-pradesh,2023,2,Sagar,111776,886059
madhya-pradesh,2023,3,Indore,1247243,9254812
madhya-pradesh,2023,3,Bhopal,485697,3603980
madhya-pradesh,2023,3,Jabalpur,346350,2569996
madhya-pradesh,2023,3,Gwalior,231203,1715579
madhya-pradesh,2023,3,Ujjain,177946,1320397
madhya-pradesh,2023,3,Sagar,136204,1010668
madhya-pradesh,2023,4,Indore,1546644,12259614
madhya-pradesh,2023,4,Bhopal,602289,4774101
madhya-pradesh,2023,4,Jabalpur,429492,3404408
madhya-pradesh,2023,4,Gwalior,286703,2272584
madhya-pradesh,2023,4,Ujjain,220662,1749097
madhya-pradesh,2023,4,Sagar,168900,1338807
maharashtra,2018,1,Pune,864084,6810651
maharashtra,2018,1,Mumbai,371419,2927499
maharashtra,2018,1,Thane,255083,2010553
maharashtra,2018,1,Nagpur,157031,1237709
maharashtra,2018,1,Nashik,144727,1140734
maharashtra,2018,1,Ahmednagar,97682,769926
maharashtra,2018,1,Solapur,86408,681063
maharashtra,2018,1,Kolhapur,74021,583434
maharashtra,2018,2,Pune,1071531,7477554
maharashtra,2018,2,Mumbai,460588,3214162
maharashtra,2018,2,Thane,316323,2207428
maharashtra,2018,2,Nagpur,194730,1358906
maharashtra,2018,2,Nashik,179473,1252435
maharashtra,2018,2,Ahmednagar,121133,845318
maharashtra,2018,2,Solapur,107152,747753
maharashtra,2018,2,Kolhapur,91792,640564
maharashtra,2018,3,Pune,1170198,8087465
maharashtra,2018,3,Mumbai,502999,3476327
maharashtra,2018,3,Thane,345451,2387478
maharashtra,2018,3,Nagpur,212661,1469746
maharashtra,2018,3,Nashik,195999,1354591
maharashtra,2018,3,Ahmednagar,132287,914267
maharashtra,2018,3,Solapur,117019,808744
maharashtra,2018,3,Kolhapur,100245,692812
maharashtra,2018,4,Pune,1296322,9156980
maharashtra,2018,4,Mumbai,557213,3936049
maharashtra,2018,4,Thane,382683,2703207
maharashtra,2018,4,Nagpur,235582,1664111
maharashtra,2018,4,Nashik,217124,1533727
maharashtra,2018,4,Ahmednagar,146545,1035173
maharashtra,2018,4,Solapur,129631,915695
maharashtra,2018,4,Kolhapur,111049,784432
maharashtra,2019,1,Pune,1206549,11373079
maharashtra,2019,1,Mumbai,518625,4888619
maharashtra,2019,1,Thane,356182,3357416
maharashtra,2019,1,Nagpur,219268,2066846
maharashtra,2019,1,Nashik,202088,1904907
maharashtra,2019,1,Ahmednagar,136397,1285697
maharashtra,2019,1,Solapur,120654,1137305
maharashtra,2019,1,Kolhapur,103359,974275
maharashtra,2019,2,Pune,1490313,10552475
maharashtra,2019,2,Mumbai,640598,4535890
maharashtra,2019,2,Thane,439951,3115167
maharashtra,2019,2,Nagpur,270836,1917716
maharashtra,2019,2,Nashik,249616,1767462
maharashtra,2019,2,Ahmednagar,168476,1192930
maharashtra,2019,2,Solapur,149031,1055244
maharashtra,2019,2,Kolhapur,127667,903977
maharashtra,2019,3,Pune,1661865,14126486
maharashtra,2019,3,Mumbai,714338,6072148
maharashtra,2019,3,Thane,490594,4170242
maharashtra,2019,3,Nagpur,302013,2567227
maharashtra,2019,3,Nashik,278350,2366082
maharashtra,2019,3,Ahmednagar,187869,1596963
maharashtra,2019,3,Solapur,166186,1412645
maharashtra,2019,3,Kolhapur,142363,1210145
maharashtra,2019,4,Pune,1659313,11894979
maharashtra,2019,4,Mumbai,713241,5112954
maharashtra,2019,4,Thane,489841,3511484
maharashtra,2019,4,Nagpur,301549,2161692
maharashtra,2019,4,Nashik,277922,1992321
maharashtra,2019,4,Ahmednagar,187581,1344697
maharashtra,2019,4,Solapur,165930,1189495
maharashtra,2019,4,Kolhapur,142145,1018983
maharashtra,2020,1,Pune,1598927,12979496
maharashtra,2020,1,Mumbai,687285,5579124
maharashtra,2020,1,Thane,472015,3831642
maharashtra,2020,1,Nagpur,290575,2358782
maharashtra,2020,1,Nashik,267808,2173970
maharashtra,2020,1,Ahmednagar,180754,1467299
maharashtra,2020,1,Solapur,159892,1297946
maharashtra,2020,1,Kolhapur,136972,1111888
maharashtra,2020,2,Pune,1569307,10803355
maharashtra,2020,2,Mumbai,674553,4643729
maharashtra,2020,2,Thane,463271,3189229
maharashtra,2020,2,Nagpur,285192,1963309
maharashtra,2020,2,Nashik,262847,1809482
maharashtra,2020,2,Ahmednagar,177406,1221292
maharashtra,2020,2,Solapur,156930,1080332
maharashtra,2020,2,Kolhapur,134434,925469
maharashtra,2020,3,Pune,1625339,14722454
maharashtra,2020,3,Mumbai,698638,6328320
maharashtra,2020,3,Thane,479812,4346176
maharashtra,2020,3,Nagpur,295375,2675533
maharashtra,2020,3,Nashik,272232,2465903
maharashtra,2020,3,Ahmednagar,183740,1664336
maharashtra,2020,3,Solapur,162533,1472241
maharashtra,2020,3,Kolhapur,139234,1261199
maharashtra,2020,4,Pune,2030890,16499587
maharashtra,2020,4,Mumbai,872960,7092205
maharashtra,2020,4,Thane,599533,4870798
maharashtra,2020,4,Nagpur,369076,2998494
maharashtra,2020,4,Nashik,340159,2763559
maharashtra,2020,4,Ahmednagar,229586,1865236
maharashtra,2020,4,Solapur,203088,1649954
maharashtra,2020,4,Kolhapur,173976,1413437
maharashtra,2021,1,Pune,2022120,17906760
maharashtra,2021,1,Mumbai,869191,7697066
maharashtra,2021,1,Thane,596944,5286206
maharashtra,2021,1,Nagpur,367482,3254221
maharashtra,2021,1,Nashik,338690,2999250
maharashtra,2021,1,Ahmednagar,228595,2024313
maharashtra,2021,1,Solapur,202211,1790671
maharashtra,2021,1,Kolhapur,173224,1533982
maharashtra,2021,2,Pune,2079173,18952725
maharashtra,2021,2,Mumbai,893714,8146665
maharashtra,2021,2,Thane,613787,5594983
maharashtra,2021,2,Nagpur,377851,3444306
maharashtra,2021,2,Nashik,348246,3174442
maharashtra,2021,2,Ahmednagar,235045,2142557
maharashtra,2021,2,Solapur,207916,1895268
maharashtra,2021,2,Kolhapur,178112,1623585
maharashtra,2021,3,Pune,2153153,15384247
maharashtra,2021,3,Mumbai,925514,6612786
maharashtra,2021,3,Thane,635626,4541542
maharashtra,2021,3,Nagpur,391295,2795801
maharashtra,2021,3,Nashik,360637,2576748
maharashtra,2021,3,Ahmednagar,243408,1739150
maharashtra,2021,3,Solapur,215314,1538421
maharashtra,2021,3,Kolhapur,184449,1317891
maharashtra,2021,4,Pune,2415854,20717233
maharashtra,2021,4,Mumbai,1038434,8905124
maharashtra,2021,4,Thane,713177,6115878
maharashtra,2021,4,Nagpur,439036,3764973
maharashtra,2021,4,Nashik,404637,3469984
maharashtra,2021,4,Ahmednagar,273106,2342030
maharashtra,2021,4,Solapur,241584,2071718
maharashtra,2021,4,Kolhapur,206954,1774742
maharashtra,2022,1,Pune,1824177,15068565
maharashtra,2022,1,Mumbai,784107,6477092
maharashtra,2022,1,Thane,538510,4448350
maharashtra,2022,1,Nagpur,331510,2738432
maharashtra,2022,1,Nashik,305536,2523874
maharashtra,2022,1,Ahmednagar,206218,1703463
maharashtra,2022,1,Solapur,182417,1506852
maharashtra,2022,1,Kolhapur,156268,1290848
maharashtra,2022,2,Pune,2126383,14837127
maharashtra,2022,2,Mumbai,914007,6377611
maharashtra,2022,2,Thane,627723,4380028
maharashtra,2022,2,Nagpur,386430,2696372
maharashtra,2022,2,Nashik,356153,2485109
maharashtra,2022,2,Ahmednagar,240382,1677299
maharashtra,2022,2,Solapur,212637,1483709
maharashtra,2022,2,Kolhapur,182156,1271022
maharashtra,2022,3,Pune,2278484,20332313
maharashtra,2022,3,Mumbai,979386,8739669
maharashtra,2022,3,Thane,672625,6002247
maharashtra,2022,3,Nagpur,414072,3695021
maharashtra,2022,3,Nashik,381629,3405513
maharashtra,2022,3,Ahmednagar,257576,2298516
maharashtra,2022,3,Solapur,227847,2033226
maharashtra,2022,3,Kolhapur,195186,1741767
maharashtra,2022,4,Pune,2449596,17550420
maharashtra,2022,4,Mumbai,1052938,7543896
maharashtra,2022,4,Thane,723138,5181012
maharashtra,2022,4,Nagpur,445168,3189463
maharashtra,2022,4,Nashik,410289,2939566
maharashtra,2022,4,Ahmednagar,276920,1984030
maharashtra,2022,4,Solapur,244959,1755037
maharashtra,2022,4,Kolhapur,209844,1503457
maharashtra,2023,1,Pune,2465044,20310976
maharashtra,2023,1,Mumbai,1059577,8730497
maharashtra,2023,1,Thane,727699,5995948
maharashtra,2023,1,Nagpur,447976,3691143
maharashtra,2023,1,Nashik,412876,3401939
maharashtra,2023,1,Ahmednagar,278667,2296104
maharashtra,2023,1,Solapur,246503,2031092
maharashtra,2023,1,Kolhapur,211168,1739940
maharashtra,2023,2,Pune,2137474,17082951
maharashtra,2023,2,Mumbai,918774,7342959
maharashtra,2023,2,Thane,630998,5043012
maharashtra,2023,2,Nagpur,388446,3104509
maharashtra,2023,2,Nashik,358011,2861268
maharashtra,2023,2,Ahmednagar,241636,1931184
maharashtra,2023,2,Solapur,213746,1708291
maharashtra,2023,2,Kolhapur,183106,1463411
maharashtra,2023,3,Pune,2575543,21840781
maharashtra,2023,3,Mumbai,1107075,9388071
maharashtra,2023,3,Thane,760319,6447558
maharashtra,2023,3,Nagpur,468057,3969157
maharashtra,2023,3,Nashik,431384,3658170
maharashtra,2023,3,Ahmednagar,291158,2469045
maharashtra,2023,3,Solapur,257553,2184072
maharashtra,2023,3,Kolhapur,220634,1870990
maharashtra,2023,4,Pune,3085722,21019327
maharashtra,2023,4,Mumbai,1326371,9034976
maharashtra,2023,4,Thane,910927,6205058
maharashtra,2023,4,Nagpur,560772,3819873
maharashtra,2023,4,Nashik,516835,3520582
maharashtra,2023,4,Ahmednagar,348833,2376181
maharashtra,2023,4,Solapur,308571,2101927
maharashtra,2023,4,Kolhapur,264338,1800620
manipur,2018,1,Manipur District 1,28820,256231
manipur,2018,1,Manipur District 2,13400,119135
manipur,2018,1,Manipur District 3,7572,67321
manipur,2018,1,Manipur District 4,5717,50831
manipur,2018,1,Manipur District 5,4658,41419
manipur,2018,2,Manipur District 1,33706,274825
manipur,2018,2,Manipur District 2,15671,127780
manipur,2018,2,Manipur District 3,8855,72206
manipur,2018,2,Manipur District 4,6686,54520
manipur,2018,2,Manipur District 5,5448,44425
manipur,2018,3,Manipur District 1,36350,271051
manipur,2018,3,Manipur District 2,16901,126026
manipur,2018,3,Manipur District 3,9550,71214
manipur,2018,3,Manipur District 4,7211,53771
manipur,2018,3,Manipur District 5,5875,43815
manipur,2018,4,Manipur District 1,50091,376001
manipur,2018,4,Manipur District 2,23290,174822
manipur,2018,4,Manipur District 3,13160,98789
manipur,2018,4,Manipur District 4,9937,74591
manipur,2018,4,Manipur District 5,8097,60780
manipur,2019,1,Manipur District 1,47231,378046
manipur,2019,1,Manipur District 2,21960,175773
manipur,2019,1,Manipur District 3,12409,99326
manipur,2019,1,Manipur District 4,9369,74997
manipur,2019,1,Manipur District 5,7634,61111
manipur,2019,2,Manipur District 1,50919,370678
manipur,2019,2,Manipur District 2,23675,172347
manipur,2019,2,Manipur District 3,13378,97390
manipur,2019,2,Manipur District 4,10101,73535
manipur,2019,2,Manipur District 5,8231,59919
manipur,2019,3,Manipur District 1,47093,407555
manipur,2019,3,Manipur District 2,21896,189494
manipur,2019,3,Manipur District 3,12373,107079
manipur,2019,3,Manipur District 4,9342,80851
manipur,2019,3,Manipur District 5,7612,65881
manipur,2019,4,Manipur District 1,56823,427232
manipur,2019,4,Manipur District 2,26420,198643
manipur,2019,4,Manipur District 3,14929,112249
manipur,2019,4,Manipur District 4,11272,84755
manipur,2019,4,Manipur District 5,9185,69061
manipur,2020,1,Manipur District 1,54527,465559
manipur,2020,1,Manipur District 2,25352,216463
manipur,2020,1,Manipur District 3,14326,122319
manipur,2020,1,Manipur District 4,10817,92358
manipur,2020,1,Manipur District 5,8814,75257
manipur,2020,2,Manipur District 1,64922,453902
manipur,2020,2,Manipur District 2,30185,211043
manipur,2020,2,Manipur District 3,17057,119256
manipur,2020,2,Manipur District 4,12879,90045
manipur,2020,2,Manipur District 5,10494,73373
manipur,2020,3,Manipur District 1,70163,531288
manipur,2020,3,Manipur District 2,32622,247023
manipur,2020,3,Manipur District 3,18434,139588
manipur,2020,3,Manipur District 4,13919,105397
manipur,2020,3,Manipur District 5,11341,85882
manipur,2020,4,Manipur District 1,81066,697688
manipur,2020,4,Manipur District 2,37692,324392
manipur,2020,4,Manipur District 3,21299,183308
manipur,2020,4,Manipur District 4,16082,138408
manipur,2020,4,Manipur District 5,13104,112780
manipur,2021,1,Manipur District 1,61260,557575
manipur,2021,1,Manipur District 2,28483,259246
manipur,2021,1,Manipur District 3,16095,146495
manipur,2021,1,Manipur District 4,12152,110612
manipur,2021,1,Manipur District 5,9902,90131
manipur,2021,2,Manipur District 1,62139,559620
manipur,2021,2,Manipur District 2,28891,260197
manipur,2021,2,Manipur District 3,16326,147032
manipur,2021,2,Manipur District 4,12327,111018
manipur,2021,2,Manipur District 5,10044,90462
manipur,2021,3,Manipur District 1,76196,566157
manipur,2021,3,Manipur District 2,35428,263236
manipur,2021,3,Manipur District 3,20019,148750
manipur,2021,3,Manipur District 4,15116,112315
manipur,2021,3,Manipur District 5,12317,91519
manipur,2021,4,Manipur District 1,85249,663475
manipur,2021,4,Manipur District 2,39637,308485
manipur,2021,4,Manipur District 3,22398,174319
manipur,2021,4,Manipur District 4,16912,131621
manipur,2021,4,Manipur District 5,13780,107250
manipur,2022,1,Manipur District 1,63315,536718
manipur,2022,1,Manipur District 2,29438,249548
manipur,2022,1,Manipur District 3,16635,141015
manipur,2022,1,Manipur District 4,12560,106475
manipur,2022,1,Manipur District 5,10234,86760
manipur,2022,2,Manipur District 1,76643,667149
manipur,2022,2,Manipur District 2,35635,310193
manipur,2022,2,Manipur District 3,20137,175284
manipur,2022,2,Manipur District 4,15204,132350
manipur,2022,2,Manipur District 5,12389,107844
manipur,2022,3,Manipur District 1,80708,725160
manipur,2022,3,Manipur District 2,37525,337165
manipur,2022,3,Manipur District 3,21204,190526
manipur,2022,3,Manipur District 4,16011,143858
manipur,2022,3,Manipur District 5,13046,117221
manipur,2022,4,Manipur District 1,85450,638538
manipur,2022,4,Manipur District 2,39730,296890
manipur,2022,4,Manipur District 3,22450,167767
manipur,2022,4,Manipur District 4,16951,126674
manipur,2022,4,Manipur District 5,13813,103219
manipur,2023,1,Manipur District 1,67108,487564
manipur,2023,1,Manipur District 2,31202,226694
manipur,2023,1,Manipur District 3,17631,128100
manipur,2023,1,Manipur District 4,13313,96723
manipur,2023,1,Manipur District 5,10848,78814
manipur,2023,2,Manipur District 1,84393,599193
manipur,2023,2,Manipur District 2,39239,278596
manipur,2023,2,Manipur District 3,22173,157429
manipur,2023,2,Manipur District 4,16742,118868
manipur,2023,2,Manipur District 5,13642,96859
manipur,2023,3,Manipur District 1,88995,835627
manipur,2023,3,Manipur District 2,41378,388527
manipur,2023,3,Manipur District 3,23382,219549
manipur,2023,3,Manipur District 4,17655,165772
manipur,2023,3,Manipur District 5,14386,135078
manipur,2023,4,Manipur District 1,103734,688924
manipur,2023,4,Manipur District 2,48231,320317
manipur,2023,4,Manipur District 3,27254,181005
manipur,2023,4,Manipur District 4,20579,136669
manipur,2023,4,Manipur District 5,16768,111364
meghalaya,2018,1,Meghalaya District 1,26058,198789
meghalaya,2018,1,Meghalaya District 2,12407,94652
meghalaya,2018,1,Meghalaya District 3,7800,59505
meghalaya,2018,1,Meghalaya District 4,5590,42644
meghalaya,2018,1,Meghalaya District 5,3815,29103
meghalaya,2018,2,Meghalaya District 1,30823,268893
meghalaya,2018,2,Meghalaya District 2,14676,128031
meghalaya,2018,2,Meghalaya District 3,9226,80490
meghalaya,2018,2,Meghalaya District 4,6612,57682
meghalaya,2018,2,Meghalaya District 5,4512,39367
meghalaya,2018,3,Meghalaya District 1,41854,379411
meghalaya,2018,3,Meghalaya District 2,19928,180654
meghalaya,2018,3,Meghalaya District 3,12528,113573
meghalaya,2018,3,Meghalaya District 4,8978,81391
meghalaya,2018,3,Meghalaya District 5,6127,55548
meghalaya,2018,4,Meghalaya District 1,50719,332948
meghalaya,2018,4,Meghalaya District 2,24149,158530
meghalaya,2018,4,Meghalaya District 3,15182,99664
meghalaya,2018,4,Meghalaya District 4,10880,71423
meghalaya,2018,4,Meghalaya District 5,7425,48745
meghalaya,2019,1,Meghalaya District 1,43423,324063
meghalaya,2019,1,Meghalaya District 2,20675,154300
meghalaya,2019,1,Meghalaya District 3,12998,97005
meghalaya,2019,1,Meghalaya District 4,9315,69518
meghalaya,2019,1,Meghalaya District 5,6357,47444
meghalaya,2019,2,Meghalaya District 1,48872,434297
meghalaya,2019,2,Meghalaya District 2,23270,206787
meghalaya,2019,2,Meghalaya District 3,14629,130002
meghalaya,2019,2,Meghalaya District 4,10484,93165
meghalaya,2019,2,Meghalaya District 5,7155,63583
meghalaya,2019,3,Meghalaya District 1,51037,468163
meghalaya,2019,3,Meghalaya District 2,24300,222912
meghalaya,2019,3,Meghalaya District 3,15277,140140
meghalaya,2019,3,Meghalaya District 4,10948,100430
meghalaya,2019,3,Meghalaya District 5,7472,68542
meghalaya,2019,4,Meghalaya District 1,62429,529587
meghalaya,2019,4,Meghalaya District 2,29725,252159
meghalaya,2019,4,Meghalaya District 3,18687,158526
meghalaya,2019,4,Meghalaya District 4,13392,113606
meghalaya,2019,4,Meghalaya District 5,9140,77534
meghalaya,2020,1,Meghalaya District 1,50607,369693
meghalaya,2020,1,Meghalaya District 2,24096,176026
meghalaya,2020,1,Meghalaya District 3,15148,110664
meghalaya,2020,1,Meghalaya District 4,10856,79306
meghalaya,2020,1,Meghalaya District 5,7409,54125
meghalaya,2020,2,Meghalaya District 1,59200,496427
meghalaya,2020,2,Meghalaya District 2,28187,236370
meghalaya,2020,2,Meghalaya District 3,17721,148600
meghalaya,2020,2,Meghalaya District 4,12699,106493
meghalaya,2020,2,Meghalaya District 5,8667,72680
meghalaya,2020,3,Meghalaya District 1,62791,471072
meghalaya,2020,3,Meghalaya District 2,29897,224297
meghalaya,2020,3,Meghalaya District 3,18795,141011
meghalaya,2020,3,Meghalaya District 4,13469,101054
meghalaya,2020,3,Meghalaya District 5,9193,68968
meghalaya,2020,4,Meghalaya District 1,73287,594324
meghalaya,2020,4,Meghalaya District 2,34895,282983
meghalaya,2020,4,Meghalaya District 3,21938,177905
meghalaya,2020,4,Meghalaya District 4,15721,127494
meghalaya,2020,4,Meghalaya District 5,10729,87012
meghalaya,2021,1,Meghalaya District 1,59373,405895
meghalaya,2021,1,Meghalaya District 2,28270,193264
meghalaya,2021,1,Meghalaya District 3,17772,121500
meghalaya,2021,1,Meghalaya District 4,12736,87072
meghalaya,2021,1,Meghalaya District 5,8692,59425
meghalaya,2021,2,Meghalaya District 1,64132,540868
meghalaya,2021,2,Meghalaya District 2,30536,257530
meghalaya,2021,2,Meghalaya District 3,19197,161903
meghalaya,2021,2,Meghalaya District 4,13757,116026
meghalaya,2021,2,Meghalaya District 5,9389,79186
meghalaya,2021,3,Meghalaya District 1,76894,661908
meghalaya,2021,3,Meghalaya District 2,36612,315162
meghalaya,2021,3,Meghalaya District 3,23017,198135
meghalaya,2021,3,Meghalaya District 4,16495,141992
meghalaya,2021,3,Meghalaya District 5,11257,96907
meghalaya,2021,4,Meghalaya District 1,78826,639853
meghalaya,2021,4,Meghalaya District 2,37532,304661
meghalaya,2021,4,Meghalaya District 3,23595,191533
meghalaya,2021,4,Meghalaya District 4,16909,137261
meghalaya,2021,4,Meghalaya District 5,11540,93678
meghalaya,2022,1,Meghalaya District 1,71389,495714
meghalaya,2022,1,Meghalaya District 2,33991,236030
meghalaya,2022,1,Meghalaya District 3,21369,148387
meghalaya,2022,1,Meghalaya District 4,15314,106340
meghalaya,2022,1,Meghalaya District 5,10451,72575
meghalaya,2022,2,Meghalaya District 1,72636,634884
meghalaya,2022,2,Meghalaya District 2,34585,302295
meghalaya,2022,2,Meghalaya District 3,21743,190046
meghalaya,2022,2,Meghalaya District 4,15582,136195
meghalaya,2022,2,Meghalaya District 5,10634,92951
meghalaya,2022,3,Meghalaya District 1,89089,770132
meghalaya,2022,3,Meghalaya District 2,42419,366692
meghalaya,2022,3,Meghalaya District 3,26667,230531
meghalaya,2022,3,Meghalaya District 4,19111,165208
meghalaya,2022,3,Meghalaya District 5,13043,112752
meghalaya,2022,4,Meghalaya District 1,102721,782041
meghalaya,2022,4,Meghalaya District 2,48910,372363
meghalaya,2022,4,Meghalaya District 3,30748,234096
meghalaya,2022,4,Meghalaya District 4,22035,167763
meghalaya,2022,4,Meghalaya District 5,15039,114495
meghalaya,2023,1,Meghalaya District 1,66511,476823
meghalaya,2023,1,Meghalaya District 2,31669,227035
meghalaya,2023,1,Meghalaya District 3,19909,142732
meghalaya,2023,1,Meghalaya District 4,14268,102287
meghalaya,2023,1,Meghalaya District 5,9737,69809
meghalaya,2023,2,Meghalaya District 1,73217,637221
meghalaya,2023,2,Meghalaya District 2,34862,303408
meghalaya,2023,2,Meghalaya District 3,21917,190745
meghalaya,2023,2,Meghalaya District 4,15706,136696
meghalaya,2023,2,Meghalaya District 5,10719,93293
meghalaya,2023,3,Meghalaya District 1,86736,689755
meghalaya,2023,3,Meghalaya District 2,41299,328422
meghalaya,2023,3,Meghalaya District 3,25963,206471
meghalaya,2023,3,Meghalaya District 4,18606,147966
meghalaya,2023,3,Meghalaya District 5,12698,100984
meghalaya,2023,4,Meghalaya District 1,101749,671324
meghalaya,2023,4,Meghalaya District 2,48447,319646
meghalaya,2023,4,Meghalaya District 3,30457,200954
meghalaya,2023,4,Meghalaya District 4,21827,144012
meghalaya,2023,4,Meghalaya District 5,14896,98286
mizoram,2018,1,Mizoram District 1,18656,169158
mizoram,2018,1,Mizoram District 2,7337,66528
mizoram,2018,1,Mizoram District 3,5045,45746
mizoram,2018,1,Mizoram District 4,3364,30506
mizoram,2018,1,Mizoram District 5,2840,25755
mizoram,2018,2,Mizoram District 1,25899,204130
mizoram,2018,2,Mizoram District 2,10186,80282
mizoram,2018,2,Mizoram District 3,7004,55203
mizoram,2018,2,Mizoram District 4,4670,36813
mizoram,2018,2,Mizoram District 5,3943,31079
mizoram,2018,3,Mizoram District 1,28096,186259
mizoram,2018,3,Mizoram District 2,11049,73254
mizoram,2018,3,Mizoram District 3,7598,50371
mizoram,2018,3,Mizoram District 4,5066,33590
mizoram,2018,3,Mizoram District 5,4277,28358
mizoram,2018,4,Mizoram District 1,32009,231864
mizoram,2018,4,Mizoram District 2,12589,91190
mizoram,2018,4,Mizoram District 3,8656,62704
mizoram,2018,4,Mizoram District 4,5772,41815
mizoram,2018,4,Mizoram District 5,4873,35302
mizoram,2019,1,Mizoram District 1,26911,253174
mizoram,2019,1,Mizoram District 2,10584,99571
mizoram,2019,1,Mizoram District 3,7277,68467
mizoram,2019,1,Mizoram District 4,4853,45658
mizoram,2019,1,Mizoram District 5,4097,38546
mizoram,2019,2,Mizoram District 1,30927,227894
mizoram,2019,2,Mizoram District 2,12163,89628
mizoram,2019,2,Mizoram District 3,8363,61630
mizoram,2019,2,Mizoram District 4,5577,41099
mizoram,2019,2,Mizoram District 5,4708,34697
mizoram,2019,3,Mizoram District 1,39091,269801
mizoram,2019,3,Mizoram District 2,15374,106110
mizoram,2019,3,Mizoram District 3,10571,72963
mizoram,2019,3,Mizoram District 4,7049,48656
mizoram,2019,3,Mizoram District 5,5951,41078
mizoram,2019,4,Mizoram District 1,45372,418025
mizoram,2019,4,Mizoram District 2,17844,164405
mizoram,2019,4,Mizoram District 3,12270,113048
mizoram,2019,4,Mizoram District 4,8182,75388
mizoram,2019,4,Mizoram District 5,6908,63646
mizoram,2020,1,Mizoram District 1,41188,357367
mizoram,2020,1,Mizoram District 2,16198,140549
mizoram,2020,1,Mizoram District 3,11138,96644
mizoram,2020,1,Mizoram District 4,7428,64448
mizoram,2020,1,Mizoram District 5,6271,54410
mizoram,2020,2,Mizoram District 1,37845,351113
mizoram,2020,2,Mizoram District 2,14884,138089
mizoram,2020,2,Mizoram District 3,10234,94953
mizoram,2020,2,Mizoram District 4,6825,63320
mizoram,2020,2,Mizoram District 5,5762,53458
mizoram,2020,3,Mizoram District 1,45231,365312
mizoram,2020,3,Mizoram District 2,17789,143674
mizoram,2020,3,Mizoram District 3,12232,98793
mizoram,2020,3,Mizoram District 4,8157,65881
mizoram,2020,3,Mizoram District 5,6886,55620
mizoram,2020,4,Mizoram District 1,55976,432878
mizoram,2020,4,Mizoram District 2,22015,170247
mizoram,2020,4,Mizoram District 3,15137,117065
mizoram,2020,4,Mizoram District 4,10094,78066
mizoram,2020,4,Mizoram District 5,8522,65907
mizoram,2021,1,Mizoram District 1,40701,304038
mizoram,2021,1,Mizoram District 2,16007,119575
mizoram,2021,1,Mizoram District 3,11007,82222
mizoram,2021,1,Mizoram District 4,7340,54831
mizoram,2021,1,Mizoram District 5,6196,46291
mizoram,2021,2,Mizoram District 1,41731,288505
mizoram,2021,2,Mizoram District 2,16412,113466
mizoram,2021,2,Mizoram District 3,11285,78021
mizoram,2021,2,Mizoram District 4,7525,52030
mizoram,2021,2,Mizoram District 5,6353,43926
mizoram,2021,3,Mizoram District 1,51044,442090
mizoram,2021,3,Mizoram District 2,20075,173870
mizoram,2021,3,Mizoram District 3,13804,119556
mizoram,2021,3,Mizoram District 4,9205,79728
mizoram,2021,3,Mizoram District 5,7771,67310
mizoram,2021,4,Mizoram District 1,50874,471249
mizoram,2021,4,Mizoram District 2,20008,185338
mizoram,2021,4,Mizoram District 3,13758,127442
mizoram,2021,4,Mizoram District 4,9174,84986
mizoram,2021,4,Mizoram District 5,7745,71749
mizoram,2022,1,Mizoram District 1,47653,391634
mizoram,2022,1,Mizoram District 2,18741,154026
mizoram,2022,1,Mizoram District 3,12887,105911
mizoram,2022,1,Mizoram District 4,8593,70628
mizoram,2022,1,Mizoram District 5,7255,59627
mizoram,2022,2,Mizoram District 1,57491,464175
mizoram,2022,2,Mizoram District 2,22610,182556
mizoram,2022,2,Mizoram District 3,15547,125529
mizoram,2022,2,Mizoram District 4,10368,83711
mizoram,2022,2,Mizoram District 5,8753,70672
mizoram,2022,3,Mizoram District 1,59626,400034
mizoram,2022,3,Mizoram District 2,23450,157330
mizoram,2022,3,Mizoram District 3,16124,108183
mizoram,2022,3,Mizoram District 4,10753,72143
mizoram,2022,3,Mizoram District 5,9078,60906
mizoram,2022,4,Mizoram District 1,72405,638540
mizoram,2022,4,Mizoram District 2,28476,251132
mizoram,2022,4,Mizoram District 3,19580,172683
mizoram,2022,4,Mizoram District 4,13057,115156
mizoram,2022,4,Mizoram District 5,11023,97220
mizoram,2023,1,Mizoram District 1,53829,493430
mizoram,2023,1,Mizoram District 2,21170,194061
mizoram,2023,1,Mizoram District 3,14557,133440
mizoram,2023,1,Mizoram District 4,9707,88986
mizoram,2023,1,Mizoram District 5,8195,75126
mizoram,2023,2,Mizoram District 1,53470,383386
mizoram,2023,2,Mizoram District 2,21029,150782
mizoram,2023,2,Mizoram District 3,14460,103681
mizoram,2023,2,Mizoram District 4,9643,69141
mizoram,2023,2,Mizoram District 5,8141,58372
mizoram,2023,3,Mizoram District 1,64761,563957
mizoram,2023,3,Mizoram District 2,25470,221799
mizoram,2023,3,Mizoram District 3,17513,152513
mizoram,2023,3,Mizoram District 4,11679,101705
mizoram,2023,3,Mizoram District 5,9860,85864
mizoram,2023,4,Mizoram District 1,65413,592485
mizoram,2023,4,Mizoram District 2,25726,233019
mizoram,2023,4,Mizoram District 3,17690,160228
mizoram,2023,4,Mizoram District 4,11796,106850
mizoram,2023,4,Mizoram District 5,9959,90208
nagaland,2018,1,Nagaland District 1,19260,158046
nagaland,2018,1,Nagaland District 2,8241,67629
nagaland,2018,1,Nagaland District 3,5539,45459
nagaland,2018,1,Nagaland District 4,3960,32503
nagaland,2018,1,Nagaland District 5,2624,21536
nagaland,2018,2,Nagaland District 1,20786,152677
nagaland,2018,2,Nagaland District 2,8894,65332
nagaland,2018,2,Nagaland District 3,5978,43915
nagaland,2018,2,Nagaland District 4,4274,31399
nagaland,2018,2,Nagaland District 5,2832,20804
nagaland,2018,3,Nagaland District 1,29615,235758
nagaland,2018,3,Nagaland District 2,12672,100883
nagaland,2018,3,Nagaland District 3,8518,67812
nagaland,2018,3,Nagaland District 4,6090,48485
nagaland,2018,3,Nagaland District 5,4035,32125
nagaland,2018,4,Nagaland District 1,34263,282352
nagaland,2018,4,Nagaland District 2,14661,120821
nagaland,2018,4,Nagaland District 3,9855,81214
nagaland,2018,4,Nagaland District 4,7046,58067
nagaland,2018,4,Nagaland District 5,4668,38474
nagaland,2019,1,Nagaland District 1,27464,226863
nagaland,2019,1,Nagaland District 2,11752,97077
nagaland,2019,1,Nagaland District 3,7899,65253
nagaland,2019,1,Nagaland District 4,5648,46656
nagaland,2019,1,Nagaland District 5,3742,30913
nagaland,2019,2,Nagaland District 1,33435,271696
nagaland,2019,2,Nagaland District 2,14307,116261
nagaland,2019,2,Nagaland District 3,9617,78149
nagaland,2019,2,Nagaland District 4,6876,55876
nagaland,2019,2,Nagaland District 5,4556,37022
nagaland,2019,3,Nagaland District 1,37695,256824
nagaland,2019,3,Nagaland District 2,16130,109897
nagaland,2019,3,Nagaland District 3,10842,73871
nagaland,2019,3,Nagaland District 4,7752,52817
nagaland,2019,3,Nagaland District 5,5136,34996
nagaland,2019,4,Nagaland District 1,40528,363616
nagaland,2019,4,Nagaland District 2,17342,155595
nagaland,2019,4,Nagaland District 3,11657,104588
nagaland,2019,4,Nagaland District 4,8334,74780
nagaland,2019,4,Nagaland District 5,5522,49548
nagaland,2020,1,Nagaland District 1,32939,272506
nagaland,2020,1,Nagaland District 2,14095,116608
nagaland,2020,1,Nagaland District 3,9474,78381
nagaland,2020,1,Nagaland District 4,6774,56042
nagaland,2020,1,Nagaland District 5,4488,37132
nagaland,2020,2,Nagaland District 1,33708,235677
nagaland,2020,2,Nagaland District 2,14424,100848
nagaland,2020,2,Nagaland District 3,9695,67788
nagaland,2020,2,Nagaland District 4,6932,48468
nagaland,2020,2,Nagaland District 5,4593,32114
nagaland,2020,3,Nagaland District 1,44348,420536
nagaland,2020,3,Nagaland District 2,18977,179951
nagaland,2020,3,Nagaland District 3,12756,120960
nagaland,2020,3,Nagaland District 4,9120,86486
nagaland,2020,3,Nagaland District 5,6043,57304
nagaland,2020,4,Nagaland District 1,43921,327686
nagaland,2020,4,Nagaland District 2,18794,140220
nagaland,2020,4,Nagaland District 3,12633,94253
nagaland,2020,4,Nagaland District 4,9032,67391
nagaland,2020,4,Nagaland District 5,5985,44652
nagaland,2021,1,Nagaland District 1,40572,354243
nagaland,2021,1,Nagaland District 2,17361,151584
nagaland,2021,1,Nagaland District 3,11669,101892
nagaland,2021,1,Nagaland District 4,8343,72852
nagaland,2021,1,Nagaland District 5,5528,48270
nagaland,2021,2,Nagaland District 1,48996,408385
nagaland,2021,2,Nagaland District 2,20966,174752
nagaland,2021,2,Nagaland District 3,14093,117465
nagaland,2021,2,Nagaland District 4,10076,83987
nagaland,2021,2,Nagaland District 5,6676,55648
nagaland,2021,3,Nagaland District 1,53321,369045
nagaland,2021,3,Nagaland District 2,22816,157918
nagaland,2021,3,Nagaland District 3,15337,106149
nagaland,2021,3,Nagaland District 4,10966,75896
nagaland,2021,3,Nagaland District 5,7265,50287
nagaland,2021,4,Nagaland District 1,52873,501405
nagaland,2021,4,Nagaland District 2,22625,214556
nagaland,2021,4,Nagaland District 3,15208,144221
nagaland,2021,4,Nagaland District 4,10873,103117
nagaland,2021,4,Nagaland District 5,7204,68323
nagaland,2022,1,Nagaland District 1,47115,352644
nagaland,2022,1,Nagaland District 2,20161,150900
nagaland,2022,1,Nagaland District 3,13552,101432
nagaland,2022,1,Nagaland District 4,9689,72524
nagaland,2022,1,Nagaland District 5,6420,48053
nagaland,2022,2,Nagaland District 1,52696,399046
nagaland,2022,2,Nagaland District 2,22549,170755
nagaland,2022,2,Nagaland District 3,15157,114779
nagaland,2022,2,Nagaland District 4,10837,82066
nagaland,2022,2,Nagaland District 5,7180,54375
nagaland,2022,3,Nagaland District 1,55319,373217
nagaland,2022,3,Nagaland District 2,23671,159703
nagaland,2022,3,Nagaland District 3,15911,107350
nagaland,2022,3,Nagaland District 4,11376,76755
nagaland,2022,3,Nagaland District 5,7538,50856
nagaland,2022,4,Nagaland District 1,63097,429569
nagaland,2022,4,Nagaland District 2,26999,183817
nagaland,2022,4,Nagaland District 3,18148,123558
nagaland,2022,4,Nagaland District 4,12976,88344
nagaland,2022,4,Nagaland District 5,8597,58535
nagaland,2023,1,Nagaland District 1,50379,334518
nagaland,2023,1,Nagaland District 2,21558,143143
nagaland,2023,1,Nagaland District 3,14490,96218
nagaland,2023,1,Nagaland District 4,10361,68796
nagaland,2023,1,Nagaland District 5,6865,45583
nagaland,2023,2,Nagaland District 1,52862,445622
nagaland,2023,2,Nagaland District 2,22620,190686
nagaland,2023,2,Nagaland District 3,15204,128176
nagaland,2023,2,Nagaland District 4,10871,91645
nagaland,2023,2,Nagaland District 5,7203,60722
nagaland,2023,3,Nagaland District 1,56868,385150
nagaland,2023,3,Nagaland District 2,24334,164809
nagaland,2023,3,Nagaland District 3,16357,110782
nagaland,2023,3,Nagaland District 4,11695,79209
nagaland,2023,3,Nagaland District 5,7749,52482
nagaland,2023,4,Nagaland District 1,71843,488094
nagaland,2023,4,Nagaland District 2,30742,208860
nagaland,2023,4,Nagaland District 3,20664,140392
nagaland,2023,4,Nagaland District 4,14775,100380
nagaland,2023,4,Nagaland District 5,9789,66509
odisha,2018,1,Odisha District 1,256285,2198851
odisha,2018,1,Odisha District 2,105679,906702
odisha,2018,1,Odisha District 3,79336,680683
odisha,2018,1,Odisha District 4,56606,485665
odisha,2018,1,Odisha District 5,43890,376566
odisha,2018,2,Odisha District 1,278597,2213803
odisha,2018,2,Odisha District 2,114880,912868
odisha,2018,2,Odisha District 3,86243,685312
odisha,2018,2,Odisha District 4,61534,488967
odisha,2018,2,Odisha District 5,47711,379126
odisha,2018,3,Odisha District 1,323854,2206874
odisha,2018,3,Odisha District 2,133542,910011
odisha,2018,3,Odisha District 3,100253,683167
odisha,2018,3,Odisha District 4,71530,487437
odisha,2018,3,Odisha District 5,55462,377940
odisha,2018,4,Odisha District 1,436470,3427286
odisha,2018,4,Odisha District 2,179979,1413251
odisha,2018,4,Odisha District 3,135115,1060962
odisha,2018,4,Odisha District 4,96404,756992
odisha,2018,4,Odisha District 5,74748,586942
odisha,2019,1,Odisha District 1,376470,3292080
odisha,2019,1,Odisha District 2,155238,1357498
odisha,2019,1,Odisha District 3,116541,1019107
odisha,2019,1,Odisha District 4,83151,727128
odisha,2019,1,Odisha District 5,64472,563788
odisha,2019,2,Odisha District 1,452802,3366160
odisha,2019,2,Odisha District 2,186714,1388045
odisha,2019,2,Odisha District 3,140170,1042039
odisha,2019,2,Odisha District 4,100011,743491
odisha,2019,2,Odisha District 5,77545,576474
odisha,2019,3,Odisha District 1,474659,3756870
odisha,2019,3,Odisha District 2,195727,1549156
odisha,2019,3,Odisha District 3,146937,1162989
odisha,2019,3,Odisha District 4,104839,829788
odisha,2019,3,Odisha District 5,81288,643386
odisha,2019,4,Odisha District 1,508859,4654302
odisha,2019,4,Odisha District 2,209829,1919214
odisha,2019,4,Odisha District 3,157524,1440801
odisha,2019,4,Odisha District 4,112392,1028005
odisha,2019,4,Odisha District 5,87145,797076
odisha,2020,1,Odisha District 1,457618,4200023
odisha,2020,1,Odisha District 2,188700,1731891
odisha,2020,1,Odisha District 3,141661,1300173
odisha,2020,1,Odisha District 4,101075,927668
odisha,2020,1,Odisha District 5,78369,719278
odisha,2020,2,Odisha District 1,550690,4384711
odisha,2020,2,Odisha District 2,227078,1808048
odisha,2020,2,Odisha District 3,170473,1357345
odisha,2020,2,Odisha District 4,121632,968460
odisha,2020,2,Odisha District 5,94308,750907
odisha,2020,3,Odisha District 1,606403,4560363
odisha,2020,3,Odisha District 2,250052,1880478
odisha,2020,3,Odisha District 3,187720,1411721
odisha,2020,3,Odisha District 4,133937,1007257
odisha,2020,3,Odisha District 5,103850,780988
odisha,2020,4,Odisha District 1,690241,5029297
odisha,2020,4,Odisha District 2,284622,2073845
odisha,2020,4,Odisha District 3,213673,1556886
odisha,2020,4,Odisha District 4,152455,1110831
odisha,2020,4,Odisha District 5,118207,861296
odisha,2021,1,Odisha District 1,605897,5103158
odisha,2021,1,Odisha District 2,249843,2104301
odisha,2021,1,Odisha District 3,187563,1579750
odisha,2021,1,Odisha District 4,133825,1127145
odisha,2021,1,Odisha District 5,103763,873945
odisha,2021,2,Odisha District 1,614634,4238673
odisha,2021,2,Odisha District 2,253446,1747829
odisha,2021,2,Odisha District 3,190268,1312137
odisha,2021,2,Odisha District 4,135755,936204
odisha,2021,2,Odisha District 5,105259,725897
odisha,2021,3,Odisha District 1,688866,5878675
odisha,2021,3,Odisha District 2,284056,2424088
odisha,2021,3,Odisha District 3,213247,1819822
odisha,2021,3,Odisha District 4,152151,1298435
odisha,2021,3,Odisha District 5,117972,1006757
odisha,2021,4,Odisha District 1,691149,6007173
odisha,2021,4,Odisha District 2,284997,2477074
odisha,2021,4,Odisha District 3,213954,1859600
odisha,2021,4,Odisha District 4,152655,1326817
odisha,2021,4,Odisha District 5,118363,1028763
odisha,2022,1,Odisha District 1,586281,4389748
odisha,2022,1,Odisha District 2,241755,1810125
odisha,2022,1,Odisha District 3,181491,1358905
odisha,2022,1,Odisha District 4,129493,969573
odisha,2022,1,Odisha District 5,100404,751770
odisha,2022,2,Odisha District 1,636358,5712460
odisha,2022,2,Odisha District 2,262404,2355549
odisha,2022,2,Odisha District 3,196993,1768368
odisha,2022,2,Odisha District 4,140553,1261723
odisha,2022,2,Odisha District 5,108980,978292
odisha,2022,3,Odisha District 1,657265,4523372
odisha,2022,3,Odisha District 2,271025,1865225
odisha,2022,3,Odisha District 3,203465,1400270
odisha,2022,3,Odisha District 4,145171,999086
odisha,2022,3,Odisha District 5,112560,774653
odisha,2022,4,Odisha District 1,864110,7688015
odisha,2022,4,Odisha District 2,356318,3170174
odisha,2022,4,Odisha District 3,267496,2379927
odisha,2022,4,Odisha District 4,190857,1698068
odisha,2022,4,Odisha District 5,147983,1316617
odisha,2023,1,Odisha District 1,636872,5121518
odisha,2023,1,Odisha District 2,262616,2111872
odisha,2023,1,Odisha District 3,197152,1585434
odisha,2023,1,Odisha District 4,140667,1131200
odisha,2023,1,Odisha District 5,109068,877089
odisha,2023,2,Odisha District 1,705814,6113806
odisha,2023,2,Odisha District 2,291044,2521045
odisha,2023,2,Odisha District 3,218494,1892610
odisha,2023,2,Odisha District 4,155894,1350369
odisha,2023,2,Odisha District 5,120874,1047025
odisha,2023,3,Odisha District 1,813776,5890288
odisha,2023,3,Odisha District 2,335563,2428877
odisha,2023,3,Odisha District 3,251915,1823417
odisha,2023,3,Odisha District 4,179740,1301000
odisha,2023,3,Odisha District 5,139364,1008746
odisha,2023,4,Odisha District 1,905401,7090169
odisha,2023,4,Odisha District 2,373344,2923651
odisha,2023,4,Odisha District 3,280279,2194856
odisha,2023,4,Odisha District 4,199977,1566020
odisha,2023,4,Odisha District 5,155055,1214232
puducherry,2018,1,Puducherry District 1,31075,223255
puducherry,2018,1,Puducherry District 2,13749,98781
puducherry,2018,1,Puducherry District 3,9164,65841
puducherry,2018,1,Puducherry District 4,6832,49084
puducherry,2018,1,Puducherry District 5,4956,35608
puducherry,2018,2,Puducherry District 1,35706,240273
puducherry,2018,2,Puducherry District 2,15798,106311
puducherry,2018,2,Puducherry District 3,10530,70860
puducherry,2018,2,Puducherry District 4,7850,52825
puducherry,2018,2,Puducherry District 5,5695,38323
puducherry,2018,3,Puducherry District 1,43476,402775
puducherry,2018,3,Puducherry District 2,19236,178211
puducherry,2018,3,Puducherry District 3,12821,118784
puducherry,2018,3,Puducherry District 4,9558,88553
puducherry,2018,3,Puducherry District 5,6934,64242
puducherry,2018,4,Puducherry District 1,49782,434789
puducherry,2018,4,Puducherry District 2,22026,192376
puducherry,2018,4,Puducherry District 3,14681,128225
puducherry,2018,4,Puducherry District 4,10945,95591
puducherry,2018,4,Puducherry District 5,7940,69348
puducherry,2019,1,Puducherry District 1,40442,339274
puducherry,2019,1,Puducherry District 2,17893,150115
puducherry,2019,1,Puducherry District 3,11926,100056
puducherry,2019,1,Puducherry District 4,8891,74592
puducherry,2019,1,Puducherry District 5,6450,54114
puducherry,2019,2,Puducherry District 1,53539,427907
puducherry,2019,2,Puducherry District 2,23688,189331
puducherry,2019,2,Puducherry District 3,15789,126196
puducherry,2019,2,Puducherry District 4,11771,94078
puducherry,2019,2,Puducherry District 5,8539,68250
puducherry,2019,3,Puducherry District 1,50359,408662
puducherry,2019,3,Puducherry District 2,22281,180816
puducherry,2019,3,Puducherry District 3,14851,120520
puducherry,2019,3,Puducherry District 4,11071,89847
puducherry,2019,3,Puducherry District 5,8032,65181
puducherry,2019,4,Puducherry District 1,59634,557609
puducherry,2019,4,Puducherry District 2,26385,246719
puducherry,2019,4,Puducherry District 3,17587,164447
puducherry,2019,4,Puducherry District 4,13111,122594
puducherry,2019,4,Puducherry District 5,9511,88938
puducherry,2020,1,Puducherry District 1,57459,505489
puducherry,2020,1,Puducherry District 2,25423,223658
puducherry,2020,1,Puducherry District 3,16945,149076
puducherry,2020,1,Puducherry District 4,12632,111135
puducherry,2020,1,Puducherry District 5,9164,80625
puducherry,2020,2,Puducherry District 1,56769,522192
puducherry,2020,2,Puducherry District 2,25118,231048
puducherry,2020,2,Puducherry District 3,16742,154001
puducherry,2020,2,Puducherry District 4,12481,114808
puducherry,2020,2,Puducherry District 5,9054,83289
puducherry,2020,3,Puducherry District 1,59610,457343
puducherry,2020,3,Puducherry District 2,26375,202355
puducherry,2020,3,Puducherry District 3,17580,134877
puducherry,2020,3,Puducherry District 4,13105,100550
puducherry,2020,3,Puducherry District 5,9507,72945
puducherry,2020,4,Puducherry District 1,67853,612736
puducherry,2020,4,Puducherry District 2,30022,271110
puducherry,2020,4,Puducherry District 3,20010,180704
puducherry,2020,4,Puducherry District 4,14918,134714
puducherry,2020,4,Puducherry District 5,10822,97730
puducherry,2021,1,Puducherry District 1,58561,518704
puducherry,2021,1,Puducherry District 2,25910,229505
puducherry,2021,1,Puducherry District 3,17270,152973
puducherry,2021,1,Puducherry District 4,12875,114041
puducherry,2021,1,Puducherry District 5,9340,82732
puducherry,2021,2,Puducherry District 1,68763,479754
puducherry,2021,2,Puducherry District 2,30424,212271
puducherry,2021,2,Puducherry District 3,20279,141486
puducherry,2021,2,Puducherry District 4,15118,105477
puducherry,2021,2,Puducherry District 5,10967,76520
puducherry,2021,3,Puducherry District 1,66143,583031
puducherry,2021,3,Puducherry District 2,29265,257967
puducherry,2021,3,Puducherry District 3,19506,171944
puducherry,2021,3,Puducherry District 4,14542,128183
puducherry,2021,3,Puducherry District 5,10549,92992
puducherry,2021,4,Puducherry District 1,74947,547654
puducherry,2021,4,Puducherry District 2,33161,242314
puducherry,2021,4,Puducherry District 3,22103,161511
puducherry,2021,4,Puducherry District 4,16477,120406
puducherry,2021,4,Puducherry District 5,11954,87350
puducherry,2022,1,Puducherry District 1,74995,680451
puducherry,2022,1,Puducherry District 2,33182,301071
puducherry,2022,1,Puducherry District 3,22117,200674
puducherry,2022,1,Puducherry District 4,16488,149602
puducherry,2022,1,Puducherry District 5,11961,108531
puducherry,2022,2,Puducherry District 1,75241,649946
puducherry,2022,2,Puducherry District 2,33291,287574
puducherry,2022,2,Puducherry District 3,22189,191678
puducherry,2022,2,Puducherry District 4,16542,142895
puducherry,2022,2,Puducherry District 5,12000,103665
puducherry,2022,3,Puducherry District 1,80375,698846
puducherry,2022,3,Puducherry District 2,35562,309210
puducherry,2022,3,Puducherry District 3,23703,206099
puducherry,2022,3,Puducherry District 4,17671,153646
puducherry,2022,3,Puducherry District 5,12819,111465
puducherry,2022,4,Puducherry District 1,104960,834905
puducherry,2022,4,Puducherry District 2,46440,369411
puducherry,2022,4,Puducherry District 3,30954,246225
puducherry,2022,4,Puducherry District 4,23076,183560
puducherry,2022,4,Puducherry District 5,16741,133166
puducherry,2023,1,Puducherry District 1,73574,536503
puducherry,2023,1,Puducherry District 2,32553,237380
puducherry,2023,1,Puducherry District 3,21698,158222
puducherry,2023,1,Puducherry District 4,16175,117954
puducherry,2023,1,Puducherry District 5,11735,85571
puducherry,2023,2,Puducherry District 1,88134,763625
puducherry,2023,2,Puducherry District 2,38995,337872
puducherry,2023,2,Puducherry District 3,25991,225203
puducherry,2023,2,Puducherry District 4,19376,167888
puducherry,2023,2,Puducherry District 5,14057,121797
puducherry,2023,3,Puducherry District 1,84218,770632
puducherry,2023,3,Puducherry District 2,37263,340972
puducherry,2023,3,Puducherry District 3,24837,227270
puducherry,2023,3,Puducherry District 4,18516,169429
puducherry,2023,3,Puducherry District 5,13432,122915
puducherry,2023,4,Puducherry District 1,106743,736327
puducherry,2023,4,Puducherry District 2,47229,325794
puducherry,2023,4,Puducherry District 3,31480,217153
puducherry,2023,4,Puducherry District 4,23468,161887
puducherry,2023,4,Puducherry District 5,17025,117443
punjab,2018,1,Ludhiana,319227,2472086
punjab,2018,1,Amritsar,134043,1038025
punjab,2018,1,Jalandhar,94908,734967
punjab,2018,1,Patiala,65526,507437
punjab,2018,1,Mohali,48934,378950
punjab,2018,2,Ludhiana,349721,3052591
punjab,2018,2,Amritsar,146847,1281777
punjab,2018,2,Jalandhar,103974,907555
punjab,2018,2,Patiala,71786,626595
punjab,2018,2,Mohali,53609,467937
punjab,2018,3,Ludhiana,439029,3051887
punjab,2018,3,Amritsar,184347,1281482
punjab,2018,3,Jalandhar,130526,907346
punjab,2018,3,Patiala,90118,626451
punjab,2018,3,Mohali,67299,467829
punjab,2018,4,Ludhiana,524079,4174097
punjab,2018,4,Amritsar,220060,1752696
punjab,2018,4,Jalandhar,155812,1240986
punjab,2018,4,Patiala,107576,856804
punjab,2018,4,Mohali,80337,639855
punjab,2019,1,Ludhiana,411483,2846995
punjab,2019,1,Amritsar,172781,1195448
punjab,2019,1,Jalandhar,122336,846430
punjab,2019,1,Patiala,84463,584393
punjab,2019,1,Mohali,63077,436421
punjab,2019,2,Ludhiana,498327,3718483
punjab,2019,2,Amritsar,209246,1561384
punjab,2019,2,Jalandhar,148156,1105529
punjab,2019,2,Patiala,102290,763281
punjab,2019,2,Mohali,76389,570013
punjab,2019,3,Ludhiana,610405,5515948
punjab,2019,3,Amritsar,256308,2316137
punjab,2019,3,Jalandhar,181477,1639927
punjab,2019,3,Patiala,125296,1132241
punjab,2019,3,Mohali,93570,845549
punjab,2019,4,Ludhiana,573733,5022255
punjab,2019,4,Amritsar,240909,2108836
punjab,2019,4,Jalandhar,170574,1493149
punjab,2019,4,Patiala,117768,1030902
punjab,2019,4,Mohali,87948,769870
punjab,2020,1,Ludhiana,506363,3618599
punjab,2020,1,Amritsar,212621,1519443
punjab,2020,1,Jalandhar,150545,1075833
punjab,2020,1,Patiala,103939,742778
punjab,2020,1,Mohali,77621,554701
punjab,2020,2,Ludhiana,675324,4651724
punjab,2020,2,Amritsar,283567,1953251
punjab,2020,2,Jalandhar,200778,1382988
punjab,2020,2,Patiala,138621,954845
punjab,2020,2,Mohali,103521,713071
punjab,2020,3,Ludhiana,644989,6051330
punjab,2020,3,Amritsar,270829,2540943
punjab,2020,3,Jalandhar,191759,1799100
punjab,2020,3,Patiala,132394,1242137
punjab,2020,3,Mohali,98871,927619
punjab,2020,4,Ludhiana,698334,5010057
punjab,2020,4,Amritsar,293229,2103714
punjab,2020,4,Jalandhar,207619,1489522
punjab,2020,4,Patiala,143344,1028398
punjab,2020,4,Mohali,107048,768000
punjab,2021,1,Ludhiana,693562,4523716
punjab,2021,1,Amritsar,291225,1899500
punjab,2021,1,Jalandhar,206200,1344930
punjab,2021,1,Patiala,142365,928569
punjab,2021,1,Mohali,106317,693448
punjab,2021,2,Ludhiana,735829,5132119
punjab,2021,2,Amritsar,308973,2154968
punjab,2021,2,Jalandhar,218767,1525812
punjab,2021,2,Patiala,151041,1053454
punjab,2021,2,Mohali,112796,786711
punjab,2021,3,Ludhiana,667689,5900003
punjab,2021,3,Amritsar,280361,2477401
punjab,2021,3,Jalandhar,198508,1754109
punjab,2021,3,Patiala,137054,1211075
punjab,2021,3,Mohali,102351,904422
punjab,2021,4,Ludhiana,883023,7683738
punjab,2021,4,Amritsar,370779,3226388
punjab,2021,4,Jalandhar,262528,2284425
punjab,2021,4,Patiala,181255,1577217
punjab,2021,4,Mohali,135360,1177854
punjab,2022,1,Ludhiana,758653,6885715
punjab,2022,1,Amritsar,318557,2891300
punjab,2022,1,Jalandhar,225552,2047168
punjab,2022,1,Patiala,155726,1413409
punjab,2022,1,Mohali,116295,1055523
punjab,2022,2,Ludhiana,791914,6353806
punjab,2022,2,Amritsar,332523,2667952
punjab,2022,2,Jalandhar,235441,1889028
punjab,2022,2,Patiala,162553,1304226
punjab,2022,2,Mohali,121393,973986
punjab,2022,3,Ludhiana,867346,6970791
punjab,2022,3,Amritsar,364197,2927023
punjab,2022,3,Jalandhar,257867,2072462
punjab,2022,3,Patiala,178037,1430872
punjab,2022,3,Mohali,132957,1068565
punjab,2022,4,Ludhiana,1011785,6851204
punjab,2022,4,Amritsar,424847,2876808
punjab,2022,4,Jalandhar,300810,2036908
punjab,2022,4,Patiala,207686,1406325
punjab,2022,4,Mohali,155098,1050233
punjab,2023,1,Ludhiana,737179,5731163
punjab,2023,1,Amritsar,309540,2406505
punjab,2023,1,Jalandhar,219168,1703912
punjab,2023,1,Patiala,151318,1176418
punjab,2023,1,Mohali,113003,878540
punjab,2023,2,Ludhiana,899615,6617073
punjab,2023,2,Amritsar,377747,2778497
punjab,2023,2,Jalandhar,267461,1967299
punjab,2023,2,Patiala,184661,1358266
punjab,2023,2,Mohali,137903,1014343
punjab,2023,3,Ludhiana,940481,8612258
punjab,2023,3,Amritsar,394906,3616272
punjab,2023,3,Jalandhar,279611,2560481
punjab,2023,3,Patiala,193049,1767811
punjab,2023,3,Mohali,144168,1320188
punjab,2023,4,Ludhiana,1087402,9839555
punjab,2023,4,Amritsar,456598,4131612
punjab,2023,4,Jalandhar,323291,2925364
punjab,2023,4,Patiala,223207,2019735
punjab,2023,4,Mohali,166689,1508323
rajasthan,2018,1,Jaipur,374844,3137566
rajasthan,2018,1,Jodhpur,194228,1625754
rajasthan,2018,1,Udaipur,114238,956211
rajasthan,2018,1,Kota,86890,727296
rajasthan,2018,1,Ajmer,59604,498910
rajasthan,2018,1,Bikaner,46192,386645
rajasthan,2018,1,Alwar,44213,370077
rajasthan,2018,2,Jaipur,454254,3087109
rajasthan,2018,2,Jodhpur,235375,1599609
rajasthan,2018,2,Udaipur,138439,940834
rajasthan,2018,2,Kota,105297,715600
rajasthan,2018,2,Ajmer,72231,490887
rajasthan,2018,2,Bikaner,55978,380428
rajasthan,2018,2,Alwar,53579,364125
rajasthan,2018,3,Jaipur,541468,4680011
rajasthan,2018,3,Jodhpur,280565,2424984
rajasthan,2018,3,Udaipur,165019,1426291
rajasthan,2018,3,Kota,125513,1084838
rajasthan,2018,3,Ajmer,86099,744177
rajasthan,2018,3,Bikaner,66725,576723
rajasthan,2018,3,Alwar,63866,552009
rajasthan,2018,4,Jaipur,704542,6177381
rajasthan,2018,4,Jodhpur,365064,3200858
rajasthan,2018,4,Udaipur,214718,1882633
rajasthan,2018,4,Kota,163314,1431933
rajasthan,2018,4,Ajmer,112030,982277
rajasthan,2018,4,Bikaner,86821,761245
rajasthan,2018,4,Alwar,83101,728624
rajasthan,2019,1,Jaipur,519308,4389117
rajasthan,2019,1,Jodhpur,269083,2274255
rajasthan,2019,1,Udaipur,158265,1337637
rajasthan,2019,1,Kota,120376,1017408
rajasthan,2019,1,Ajmer,82576,697921
rajasthan,2019,1,Bikaner,63994,540875
rajasthan,2019,1,Alwar,61252,517698
rajasthan,2019,2,Jaipur,634174,4286862
rajasthan,2019,2,Jodhpur,328602,2221271
rajasthan,2019,2,Udaipur,193272,1306474
rajasthan,2019,2,Kota,147003,993705
rajasthan,2019,2,Ajmer,100841,681662
rajasthan,2019,2,Bikaner,78150,528274
rajasthan,2019,2,Alwar,74801,505637
rajasthan,2019,3,Jaipur,821260,7376970
rajasthan,2019,3,Jodhpur,425542,3822434
rajasthan,2019,3,Udaipur,250289,2248222
rajasthan,2019,3,Kota,190370,1710001
rajasthan,2019,3,Ajmer,130590,1173026
rajasthan,2019,3,Bikaner,101204,909072
rajasthan,2019,3,Alwar,96868,870116
rajasthan,2019,4,Jaipur,896701,6012944
rajasthan,2019,4,Jodhpur,464632,3115653
rajasthan,2019,4,Udaipur,273280,1832518
rajasthan,2019,4,Kota,207857,1393816
rajasthan,2019,4,Ajmer,142586,956129
rajasthan,2019,4,Bikaner,110501,740982
rajasthan,2019,4,Alwar,105766,709229
rajasthan,2020,1,Jaipur,746162,4956268
rajasthan,2020,1,Jodhpur,386630,2568129
rajasthan,2020,1,Udaipur,227402,1510484
rajasthan,2020,1,Kota,172962,1148876
rajasthan,2020,1,Ajmer,118648,788105
rajasthan,2020,1,Bikaner,91950,610766
rajasthan,2020,1,Alwar,88010,584594
rajasthan,2020,2,Jaipur,749199,6395346
rajasthan,2020,2,Jodhpur,388203,3313798
rajasthan,2020,2,Udaipur,228327,1949060
rajasthan,2020,2,Kota,173666,1482458
rajasthan,2020,2,Ajmer,119131,1016936
rajasthan,2020,2,Bikaner,92324,788105
rajasthan,2020,2,Alwar,88368,754333
rajasthan,2020,3,Jaipur,831442,5731728
rajasthan,2020,3,Jodhpur,430818,2969939
rajasthan,2020,3,Udaipur,253392,1746814
rajasthan,2020,3,Kota,192730,1328629
rajasthan,2020,3,Ajmer,132209,911413
rajasthan,2020,3,Bikaner,102459,706327
rajasthan,2020,3,Alwar,98068,676059
rajasthan,2020,4,Jaipur,934751,7454445
rajasthan,2020,4,Jodhpur,484348,3862579
rajasthan,2020,4,Udaipur,284877,2271834
rajasthan,2020,4,Kota,216677,1727960
rajasthan,2020,4,Ajmer,148636,1185345
rajasthan,2020,4,Bikaner,115190,918619
rajasthan,2020,4,Alwar,110254,879255
rajasthan,2021,1,Jaipur,749291,6507589
rajasthan,2021,1,Jodhpur,388251,3371958
rajasthan,2021,1,Udaipur,228355,1983268
rajasthan,2021,1,Kota,173687,1508476
rajasthan,2021,1,Ajmer,119146,1034784
rajasthan,2021,1,Bikaner,92336,801937
rajasthan,2021,1,Alwar,88379,767573
rajasthan,2021,2,Jaipur,919412,6301723
rajasthan,2021,2,Jodhpur,476400,3265286
rajasthan,2021,2,Udaipur,280202,1920527
rajasthan,2021,2,Kota,213122,1460755
rajasthan,2021,2,Ajmer,146197,1002049
rajasthan,2021,2,Bikaner,113300,776568
rajasthan,2021,2,Alwar,108445,743290
rajasthan,2021,3,Jaipur,926052,7592155
rajasthan,2021,3,Jodhpur,479841,3933934
rajasthan,2021,3,Udaipur,282225,2313802
rajasthan,2021,3,Kota,214661,1759881
rajasthan,2021,3,Ajmer,147253,1207243
rajasthan,2021,3,Bikaner,114118,935590
rajasthan,2021,3,Alwar,109228,895497
rajasthan,2021,4,Jaipur,1160400,9673497
rajasthan,2021,4,Jodhpur,601270,5012397
rajasthan,2021,4,Udaipur,353646,2948117
rajasthan,2021,4,Kota,268983,2242341
rajasthan,2021,4,Ajmer,184517,1538201
rajasthan,2021,4,Bikaner,142997,1192076
rajasthan,2021,4,Alwar,136869,1140993
rajasthan,2022,1,Jaipur,1011034,9247241
rajasthan,2022,1,Jodhpur,523875,4791530
rajasthan,2022,1,Udaipur,308125,2818210
rajasthan,2022,1,Kota,234360,2143534
rajasthan,2022,1,Ajmer,160766,1470421
rajasthan,2022,1,Bikaner,124590,1139548
rajasthan,2022,1,Alwar,119252,1090716
rajasthan,2022,2,Jaipur,966702,8251063
rajasthan,2022,2,Jodhpur,500904,4275352
rajasthan,2022,2,Udaipur,294614,2514613
rajasthan,2022,2,Kota,224084,1912618
rajasthan,2022,2,Ajmer,153717,1312017
rajasthan,2022,2,Bikaner,119127,1016788
rajasthan,2022,2,Alwar,114022,973216
rajasthan,2022,3,Jaipur,1170446,9242482
rajasthan,2022,3,Jodhpur,606476,4789064
rajasthan,2022,3,Udaipur,356708,2816760
rajasthan,2022,3,Kota,271312,2142431
rajasthan,2022,3,Ajmer,186115,1469664
rajasthan,2022,3,Bikaner,144235,1138961
rajasthan,2022,3,Alwar,138054,1090154
rajasthan,2022,4,Jaipur,1149823,10474743
rajasthan,2022,4,Jodhpur,595789,5427569
rajasthan,2022,4,Udaipur,350422,3192307
rajasthan,2022,4,Kota,266532,2428072
rajasthan,2022,4,Ajmer,182835,1665609
rajasthan,2022,4,Bikaner,141694,1290814
rajasthan,2022,4,Alwar,135622,1235500
rajasthan,2023,1,Jaipur,1048061,9686845
rajasthan,2023,1,Jodhpur,543061,5019314
rajasthan,2023,1,Udaipur,319409,2952185
rajasthan,2023,1,Kota,242943,2245436
rajasthan,2023,1,Ajmer,166654,1540323
rajasthan,2023,1,Bikaner,129153,1193721
rajasthan,2023,1,Alwar,123619,1142567
rajasthan,2023,2,Jaipur,1062547,7483283
rajasthan,2023,2,Jodhpur,550567,3877521
rajasthan,2023,2,Udaipur,323824,2280622
rajasthan,2023,2,Kota,246301,1734644
rajasthan,2023,2,Ajmer,168957,1189931
rajasthan,2023,2,Bikaner,130938,922173
rajasthan,2023,2,Alwar,125327,882656
rajasthan,2023,3,Jaipur,1297745,10694908
rajasthan,2023,3,Jodhpur,672437,5541649
rajasthan,2023,3,Udaipur,395503,3259405
rajasthan,2023,3,Kota,300820,2479107
rajasthan,2023,3,Ajmer,206357,1700617
rajasthan,2023,3,Bikaner,159922,1317945
rajasthan,2023,3,Alwar,153069,1261469
rajasthan,2023,4,Jaipur,1437675,11495302
rajasthan,2023,4,Jodhpur,744942,5956380
rajasthan,2023,4,Udaipur,438149,3503335
rajasthan,2023,4,Kota,333257,2664641
rajasthan,2023,4,Ajmer,228607,1827890
rajasthan,2023,4,Bikaner,177166,1416579
rajasthan,2023,4,Alwar,169574,1355875
sikkim,2018,1,Sikkim District 1,17117,128538
sikkim,2018,1,Sikkim District 2,9109,68408
sikkim,2018,1,Sikkim District 3,4964,37277
sikkim,2018,1,Sikkim District 4,3840,28838
sikkim,2018,1,Sikkim District 5,3072,23073
sikkim,2018,2,Sikkim District 1,21888,204921
sikkim,2018,2,Sikkim District 2,11648,109059
sikkim,2018,2,Sikkim District 3,6347,59429
sikkim,2018,2,Sikkim District 4,4910,45975
sikkim,2018,2,Sikkim District 5,3929,36784
sikkim,2018,3,Sikkim District 1,26190,232678
sikkim,2018,3,Sikkim District 2,13938,123831
sikkim,2018,3,Sikkim District 3,7595,67478
sikkim,2018,3,Sikkim District 4,5876,52203
sikkim,2018,3,Sikkim District 5,4701,41767
sikkim,2018,4,Sikkim District 1,26636,206177
sikkim,2018,4,Sikkim District 2,14175,109727
sikkim,2018,4,Sikkim District 3,7724,59793
sikkim,2018,4,Sikkim District 4,5976,46257
sikkim,2018,4,Sikkim District 5,4781,37010
sikkim,2019,1,Sikkim District 1,25027,170115
sikkim,2019,1,Sikkim District 2,13319,90535
sikkim,2019,1,Sikkim District 3,7258,49335
sikkim,2019,1,Sikkim District 4,5615,38166
sikkim,2019,1,Sikkim District 5,4492,30536
sikkim,2019,2,Sikkim District 1,30577,259821
sikkim,2019,2,Sikkim District 2,16273,138277
sikkim,2019,2,Sikkim District 3,8867,75350
sikkim,2019,2,Sikkim District 4,6860,58293
sikkim,2019,2,Sikkim District 5,5488,46639
sikkim,2019,3,Sikkim District 1,34457,279888
sikkim,2019,3,Sikkim District 2,18338,148956
sikkim,2019,3,Sikkim District 3,9993,81170
sikkim,2019,3,Sikkim District 4,7730,62795
sikkim,2019,3,Sikkim District 5,6185,50241
sikkim,2019,4,Sikkim District 1,34072,261675
sikkim,2019,4,Sikkim District 2,18133,139263
sikkim,2019,4,Sikkim District 3,9881,75888
sikkim,2019,4,Sikkim District 4,7644,58709
sikkim,2019,4,Sikkim District 5,6116,46972
sikkim,2020,1,Sikkim District 1,31199,279980
sikkim,2020,1,Sikkim District 2,16604,149005
sikkim,2020,1,Sikkim District 3,9048,81197
sikkim,2020,1,Sikkim District 4,6999,62815
sikkim,2020,1,Sikkim District 5,5600,50258
sikkim,2020,2,Sikkim District 1,37501,352797
sikkim,2020,2,Sikkim District 2,19958,187758
sikkim,2020,2,Sikkim District 3,10875,102314
sikkim,2020,2,Sikkim District 4,8413,79153
sikkim,2020,2,Sikkim District 5,6731,63329
sikkim,2020,3,Sikkim District 1,41684,272011
sikkim,2020,3,Sikkim District 2,22184,144764
sikkim,2020,3,Sikkim District 3,12088,78886
sikkim,2020,3,Sikkim District 4,9352,61028
sikkim,2020,3,Sikkim District 5,7482,48828
sikkim,2020,4,Sikkim District 1,50177,348761
sikkim,2020,4,Sikkim District 2,26704,185611
sikkim,2020,4,Sikkim District 3,14552,101144
sikkim,2020,4,Sikkim District 4,11257,78247
sikkim,2020,4,Sikkim District 5,9007,62605
sikkim,2021,1,Sikkim District 1,41611,379745
sikkim,2021,1,Sikkim District 2,22145,202100
sikkim,2021,1,Sikkim District 3,12067,110130
sikkim,2021,1,Sikkim District 4,9335,85199
sikkim,2021,1,Sikkim District 5,7469,68166
sikkim,2021,2,Sikkim District 1,40147,319679
sikkim,2021,2,Sikkim District 2,21366,170133
sikkim,2021,2,Sikkim District 3,11643,92710
sikkim,2021,2,Sikkim District 4,9007,71722
sikkim,2021,2,Sikkim District 5,7206,57384
sikkim,2021,3,Sikkim District 1,40623,374938
sikkim,2021,3,Sikkim District 2,21620,199542
sikkim,2021,3,Sikkim District 3,11781,108735
sikkim,2021,3,Sikkim District 4,9114,84120
sikkim,2021,3,Sikkim District 5,7292,67304
sikkim,2021,4,Sikkim District 1,51033,354621
sikkim,2021,4,Sikkim District 2,27159,188729
sikkim,2021,4,Sikkim District 3,14800,102843
sikkim,2021,4,Sikkim District 4,11449,79562
sikkim,2021,4,Sikkim District 5,9160,63657
sikkim,2022,1,Sikkim District 1,45313,300421
sikkim,2022,1,Sikkim District 2,24115,159884
sikkim,2022,1,Sikkim District 3,13141,87125
sikkim,2022,1,Sikkim District 4,10166,67402
sikkim,2022,1,Sikkim District 5,8134,53927
sikkim,2022,2,Sikkim District 1,51095,346186
sikkim,2022,2,Sikkim District 2,27193,184240
sikkim,2022,2,Sikkim District 3,14818,100397
sikkim,2022,2,Sikkim District 4,11463,77669
sikkim,2022,2,Sikkim District 5,9172,62142
sikkim,2022,3,Sikkim District 1,55830,496316
sikkim,2022,3,Sikkim District 2,29713,264140
sikkim,2022,3,Sikkim District 3,16191,143936
sikkim,2022,3,Sikkim District 4,12526,111352
sikkim,2022,3,Sikkim District 5,10021,89092
sikkim,2022,4,Sikkim District 1,59609,541492
sikkim,2022,4,Sikkim District 2,31724,288182
sikkim,2022,4,Sikkim District 3,17287,157038
sikkim,2022,4,Sikkim District 4,13373,121488
sikkim,2022,4,Sikkim District 5,10700,97201
sikkim,2023,1,Sikkim District 1,47381,423653
sikkim,2023,1,Sikkim District 2,25216,225468
sikkim,2023,1,Sikkim District 3,13741,122863
sikkim,2023,1,Sikkim District 4,10630,95050
sikkim,2023,1,Sikkim District 5,8505,76048
sikkim,2023,2,Sikkim District 1,47974,376451
sikkim,2023,2,Sikkim District 2,25532,200347
sikkim,2023,2,Sikkim District 3,13913,109174
sikkim,2023,2,Sikkim District 4,10763,84460
sikkim,2023,2,Sikkim District 5,8611,67575
sikkim,2023,3,Sikkim District 1,60744,447495
sikkim,2023,3,Sikkim District 2,32328,238157
sikkim,2023,3,Sikkim District 3,17616,129778
sikkim,2023,3,Sikkim District 4,13628,100399
sikkim,2023,3,Sikkim District 5,10904,80328
sikkim,2023,4,Sikkim District 1,68575,481806
sikkim,2023,4,Sikkim District 2,36495,256417
sikkim,2023,4,Sikkim District 3,19887,139728
sikkim,2023,4,Sikkim District 4,15385,108097
sikkim,2023,4,Sikkim District 5,12309,86487
tamil-nadu,2018,1,Chennai,591121,4890244
tamil-nadu,2018,1,Coimbatore,288766,2388912
tamil-nadu,2018,1,Kancheepuram,178108,1473462
tamil-nadu,2018,1,Salem,121541,1005493
tamil-nadu,2018,1,Erode,92910,768628
tamil-nadu,2018,1,Madurai,76391,631968
tamil-nadu,2018,1,Tiruppur,69663,576317
tamil-nadu,2018,2,Chennai,757718,5516649
tamil-nadu,2018,2,Coimbatore,370150,2694915
tamil-nadu,2018,2,Kancheepuram,228305,1662201
tamil-nadu,2018,2,Salem,155796,1134289
tamil-nadu,2018,2,Erode,119095,867084
tamil-nadu,2018,2,Madurai,97920,712919
tamil-nadu,2018,2,Tiruppur,89297,650139
tamil-nadu,2018,3,Chennai,809984,7504119
tamil-nadu,2018,3,Coimbatore,395682,3665805
tamil-nadu,2018,3,Kancheepuram,244053,2261039
tamil-nadu,2018,3,Salem,166542,1542937
tamil-nadu,2018,3,Erode,127310,1179467
tamil-nadu,2018,3,Madurai,104674,969761
tamil-nadu,2018,3,Tiruppur,95457,884363
tamil-nadu,2018,4,Chennai,1016379,8155712
tamil-nadu,2018,4,Coimbatore,496507,3984112
tamil-nadu,2018,4,Kancheepuram,306241,2457368
tamil-nadu,2018,4,Salem,208979,1676912
tamil-nadu,2018,4,Erode,159750,1281881
tamil-nadu,2018,4,Madurai,131347,1053967
tamil-nadu,2018,4,Tiruppur,119780,961154
tamil-nadu,2019,1,Chennai,923342,6696301
tamil-nadu,2019,1,Coimbatore,451058,3271182
tamil-nadu,2019,1,Kancheepuram,278208,2017638
tamil-nadu,2019,1,Salem,189850,1376840
tamil-nadu,2019,1,Erode,145127,1052497
tamil-nadu,2019,1,Madurai,119324,865366
tamil-nadu,2019,1,Tiruppur,108816,789162
tamil-nadu,2019,2,Chennai,904534,7126929
tamil-nadu,2019,2,Coimbatore,441870,3481546
tamil-nadu,2019,2,Kancheepuram,272542,2147389
tamil-nadu,2019,2,Salem,185983,1465382
tamil-nadu,2019,2,Erode,142171,1120181
tamil-nadu,2019,2,Madurai,116893,921017
tamil-nadu,2019,2,Tiruppur,106599,839911
tamil-nadu,2019,3,Chennai,1221408,9120893
tamil-nadu,2019,3,Coimbatore,596665,4455609
tamil-nadu,2019,3,Kancheepuram,368018,2748184
tamil-nadu,2019,3,Salem,251136,1875365
tamil-nadu,2019,3,Erode,191976,1433585
tamil-nadu,2019,3,Madurai,157843,1178698
tamil-nadu,2019,3,Tiruppur,143943,1074901
tamil-nadu,2019,4,Chennai,1344652,11442101
tamil-nadu,2019,4,Coimbatore,656870,5589532
tamil-nadu,2019,4,Kancheepuram,405152,3447578
tamil-nadu,2019,4,Salem,276476,2352633
tamil-nadu,2019,4,Erode,211347,1798423
tamil-nadu,2019,4,Madurai,173770,1478669
tamil-nadu,2019,4,Tiruppur,158467,1348456
tamil-nadu,2020,1,Chennai,1057962,9554086
tamil-nadu,2020,1,Coimbatore,516820,4667226
tamil-nadu,2020,1,Kancheepuram,318770,2878707
tamil-nadu,2020,1,Salem,217529,1964435
tamil-nadu,2020,1,Erode,166286,1501672
tamil-nadu,2020,1,Madurai,136721,1234679
tamil-nadu,2020,1,Tiruppur,124681,1125953
tamil-nadu,2020,2,Chennai,1262106,10830170
tamil-nadu,2020,2,Coimbatore,616546,5290601
tamil-nadu,2020,2,Kancheepuram,380280,3263200
tamil-nadu,2020,2,Salem,259504,2226813
tamil-nadu,2020,2,Erode,198372,1702242
tamil-nadu,2020,2,Madurai,163102,1399589
tamil-nadu,2020,2,Tiruppur,148739,1276340
tamil-nadu,2020,3,Chennai,1419436,12259225
tamil-nadu,2020,3,Coimbatore,693402,5988702
tamil-nadu,2020,3,Kancheepuram,427685,3693783
tamil-nadu,2020,3,Salem,291853,2520644
tamil-nadu,2020,3,Erode,223101,1926855
tamil-nadu,2020,3,Madurai,183434,1584266
tamil-nadu,2020,3,Tiruppur,167281,1444755
tamil-nadu,2020,4,Chennai,1297921,11367550
tamil-nadu,2020,4,Coimbatore,634042,5553114
tamil-nadu,2020,4,Kancheepuram,391072,3425116
tamil-nadu,2020,4,Salem,266868,2337305
tamil-nadu,2020,4,Erode,204002,1786705
tamil-nadu,2020,4,Madurai,167731,1469034
tamil-nadu,2020,4,Tiruppur,152960,1339670
tamil-nadu,2021,1,Chennai,1133480,7834871
tamil-nadu,2021,1,Coimbatore,553711,3827380
tamil-nadu,2021,1,Kancheepuram,341524,2360697
tamil-nadu,2021,1,Salem,233057,1610943
tamil-nadu,2021,1,Erode,178155,1231453
tamil-nadu,2021,1,Madurai,146480,1012504
tamil-nadu,2021,1,Tiruppur,133581,923343
tamil-nadu,2021,2,Chennai,1378348,9532815
tamil-nadu,2021,2,Coimbatore,673331,4656835
tamil-nadu,2021,2,Kancheepuram,415305,2872298
tamil-nadu,2021,2,Salem,283404,1960061
tamil-nadu,2021,2,Erode,216643,1498329
tamil-nadu,2021,2,Madurai,178124,1231931
tamil-nadu,2021,2,Tiruppur,162438,1123446
tamil-nadu,2021,3,Chennai,1385038,9240581
tamil-nadu,2021,3,Coimbatore,676599,4514077
tamil-nadu,2021,3,Kancheepuram,417321,2784246
tamil-nadu,2021,3,Salem,284780,1899974
tamil-nadu,2021,3,Erode,217694,1452397
tamil-nadu,2021,3,Madurai,178989,1194165
tamil-nadu,2021,3,Tiruppur,163227,1089006
tamil-nadu,2021,4,Chennai,1525178,13681397
tamil-nadu,2021,4,Coimbatore,745058,6683441
tamil-nadu,2021,4,Kancheepuram,459546,4122293
tamil-nadu,2021,4,Salem,313595,2813059
tamil-nadu,2021,4,Erode,239721,2150386
tamil-nadu,2021,4,Madurai,197099,1768054
tamil-nadu,2021,4,Tiruppur,179742,1612358
tamil-nadu,2022,1,Chennai,1248814,9216310
tamil-nadu,2022,1,Coimbatore,610052,4502221
tamil-nadu,2022,1,Kancheepuram,376275,2776933
tamil-nadu,2022,1,Salem,256771,1894984
tamil-nadu,2022,1,Erode,196283,1448582
tamil-nadu,2022,1,Madurai,161384,1191028
tamil-nadu,2022,1,Tiruppur,147173,1086146
tamil-nadu,2022,2,Chennai,1612908,13268616
tamil-nadu,2022,2,Coimbatore,787915,6481796
tamil-nadu,2022,2,Kancheepuram,485979,3997919
tamil-nadu,2022,2,Salem,331633,2728187
tamil-nadu,2022,2,Erode,253510,2085507
tamil-nadu,2022,2,Madurai,208437,1714710
tamil-nadu,2022,2,Tiruppur,190081,1563712
tamil-nadu,2022,3,Chennai,1791417,16665330
tamil-nadu,2022,3,Coimbatore,875118,8141110
tamil-nadu,2022,3,Kancheepuram,539765,5021371
tamil-nadu,2022,3,Salem,368337,3426592
tamil-nadu,2022,3,Erode,281567,2619389
tamil-nadu,2022,3,Madurai,231505,2153670
tamil-nadu,2022,3,Tiruppur,211119,1964016
tamil-nadu,2022,4,Chennai,2063577,16685805
tamil-nadu,2022,4,Coimbatore,1008069,8151112
tamil-nadu,2022,4,Kancheepuram,621769,5027540
tamil-nadu,2022,4,Salem,424296,3430802
tamil-nadu,2022,4,Erode,324344,2622607
tamil-nadu,2022,4,Madurai,266677,2156315
tamil-nadu,2022,4,Tiruppur,243193,1966429
tamil-nadu,2023,1,Chennai,1591725,11456059
tamil-nadu,2023,1,Coimbatore,777567,5596351
tamil-nadu,2023,1,Kancheepuram,479597,3451784
tamil-nadu,2023,1,Salem,327277,2355503
tamil-nadu,2023,1,Erode,250181,1800617
tamil-nadu,2023,1,Madurai,205699,1480472
tamil-nadu,2023,1,Tiruppur,187585,1350101
tamil-nadu,2023,2,Chennai,1732080,13598244
tamil-nadu,2023,2,Coimbatore,846131,6642821
tamil-nadu,2023,2,Kancheepuram,521886,4097238
tamil-nadu,2023,2,Salem,356136,2795962
tamil-nadu,2023,2,Erode,272241,2137317
tamil-nadu,2023,2,Madurai,223837,1757308
tamil-nadu,2023,2,Tiruppur,204126,1602559
tamil-nadu,2023,3,Chennai,1853291,15781582
tamil-nadu,2023,3,Coimbatore,905343,7709394
tamil-nadu,2023,3,Kancheepuram,558408,4755092
tamil-nadu,2023,3,Salem,381059,3244883
tamil-nadu,2023,3,Erode,291292,2480485
tamil-nadu,2023,3,Madurai,239501,2039462
tamil-nadu,2023,3,Tiruppur,218411,1859866
tamil-nadu,2023,4,Chennai,2357015,17523168
tamil-nadu,2023,4,Coimbatore,1151415,8560169
tamil-nadu,2023,4,Kancheepuram,710183,5279843
tamil-nadu,2023,4,Salem,484630,3602974
tamil-nadu,2023,4,Erode,370466,2754220
tamil-nadu,2023,4,Madurai,304598,2264528
tamil-nadu,2023,4,Tiruppur,277775,2065113
telangana,2018,1,Hyderabad,598995,4889042
telangana,2018,1,Rangareddy,274339,2239181
telangana,2018,1,Medchal Malkajgiri,173294,1414444
telangana,2018,1,Warangal Urban,140607,1147644
telangana,2018,1,Karimnagar,94233,769142
telangana,2018,1,Khammam,86575,706632
telangana,2018,2,Hyderabad,693570,6113855
telangana,2018,2,Rangareddy,317655,2800145
telangana,2018,2,Medchal Malkajgiri,200656,1768793
telangana,2018,2,Warangal Urban,162807,1435155
telangana,2018,2,Karimnagar,109112,961829
telangana,2018,2,Khammam,100244,883658
telangana,2018,3,Hyderabad,829006,5462644
telangana,2018,3,Rangareddy,379685,2501890
telangana,2018,3,Medchal Malkajgiri,239839,1580392
telangana,2018,3,Warangal Urban,194599,1282290
telangana,2018,3,Karimnagar,130419,859381
telangana,2018,3,Khammam,119819,789536
telangana,2018,4,Hyderabad,927951,8115907
telangana,2018,4,Rangareddy,425001,3717085
telangana,2018,4,Medchal Malkajgiri,268464,2348005
telangana,2018,4,Warangal Urban,217825,1905112
telangana,2018,4,Karimnagar,145984,1276791
telangana,2018,4,Khammam,134120,1173023
telangana,2019,1,Hyderabad,909145,6536446
telangana,2019,1,Rangareddy,416388,2993692
telangana,2019,1,Medchal Malkajgiri,263024,1891052
telangana,2019,1,Warangal Urban,213411,1534353
telangana,2019,1,Karimnagar,143026,1028311
telangana,2019,1,Khammam,131402,944737
telangana,2019,2,Hyderabad,893038,6649651
telangana,2019,2,Rangareddy,409011,3045540
telangana,2019,2,Medchal Malkajgiri,258364,1923804
telangana,2019,2,Warangal Urban,209630,1560926
telangana,2019,2,Karimnagar,140492,1046120
telangana,2019,2,Khammam,129074,961099
telangana,2019,3,Hyderabad,888044,8017999
telangana,2019,3,Rangareddy,406724,3672243
telangana,2019,3,Medchal Malkajgiri,256919,2319679
telangana,2019,3,Warangal Urban,208457,1882130
telangana,2019,3,Karimnagar,139706,1261388
telangana,2019,3,Khammam,128352,1158872
telangana,2019,4,Hyderabad,1282157,9134297
telangana,2019,4,Rangareddy,587228,4183507
telangana,2019,4,Medchal Malkajgiri,370939,2642634
telangana,2019,4,Warangal Urban,300971,2144168
telangana,2019,4,Karimnagar,201708,1437004
telangana,2019,4,Khammam,185315,1320215
telangana,2020,1,Hyderabad,1047680,9785394
telangana,2020,1,Rangareddy,479837,4481710
telangana,2020,1,Medchal Malkajgiri,303103,2831002
telangana,2020,1,Warangal Urban,245930,2297005
telangana,2020,1,Karimnagar,164820,1539434
telangana,2020,1,Khammam,151425,1414320
telangana,2020,2,Hyderabad,1120180,9290821
telangana,2020,2,Rangareddy,513042,4255195
telangana,2020,2,Medchal Malkajgiri,324078,2687918
telangana,2020,2,Warangal Urban,262949,2180910
telangana,2020,2,Karimnagar,176226,1461628
telangana,2020,2,Khammam,161903,1342837
telangana,2020,3,Hyderabad,1273666,11665640
telangana,2020,3,Rangareddy,583339,5342863
telangana,2020,3,Medchal Malkajgiri,368483,3374975
telangana,2020,3,Warangal Urban,298978,2738370
telangana,2020,3,Karimnagar,200372,1835234
telangana,2020,3,Khammam,184087,1686079
telangana,2020,4,Hyderabad,1409009,9885539
telangana,2020,4,Rangareddy,645326,4527576
telangana,2020,4,Medchal Malkajgiri,407639,2859975
telangana,2020,4,Warangal Urban,330748,2320513
telangana,2020,4,Karimnagar,221664,1555189
telangana,2020,4,Khammam,203649,1428794
telangana,2021,1,Hyderabad,1131332,9400310
telangana,2021,1,Rangareddy,518150,4305341
telangana,2021,1,Medchal Malkajgiri,327304,2719594
telangana,2021,1,Warangal Urban,265566,2206611
telangana,2021,1,Karimnagar,177980,1478853
telangana,2021,1,Khammam,163515,1358662
telangana,2021,2,Hyderabad,1250875,8229621
telangana,2021,2,Rangareddy,572900,3769166
telangana,2021,2,Medchal Malkajgiri,361889,2380903
telangana,2021,2,Warangal Urban,293628,1931806
telangana,2021,2,Karimnagar,196787,1294680
telangana,2021,2,Khammam,180793,1189458
telangana,2021,3,Hyderabad,1348928,10557320
telangana,2021,3,Rangareddy,617809,4835252
telangana,2021,3,Medchal Malkajgiri,390257,3054328
telangana,2021,3,Warangal Urban,316644,2478205
telangana,2021,3,Karimnagar,212212,1660873
telangana,2021,3,Khammam,194965,1525889
telangana,2021,4,Hyderabad,1760948,13648662
telangana,2021,4,Rangareddy,806514,6251086
telangana,2021,4,Medchal Malkajgiri,509458,3948681
telangana,2021,4,Warangal Urban,413361,3203861
telangana,2021,4,Karimnagar,277031,2147202
telangana,2021,4,Khammam,254516,1972693
telangana,2022,1,Hyderabad,1220634,8528143
telangana,2022,1,Rangareddy,559050,3905889
telangana,2022,1,Medchal Malkajgiri,353140,2467268
telangana,2022,1,Warangal Urban,286529,2001880
telangana,2022,1,Karimnagar,192029,1341644
telangana,2022,1,Khammam,176422,1232605
telangana,2022,2,Hyderabad,1349013,11051059
telangana,2022,2,Rangareddy,617847,5061384
telangana,2022,2,Medchal Malkajgiri,390281,3197171
telangana,2022,2,Warangal Urban,316664,2594105
telangana,2022,2,Karimnagar,212226,1738548
telangana,2022,2,Khammam,194978,1597251
telangana,2022,3,Hyderabad,1559369,12612482
telangana,2022,3,Rangareddy,714191,5776516
telangana,2022,3,Medchal Malkajgiri,451139,3648904
telangana,2022,3,Warangal Urban,366043,2960630
telangana,2022,3,Karimnagar,245319,1984190
telangana,2022,3,Khammam,225381,1822930
telangana,2022,4,Hyderabad,1634910,15282222
telangana,2022,4,Rangareddy,748788,6999257
telangana,2022,4,Medchal Malkajgiri,472994,4421285
telangana,2022,4,Warangal Urban,383775,3587320
telangana,2022,4,Karimnagar,257203,2404193
telangana,2022,4,Khammam,236299,2208798
telangana,2023,1,Hyderabad,1599426,11668300
telangana,2023,1,Rangareddy,732537,5344081
telangana,2023,1,Medchal Malkajgiri,462728,3375744
telangana,2023,1,Warangal Urban,375446,2738995
telangana,2023,1,Karimnagar,251621,1835652
telangana,2023,1,Khammam,231171,1686464
telangana,2023,2,Hyderabad,1622924,15008178
telangana,2023,2,Rangareddy,743299,6873744
telangana,2023,2,Medchal Malkajgiri,469526,4342001
telangana,2023,2,Warangal Urban,380962,3522991
telangana,2023,2,Karimnagar,255317,2361080
telangana,2023,2,Khammam,234567,2169189
telangana,2023,3,Hyderabad,1859600,13682255
telangana,2023,3,Rangareddy,851697,6266472
telangana,2023,3,Medchal Malkajgiri,537999,3958400
telangana,2023,3,Warangal Urban,436519,3211747
telangana,2023,3,Karimnagar,292551,2152487
telangana,2023,3,Khammam,268775,1977548
telangana,2023,4,Hyderabad,2133246,16833269
telangana,2023,4,Rangareddy,977027,7709636
telangana,2023,4,Medchal Malkajgiri,617167,4870016
telangana,2023,4,Warangal Urban,500754,3951410
telangana,2023,4,Karimnagar,335601,2648203
telangana,2023,4,Khammam,308326,2432976
tripura,2018,1,Tripura District 1,38255,313105
tripura,2018,1,Tripura District 2,16103,131796
tripura,2018,1,Tripura District 3,9752,79823
tripura,2018,1,Tripura District 4,7657,62672
tripura,2018,1,Tripura District 5,5310,43462
tripura,2018,2,Tripura District 1,52085,373771
tripura,2018,2,Tripura District 2,21924,157333
tripura,2018,2,Tripura District 3,13278,95289
tripura,2018,2,Tripura District 4,10425,74815
tripura,2018,2,Tripura District 5,7230,51883
tripura,2018,3,Tripura District 1,49080,463612
tripura,2018,3,Tripura District 2,20659,195150
tripura,2018,3,Tripura District 3,12512,118193
tripura,2018,3,Tripura District 4,9824,92798
tripura,2018,3,Tripura District 5,6812,64354
tripura,2018,4,Tripura District 1,65906,485894
tripura,2018,4,Tripura District 2,27742,204530
tripura,2018,4,Tripura District 3,16802,123874
tripura,2018,4,Tripura District 4,13191,97258
tripura,2018,4,Tripura District 5,9148,67447
tripura,2019,1,Tripura District 1,57952,452769
tripura,2019,1,Tripura District 2,24394,190586
tripura,2019,1,Tripura District 3,14774,115429
tripura,2019,1,Tripura District 4,11599,90627
tripura,2019,1,Tripura District 5,8044,62849
tripura,2019,2,Tripura District 1,68143,459516
tripura,2019,2,Tripura District 2,28683,193426
tripura,2019,2,Tripura District 3,17372,117149
tripura,2019,2,Tripura District 4,13639,91978
tripura,2019,2,Tripura District 5,9458,63785
tripura,2019,3,Tripura District 1,77819,639479
tripura,2019,3,Tripura District 2,32756,269179
tripura,2019,3,Tripura District 3,19839,163029
tripura,2019,3,Tripura District 4,15576,128000
tripura,2019,3,Tripura District 5,10802,88766
tripura,2019,4,Tripura District 1,78781,676655
tripura,2019,4,Tripura District 2,33161,284828
tripura,2019,4,Tripura District 3,20084,172507
tripura,2019,4,Tripura District 4,15769,135441
tripura,2019,4,Tripura District 5,10935,93926
tripura,2020,1,Tripura District 1,64428,437462
tripura,2020,1,Tripura District 2,27120,184143
tripura,2020,1,Tripura District 3,16425,111527
tripura,2020,1,Tripura District 4,12896,87563
tripura,2020,1,Tripura District 5,8943,60724
tripura,2020,2,Tripura District 1,83441,677588
tripura,2020,2,Tripura District 2,35123,285220
tripura,2020,2,Tripura District 3,21272,172745
tripura,2020,2,Tripura District 4,16702,135628
tripura,2020,2,Tripura District 5,11582,94056
tripura,2020,3,Tripura District 1,91087,685436
tripura,2020,3,Tripura District 2,38342,288524
tripura,2020,3,Tripura District 3,23222,174745
tripura,2020,3,Tripura District 4,18232,137199
tripura,2020,3,Tripura District 5,12643,95145
tripura,2020,4,Tripura District 1,106484,861546
tripura,2020,4,Tripura District 2,44823,362655
tripura,2020,4,Tripura District 3,27147,219643
tripura,2020,4,Tripura District 4,21314,172450
tripura,2020,4,Tripura District 5,14781,119591
tripura,2021,1,Tripura District 1,81332,610240
tripura,2021,1,Tripura District 2,34235,256871
tripura,2021,1,Tripura District 3,20735,155575
tripura,2021,1,Tripura District 4,16279,122147
tripura,2021,1,Tripura District 5,11289,84707
tripura,2021,2,Tripura District 1,82015,694849
tripura,2021,2,Tripura District 2,34523,292486
tripura,2021,2,Tripura District 3,20909,177145
tripura,2021,2,Tripura District 4,16416,139083
tripura,2021,2,Tripura District 5,11384,96452
tripura,2021,3,Tripura District 1,104560,777323
tripura,2021,3,Tripura District 2,44013,327202
tripura,2021,3,Tripura District 3,26656,198171
tripura,2021,3,Tripura District 4,20929,155591
tripura,2021,3,Tripura District 5,14514,107900
tripura,2021,4,Tripura District 1,101723,938208
tripura,2021,4,Tripura District 2,42818,394925
tripura,2021,4,Tripura District 3,25933,239188
tripura,2021,4,Tripura District 4,20361,187795
tripura,2021,4,Tripura District 5,14120,130233
tripura,2022,1,Tripura District 1,91539,776935
tripura,2022,1,Tripura District 2,38532,327039
tripura,2022,1,Tripura District 3,23337,198072
tripura,2022,1,Tripura District 4,18322,155514
tripura,2022,1,Tripura District 5,12706,107846
tripura,2022,2,Tripura District 1,100416,855440
tripura,2022,2,Tripura District 2,42268,360085
tripura,2022,2,Tripura District 3,25600,218087
tripura,2022,2,Tripura District 4,20099,171227
tripura,2022,2,Tripura District 5,13938,118744
tripura,2022,3,Tripura District 1,119037,1021839
tripura,2022,3,Tripura District 2,50107,430128
tripura,2022,3,Tripura District 3,30347,260509
tripura,2022,3,Tripura District 4,23826,204534
tripura,2022,3,Tripura District 5,16523,141841
tripura,2022,4,Tripura District 1,113423,863557
tripura,2022,4,Tripura District 2,47744,363501
tripura,2022,4,Tripura District 3,28916,220156
tripura,2022,4,Tripura District 4,22703,172852
tripura,2022,4,Tripura District 5,15744,119870
tripura,2023,1,Tripura District 1,111873,905428
tripura,2023,1,Tripura District 2,47091,381126
tripura,2023,1,Tripura District 3,28521,230831
tripura,2023,1,Tripura District 4,22393,181233
tripura,2023,1,Tripura District 5,15529,125682
tripura,2023,2,Tripura District 1,123085,923563
tripura,2023,2,Tripura District 2,51811,388760
tripura,2023,2,Tripura District 3,31379,235454
tripura,2023,2,Tripura District 4,24637,184863
tripura,2023,2,Tripura District 5,17085,128200
tripura,2023,3,Tripura District 1,125253,1114493
tripura,2023,3,Tripura District 2,52723,469129
tripura,2023,3,Tripura District 3,31932,284130
tripura,2023,3,Tripura District 4,25071,223080
tripura,2023,3,Tripura District 5,17386,154703
tripura,2023,4,Tripura District 1,152716,1044041
tripura,2023,4,Tripura District 2,64283,439473
tripura,2023,4,Tripura District 3,38933,266169
tripura,2023,4,Tripura District 4,30568,208978
tripura,2023,4,Tripura District 5,21198,144923
uttar-pradesh,2018,1,Lucknow,747025,6444539
uttar-pradesh,2018,1,Kanpur Nagar,287006,2475983
uttar-pradesh,2018,1,Gautam Buddha Nagar,177136,1528146
uttar-pradesh,2018,1,Ghaziabad,154490,1332775
uttar-pradesh,2018,1,Agra,116083,1001444
uttar-pradesh,2018,1,Varanasi,85586,738346
uttar-pradesh,2018,1,Meerut,67124,579081
uttar-pradesh,2018,1,Prayagraj,66608,574629
uttar-pradesh,2018,2,Lucknow,911771,6377365
uttar-pradesh,2018,2,Kanpur Nagar,350301,2450175
uttar-pradesh,2018,2,Gautam Buddha Nagar,216201,1512217
uttar-pradesh,2018,2,Ghaziabad,188560,1318883
uttar-pradesh,2018,2,Agra,141684,991005
uttar-pradesh,2018,2,Varanasi,104461,730650
uttar-pradesh,2018,2,Meerut,81928,573045
uttar-pradesh,2018,2,Prayagraj,81298,568639
uttar-pradesh,2018,3,Lucknow,1008995,9503122
uttar-pradesh,2018,3,Kanpur Nagar,387654,3651087
uttar-pradesh,2018,3,Gautam Buddha Nagar,239255,2253405
uttar-pradesh,2018,3,Ghaziabad,208667,1965311
uttar-pradesh,2018,3,Agra,156791,1476730
uttar-pradesh,2018,3,Varanasi,115599,1088766
uttar-pradesh,2018,3,Meerut,90664,853914
uttar-pradesh,2018,3,Prayagraj,89967,847348
uttar-pradesh,2018,4,Lucknow,1161562,10325167
uttar-pradesh,2018,4,Kanpur Nagar,446270,3966915
uttar-pradesh,2018,4,Gautam Buddha Nagar,275432,2448330
uttar-pradesh,2018,4,Ghaziabad,240219,2135316
uttar-pradesh,2018,4,Agra,180500,1604471
uttar-pradesh,2018,4,Varanasi,133079,1182947
uttar-pradesh,2018,4,Meerut,104373,927780
uttar-pradesh,2018,4,Prayagraj,103571,920646
uttar-pradesh,2019,1,Lucknow,1086665,8848018
uttar-pradesh,2019,1,Kanpur Nagar,417495,3399397
uttar-pradesh,2019,1,Gautam Buddha Nagar,257672,2098065
uttar-pradesh,2019,1,Ghaziabad,224729,1829831
uttar-pradesh,2019,1,Agra,168861,1374930
uttar-pradesh,2019,1,Varanasi,124498,1013711
uttar-pradesh,2019,1,Meerut,97643,795049
uttar-pradesh,2019,1,Prayagraj,96892,788936
uttar-pradesh,2019,2,Lucknow,1220499,8450741
uttar-pradesh,2019,2,Kanpur Nagar,468914,3246763
uttar-pradesh,2019,2,Gautam Buddha Nagar,289408,2003861
uttar-pradesh,2019,2,Ghaziabad,252407,1747672
uttar-pradesh,2019,2,Agra,189658,1313196
uttar-pradesh,2019,2,Varanasi,139831,968195
uttar-pradesh,2019,2,Meerut,109669,759351
uttar-pradesh,2019,2,Prayagraj,108826,753513
uttar-pradesh,2019,3,Lucknow,1346673,9307097
uttar-pradesh,2019,3,Kanpur Nagar,517390,3575774
uttar-pradesh,2019,3,Gautam Buddha Nagar,319326,2206923
uttar-pradesh,2019,3,Ghaziabad,278501,1924772
uttar-pradesh,2019,3,Agra,209265,1446269
uttar-pradesh,2019,3,Varanasi,154287,1066307
uttar-pradesh,2019,3,Meerut,121007,836300
uttar-pradesh,2019,3,Prayagraj,120076,829870
uttar-pradesh,2019,4,Lucknow,1491231,12771395
uttar-pradesh,2019,4,Kanpur Nagar,572929,4906753
uttar-pradesh,2019,4,Gautam Buddha Nagar,353604,3028386
uttar-pradesh,2019,4,Ghaziabad,308397,2641213
uttar-pradesh,2019,4,Agra,231728,1984601
uttar-pradesh,2019,4,Varanasi,170849,1463209
uttar-pradesh,2019,4,Meerut,133996,1147589
uttar-pradesh,2019,4,Prayagraj,132966,1138765
uttar-pradesh,2020,1,Lucknow,1396010,11319376
uttar-pradesh,2020,1,Kanpur Nagar,536345,4348889
uttar-pradesh,2020,1,Gautam Buddha Nagar,331025,2684080
uttar-pradesh,2020,1,Ghaziabad,288704,2340925
uttar-pradesh,2020,1,Agra,216931,1758965
uttar-pradesh,2020,1,Varanasi,159939,1296852
uttar-pradesh,2020,1,Meerut,125440,1017116
uttar-pradesh,2020,1,Prayagraj,124475,1009295
uttar-pradesh,2020,2,Lucknow,1254006,9436942
uttar-pradesh,2020,2,Kanpur Nagar,481787,3625661
uttar-pradesh,2020,2,Gautam Buddha Nagar,297353,2237712
uttar-pradesh,2020,2,Ghaziabad,259337,1951625
uttar-pradesh,2020,2,Agra,194865,1466446
uttar-pradesh,2020,2,Varanasi,143670,1081183
uttar-pradesh,2020,2,Meerut,112680,847967
uttar-pradesh,2020,2,Prayagraj,111813,841447
uttar-pradesh,2020,3,Lucknow,1736385,11794409
uttar-pradesh,2020,3,Kanpur Nagar,667116,4531396
uttar-pradesh,2020,3,Gautam Buddha Nagar,411736,2796721
uttar-pradesh,2020,3,Ghaziabad,359096,2439165
uttar-pradesh,2020,3,Agra,269824,1832782
uttar-pradesh,2020,3,Varanasi,198936,1351277
uttar-pradesh,2020,3,Meerut,156025,1059800
uttar-pradesh,2020,3,Prayagraj,154825,1051652
uttar-pradesh,2020,4,Lucknow,1888527,16856143
uttar-pradesh,2020,4,Kanpur Nagar,725569,6476108
uttar-pradesh,2020,4,Gautam Buddha Nagar,447812,3996972
uttar-pradesh,2020,4,Ghaziabad,390560,3485967
uttar-pradesh,2020,4,Agra,293466,2619347
uttar-pradesh,2020,4,Varanasi,216367,1931196
uttar-pradesh,2020,4,Meerut,169695,1514629
uttar-pradesh,2020,4,Prayagraj,168391,1502983
uttar-pradesh,2021,1,Lucknow,1486992,12321785
uttar-pradesh,2021,1,Kanpur Nagar,571300,4734014
uttar-pradesh,2021,1,Gautam Buddha Nagar,352599,2921774
uttar-pradesh,2021,1,Ghaziabad,307520,2548231
uttar-pradesh,2021,1,Agra,231070,1914734
uttar-pradesh,2021,1,Varanasi,170363,1411698
uttar-pradesh,2021,1,Meerut,133615,1107189
uttar-pradesh,2021,1,Prayagraj,132588,1098675
uttar-pradesh,2021,2,Lucknow,1397679,9688729
uttar-pradesh,2021,2,Kanpur Nagar,536986,3722397
uttar-pradesh,2021,2,Gautam Buddha Nagar,331421,2297416
uttar-pradesh,2021,2,Ghaziabad,289049,2003696
uttar-pradesh,2021,2,Agra,217191,1505572
uttar-pradesh,2021,2,Varanasi,160131,1110030
uttar-pradesh,2021,2,Meerut,125590,870592
uttar-pradesh,2021,2,Prayagraj,124624,863898
uttar-pradesh,2021,3,Lucknow,1852018,15160285
uttar-pradesh,2021,3,Kanpur Nagar,711543,5824562
uttar-pradesh,2021,3,Gautam Buddha Nagar,439155,3594846
uttar-pradesh,2021,3,Ghaziabad,383010,3135252
uttar-pradesh,2021,3,Agra,287793,2355820
uttar-pradesh,2021,3,Varanasi,212184,1736903
uttar-pradesh,2021,3,Meerut,166415,1362245
uttar-pradesh,2021,3,Prayagraj,165135,1351771
uttar-pradesh,2021,4,Lucknow,2166541,20196606
uttar-pradesh,2021,4,Kanpur Nagar,832382,7759509
uttar-pradesh,2021,4,Gautam Buddha Nagar,513735,4789072
uttar-pradesh,2021,4,Ghaziabad,448055,4176798
uttar-pradesh,2021,4,Agra,336667,3138435
uttar-pradesh,2021,4,Varanasi,248219,2313911
uttar-pradesh,2021,4,Meerut,194677,1814790
uttar-pradesh,2021,4,Prayagraj,193180,1800836
uttar-pradesh,2022,1,Lucknow,1757642,13211011
uttar-pradesh,2022,1,Kanpur Nagar,675284,5075653
uttar-pradesh,2022,1,Gautam Buddha Nagar,416776,3132629
uttar-pradesh,2022,1,Ghaziabad,363492,2732129
uttar-pradesh,2022,1,Agra,273127,2052914
uttar-pradesh,2022,1,Varanasi,201371,1513576
uttar-pradesh,2022,1,Meerut,157935,1187091
uttar-pradesh,2022,1,Prayagraj,156720,1177963
uttar-pradesh,2022,2,Lucknow,1777648,12533149
uttar-pradesh,2022,2,Kanpur Nagar,682970,4815219
uttar-pradesh,2022,2,Gautam Buddha Nagar,421520,2971893
uttar-pradesh,2022,2,Ghaziabad,367630,2591942
uttar-pradesh,2022,2,Agra,276236,1947578
uttar-pradesh,2022,2,Varanasi,203663,1435914
uttar-pradesh,2022,2,Meerut,159732,1126181
uttar-pradesh,2022,2,Prayagraj,158504,1117522
uttar-pradesh,2022,3,Lucknow,1987017,15740845
uttar-pradesh,2022,3,Kanpur Nagar,763409,6047612
uttar-pradesh,2022,3,Gautam Buddha Nagar,471166,3732510
uttar-pradesh,2022,3,Ghaziabad,410929,3255316
uttar-pradesh,2022,3,Agra,308771,2446036
uttar-pradesh,2022,3,Varanasi,227651,1803417
uttar-pradesh,2022,3,Meerut,178545,1414412
uttar-pradesh,2022,3,Prayagraj,177173,1403537
uttar-pradesh,2022,4,Lucknow,1939581,13948131
uttar-pradesh,2022,4,Kanpur Nagar,745184,5358853
uttar-pradesh,2022,4,Gautam Buddha Nagar,459918,3307417
uttar-pradesh,2022,4,Ghaziabad,401118,2884570
uttar-pradesh,2022,4,Agra,301399,2167458
uttar-pradesh,2022,4,Varanasi,222216,1598027
uttar-pradesh,2022,4,Meerut,174283,1253326
uttar-pradesh,2022,4,Prayagraj,172943,1243689
uttar-pradesh,2023,1,Lucknow,1626990,13258481
uttar-pradesh,2023,1,Kanpur Nagar,625087,5093891
uttar-pradesh,2023,1,Gautam Buddha Nagar,385796,3143886
uttar-pradesh,2023,1,Ghaziabad,336472,2741946
uttar-pradesh,2023,1,Agra,252824,2060291
uttar-pradesh,2023,1,Varanasi,186403,1519014
uttar-pradesh,2023,1,Meerut,146195,1191357
uttar-pradesh,2023,1,Prayagraj,145071,1182196
uttar-pradesh,2023,2,Lucknow,2059342,16417042
uttar-pradesh,2023,2,Kanpur Nagar,791196,6307406
uttar-pradesh,2023,2,Gautam Buddha Nagar,488316,3892852
uttar-pradesh,2023,2,Ghaziabad,425886,3395158
uttar-pradesh,2023,2,Agra,320009,2551113
uttar-pradesh,2023,2,Varanasi,235937,1880889
uttar-pradesh,2023,2,Meerut,185044,1475173
uttar-pradesh,2023,2,Prayagraj,183621,1463830
uttar-pradesh,2023,3,Lucknow,2198566,15759716
uttar-pradesh,2023,3,Kanpur Nagar,844686,6054862
uttar-pradesh,2023,3,Gautam Buddha Nagar,521329,3736985
uttar-pradesh,2023,3,Ghaziabad,454678,3259219
uttar-pradesh,2023,3,Agra,341644,2448968
uttar-pradesh,2023,3,Varanasi,251888,1805579
uttar-pradesh,2023,3,Meerut,197554,1416108
uttar-pradesh,2023,3,Prayagraj,196035,1405220
uttar-pradesh,2023,4,Lucknow,2157644,20432578
uttar-pradesh,2023,4,Kanpur Nagar,828964,7850170
uttar-pradesh,2023,4,Gautam Buddha Nagar,511626,4845026
uttar-pradesh,2023,4,Ghaziabad,446215,4225599
uttar-pradesh,2023,4,Agra,335285,3175104
uttar-pradesh,2023,4,Varanasi,247199,2340946
uttar-pradesh,2023,4,Meerut,193877,1835994
uttar-pradesh,2023,4,Prayagraj,192387,1821877
uttarakhand,2018,1,Uttarakhand District 1,120227,891230
uttarakhand,2018,1,Uttarakhand District 2,57417,425630
uttarakhand,2018,1,Uttarakhand District 3,32638,241942
uttarakhand,2018,1,Uttarakhand District 4,24134,178903
uttarakhand,2018,1,Uttarakhand District 5,18514,137245
uttarakhand,2018,2,Uttarakhand District 1,168059,1345234
uttarakhand,2018,2,Uttarakhand District 2,80261,642451
uttarakhand,2018,2,Uttarakhand District 3,45623,365190
uttarakhand,2018,2,Uttarakhand District 4,33735,270039
uttarakhand,2018,2,Uttarakhand District 5,25880,207160
uttarakhand,2018,3,Uttarakhand District 1,183017,1436841
uttarakhand,2018,3,Uttarakhand District 2,87404,686201
uttarakhand,2018,3,Uttarakhand District 3,49683,390058
uttarakhand,2018,3,Uttarakhand District 4,36738,288428
uttarakhand,2018,3,Uttarakhand District 5,28183,221267
uttarakhand,2018,4,Uttarakhand District 1,229327,1510280
uttarakhand,2018,4,Uttarakhand District 2,109521,721273
uttarakhand,2018,4,Uttarakhand District 3,62255,409995
uttarakhand,2018,4,Uttarakhand District 4,46034,303170
uttarakhand,2018,4,Uttarakhand District 5,35315,232577
uttarakhand,2019,1,Uttarakhand District 1,191152,1675224
uttarakhand,2019,1,Uttarakhand District 2,91289,800047
uttarakhand,2019,1,Uttarakhand District 3,51891,454772
uttarakhand,2019,1,Uttarakhand District 4,38371,336280
uttarakhand,2019,1,Uttarakhand District 5,29436,257977
uttarakhand,2019,2,Uttarakhand District 1,231310,1880563
uttarakhand,2019,2,Uttarakhand District 2,110468,898112
uttarakhand,2019,2,Uttarakhand District 3,62793,510515
uttarakhand,2019,2,Uttarakhand District 4,46432,377500
uttarakhand,2019,2,Uttarakhand District 5,35620,289599
uttarakhand,2019,3,Uttarakhand District 1,273551,2184940
uttarakhand,2019,3,Uttarakhand District 2,130641,1043475
uttarakhand,2019,3,Uttarakhand District 3,74260,593144
uttarakhand,2019,3,Uttarakhand District 4,54912,438600
uttarakhand,2019,3,Uttarakhand District 5,42125,336472
uttarakhand,2019,4,Uttarakhand District 1,268386,1964486
uttarakhand,2019,4,Uttarakhand District 2,128174,938192
uttarakhand,2019,4,Uttarakhand District 3,72858,533298
uttarakhand,2019,4,Uttarakhand District 4,53875,394346
uttarakhand,2019,4,Uttarakhand District 5,41330,302523
uttarakhand,2020,1,Uttarakhand District 1,260446,2075158
uttarakhand,2020,1,Uttarakhand District 2,124383,991045
uttarakhand,2020,1,Uttarakhand District 3,70703,563342
uttarakhand,2020,1,Uttarakhand District 4,52281,416562
uttarakhand,2020,1,Uttarakhand District 5,40107,319565
uttarakhand,2020,2,Uttarakhand District 1,269601,1807505
uttarakhand,2020,2,Uttarakhand District 2,128755,863221
uttarakhand,2020,2,Uttarakhand District 3,73188,490682
uttarakhand,2020,2,Uttarakhand District 4,54119,362834
uttarakhand,2020,2,Uttarakhand District 5,41517,278348
uttarakhand,2020,3,Uttarakhand District 1,259643,2380399
uttarakhand,2020,3,Uttarakhand District 2,123999,1136822
uttarakhand,2020,3,Uttarakhand District 3,70485,646206
uttarakhand,2020,3,Uttarakhand District 4,52120,477836
uttarakhand,2020,3,Uttarakhand District 5,39984,366571
uttarakhand,2020,4,Uttarakhand District 1,310020,2429043
uttarakhand,2020,4,Uttarakhand District 2,148058,1160053
uttarakhand,2020,4,Uttarakhand District 3,84161,659411
uttarakhand,2020,4,Uttarakhand District 4,62232,487600
uttarakhand,2020,4,Uttarakhand District 5,47741,374062
uttarakhand,2021,1,Uttarakhand District 1,266502,1781653
uttarakhand,2021,1,Uttarakhand District 2,127275,850875
uttarakhand,2021,1,Uttarakhand District 3,72347,483664
uttarakhand,2021,1,Uttarakhand District 4,53497,357645
uttarakhand,2021,1,Uttarakhand District 5,41040,274367
uttarakhand,2021,2,Uttarakhand District 1,329137,2923256
uttarakhand,2021,2,Uttarakhand District 2,157188,1396077
uttarakhand,2021,2,Uttarakhand District 3,89350,793575
uttarakhand,2021,2,Uttarakhand District 4,66070,586808
uttarakhand,2021,2,Uttarakhand District 5,50685,450169
uttarakhand,2021,3,Uttarakhand District 1,316114,2588241
uttarakhand,2021,3,Uttarakhand District 2,150968,1236082
uttarakhand,2021,3,Uttarakhand District 3,85815,702628
uttarakhand,2021,3,Uttarakhand District 4,63456,519557
uttarakhand,2021,3,Uttarakhand District 5,48680,398578
uttarakhand,2021,4,Uttarakhand District 1,421296,3105357
uttarakhand,2021,4,Uttarakhand District 2,201200,1483044
uttarakhand,2021,4,Uttarakhand District 3,114369,843010
uttarakhand,2021,4,Uttarakhand District 4,84570,623362
uttarakhand,2021,4,Uttarakhand District 5,64877,478212
uttarakhand,2022,1,Uttarakhand District 1,312628,2614943
uttarakhand,2022,1,Uttarakhand District 2,149303,1248834
uttarakhand,2022,1,Uttarakhand District 3,84869,709877
uttarakhand,2022,1,Uttarakhand District 4,62756,524917
uttarakhand,2022,1,Uttarakhand District 5,48143,402690
uttarakhand,2022,2,Uttarakhand District 1,346352,2634659
uttarakhand,2022,2,Uttarakhand District 2,165409,1258250
uttarakhand,2022,2,Uttarakhand District 3,94024,715229
uttarakhand,2022,2,Uttarakhand District 4,69526,528875
uttarakhand,2022,2,Uttarakhand District 5,53336,405726
uttarakhand,2022,3,Uttarakhand District 1,408659,3012831
uttarakhand,2022,3,Uttarakhand District 2,195166,1438856
uttarakhand,2022,3,Uttarakhand District 3,110938,817892
uttarakhand,2022,3,Uttarakhand District 4,82033,604789
uttarakhand,2022,3,Uttarakhand District 5,62931,463963
uttarakhand,2022,4,Uttarakhand District 1,381882,3382499
uttarakhand,2022,4,Uttarakhand District 2,182378,1615401
uttarakhand,2022,4,Uttarakhand District 3,103669,918245
uttarakhand,2022,4,Uttarakhand District 4,76658,678995
uttarakhand,2022,4,Uttarakhand District 5,58808,520891
uttarakhand,2023,1,Uttarakhand District 1,322602,2989381
uttarakhand,2023,1,Uttarakhand District 2,154067,1427657
uttarakhand,2023,1,Uttarakhand District 3,87576,811526
uttarakhand,2023,1,Uttarakhand District 4,64758,600081
uttarakhand,2023,1,Uttarakhand District 5,49679,460352
uttarakhand,2023,2,Uttarakhand District 1,398979,2943115
uttarakhand,2023,2,Uttarakhand District 2,190543,1405561
uttarakhand,2023,2,Uttarakhand District 3,108310,798966
uttarakhand,2023,2,Uttarakhand District 4,80090,590794
uttarakhand,2023,2,Uttarakhand District 5,61441,453227
uttarakhand,2023,3,Uttarakhand District 1,378689,2786706
uttarakhand,2023,3,Uttarakhand District 2,180853,1330864
uttarakhand,2023,3,Uttarakhand District 3,102802,756506
uttarakhand,2023,3,Uttarakhand District 4,76017,559397
uttarakhand,2023,3,Uttarakhand District 5,58316,429141
uttarakhand,2023,4,Uttarakhand District 1,487510,3642836
uttarakhand,2023,4,Uttarakhand District 2,232823,1739731
uttarakhand,2023,4,Uttarakhand District 3,132344,988919
uttarakhand,2023,4,Uttarakhand District 4,97861,731255
uttarakhand,2023,4,Uttarakhand District 5,75074,560982
west-bengal,2018,1,Kolkata,418948,3566851
west-bengal,2018,1,North 24 Parganas,180812,1539403
west-bengal,2018,1,South 24 Parganas,124349,1058688
west-bengal,2018,1,Howrah,81918,697438
west-bengal,2018,1,Hooghly,70836,603087
west-bengal,2018,1,Bardhaman,56789,483493
west-bengal,2018,2,Kolkata,480637,3414530
west-bengal,2018,2,North 24 Parganas,207436,1473663
west-bengal,2018,2,South 24 Parganas,142659,1013477
west-bengal,2018,2,Howrah,93980,667654
west-bengal,2018,2,Hooghly,81266,577332
west-bengal,2018,2,Bardhaman,65151,462845
west-bengal,2018,3,Kolkata,592320,5523298
west-bengal,2018,3,North 24 Parganas,255637,2383778
west-bengal,2018,3,South 24 Parganas,175808,1639387
west-bengal,2018,3,Howrah,115818,1079988
west-bengal,2018,3,Hooghly,100150,933885
west-bengal,2018,3,Bardhaman,80290,748693
west-bengal,2018,4,Kolkata,651915,4331024
west-bengal,2018,4,North 24 Parganas,281357,1869210
west-bengal,2018,4,South 24 Parganas,193497,1285505
west-bengal,2018,4,Howrah,127471,846859
west-bengal,2018,4,Hooghly,110226,732294
west-bengal,2018,4,Bardhaman,88368,587078
west-bengal,2019,1,Kolkata,661447,5095154
west-bengal,2019,1,North 24 Parganas,285471,2198997
west-bengal,2019,1,South 24 Parganas,196326,1512308
west-bengal,2019,1,Howrah,129334,996272
west-bengal,2019,1,Hooghly,111838,861494
west-bengal,2019,1,Bardhaman,89660,690657
west-bengal,2019,2,Kolkata,725716,6523105
west-bengal,2019,2,North 24 Parganas,313209,2815281
west-bengal,2019,2,South 24 Parganas,215402,1936143
west-bengal,2019,2,Howrah,141901,1275484
west-bengal,2019,2,Hooghly,122705,1102934
west-bengal,2019,2,Bardhaman,98372,884219
west-bengal,2019,3,Kolkata,752995,5840397
west-bengal,2019,3,North 24 Parganas,324982,2520634
west-bengal,2019,3,South 24 Parganas,223498,1733506
west-bengal,2019,3,Howrah,147235,1141991
west-bengal,2019,3,Hooghly,127317,987501
west-bengal,2019,3,Bardhaman,102069,791676
west-bengal,2019,4,Kolkata,884466,7237222
west-bengal,2019,4,North 24 Parganas,381723,3123484
west-bengal,2019,4,South 24 Parganas,262521,2148102
west-bengal,2019,4,Howrah,172942,1415117
west-bengal,2019,4,Hooghly,149546,1223678
west-bengal,2019,4,Bardhaman,119891,981019
west-bengal,2020,1,Kolkata,787616,6143580
west-bengal,2020,1,North 24 Parganas,339924,2651483
west-bengal,2020,1,South 24 Parganas,233774,1823495
west-bengal,2020,1,Howrah,154005,1201274
west-bengal,2020,1,Hooghly,133171,1038763
west-bengal,2020,1,Bardhaman,106762,832773
west-bengal,2020,2,Kolkata,854746,6457762
west-bengal,2020,2,North 24 Parganas,368896,2787080
west-bengal,2020,2,South 24 Parganas,253699,1916748
west-bengal,2020,2,Howrah,167131,1262707
west-bengal,2020,2,Hooghly,144521,1091886
west-bengal,2020,2,Bardhaman,115862,875361
west-bengal,2020,3,Kolkata,894113,6082965
west-bengal,2020,3,North 24 Parganas,385886,2625323
west-bengal,2020,3,South 24 Parganas,265384,1805504
west-bengal,2020,3,Howrah,174828,1189422
west-bengal,2020,3,Hooghly,151177,1028514
west-bengal,2020,3,Bardhaman,121198,824557
west-bengal,2020,4,Kolkata,1024800,9301208
west-bengal,2020,4,North 24 Parganas,442289,4014272
west-bengal,2020,4,South 24 Parganas,304174,2760720
west-bengal,2020,4,Howrah,200382,1818695
west-bengal,2020,4,Hooghly,173274,1572659
west-bengal,2020,4,Bardhaman,138913,1260796
west-bengal,2021,1,Kolkata,918456,6953585
west-bengal,2021,1,North 24 Parganas,396393,3001070
west-bengal,2021,1,South 24 Parganas,272610,2063915
west-bengal,2021,1,Howrah,179588,1359657
west-bengal,2021,1,Hooghly,155293,1175720
west-bengal,2021,1,Bardhaman,124498,942571
west-bengal,2021,2,Kolkata,1081586,8989668
west-bengal,2021,2,North 24 Parganas,466797,3879815
west-bengal,2021,2,South 24 Parganas,321029,2668251
west-bengal,2021,2,Howrah,211486,1757779
west-bengal,2021,2,Hooghly,182875,1519983
west-bengal,2021,2,Bardhaman,146611,1218566
west-bengal,2021,3,Kolkata,957909,7617333
west-bengal,2021,3,North 24 Parganas,413420,3287535
west-bengal,2021,3,South 24 Parganas,284320,2260924
west-bengal,2021,3,Howrah,187303,1489441
west-bengal,2021,3,Hooghly,161964,1287947
west-bengal,2021,3,Bardhaman,129846,1032543
west-bengal,2021,4,Kolkata,1197525,9124017
west-bengal,2021,4,North 24 Parganas,516835,3937799
west-bengal,2021,4,South 24 Parganas,355441,2708128
west-bengal,2021,4,Howrah,234156,1784048
west-bengal,2021,4,Hooghly,202479,1542699
west-bengal,2021,4,Bardhaman,162326,1236777
west-bengal,2022,1,Kolkata,1022579,6806368
west-bengal,2022,1,North 24 Parganas,441331,2937534
west-bengal,2022,1,South 24 Parganas,303515,2020219
west-bengal,2022,1,Howrah,199948,1330871
west-bengal,2022,1,Hooghly,172898,1150828
west-bengal,2022,1,Bardhaman,138612,922615
west-bengal,2022,2,Kolkata,1010157,6838301
west-bengal,2022,2,North 24 Parganas,435969,2951316
west-bengal,2022,2,South 24 Parganas,299827,2029697
west-bengal,2022,2,Howrah,197519,1337115
west-bengal,2022,2,Hooghly,170798,1156228
west-bengal,2022,2,Bardhaman,136928,926944
west-bengal,2022,3,Kolkata,1080371,7926274
west-bengal,2022,3,North 24 Parganas,466273,3420869
west-bengal,2022,3,South 24 Parganas,320668,2352622
west-bengal,2022,3,Howrah,211248,1549850
west-bengal,2022,3,Hooghly,182670,1340183
west-bengal,2022,3,Bardhaman,146446,1074421
west-bengal,2022,4,Kolkata,1362886,10315336
west-bengal,2022,4,North 24 Parganas,588202,4451955
west-bengal,2022,4,South 24 Parganas,404522,3061727
west-bengal,2022,4,Howrah,266489,2016991
west-bengal,2022,4,Hooghly,230438,1744129
west-bengal,2022,4,Bardhaman,184741,1398263
west-bengal,2023,1,Kolkata,1022846,8465272
west-bengal,2023,1,North 24 Parganas,441446,3653493
west-bengal,2023,1,South 24 Parganas,303594,2512603
west-bengal,2023,1,Howrah,200000,1655242
west-bengal,2023,1,Hooghly,172944,1431318
west-bengal,2023,1,Bardhaman,138648,1147483
west-bengal,2023,2,Kolkata,1215906,9851471
west-bengal,2023,2,North 24 Parganas,524768,4251758
west-bengal,2023,2,South 24 Parganas,360896,2924046
west-bengal,2023,2,Howrah,237750,1926290
west-bengal,2023,2,Hooghly,205586,1665698
west-bengal,2023,2,Bardhaman,164818,1335385
west-bengal,2023,3,Kolkata,1364658,10111235
west-bengal,2023,3,North 24 Parganas,588967,4363868
west-bengal,2023,3,South 24 Parganas,405048,3001147
west-bengal,2023,3,Howrah,266836,1977082
west-bengal,2023,3,Hooghly,230738,1709619
west-bengal,2023,3,Bardhaman,184982,1370596
west-bengal,2023,4,Kolkata,1357744,8914396
west-bengal,2023,4,North 24 Parganas,585983,3847329
west-bengal,2023,4,South 24 Parganas,402996,2645909
west-bengal,2023,4,Howrah,265484,1743060
west-bengal,2023,4,Hooghly,229569,1507256
west-bengal,2023,4,Bardhaman,184044,1208363
