state,year,quarter,pincode,txn_count,txn_amount
andaman-&-nicobar-islands,2018,1,772219,38914,30577274.34
andaman-&-nicobar-islands,2018,1,731836,17185,13503363.96
andaman-&-nicobar-islands,2018,1,744374,10998,8642129.52
andaman-&-nicobar-islands,2018,1,748250,7918,6221768.1
andaman-&-nicobar-islands,2018,1,789740,7009,5507701.22
andaman-&-nicobar-islands,2018,1,796851,4934,3877239.34
andaman-&-nicobar-islands,2018,1,717072,4908,3857110.73
andaman-&-nicobar-islands,2018,1,782311,3931,3089287.42
andaman-&-nicobar-islands,2018,1,727468,3841,3018603.85
andaman-&-nicobar-islands,2018,1,771512,3175,2495093.37
andaman-&-nicobar-islands,2018,2,781235,46293,36617797.75
andaman-&-nicobar-islands,2018,2,725074,22950,18153282.23
andaman-&-nicobar-islands,2018,2,798107,15325,12121919.34
andaman-&-nicobar-islands,2018,2,713102,11068,8754760.61
andaman-&-nicobar-islands,2018,2,741283,9245,7313225.65
andaman-&-nicobar-islands,2018,2,794818,7653,6053858.73
andaman-&-nicobar-islands,2018,2,735382,6727,5321621.36
andaman-&-nicobar-islands,2018,2,767555,5340,4224318.9
andaman-&-nicobar-islands,2018,2,721857,4551,3599809.79
andaman-&-nicobar-islands,2018,2,795798,4317,3414745.15
andaman-&-nicobar-islands,2018,3,792356,53340,42118636.25
andaman-&-nicobar-islands,2018,3,753468,28537,22533941.82
andaman-&-nicobar-islands,2018,3,793540,17392,13733198.09
andaman-&-nicobar-islands,2018,3,739155,12132,9579810.68
andaman-&-nicobar-islands,2018,3,769441,10340,8165334.18
andaman-&-nicobar-islands,2018,3,760589,8833,6974962.53
andaman-&-nicobar-islands,2018,3,710985,6959,5495630.03
andaman-&-nicobar-islands,2018,3,725338,6734,5317850.05
andaman-&-nicobar-islands,2018,3,798403,5497,4340946.86
andaman-&-nicobar-islands,2018,3,743974,4786,3779669.77
andaman-&-nicobar-islands,2018,4,764323,60301,47181650.43
andaman-&-nicobar-islands,2018,4,743084,29779,23300385.12
andaman-&-nicobar-islands,2018,4,721061,19627,15356900.57
andaman-&-nicobar-islands,2018,4,790184,14928,11680822.12
andaman-&-nicobar-islands,2018,4,761067,11533,9023860.0
andaman-&-nicobar-islands,2018,4,724938,11058,8652739.22
andaman-&-nicobar-islands,2018,4,716824,8511,6659832.64
andaman-&-nicobar-islands,2018,4,763842,7776,6084408.29
andaman-&-nicobar-islands,2018,4,728539,7192,5627420.22
andaman-&-nicobar-islands,2018,4,773366,6049,4733179.03
andaman-&-nicobar-islands,2019,1,711403,53548,43272309.83
andaman-&-nicobar-islands,2019,1,778841,24367,19691140.84
andaman-&-nicobar-islands,2019,1,778486,16396,13250162.62
andaman-&-nicobar-islands,2019,1,797050,12797,10341281.77
andaman-&-nicobar-islands,2019,1,710564,9584,7745330.55
andaman-&-nicobar-islands,2019,1,748375,8925,7212784.98
andaman-&-nicobar-islands,2019,1,780641,6506,5258152.45
andaman-&-nicobar-islands,2019,1,784135,6491,5246087.8
andaman-&-nicobar-islands,2019,1,740539,5664,4577114.51
andaman-&-nicobar-islands,2019,1,712938,4790,3871434.82
andaman-&-nicobar-islands,2019,2,761372,59885,48309865.87
andaman-&-nicobar-islands,2019,2,735341,31050,25048721.5
andaman-&-nicobar-islands,2019,2,748151,18841,15199714.12
andaman-&-nicobar-islands,2019,2,731822,15926,12847935.54
andaman-&-nicobar-islands,2019,2,719284,12167,9815298.45
andaman-&-nicobar-islands,2019,2,766520,9427,7605239.54
andaman-&-nicobar-islands,2019,2,727751,9317,7516760.94
andaman-&-nicobar-islands,2019,2,739317,7452,6012075.59
andaman-&-nicobar-islands,2019,2,716997,6923,5585008.33
andaman-&-nicobar-islands,2019,2,724160,5974,4819883.35
andaman-&-nicobar-islands,2019,3,742351,64442,51862409.36
andaman-&-nicobar-islands,2019,3,767018,31589,25422557.31
andaman-&-nicobar-islands,2019,3,727797,23433,18858673.04
andaman-&-nicobar-islands,2019,3,750395,14889,11982996.93
andaman-&-nicobar-islands,2019,3,763280,13136,10572372.7
andaman-&-nicobar-islands,2019,3,779453,10232,8234524.68
andaman-&-nicobar-islands,2019,3,775103,9164,7375687.08
andaman-&-nicobar-islands,2019,3,716426,7576,6097322.66
andaman-&-nicobar-islands,2019,3,710487,6441,5184059.23
andaman-&-nicobar-islands,2019,3,729083,6436,5180083.29
andaman-&-nicobar-islands,2019,4,794795,84490,68295027.48
andaman-&-nicobar-islands,2019,4,739974,38696,31278995.01
andaman-&-nicobar-islands,2019,4,796523,25341,20484331.05
andaman-&-nicobar-islands,2019,4,734154,21826,17642608.4
andaman-&-nicobar-islands,2019,4,721201,15279,12351013.78
andaman-&-nicobar-islands,2019,4,732440,12361,9992410.77
andaman-&-nicobar-islands,2019,4,767610,10650,8609076.37
andaman-&-nicobar-islands,2019,4,752363,9588,7750401.97
andaman-&-nicobar-islands,2019,4,782606,8257,6674979.65
andaman-&-nicobar-islands,2019,4,725273,7883,6372462.17
andaman-&-nicobar-islands,2020,1,710132,71528,57255007.63
andaman-&-nicobar-islands,2020,1,798584,35755,28620235.42
andaman-&-nicobar-islands,2020,1,774111,19348,15487588.78
andaman-&-nicobar-islands,2020,1,780008,16644,13322993.8
andaman-&-nicobar-islands,2020,1,779787,12300,9845685.93
andaman-&-nicobar-islands,2020,1,761119,10867,8699108.3
andaman-&-nicobar-islands,2020,1,795952,9402,7526164.21
andaman-&-nicobar-islands,2020,1,742945,7323,5861788.2
andaman-&-nicobar-islands,2020,1,748233,6418,5137380.7
andaman-&-nicobar-islands,2020,1,726217,6105,4887275.11
andaman-&-nicobar-islands,2020,2,796940,69544,56562361.82
andaman-&-nicobar-islands,2020,2,784551,35898,29197193.65
andaman-&-nicobar-islands,2020,2,785453,23762,19326548.18
andaman-&-nicobar-islands,2020,2,753539,18887,15361633.05
andaman-&-nicobar-islands,2020,2,724318,14484,11780769.4
andaman-&-nicobar-islands,2020,2,751911,12565,10219655.39
andaman-&-nicobar-islands,2020,2,713127,10664,8673806.81
andaman-&-nicobar-islands,2020,2,784543,8829,7181231.96
andaman-&-nicobar-islands,2020,2,781273,8233,6696359.96
andaman-&-nicobar-islands,2020,2,773178,6760,5498492.96
andaman-&-nicobar-islands,2020,3,759469,80846,66254566.69
andaman-&-nicobar-islands,2020,3,774280,39340,32239409.18
andaman-&-nicobar-islands,2020,3,772963,22746,18641074.95
andaman-&-nicobar-islands,2020,3,743793,18693,15319413.13
andaman-&-nicobar-islands,2020,3,799629,14993,12287028.47
andaman-&-nicobar-islands,2020,3,787300,11269,9235150.0
andaman-&-nicobar-islands,2020,3,797075,10583,8672958.21
andaman-&-nicobar-islands,2020,3,768191,8921,7311067.0
andaman-&-nicobar-islands,2020,3,799990,8293,6796753.53
andaman-&-nicobar-islands,2020,3,720757,7369,6039182.74
andaman-&-nicobar-islands,2020,4,752717,91329,75228801.86
andaman-&-nicobar-islands,2020,4,745687,47089,38788133.39
andaman-&-nicobar-islands,2020,4,739370,29791,24539144.82
andaman-&-nicobar-islands,2020,4,776001,23650,19481058.12
andaman-&-nicobar-islands,2020,4,788174,19431,16006224.82
andaman-&-nicobar-islands,2020,4,714439,16303,13429208.93
andaman-&-nicobar-islands,2020,4,799075,12878,10607935.35
andaman-&-nicobar-islands,2020,4,757063,11794,9714916.47
andaman-&-nicobar-islands,2020,4,781300,10519,8665188.52
andaman-&-nicobar-islands,2020,4,760213,9309,7667889.85
andaman-&-nicobar-islands,2021,1,764131,74765,61530819.45
andaman-&-nicobar-islands,2021,1,796421,34439,28343393.49
andaman-&-nicobar-islands,2021,1,739277,25374,20882966.9
andaman-&-nicobar-islands,2021,1,724705,19250,15842646.3
andaman-&-nicobar-islands,2021,1,779244,14000,11521829.56
andaman-&-nicobar-islands,2021,1,767434,12441,10239114.47
andaman-&-nicobar-islands,2021,1,735254,10865,8942088.59
andaman-&-nicobar-islands,2021,1,768535,7936,6531981.54
andaman-&-nicobar-islands,2021,1,796705,7627,6277660.46
andaman-&-nicobar-islands,2021,1,761285,7475,6152208.23
andaman-&-nicobar-islands,2021,2,786242,81447,66993896.14
andaman-&-nicobar-islands,2021,2,726124,45455,37388543.82
andaman-&-nicobar-islands,2021,2,721834,26999,22208122.04
andaman-&-nicobar-islands,2021,2,723797,18960,15595449.29
andaman-&-nicobar-islands,2021,2,730955,16926,13922630.21
andaman-&-nicobar-islands,2021,2,777244,12010,9878880.56
andaman-&-nicobar-islands,2021,2,762818,12006,9875575.14
andaman-&-nicobar-islands,2021,2,789187,9823,8080040.5
andaman-&-nicobar-islands,2021,2,747778,8076,6643514.08
andaman-&-nicobar-islands,2021,2,714758,7522,6187210.01
andaman-&-nicobar-islands,2021,3,791524,99886,81842310.28
andaman-&-nicobar-islands,2021,3,790125,43857,35934673.46
andaman-&-nicobar-islands,2021,3,789806,29292,24000978.84
andaman-&-nicobar-islands,2021,3,792771,23241,19042599.67
andaman-&-nicobar-islands,2021,3,747421,17477,14320055.19
andaman-&-nicobar-islands,2021,3,721316,12849,10528173.63
andaman-&-nicobar-islands,2021,3,770653,11388,9330910.71
andaman-&-nicobar-islands,2021,3,790411,10102,8277357.07
andaman-&-nicobar-islands,2021,3,732540,9680,7931855.86
andaman-&-nicobar-islands,2021,3,735765,8286,6789951.6
andaman-&-nicobar-islands,2021,4,715609,113535,95225620.16
andaman-&-nicobar-islands,2021,4,753354,49400,41434076.1
andaman-&-nicobar-islands,2021,4,758770,31029,26025395.64
andaman-&-nicobar-islands,2021,4,743402,23764,19932004.4
andaman-&-nicobar-islands,2021,4,772594,19360,16238567.57
andaman-&-nicobar-islands,2021,4,729555,15799,13251216.49
andaman-&-nicobar-islands,2021,4,775008,14617,12260441.13
andaman-&-nicobar-islands,2021,4,785335,12729,10676549.0
andaman-&-nicobar-islands,2021,4,731760,10854,9103915.08
andaman-&-nicobar-islands,2021,4,763330,10435,8753007.09
andaman-&-nicobar-islands,2022,1,741128,86087,72528640.69
andaman-&-nicobar-islands,2022,1,719583,41193,34705764.74
andaman-&-nicobar-islands,2022,1,729292,30677,25845489.06
andaman-&-nicobar-islands,2022,1,754863,19418,16360526.71
andaman-&-nicobar-islands,2022,1,794861,16236,13679122.41
andaman-&-nicobar-islands,2022,1,794661,13908,11717862.17
andaman-&-nicobar-islands,2022,1,786670,12360,10413688.24
andaman-&-nicobar-islands,2022,1,760562,11017,9282614.38
andaman-&-nicobar-islands,2022,1,758685,8660,7296105.39
andaman-&-nicobar-islands,2022,1,713886,8366,7048740.09
andaman-&-nicobar-islands,2022,2,793799,95684,80241954.73
andaman-&-nicobar-islands,2022,2,728712,43762,36699389.44
andaman-&-nicobar-islands,2022,2,754928,27956,23444649.94
andaman-&-nicobar-islands,2022,2,716137,22715,19049412.13
andaman-&-nicobar-islands,2022,2,770053,16959,14222244.33
andaman-&-nicobar-islands,2022,2,771914,14856,12458578.12
andaman-&-nicobar-islands,2022,2,710826,11696,9809176.26
andaman-&-nicobar-islands,2022,2,748379,10381,8705987.52
andaman-&-nicobar-islands,2022,2,731962,9321,7817024.42
andaman-&-nicobar-islands,2022,2,783498,8481,7112428.83
andaman-&-nicobar-islands,2022,3,786908,109244,91356074.39
andaman-&-nicobar-islands,2022,3,710447,51524,43087264.38
andaman-&-nicobar-islands,2022,3,754861,33193,27758139.89
andaman-&-nicobar-islands,2022,3,766219,25188,21063744.46
andaman-&-nicobar-islands,2022,3,771140,19549,16348703.7
andaman-&-nicobar-islands,2022,3,729899,15979,13362602.63
andaman-&-nicobar-islands,2022,3,791471,14244,11912314.07
andaman-&-nicobar-islands,2022,3,734263,11061,9250306.22
andaman-&-nicobar-islands,2022,3,780433,10880,9098836.82
andaman-&-nicobar-islands,2022,3,737583,8200,6857936.42
andaman-&-nicobar-islands,2022,4,717824,122169,102853972.73
andaman-&-nicobar-islands,2022,4,724635,59329,49949224.97
andaman-&-nicobar-islands,2022,4,716584,36437,30676260.26
andaman-&-nicobar-islands,2022,4,780508,28813,24258161.96
andaman-&-nicobar-islands,2022,4,714896,19687,16574927.09
andaman-&-nicobar-islands,2022,4,738912,19173,16142100.81
andaman-&-nicobar-islands,2022,4,775365,14879,12527318.28
andaman-&-nicobar-islands,2022,4,783590,12153,10232063.22
andaman-&-nicobar-islands,2022,4,722010,11969,10076737.11
andaman-&-nicobar-islands,2022,4,794245,10779,9075031.28
andaman-&-nicobar-islands,2023,1,750307,94824,80884758.78
andaman-&-nicobar-islands,2023,1,728597,46576,39729424.71
andaman-&-nicobar-islands,2023,1,719656,28183,24039958.2
andaman-&-nicobar-islands,2023,1,763245,19763,16858557.83
andaman-&-nicobar-islands,2023,1,745448,17938,15301119.96
andaman-&-nicobar-islands,2023,1,772726,12680,10816619.93
andaman-&-nicobar-islands,2023,1,717774,10870,9272591.86
andaman-&-nicobar-islands,2023,1,785376,10105,8620157.1
andaman-&-nicobar-islands,2023,1,747806,9558,8153611.71
andaman-&-nicobar-islands,2023,1,784307,7528,6421437.12
andaman-&-nicobar-islands,2023,2,771275,100859,85460104.58
andaman-&-nicobar-islands,2023,2,752557,58048,49185894.09
andaman-&-nicobar-islands,2023,2,786354,32113,27210442.85
andaman-&-nicobar-islands,2023,2,795620,23615,20009866.96
andaman-&-nicobar-islands,2023,2,781812,20774,17602253.5
andaman-&-nicobar-islands,2023,2,711245,17224,14594853.98
andaman-&-nicobar-islands,2023,2,737716,13379,11337024.87
andaman-&-nicobar-islands,2023,2,767275,12992,11009069.55
andaman-&-nicobar-islands,2023,2,729783,11369,9633414.25
andaman-&-nicobar-islands,2023,2,783019,9283,7866115.86
andaman-&-nicobar-islands,2023,3,772516,110857,94630509.16
andaman-&-nicobar-islands,2023,3,739346,55881,47701930.1
andaman-&-nicobar-islands,2023,3,787820,33116,28268650.4
andaman-&-nicobar-islands,2023,3,785194,27709,23653185.31
andaman-&-nicobar-islands,2023,3,770428,20283,17314733.9
andaman-&-nicobar-islands,2023,3,744600,17388,14843020.1
andaman-&-nicobar-islands,2023,3,758744,14717,12562923.51
andaman-&-nicobar-islands,2023,3,731153,13100,11182477.49
andaman-&-nicobar-islands,2023,3,774385,10532,8990945.91
andaman-&-nicobar-islands,2023,3,792595,9919,8467278.51
andaman-&-nicobar-islands,2023,4,770199,125557,106418637.98
andaman-&-nicobar-islands,2023,4,781474,70394,59664386.66
andaman-&-nicobar-islands,2023,4,761302,40755,34543287.73
andaman-&-nicobar-islands,2023,4,798933,31428,26637666.21
andaman-&-nicobar-islands,2023,4,739165,24381,20665095.17
andaman-&-nicobar-islands,2023,4,763339,19253,16318777.65
andaman-&-nicobar-islands,2023,4,732590,19145,16227030.07
andaman-&-nicobar-islands,2023,4,772024,15943,13513266.29
andaman-&-nicobar-islands,2023,4,710133,13059,11068866.64
andaman-&-nicobar-islands,2023,4,712559,11916,10099914.11
andhra-pradesh,2018,1,566419,2057641,1619638640.63
andhra-pradesh,2018,1,595430,1096852,863369334.06
andhra-pradesh,2018,1,581094,665674,523974940.07
andhra-pradesh,2018,1,574173,552961,435254329.05
andhra-pradesh,2018,1,537392,430158,338592105.97
andhra-pradesh,2018,1,579347,331544,260969611.71
andhra-pradesh,2018,1,532400,300401,236456142.53
andhra-pradesh,2018,1,542277,255225,200896827.92
andhra-pradesh,2018,1,552355,215432,169573973.46
andhra-pradesh,2018,1,529149,191994,151125177.33
andhra-pradesh,2018,2,589571,2677661,2096714645.55
andhra-pradesh,2018,2,517573,1215296,951624949.16
andhra-pradesh,2018,2,517317,843221,660275915.25
andhra-pradesh,2018,2,567059,571113,447204760.05
andhra-pradesh,2018,2,542699,482589,377886649.85
andhra-pradesh,2018,2,589248,345059,270194962.53
andhra-pradesh,2018,2,522765,305636,239325335.55
andhra-pradesh,2018,2,525663,297452,232916725.79
andhra-pradesh,2018,2,594714,254106,198975235.99
andhra-pradesh,2018,2,555879,222426,174168882.7
andhra-pradesh,2018,3,557873,3358132,2668326555.08
andhra-pradesh,2018,3,576777,1511350,1200898566.0
andhra-pradesh,2018,3,573126,967171,768501165.46
andhra-pradesh,2018,3,572116,673790,535384706.34
andhra-pradesh,2018,3,592515,544669,432786596.39
andhra-pradesh,2018,3,562584,441096,350489647.04
andhra-pradesh,2018,3,525678,415092,329827165.71
andhra-pradesh,2018,3,514500,396660,315181353.36
andhra-pradesh,2018,3,597816,307151,244058500.02
andhra-pradesh,2018,3,511261,297489,236380876.42
andhra-pradesh,2018,4,595500,3743324,3002306229.29
andhra-pradesh,2018,4,571504,1585362,1271528695.2
andhra-pradesh,2018,4,534950,1138162,912854539.83
andhra-pradesh,2018,4,591117,837313,671561122.14
andhra-pradesh,2018,4,542641,656170,526277123.09
andhra-pradesh,2018,4,513780,521216,418037573.58
andhra-pradesh,2018,4,595769,451653,362245703.18
andhra-pradesh,2018,4,552175,437817,351148145.64
andhra-pradesh,2018,4,580654,333634,267588914.02
andhra-pradesh,2018,4,549418,296716,237979479.2
andhra-pradesh,2019,1,518728,3187342,2495716954.92
andhra-pradesh,2019,1,516644,1538377,1204562750.16
andhra-pradesh,2019,1,516114,1002237,784760537.35
andhra-pradesh,2019,1,578294,856545,670682664.75
andhra-pradesh,2019,1,520461,692349,542115650.57
andhra-pradesh,2019,1,555605,538771,421863015.62
andhra-pradesh,2019,1,519829,481701,377176738.49
andhra-pradesh,2019,1,576404,414316,324413686.1
andhra-pradesh,2019,1,542491,324103,253775636.84
andhra-pradesh,2019,1,568183,289848,226953915.93
andhra-pradesh,2019,2,556276,3358406,2627019188.34
andhra-pradesh,2019,2,593605,1711033,1338407855.99
andhra-pradesh,2019,2,566607,1202973,940992044.79
andhra-pradesh,2019,2,571299,858166,671276752.19
andhra-pradesh,2019,2,529672,713977,558489057.78
andhra-pradesh,2019,2,569680,556359,435196848.92
andhra-pradesh,2019,2,596773,501918,392611963.16
andhra-pradesh,2019,2,541554,415941,325358609.27
andhra-pradesh,2019,2,540325,375294,293563261.1
andhra-pradesh,2019,2,532088,319320,249779707.36
andhra-pradesh,2019,3,573488,3796026,3049437728.99
andhra-pradesh,2019,3,513660,1767372,1419772088.55
andhra-pradesh,2019,3,595123,1249747,1003952128.77
andhra-pradesh,2019,3,565132,982142,788978678.17
andhra-pradesh,2019,3,566221,673094,540712898.97
andhra-pradesh,2019,3,532884,578191,464475205.91
andhra-pradesh,2019,3,530576,546320,438872038.06
andhra-pradesh,2019,3,538327,465182,373691919.96
andhra-pradesh,2019,3,562445,402272,323155103.38
andhra-pradesh,2019,3,542820,329553,264737940.13
andhra-pradesh,2019,4,575784,4734072,3842542730.44
andhra-pradesh,2019,4,593188,2117781,1718956379.27
andhra-pradesh,2019,4,586028,1449977,1176914886.12
andhra-pradesh,2019,4,585989,1124104,912410872.12
andhra-pradesh,2019,4,559762,885471,718717403.12
andhra-pradesh,2019,4,515526,685234,556189853.64
andhra-pradesh,2019,4,520459,647823,525824472.44
andhra-pradesh,2019,4,510438,513384,416702644.49
andhra-pradesh,2019,4,575382,499480,405417432.63
andhra-pradesh,2019,4,571772,414666,336575794.96
andhra-pradesh,2020,1,547607,3880558,3133465548.41
andhra-pradesh,2020,1,599502,1745464,1409424218.74
andhra-pradesh,2020,1,577116,1340672,1082563745.0
andhra-pradesh,2020,1,513835,926428,748070781.87
andhra-pradesh,2020,1,552358,749007,604807147.29
andhra-pradesh,2020,1,516947,611016,493382106.11
andhra-pradesh,2020,1,589817,480287,387821429.24
andhra-pradesh,2020,1,592834,479231,386968972.56
andhra-pradesh,2020,1,588275,421074,340008682.28
andhra-pradesh,2020,1,518177,340833,275215354.18
andhra-pradesh,2020,2,519992,4099031,3360242642.1
andhra-pradesh,2020,2,545589,2028466,1662866417.67
andhra-pradesh,2020,2,534089,1477195,1210953050.4
andhra-pradesh,2020,2,578730,1036677,849832006.04
andhra-pradesh,2020,2,554608,837679,686700427.22
andhra-pradesh,2020,2,544809,702371,575779558.0
andhra-pradesh,2020,2,544671,556044,455825596.08
andhra-pradesh,2020,2,549286,490832,402367330.79
andhra-pradesh,2020,2,537377,487716,399812930.41
andhra-pradesh,2020,2,559386,436088,357490212.97
andhra-pradesh,2020,3,543560,4740950,3862572161.92
andhra-pradesh,2020,3,590234,2206476,1797671976.18
andhra-pradesh,2020,3,545754,1618989,1319031719.35
andhra-pradesh,2020,3,574732,1134625,924407861.97
andhra-pradesh,2020,3,552433,927401,755577510.56
andhra-pradesh,2020,3,558698,723084,589114927.11
andhra-pradesh,2020,3,571405,627846,511522180.06
andhra-pradesh,2020,3,519416,558005,454621448.06
andhra-pradesh,2020,3,581205,458082,373211126.99
andhra-pradesh,2020,3,524118,449593,366294857.51
andhra-pradesh,2020,4,518004,5013752,4111053173.88
andhra-pradesh,2020,4,566666,2802081,2297581189.54
andhra-pradesh,2020,4,516758,1830207,1500688149.78
andhra-pradesh,2020,4,576553,1180580,968023345.16
andhra-pradesh,2020,4,529197,982235,805389145.37
andhra-pradesh,2020,4,586669,783324,642290674.16
andhra-pradesh,2020,4,597776,763701,626200738.8
andhra-pradesh,2020,4,511973,591107,484681786.31
andhra-pradesh,2020,4,561649,557466,457097549.03
andhra-pradesh,2020,4,519916,524183,429807169.97
andhra-pradesh,2021,1,572016,4627062,3820290866.43
andhra-pradesh,2021,1,589173,2017253,1665526658.74
andhra-pradesh,2021,1,529412,1402127,1157653322.2
andhra-pradesh,2021,1,513714,1032178,852208399.21
andhra-pradesh,2021,1,579776,844368,697144935.68
andhra-pradesh,2021,1,520013,722968,596911973.13
andhra-pradesh,2021,1,523105,624165,515336265.92
andhra-pradesh,2021,1,555267,542540,447943652.0
andhra-pradesh,2021,1,519811,487803,402750209.42
andhra-pradesh,2021,1,540642,374463,309172562.78
andhra-pradesh,2021,2,520956,4323497,3519762902.0
andhra-pradesh,2021,2,526970,2238435,1822311867.47
andhra-pradesh,2021,2,516185,1650538,1343704278.33
andhra-pradesh,2021,2,522834,1219718,992973890.05
andhra-pradesh,2021,2,550238,956314,778536367.34
andhra-pradesh,2021,2,548834,792544,645211112.21
andhra-pradesh,2021,2,527271,581979,473789615.92
andhra-pradesh,2021,2,533808,551102,448653134.9
andhra-pradesh,2021,2,544635,522901,425694533.56
andhra-pradesh,2021,2,515595,455069,370472718.06
andhra-pradesh,2021,3,516154,5525793,4574164750.32
andhra-pradesh,2021,3,525579,2341202,1938010773.94
andhra-pradesh,2021,3,548617,1632563,1351410785.59
andhra-pradesh,2021,3,528081,1248960,1033869525.39
andhra-pradesh,2021,3,535906,939696,777865764.34
andhra-pradesh,2021,3,559241,853537,706544985.33
andhra-pradesh,2021,3,543597,653540,540990477.51
andhra-pradesh,2021,3,513291,572026,473514751.87
andhra-pradesh,2021,3,591589,553253,457974812.48
andhra-pradesh,2021,3,553055,450191,372661314.21
andhra-pradesh,2021,4,516978,6436856,5451356034.5
andhra-pradesh,2021,4,543023,2949248,2497710018.57
andhra-pradesh,2021,4,539648,1990464,1685718948.01
andhra-pradesh,2021,4,549794,1289771,1092304017.15
andhra-pradesh,2021,4,579380,1024992,868063149.09
andhra-pradesh,2021,4,532813,970848,822208741.04
andhra-pradesh,2021,4,550736,798472,676224532.79
andhra-pradesh,2021,4,586208,707197,598923868.77
andhra-pradesh,2021,4,551194,627202,531176240.0
andhra-pradesh,2021,4,531191,529738,448633988.65
andhra-pradesh,2022,1,570966,5335867,4526138425.38
andhra-pradesh,2022,1,578802,2434381,2064959210.78
andhra-pradesh,2022,1,515540,1630918,1383423257.7
andhra-pradesh,2022,1,519302,1058159,897581193.69
andhra-pradesh,2022,1,597252,893424,757845479.36
andhra-pradesh,2022,1,517502,790708,670716636.61
andhra-pradesh,2022,1,533803,656227,556643157.34
andhra-pradesh,2022,1,522039,523487,444047004.85
andhra-pradesh,2022,1,544687,484630,411086674.65
andhra-pradesh,2022,1,560959,471736,400149697.65
andhra-pradesh,2022,2,590963,6026623,5052973552.23
andhra-pradesh,2022,2,564636,2493569,2090713432.96
andhra-pradesh,2022,2,528659,1657887,1390042733.98
andhra-pradesh,2022,2,568589,1295939,1086569873.72
andhra-pradesh,2022,2,568045,1088393,912554726.1
andhra-pradesh,2022,2,553817,864342,724701405.07
andhra-pradesh,2022,2,578379,676143,566906996.8
andhra-pradesh,2022,2,579597,575482,482509005.02
andhra-pradesh,2022,2,532086,527996,442694669.19
andhra-pradesh,2022,2,586640,524811,440023942.47
andhra-pradesh,2022,3,525417,6300432,5259660061.39
andhra-pradesh,2022,3,587038,2847710,2377295312.84
andhra-pradesh,2022,3,594276,1752209,1462761220.33
andhra-pradesh,2022,3,570461,1284622,1072415244.01
andhra-pradesh,2022,3,513064,1093470,912839656.12
andhra-pradesh,2022,3,536821,955621,797761947.01
andhra-pradesh,2022,3,528754,742433,619790716.34
andhra-pradesh,2022,3,552782,704962,588509452.71
andhra-pradesh,2022,3,560284,625114,521851311.26
andhra-pradesh,2022,3,561883,493068,411617855.34
andhra-pradesh,2022,4,578192,6595914,5546569602.91
andhra-pradesh,2022,4,566176,3746263,3150270205.71
andhra-pradesh,2022,4,594990,2120590,1783225375.97
andhra-pradesh,2022,4,578362,1627544,1368617876.28
andhra-pradesh,2022,4,513028,1359651,1143344529.95
andhra-pradesh,2022,4,569542,1003217,843615136.85
andhra-pradesh,2022,4,516326,927738,780144295.75
andhra-pradesh,2022,4,596469,856563,720293046.63
andhra-pradesh,2022,4,529873,658646,553862348.57
andhra-pradesh,2022,4,514499,650224,546780205.86
andhra-pradesh,2023,1,564784,5336516,4571414275.81
andhra-pradesh,2023,1,555224,2407079,2061974096.32
andhra-pradesh,2023,1,553988,1603898,1373945562.85
andhra-pradesh,2023,1,588831,1328586,1138105663.46
andhra-pradesh,2023,1,527723,1066165,913307991.09
andhra-pradesh,2023,1,570906,832442,713094178.2
andhra-pradesh,2023,1,526409,697368,597386280.52
andhra-pradesh,2023,1,522494,621934,532766891.59
andhra-pradesh,2023,1,587172,590142,505532988.2
andhra-pradesh,2023,1,539941,503241,431090934.43
andhra-pradesh,2023,2,552557,6504764,5496688742.31
andhra-pradesh,2023,2,556070,3099901,2619494038.86
andhra-pradesh,2023,2,577407,1699870,1436433371.68
andhra-pradesh,2023,2,543642,1462632,1235961184.04
andhra-pradesh,2023,2,574240,1042076,880580678.0
andhra-pradesh,2023,2,517535,815788,689361594.95
andhra-pradesh,2023,2,570903,700592,592018416.34
andhra-pradesh,2023,2,528477,626508,529414983.23
andhra-pradesh,2023,2,598738,606293,512333088.59
andhra-pradesh,2023,2,590087,476444,402607116.47
andhra-pradesh,2023,3,599212,6687555,5774446420.23
andhra-pradesh,2023,3,518554,3004561,2594323403.15
andhra-pradesh,2023,3,596164,2024564,1748133603.57
andhra-pradesh,2023,3,560749,1610966,1391007317.9
andhra-pradesh,2023,3,560278,1251928,1080992308.89
andhra-pradesh,2023,3,586481,993458,857812808.78
andhra-pradesh,2023,3,556156,788071,680469712.08
andhra-pradesh,2023,3,598864,757689,654235811.96
andhra-pradesh,2023,3,533447,612271,528672540.61
andhra-pradesh,2023,3,575350,578035,499110987.82
andhra-pradesh,2023,4,518976,7292138,6419943393.3
andhra-pradesh,2023,4,518887,3725198,3279636916.28
andhra-pradesh,2023,4,542154,2400311,2113216100.65
andhra-pradesh,2023,4,516439,1714774,1509674395.46
andhra-pradesh,2023,4,518313,1435529,1263829243.81
andhra-pradesh,2023,4,523843,1083290,953720939.08
andhra-pradesh,2023,4,510638,948814,835329138.64
andhra-pradesh,2023,4,586537,759954,669058176.36
andhra-pradesh,2023,4,517357,758548,667820711.81
andhra-pradesh,2023,4,528830,630665,555233209.23
arunachal-pradesh,2018,1,793518,77985,61040755.3
arunachal-pradesh,2018,1,796042,35926,28120325.69
arunachal-pradesh,2018,1,718923,24678,19316365.15
arunachal-pradesh,2018,1,765429,19618,15355556.36
arunachal-pradesh,2018,1,716068,13163,10303252.81
arunachal-pradesh,2018,1,751021,11072,8666583.22
arunachal-pradesh,2018,1,726220,10218,7998464.81
arunachal-pradesh,2018,1,796754,7914,6194621.46
arunachal-pradesh,2018,1,760481,7059,5525915.07
arunachal-pradesh,2018,1,790741,6266,4905212.93
arunachal-pradesh,2018,2,777436,92760,73919623.04
arunachal-pradesh,2018,2,730643,45762,36467853.33
arunachal-pradesh,2018,2,779310,30786,24533614.38
arunachal-pradesh,2018,2,755854,21561,17181917.81
arunachal-pradesh,2018,2,780048,18147,14461176.31
arunachal-pradesh,2018,2,754928,14133,11262442.29
arunachal-pradesh,2018,2,760116,11316,9017624.26
arunachal-pradesh,2018,2,760805,10153,8091006.34
arunachal-pradesh,2018,2,770265,9356,7456069.13
arunachal-pradesh,2018,2,798258,8602,6855618.3
arunachal-pradesh,2018,3,712802,106668,83335295.12
arunachal-pradesh,2018,3,736009,49228,38459917.57
arunachal-pradesh,2018,3,742137,33796,26404057.64
arunachal-pradesh,2018,3,794798,24284,18972569.52
arunachal-pradesh,2018,3,711134,19447,15193765.13
arunachal-pradesh,2018,3,712177,14840,11594183.09
arunachal-pradesh,2018,3,755772,14660,11453663.68
arunachal-pradesh,2018,3,750119,11526,9005296.02
arunachal-pradesh,2018,3,769572,11158,8717503.96
arunachal-pradesh,2018,3,711215,9552,7463125.15
arunachal-pradesh,2018,4,754535,122832,99319921.06
arunachal-pradesh,2018,4,796782,69667,56331476.32
arunachal-pradesh,2018,4,751979,38791,31366382.61
arunachal-pradesh,2018,4,724433,31595,25547667.96
arunachal-pradesh,2018,4,717888,24255,19612238.18
arunachal-pradesh,2018,4,792407,21683,17533196.89
arunachal-pradesh,2018,4,742979,18476,14939693.61
arunachal-pradesh,2018,4,738094,14007,11326186.65
arunachal-pradesh,2018,4,720215,13817,11172544.84
arunachal-pradesh,2018,4,735575,10871,8790461.72
arunachal-pradesh,2019,1,769053,106171,84413270.19
arunachal-pradesh,2019,1,749037,49794,39590125.12
arunachal-pradesh,2019,1,777364,34452,27392116.46
arunachal-pradesh,2019,1,715985,27831,22127863.89
arunachal-pradesh,2019,1,745931,21763,17303425.48
arunachal-pradesh,2019,1,783000,17759,14120076.36
arunachal-pradesh,2019,1,749966,13648,10851719.29
arunachal-pradesh,2019,1,718541,12673,10075903.29
arunachal-pradesh,2019,1,789832,11958,9508130.67
arunachal-pradesh,2019,1,794677,8981,7141087.15
arunachal-pradesh,2019,2,725166,120849,97800900.94
arunachal-pradesh,2019,2,717627,58190,47092096.56
arunachal-pradesh,2019,2,746006,39142,31676995.88
arunachal-pradesh,2019,2,768521,31967,25870614.16
arunachal-pradesh,2019,2,778724,22080,17869220.4
arunachal-pradesh,2019,2,724413,18857,15260973.37
arunachal-pradesh,2019,2,715588,15865,12839183.15
arunachal-pradesh,2019,2,781651,15205,12305602.72
arunachal-pradesh,2019,2,789902,12007,9717689.27
arunachal-pradesh,2019,2,778712,10847,8778873.4
arunachal-pradesh,2019,3,755154,121616,97951735.54
arunachal-pradesh,2019,3,778844,69679,56121312.69
arunachal-pradesh,2019,3,766786,39194,31568131.21
arunachal-pradesh,2019,3,727755,34191,27538659.37
arunachal-pradesh,2019,3,774863,26087,21011519.28
arunachal-pradesh,2019,3,770077,21200,17075144.7
arunachal-pradesh,2019,3,765253,17569,14150729.96
arunachal-pradesh,2019,3,755702,15267,12297088.2
arunachal-pradesh,2019,3,732505,13693,11029293.67
arunachal-pradesh,2019,3,724662,12333,9933587.77
arunachal-pradesh,2019,4,754533,164884,132334439.88
arunachal-pradesh,2019,4,747132,80883,64916135.6
arunachal-pradesh,2019,4,748149,51136,41041570.87
arunachal-pradesh,2019,4,743053,33874,27187344.49
arunachal-pradesh,2019,4,784419,29790,23909665.53
arunachal-pradesh,2019,4,725900,23875,19162420.2
arunachal-pradesh,2019,4,748325,21265,17067443.3
arunachal-pradesh,2019,4,765384,18067,14500649.94
arunachal-pradesh,2019,4,757015,15706,12606067.7
arunachal-pradesh,2019,4,760726,14639,11749390.94
arunachal-pradesh,2020,1,721169,140548,115841541.06
arunachal-pradesh,2020,1,723392,61964,51071758.95
arunachal-pradesh,2020,1,711798,39743,32757177.64
arunachal-pradesh,2020,1,762718,31257,25762986.59
arunachal-pradesh,2020,1,773241,25179,20753450.32
arunachal-pradesh,2020,1,750781,21043,17344115.91
arunachal-pradesh,2020,1,772696,17816,14684573.01
arunachal-pradesh,2020,1,725252,15012,12373074.13
arunachal-pradesh,2020,1,750994,12856,10596607.63
arunachal-pradesh,2020,1,738596,12510,10311617.58
arunachal-pradesh,2020,2,713943,140675,115272095.94
arunachal-pradesh,2020,2,763025,79980,65538016.48
arunachal-pradesh,2020,2,784374,49967,40944739.52
arunachal-pradesh,2020,2,769845,39278,32185571.45
arunachal-pradesh,2020,2,795322,30618,25089239.65
arunachal-pradesh,2020,2,764279,25309,20739165.1
arunachal-pradesh,2020,2,773517,21210,17380716.5
arunachal-pradesh,2020,2,764507,17445,14294909.37
arunachal-pradesh,2020,2,713974,14412,11810034.1
arunachal-pradesh,2020,2,757214,13356,10944939.13
arunachal-pradesh,2020,3,711072,151535,125541501.81
arunachal-pradesh,2020,3,711146,81815,67781199.12
arunachal-pradesh,2020,3,726733,52082,43148192.3
arunachal-pradesh,2020,3,729403,37193,30813189.54
arunachal-pradesh,2020,3,717152,28077,23261157.73
arunachal-pradesh,2020,3,753094,24367,20187963.8
arunachal-pradesh,2020,3,777998,22499,18640034.99
arunachal-pradesh,2020,3,715264,18095,14991069.88
arunachal-pradesh,2020,3,771588,16595,13749081.04
arunachal-pradesh,2020,3,799150,13848,11473103.13
arunachal-pradesh,2020,4,723939,170936,139276302.43
arunachal-pradesh,2020,4,763023,82559,67267985.27
arunachal-pradesh,2020,4,762339,60930,49645263.77
arunachal-pradesh,2020,4,760777,47535,38731538.98
arunachal-pradesh,2020,4,768265,33269,27107874.31
arunachal-pradesh,2020,4,759234,28501,23222254.45
arunachal-pradesh,2020,4,744328,25671,20916918.0
arunachal-pradesh,2020,4,762391,22405,18255464.33
arunachal-pradesh,2020,4,726941,17941,14618851.68
arunachal-pradesh,2020,4,788068,17725,14442672.87
arunachal-pradesh,2021,1,725013,152934,125831568.17
arunachal-pradesh,2021,1,797109,63379,52147348.91
arunachal-pradesh,2021,1,730653,46837,38536471.09
arunachal-pradesh,2021,1,747461,35525,29229305.15
arunachal-pradesh,2021,1,721570,29169,24000069.6
arunachal-pradesh,2021,1,759854,21348,17565051.63
arunachal-pradesh,2021,1,799747,20516,16880471.26
arunachal-pradesh,2021,1,739095,15138,12455252.98
arunachal-pradesh,2021,1,779538,14047,11558017.49
arunachal-pradesh,2021,1,738366,12695,10445338.01
arunachal-pradesh,2021,2,778386,170956,141661964.77
arunachal-pradesh,2021,2,723841,81887,67855849.59
arunachal-pradesh,2021,2,766919,50578,41911348.72
arunachal-pradesh,2021,2,757229,36766,30466041.17
arunachal-pradesh,2021,2,720132,33062,27397334.09
arunachal-pradesh,2021,2,718433,26522,21977876.86
arunachal-pradesh,2021,2,761694,22193,18390211.72
arunachal-pradesh,2021,2,765871,19127,15849823.0
arunachal-pradesh,2021,2,711471,17362,14387032.29
arunachal-pradesh,2021,2,720766,14650,12140113.84
arunachal-pradesh,2021,3,771076,197793,161070499.61
arunachal-pradesh,2021,3,719253,81330,66230649.4
arunachal-pradesh,2021,3,755065,53206,43328189.9
arunachal-pradesh,2021,3,767010,41664,33928691.78
arunachal-pradesh,2021,3,722796,35479,28892396.63
arunachal-pradesh,2021,3,771214,28837,23483099.81
arunachal-pradesh,2021,3,718384,25443,20719243.98
arunachal-pradesh,2021,3,746587,20148,16407232.49
arunachal-pradesh,2021,3,728779,18324,14922245.04
arunachal-pradesh,2021,3,795826,15579,12687149.21
arunachal-pradesh,2021,4,788166,197969,162775825.48
arunachal-pradesh,2021,4,736593,96555,79390591.62
arunachal-pradesh,2021,4,772128,67165,55225537.41
arunachal-pradesh,2021,4,750028,48974,40268529.81
arunachal-pradesh,2021,4,743417,40772,33523995.52
arunachal-pradesh,2021,4,739047,32522,26740838.35
arunachal-pradesh,2021,4,732989,29440,24206976.5
arunachal-pradesh,2021,4,796131,26128,21483323.85
arunachal-pradesh,2021,4,739550,19722,16216788.91
arunachal-pradesh,2021,4,734799,18103,14884970.42
arunachal-pradesh,2022,1,768536,167298,139340221.52
arunachal-pradesh,2022,1,714498,83692,69706388.58
arunachal-pradesh,2022,1,764140,51947,43266220.63
arunachal-pradesh,2022,1,776135,40922,34083310.07
arunachal-pradesh,2022,1,786483,30659,25536128.4
arunachal-pradesh,2022,1,717243,28039,23353891.07
arunachal-pradesh,2022,1,738333,22549,18781334.83
arunachal-pradesh,2022,1,758242,18771,15634806.48
arunachal-pradesh,2022,1,750905,17235,14354998.52
arunachal-pradesh,2022,1,740208,14103,11746557.84
arunachal-pradesh,2022,2,762988,181982,150556841.99
arunachal-pradesh,2022,2,743334,92780,76758984.65
arunachal-pradesh,2022,2,730836,58824,48666219.36
arunachal-pradesh,2022,2,724737,38164,31574146.32
arunachal-pradesh,2022,2,794436,31027,25669543.26
arunachal-pradesh,2022,2,759778,25241,20882953.92
arunachal-pradesh,2022,2,799471,25006,20687897.51
arunachal-pradesh,2022,2,717729,19965,16517818.38
arunachal-pradesh,2022,2,756256,18896,15633167.15
arunachal-pradesh,2022,2,719824,17512,14488741.87
arunachal-pradesh,2022,3,756507,211971,178958094.54
arunachal-pradesh,2022,3,795219,101016,85283578.37
arunachal-pradesh,2022,3,759982,60890,51407367.81
arunachal-pradesh,2022,3,768571,42817,36149103.87
arunachal-pradesh,2022,3,722729,38614,32600057.28
arunachal-pradesh,2022,3,769087,30760,25970066.8
arunachal-pradesh,2022,3,770813,24852,20981933.51
arunachal-pradesh,2022,3,773470,20228,17078096.69
arunachal-pradesh,2022,3,776146,18706,15792870.37
arunachal-pradesh,2022,3,735862,18695,15783790.42
arunachal-pradesh,2022,4,770540,242624,205400952.65
arunachal-pradesh,2022,4,766765,115274,97589310.75
arunachal-pradesh,2022,4,769779,74597,63153129.13
arunachal-pradesh,2022,4,783932,52610,44538898.48
arunachal-pradesh,2022,4,777266,45945,38896966.82
arunachal-pradesh,2022,4,737572,32147,27215050.07
arunachal-pradesh,2022,4,797767,28143,23825474.91
arunachal-pradesh,2022,4,739516,25526,21610187.82
arunachal-pradesh,2022,4,753744,22936,19417644.72
arunachal-pradesh,2022,4,749417,21072,17839992.63
arunachal-pradesh,2023,1,724301,186772,158613186.43
arunachal-pradesh,2023,1,717964,98534,83679004.67
arunachal-pradesh,2023,1,796776,65065,55256118.78
arunachal-pradesh,2023,1,738879,42579,36159990.94
arunachal-pradesh,2023,1,737213,35331,30004558.21
arunachal-pradesh,2023,1,776609,30109,25569699.76
arunachal-pradesh,2023,1,787203,27608,23446189.78
arunachal-pradesh,2023,1,792059,23502,19959351.39
arunachal-pradesh,2023,1,762264,19860,16865942.38
arunachal-pradesh,2023,1,783735,19126,16243266.37
arunachal-pradesh,2023,2,783520,220021,184167284.15
arunachal-pradesh,2023,2,721065,100198,83870307.23
arunachal-pradesh,2023,2,737098,70557,59060050.46
arunachal-pradesh,2023,2,741414,46997,39339193.33
arunachal-pradesh,2023,2,767343,41171,34461930.7
arunachal-pradesh,2023,2,712908,30827,25804160.21
arunachal-pradesh,2023,2,730548,24545,20546017.43
arunachal-pradesh,2023,2,778160,23315,19515677.15
arunachal-pradesh,2023,2,766999,19659,16456163.77
arunachal-pradesh,2023,2,734134,16823,14082379.41
arunachal-pradesh,2023,3,782252,223115,188899226.02
arunachal-pradesh,2023,3,745259,102824,87055567.31
arunachal-pradesh,2023,3,735506,68353,57870779.62
arunachal-pradesh,2023,3,792864,45155,38230826.65
arunachal-pradesh,2023,3,714933,40796,34539973.11
arunachal-pradesh,2023,3,769461,34319,29056555.06
arunachal-pradesh,2023,3,710974,27726,23474526.86
arunachal-pradesh,2023,3,776721,22158,18760591.45
arunachal-pradesh,2023,3,746377,21987,18615561.68
arunachal-pradesh,2023,3,749085,16606,14060121.32
arunachal-pradesh,2023,4,766579,245828,212679890.39
arunachal-pradesh,2023,4,766335,118334,102377772.54
arunachal-pradesh,2023,4,748400,81291,70330063.46
arunachal-pradesh,2023,4,782842,53237,46058883.19
arunachal-pradesh,2023,4,768295,47513,41106407.65
arunachal-pradesh,2023,4,713702,39213,33926109.38
arunachal-pradesh,2023,4,756116,34216,29602326.03
arunachal-pradesh,2023,4,798535,26340,22788297.93
arunachal-pradesh,2023,4,713481,23125,20007340.95
arunachal-pradesh,2023,4,787176,19689,17034700.83
assam,2018,1,791552,788719,619596737.37
assam,2018,1,721497,351264,275943848.77
assam,2018,1,767764,251018,197193812.18
assam,2018,1,770064,165850,130287907.01
assam,2018,1,769172,140472,110351263.1
assam,2018,1,741957,123087,96694561.1
assam,2018,1,774584,93105,73141212.36
assam,2018,1,797653,88430,69468626.01
assam,2018,1,774572,70489,55374510.41
assam,2018,1,746390,66423,52180683.41
assam,2018,2,732982,1010829,804420093.88
assam,2018,2,723993,402601,320391589.11
assam,2018,2,797191,310661,247225112.38
assam,2018,2,776692,194659,154910640.51
assam,2018,2,721031,163068,129770549.32
assam,2018,2,790711,138854,110501022.32
assam,2018,2,728575,114394,91035560.53
assam,2018,2,778827,110682,88081225.08
assam,2018,2,719269,91470,72792071.34
assam,2018,2,737916,84935,67591504.09
assam,2018,3,755250,987452,790937185.66
assam,2018,3,769704,539939,432484636.94
assam,2018,3,782131,348391,279057522.79
assam,2018,3,718290,238220,190811326.02
assam,2018,3,751243,220136,176326847.03
assam,2018,3,798450,158757,127162539.02
assam,2018,3,747451,153517,122965885.1
assam,2018,3,755172,110585,88577212.97
assam,2018,3,786784,104474,83682987.88
assam,2018,3,732807,103692,83055994.92
assam,2018,4,750996,1240396,992473693.13
assam,2018,4,772101,632392,505993759.69
assam,2018,4,712018,386889,309560349.64
assam,2018,4,719538,322610,258128738.98
assam,2018,4,740475,263508,210840350.28
assam,2018,4,721870,203367,162719305.7
assam,2018,4,758551,185629,148526627.52
assam,2018,4,772772,133209,106584205.44
assam,2018,4,731730,129111,103305395.49
assam,2018,4,797154,107507,86019336.84
assam,2019,1,741641,1107012,885471690.59
assam,2019,1,748766,523714,418906666.2
assam,2019,1,747032,360207,288121009.93
assam,2019,1,769738,246951,197530748.19
assam,2019,1,717217,202543,162009719.43
assam,2019,1,769918,176680,141322303.58
assam,2019,1,793230,152717,122155101.96
assam,2019,1,729578,119231,95370604.21
assam,2019,1,751289,113289,90617199.02
assam,2019,1,799701,96025,76808522.47
assam,2019,2,745839,1243237,995517164.49
assam,2019,2,785524,551409,441539263.63
assam,2019,2,798680,388577,311151716.0
assam,2019,2,730054,263091,210669213.45
assam,2019,2,731862,221284,177192611.86
assam,2019,2,786693,178425,142873557.75
assam,2019,2,762778,145211,116277265.14
assam,2019,2,773764,140670,112641414.94
assam,2019,2,786603,112966,90457532.12
assam,2019,2,724618,108846,87158501.33
assam,2019,3,711439,1301579,1042672194.44
assam,2019,3,769960,712769,570986562.01
assam,2019,3,795257,456409,365621350.41
assam,2019,3,777020,299621,240021498.17
assam,2019,3,726916,274778,220120162.91
assam,2019,3,725933,228035,182675153.23
assam,2019,3,791018,186873,149700965.11
assam,2019,3,765800,163355,130861465.85
assam,2019,3,776817,143352,114837099.11
assam,2019,3,737514,118701,95089781.95
assam,2019,4,727177,1536203,1252536795.88
assam,2019,4,769819,756864,617105718.36
assam,2019,4,752014,498312,406296653.85
assam,2019,4,729940,367597,299718793.69
assam,2019,4,716355,303288,247284766.07
assam,2019,4,737758,263022,214454262.54
assam,2019,4,713298,214376,174791172.1
assam,2019,4,717117,202865,165405169.99
assam,2019,4,712063,170786,139249756.21
assam,2019,4,786752,153522,125173931.76
assam,2020,1,743301,1266754,1035361381.23
assam,2020,1,782788,653603,534212109.25
assam,2020,1,787350,464508,379658401.47
assam,2020,1,730462,312432,255361253.8
assam,2020,1,753913,236938,193657619.63
assam,2020,1,781575,191682,156668917.08
assam,2020,1,767854,190879,156012391.89
assam,2020,1,726728,141414,115582627.23
assam,2020,1,749477,129670,105983716.73
assam,2020,1,772003,117570,96094376.11
assam,2020,2,713952,1601971,1298126854.2
assam,2020,2,716052,691131,560045254.84
assam,2020,2,786641,526189,426387998.06
assam,2020,2,797442,357526,289715043.54
assam,2020,2,775840,298841,242160382.97
assam,2020,2,760685,231237,187379156.32
assam,2020,2,797249,189514,153569756.73
assam,2020,2,775568,174340,141273365.56
assam,2020,2,729660,137724,111602670.41
assam,2020,2,742437,134087,108655625.06
assam,2020,3,784886,1628075,1325868240.97
assam,2020,3,742982,758755,617913248.15
assam,2020,3,716733,521652,424822240.45
assam,2020,3,746670,400195,325910476.03
assam,2020,3,719061,265995,216620948.21
assam,2020,3,718090,231088,188193355.15
assam,2020,3,739212,206908,168501833.64
assam,2020,3,775306,182109,148306292.68
assam,2020,3,760428,164160,133688661.5
assam,2020,3,748593,129688,105615399.0
assam,2020,4,768178,1857200,1515483375.82
assam,2020,4,712709,844453,689077594.15
assam,2020,4,742513,593653,484423630.76
assam,2020,4,721673,449635,366904123.03
assam,2020,4,736289,350547,286048423.35
assam,2020,4,729052,305850,249574852.76
assam,2020,4,740503,215056,175486577.26
assam,2020,4,731499,197024,160772606.77
assam,2020,4,735189,184264,150360218.19
assam,2020,4,789076,148661,121308580.34
assam,2021,1,737095,1509620,1229390998.4
assam,2021,1,758637,698119,568527865.74
assam,2021,1,742621,445382,362706458.33
assam,2021,1,759227,340327,277152572.56
assam,2021,1,785134,301293,245364597.58
assam,2021,1,735704,257838,209976516.63
assam,2021,1,755224,182823,148885748.83
assam,2021,1,782863,169932,138387656.62
assam,2021,1,772418,160791,130944147.79
assam,2021,1,767570,144351,117555832.48
assam,2021,2,769680,1659940,1375638565.25
assam,2021,2,711223,849506,704009325.41
assam,2021,2,773695,499697,414113025.56
assam,2021,2,795029,355244,294401090.28
assam,2021,2,776273,321798,266683102.95
assam,2021,2,712555,251726,208612673.28
assam,2021,2,793833,199267,165138613.14
assam,2021,2,744857,194389,161095681.5
assam,2021,2,765997,175304,145280001.97
assam,2021,2,759281,158768,131575968.41
assam,2021,3,747838,1658953,1394334990.7
assam,2021,3,774087,952515,800580113.79
assam,2021,3,795223,561921,472289397.42
assam,2021,3,716222,436662,367011049.13
assam,2021,3,784578,303498,255087723.65
assam,2021,3,732916,271742,228397442.59
assam,2021,3,730681,246744,207386229.15
assam,2021,3,730819,186827,157026833.15
assam,2021,3,753714,169296,142292431.65
assam,2021,3,797635,144405,121371184.33
assam,2021,4,717310,1954648,1641167151.84
assam,2021,4,712428,947276,795355355.5
assam,2021,4,751301,702096,589496477.31
assam,2021,4,729561,510892,428956829.99
assam,2021,4,759162,362923,304718745.35
assam,2021,4,730037,293843,246717692.35
assam,2021,4,736081,260522,218740443.87
assam,2021,4,794457,225171,189059413.45
assam,2021,4,747761,197180,165557024.69
assam,2021,4,729418,177742,149236799.13
assam,2022,1,732477,1645500,1374943667.88
assam,2022,1,739139,801004,669301394.52
assam,2022,1,714502,498581,416603796.06
assam,2022,1,772566,349992,292446208.33
assam,2022,1,722118,286679,239543208.43
assam,2022,1,775249,254152,212363926.65
assam,2022,1,784110,220015,183839980.46
assam,2022,1,759194,176560,147530230.58
assam,2022,1,775553,166750,139332839.62
assam,2022,1,771621,146348,122285352.64
assam,2022,2,738606,1908182,1593338360.75
assam,2022,2,717185,910956,760651808.51
assam,2022,2,729679,609707,509108011.14
assam,2022,2,757434,435695,363807046.16
assam,2022,2,742892,329392,275043736.9
assam,2022,2,763927,284746,237764330.81
assam,2022,2,727848,251950,210379088.16
assam,2022,2,773022,199936,166947843.01
assam,2022,2,793059,192113,160415220.77
assam,2022,2,795583,184339,153923809.68
assam,2022,3,740937,1875026,1589017408.25
assam,2022,3,740589,1007708,853996375.07
assam,2022,3,728301,598312,507048552.11
assam,2022,3,735244,471912,399929081.36
assam,2022,3,798617,392181,332359532.5
assam,2022,3,793572,298371,252859475.08
assam,2022,3,751600,265439,224950517.28
assam,2022,3,741729,234132,198418967.01
assam,2022,3,756860,201680,170916762.88
assam,2022,3,765430,165810,140518272.71
assam,2022,4,777809,2082657,1755450498.43
assam,2022,4,770619,1156779,975037046.09
assam,2022,4,730091,672377,566739616.65
assam,2022,4,737211,521838,439852011.31
assam,2022,4,762752,414938,349747605.92
assam,2022,4,765939,337349,284348499.77
assam,2022,4,739966,292881,246866535.31
assam,2022,4,786560,239892,202202855.4
assam,2022,4,795088,232320,195820342.71
assam,2022,4,733366,187195,157785313.84
assam,2023,1,724026,1812004,1531351282.28
assam,2023,1,713786,953841,806105874.58
assam,2023,1,718751,540889,457113675.9
assam,2023,1,785771,433015,365947522.74
assam,2023,1,739942,313677,265093367.91
assam,2023,1,721481,295674,249878809.98
assam,2023,1,724375,228192,192848525.0
assam,2023,1,754318,187272,158266500.51
assam,2023,1,713637,163247,137963097.97
assam,2023,1,719448,153094,129382223.01
assam,2023,2,746437,2162644,1859168957.44
assam,2023,2,780531,1022371,878905898.35
assam,2023,2,726988,675805,580972047.28
assam,2023,2,782104,496674,426978200.07
assam,2023,2,718694,370909,318860856.99
assam,2023,2,727267,308876,265533179.7
assam,2023,2,764531,258627,222335047.53
assam,2023,2,717616,245564,211105739.42
assam,2023,2,710977,200283,172178467.19
assam,2023,2,712176,182374,156782509.63
assam,2023,3,721359,2236487,1908495364.96
assam,2023,3,733076,1134030,967718915.95
assam,2023,3,747045,693749,592007176.77
assam,2023,3,719357,493684,421282908.92
assam,2023,3,716249,442864,377915800.74
assam,2023,3,763729,358225,305689915.48
assam,2023,3,725127,269629,230087047.25
assam,2023,3,729834,242488,206926324.67
assam,2023,3,722824,228587,195063991.23
assam,2023,3,798925,197733,168735029.42
assam,2023,4,778236,2420894,2075718732.02
assam,2023,4,777499,1143802,980717475.88
assam,2023,4,721709,793218,680120033.66
assam,2023,4,729913,595242,510371958.29
assam,2023,4,757072,456885,391741545.71
assam,2023,4,796424,348354,298685810.78
assam,2023,4,744112,336917,288879423.45
assam,2023,4,725089,292143,250489194.71
assam,2023,4,763943,243038,208385276.46
assam,2023,4,732636,208988,179190241.91
bihar,2018,1,852727,1315948,1026718335.26
bihar,2018,1,862492,615905,480536163.22
bihar,2018,1,847726,424993,331584667.44
bihar,2018,1,880969,294410,229702788.35
bihar,2018,1,816595,217081,169369667.21
bihar,2018,1,872554,198748,155065558.52
bihar,2018,1,878170,148938,116203207.01
bihar,2018,1,823055,134486,104927581.75
bihar,2018,1,852183,122421,95514664.53
bihar,2018,1,862889,115107,89807819.91
bihar,2018,2,879636,1619190,1283660334.83
bihar,2018,2,884228,683617,541957436.74
bihar,2018,2,855815,459066,363937963.51
bihar,2018,2,892200,387275,307023652.62
bihar,2018,2,891001,287675,228063427.31
bihar,2018,2,834931,214797,170286733.74
bihar,2018,2,819127,208849,165571432.52
bihar,2018,2,860829,187815,148896351.28
bihar,2018,2,856844,155023,122899468.02
bihar,2018,2,861895,133170,105574584.16
bihar,2018,3,872032,1679178,1347687817.55
bihar,2018,3,870102,882809,708531854.13
bihar,2018,3,857323,570970,458254203.04
bihar,2018,3,830898,432664,347250935.25
bihar,2018,3,825299,321988,258423635.43
bihar,2018,3,829684,281993,226324218.13
bihar,2018,3,875505,247293,198474929.47
bihar,2018,3,829892,192757,154705043.07
bihar,2018,3,873688,176682,141803277.0
bihar,2018,3,824925,144646,116091545.61
bihar,2018,4,873063,2188089,1739909395.9
bihar,2018,4,882341,1058810,841937486.14
bihar,2018,4,888136,717617,570629982.24
bihar,2018,4,892791,596444,474276837.74
bihar,2018,4,854300,438356,348569044.89
bihar,2018,4,877673,331343,263475262.89
bihar,2018,4,893682,280884,223352119.85
bihar,2018,4,883170,253557,201621939.76
bihar,2018,4,889720,229395,182409414.5
bihar,2018,4,893974,224847,178792621.61
bihar,2019,1,810373,1793087,1458628174.58
bihar,2019,1,829833,888583,722838676.71
bihar,2019,1,878812,596894,485557196.17
bihar,2019,1,885779,380944,309887665.87
bihar,2019,1,840067,296899,241519504.76
bihar,2019,1,851974,293117,238443312.82
bihar,2019,1,816696,241996,196857707.34
bihar,2019,1,848889,196671,159987153.75
bihar,2019,1,841674,159114,129435230.46
bihar,2019,1,813029,156800,127552926.36
bihar,2019,2,884880,2156803,1722303139.35
bihar,2019,2,831441,978780,781599627.6
bihar,2019,2,893894,766866,612376656.17
bihar,2019,2,847181,538112,429706842.58
bihar,2019,2,821087,424697,339139332.34
bihar,2019,2,825612,343989,274690876.48
bihar,2019,2,817352,300308,239809467.75
bihar,2019,2,837646,264214,210987308.97
bihar,2019,2,884753,227136,181378433.98
bihar,2019,2,883887,216170,172621855.96
bihar,2019,3,835544,2522386,1996797783.25
bihar,2019,3,856177,1226285,970764789.51
bihar,2019,3,821460,757611,599748585.34
bihar,2019,3,842474,553189,437921827.93
bihar,2019,3,871445,426095,337310457.9
bihar,2019,3,850897,367080,290591897.68
bihar,2019,3,898815,281362,222735144.13
bihar,2019,3,889150,262617,207895681.35
bihar,2019,3,844980,227342,179971039.42
bihar,2019,3,827076,218013,172585779.11
bihar,2019,4,812516,2668590,2151973798.44
bihar,2019,4,888415,1324307,1067932993.35
bihar,2019,4,817906,986260,795328602.18
bihar,2019,4,830981,633991,511255942.73
bihar,2019,4,861760,514850,415179891.24
bihar,2019,4,852643,430400,347078896.81
bihar,2019,4,812416,389748,314296542.15
bihar,2019,4,824731,355840,286952591.46
bihar,2019,4,818009,307550,248011293.1
bihar,2019,4,856380,250918,202342996.64
bihar,2020,1,864856,2269003,1854594838.32
bihar,2020,1,879259,1164075,951469863.29
bihar,2020,1,881364,715288,584649351.98
bihar,2020,1,846872,586162,479106430.78
bihar,2020,1,862237,463711,379019497.77
bihar,2020,1,884756,353703,289103421.1
bihar,2020,1,869568,347740,284229627.65
bihar,2020,1,870815,288460,235776297.38
bihar,2020,1,824059,240821,196837986.48
bihar,2020,1,836510,235786,192722668.66
bihar,2020,2,895350,2720670,2249054044.37
bihar,2020,2,820179,1134587,937912031.88
bihar,2020,2,862807,740425,612075902.82
bihar,2020,2,836220,618865,511587855.03
bihar,2020,2,859108,483808,399942730.68
bihar,2020,2,879063,371008,306695411.41
bihar,2020,2,867236,351131,290264174.61
bihar,2020,2,838427,306555,253415549.22
bihar,2020,2,864399,259461,214484687.92
bihar,2020,2,847155,211337,174702778.82
bihar,2020,3,830269,2706776,2185202814.43
bihar,2020,3,822754,1353075,1092348501.58
bihar,2020,3,894586,897610,724648243.06
bihar,2020,3,867877,648207,523302873.65
bihar,2020,3,857534,559510,451697713.53
bihar,2020,3,889894,486931,393103698.04
bihar,2020,3,873890,368100,297170540.3
bihar,2020,3,862848,348906,281675312.86
bihar,2020,3,857512,316379,255416053.54
bihar,2020,3,831444,244916,197722735.85
bihar,2020,4,888140,3012920,2456028548.05
bihar,2020,4,871386,1676270,1366437603.9
bihar,2020,4,840819,1091230,889533452.39
bihar,2020,4,880488,793697,646994352.71
bihar,2020,4,815587,646630,527110698.21
bihar,2020,4,895441,500425,407929187.14
bihar,2020,4,865032,430961,351304519.39
bihar,2020,4,822166,380897,310494149.71
bihar,2020,4,851491,345635,281750239.04
bihar,2020,4,891213,298215,243094928.68
bihar,2021,1,838125,2546483,2078424966.49
bihar,2021,1,874237,1478050,1206376213.94
bihar,2021,1,862622,892811,728707971.97
bihar,2021,1,882923,639318,521808465.05
bihar,2021,1,864371,525633,429019397.6
bihar,2021,1,867044,438281,357723191.12
bihar,2021,1,892602,343397,280279309.41
bihar,2021,1,859438,301420,246018048.0
bihar,2021,1,831967,299685,244601982.65
bihar,2021,1,812357,230167,187861769.6
bihar,2021,2,811068,2748742,2270087636.72
bihar,2021,2,810262,1584059,1308217603.93
bihar,2021,2,829609,959910,792755362.01
bihar,2021,2,827548,666258,550239415.23
bihar,2021,2,816616,592276,489139926.02
bihar,2021,2,823883,463208,382546947.11
bihar,2021,2,892913,397363,328168158.77
bihar,2021,2,852140,347403,286908443.82
bihar,2021,2,846680,278979,230399288.71
bihar,2021,2,893662,278258,229803330.83
bihar,2021,3,849878,3354262,2764312550.24
bihar,2021,3,889500,1552605,1279532095.72
bihar,2021,3,894767,936829,772059149.04
bihar,2021,3,830171,779019,642004722.41
bihar,2021,3,843510,611303,503787154.34
bihar,2021,3,884093,536525,442161306.71
bihar,2021,3,884682,464661,382936787.54
bihar,2021,3,830104,347047,286008283.11
bihar,2021,3,862778,334346,275541713.44
bihar,2021,3,821455,268528,221299203.07
bihar,2021,4,851144,3736848,3096681408.93
bihar,2021,4,897507,1598303,1324495088.03
bihar,2021,4,854769,1191646,987503419.62
bihar,2021,4,864016,769030,637286520.22
bihar,2021,4,818954,663253,549630192.06
bihar,2021,4,835848,598253,495765126.94
bihar,2021,4,876043,461270,382249563.83
bihar,2021,4,875104,383734,317996398.8
bihar,2021,4,827622,370967,307416169.71
bihar,2021,4,881481,301501,249850659.48
bihar,2022,1,868880,3070792,2581205736.28
bihar,2022,1,869677,1408704,1184110425.45
bihar,2022,1,885831,902805,758868629.66
bihar,2022,1,857095,727525,611533358.86
bihar,2022,1,865512,531719,446945386.12
bihar,2022,1,866373,500620,420805053.85
bihar,2022,1,833274,406793,341937327.44
bihar,2022,1,872819,323964,272313535.88
bihar,2022,1,879804,320829,269678548.71
bihar,2022,1,889713,278076,233742275.87
bihar,2022,2,881428,3049301,2546308425.96
bihar,2022,2,898238,1496047,1249269389.21
bihar,2022,2,842745,926926,774026567.41
bihar,2022,2,863602,666300,556392284.02
bihar,2022,2,852676,574842,480020193.93
bihar,2022,2,841714,487879,407401774.99
bihar,2022,2,875705,404219,337541806.65
bihar,2022,2,841473,318163,265681092.47
bihar,2022,2,846618,313703,261956764.52
bihar,2022,2,820960,266675,222686054.75
bihar,2022,3,840533,3690868,3131805924.41
bihar,2022,3,842686,1511275,1282359901.17
bihar,2022,3,844589,1132170,960678643.14
bihar,2022,3,850969,801864,680404390.83
bihar,2022,3,811676,679500,576575517.68
bihar,2022,3,866629,565926,480204342.82
bihar,2022,3,857774,420475,356785474.99
bihar,2022,3,865988,417526,354282668.11
bihar,2022,3,896068,334410,283756525.11
bihar,2022,3,877234,316744,268766242.76
bihar,2022,4,832681,3684915,3080362286.98
bihar,2022,4,830009,2020311,1688855793.04
bihar,2022,4,813368,1324419,1107132747.08
bihar,2022,4,831203,949629,793832065.69
bihar,2022,4,845386,798608,667587180.94
bihar,2022,4,884137,650698,543943875.82
bihar,2022,4,825698,518910,433777505.38
bihar,2022,4,880340,427902,357699667.38
bihar,2022,4,822013,414993,346908751.83
bihar,2022,4,817959,392381,328006533.18
bihar,2023,1,837333,3356746,2817458417.72
bihar,2023,1,813055,1448816,1216052759.71
bihar,2023,1,864146,952571,799533422.39
bihar,2023,1,877902,793521,666035890.8
bihar,2023,1,892293,602200,505451954.43
bihar,2023,1,852010,449650,377410753.9
bihar,2023,1,848862,431110,361849489.2
bihar,2023,1,842118,357949,300441759.56
bihar,2023,1,876520,326058,273674226.61
bihar,2023,1,822846,276089,231733091.43
bihar,2023,2,838691,3466244,2954267867.29
bihar,2023,2,824044,1731189,1475486763.59
bihar,2023,2,889816,1148836,979149660.18
bihar,2023,2,866656,794929,677515238.29
bihar,2023,2,874532,644421,549237854.59
bihar,2023,2,824546,546957,466169559.75
bihar,2023,2,873834,438110,373399800.51
bihar,2023,2,822013,417273,355640907.58
bihar,2023,2,829749,348198,296768620.21
bihar,2023,2,823046,315042,268509943.58
bihar,2023,3,863727,3699723,3151877172.12
bihar,2023,3,821423,2006893,1709717785.17
bihar,2023,3,873201,1142088,972970610.86
bihar,2023,3,872398,887718,756267443.25
bihar,2023,3,892238,663343,565117237.44
bihar,2023,3,826117,554712,472572234.79
bihar,2023,3,860457,497455,423793756.69
bihar,2023,3,853335,434250,369947998.49
bihar,2023,3,832243,429770,366130800.17
bihar,2023,3,810219,363048,309288883.24
bihar,2023,4,840693,4401758,3712351771.54
bihar,2023,4,815248,2097511,1768998118.05
bihar,2023,4,847475,1304779,1100423826.99
bihar,2023,4,812952,920315,776175109.58
bihar,2023,4,851127,775023,653638799.27
bihar,2023,4,884806,567766,478842174.7
bihar,2023,4,842936,562081,474047621.85
bihar,2023,4,873050,457492,385839483.94
bihar,2023,4,824409,397462,335211247.3
bihar,2023,4,830845,324734,273874409.95
chandigarh,2018,1,141394,155383,123025437.72
chandigarh,2018,1,179047,75527,59798820.75
chandigarh,2018,1,136126,47022,37229805.14
chandigarh,2018,1,115871,32280,25558300.73
chandigarh,2018,1,167033,27991,22162040.65
chandigarh,2018,1,161774,22074,17477320.98
chandigarh,2018,1,180899,17871,14150104.1
chandigarh,2018,1,131511,17287,13687522.88
chandigarh,2018,1,118152,15104,11958659.27
chandigarh,2018,1,189602,13938,11035766.45
chandigarh,2018,2,184896,188632,147419096.74
chandigarh,2018,2,141123,87188,68139078.34
chandigarh,2018,2,144160,58140,45437963.5
chandigarh,2018,2,140117,41957,32790520.76
chandigarh,2018,2,136828,33749,26375881.48
chandigarh,2018,2,144057,27975,21863062.57
chandigarh,2018,2,128702,24269,18966756.35
chandigarh,2018,2,152038,19318,15097857.84
chandigarh,2018,2,162807,17433,13624580.99
chandigarh,2018,2,142629,16000,12504572.26
chandigarh,2018,3,118078,198124,157348636.07
chandigarh,2018,3,131504,95273,75665350.6
chandigarh,2018,3,171091,75987,60348396.01
chandigarh,2018,3,141855,47759,37930243.51
chandigarh,2018,3,124856,37966,30152719.2
chandigarh,2018,3,174186,36351,28869971.34
chandigarh,2018,3,164071,29200,23190437.54
chandigarh,2018,3,164690,23670,18798700.1
chandigarh,2018,3,171714,22068,17526609.51
chandigarh,2018,3,160593,18459,14660150.88
chandigarh,2018,4,122967,233968,188694116.29
chandigarh,2018,4,196832,126883,102331072.41
chandigarh,2018,4,114350,79544,64152039.68
chandigarh,2018,4,194576,54326,43813952.77
chandigarh,2018,4,161529,42848,34556727.51
chandigarh,2018,4,151962,37747,30443097.71
chandigarh,2018,4,174870,29736,23982101.79
chandigarh,2018,4,181291,26888,21685225.13
chandigarh,2018,4,111900,24713,19931339.9
chandigarh,2018,4,198208,20965,16908650.93
chandigarh,2019,1,193650,232320,184962373.78
chandigarh,2019,1,178666,104181,82944099.17
chandigarh,2019,1,193408,61846,49238702.63
chandigarh,2019,1,140218,50588,40276194.64
chandigarh,2019,1,163744,38633,30757939.0
chandigarh,2019,1,138069,34346,27344890.09
chandigarh,2019,1,130596,30689,24433411.88
chandigarh,2019,1,148476,25976,20681330.35
chandigarh,2019,1,150875,20203,16085114.82
chandigarh,2019,1,163928,17673,14070598.51
chandigarh,2019,2,126047,263428,209493309.06
chandigarh,2019,2,198960,125436,99754103.76
chandigarh,2019,2,124083,84392,67114036.36
chandigarh,2019,2,124741,59142,47033390.13
chandigarh,2019,2,131438,47228,37558747.44
chandigarh,2019,2,172709,35306,28077794.34
chandigarh,2019,2,121299,34960,27802878.76
chandigarh,2019,2,121756,30301,24097338.51
chandigarh,2019,2,193324,26124,20775833.88
chandigarh,2019,2,176519,21388,17009662.46
chandigarh,2019,3,194137,298752,235666987.24
chandigarh,2019,3,114857,143982,113578611.92
chandigarh,2019,3,176865,88598,69889492.89
chandigarh,2019,3,135539,69788,55051540.02
chandigarh,2019,3,148653,50249,39638371.8
chandigarh,2019,3,155726,46823,36936353.36
chandigarh,2019,3,167029,39146,30879840.89
chandigarh,2019,3,135303,29880,23570836.75
chandigarh,2019,3,138259,29705,23432499.55
chandigarh,2019,3,198647,24004,18935709.58
chandigarh,2019,4,153966,325705,265052542.17
chandigarh,2019,4,121709,154757,125938902.37
chandigarh,2019,4,198558,96860,78823222.74
chandigarh,2019,4,139909,77554,63112244.85
chandigarh,2019,4,197480,59572,48478992.34
chandigarh,2019,4,144999,50107,40776112.99
chandigarh,2019,4,139822,44170,35944686.47
chandigarh,2019,4,152944,33813,27516705.56
chandigarh,2019,4,193010,33773,27484506.12
chandigarh,2019,4,165487,29579,24070982.38
chandigarh,2020,1,126524,289945,237177519.26
chandigarh,2020,1,181548,118857,97226374.5
chandigarh,2020,1,184202,85975,70328822.42
chandigarh,2020,1,143347,69201,56607288.66
chandigarh,2020,1,169664,53849,44049343.57
chandigarh,2020,1,114666,43943,35946155.22
chandigarh,2020,1,159045,38234,31275913.53
chandigarh,2020,1,128737,28212,23077852.42
chandigarh,2020,1,183881,26321,21531060.92
chandigarh,2020,1,125226,23530,19248151.72
chandigarh,2020,2,152422,278454,229686422.86
chandigarh,2020,2,121770,131154,108184543.21
chandigarh,2020,2,150535,96741,79798382.12
chandigarh,2020,2,143765,75519,62293117.14
chandigarh,2020,2,127243,54734,45148507.25
chandigarh,2020,2,166015,41786,34468104.34
chandigarh,2020,2,133263,41190,33976601.56
chandigarh,2020,2,135758,31609,26073158.6
chandigarh,2020,2,144415,28990,23913088.81
chandigarh,2020,2,148730,26635,21970881.33
chandigarh,2020,3,163836,333938,269735113.19
chandigarh,2020,3,153501,156985,126803151.87
chandigarh,2020,3,181334,120985,97724510.68
chandigarh,2020,3,116727,76958,62162231.62
chandigarh,2020,3,191442,70855,57232349.01
chandigarh,2020,3,172061,55890,45145106.29
chandigarh,2020,3,172569,46397,37477231.89
chandigarh,2020,3,121008,37763,30503126.45
chandigarh,2020,3,154355,33593,27135014.73
chandigarh,2020,3,162518,31197,25199262.16
chandigarh,2020,4,141040,372710,304640234.64
chandigarh,2020,4,170521,170827,139628550.76
chandigarh,2020,4,138326,116948,95589586.83
chandigarh,2020,4,142472,87605,71605652.19
chandigarh,2020,4,147241,61815,50526176.42
chandigarh,2020,4,195636,57233,46780929.49
chandigarh,2020,4,160853,49495,40455543.66
chandigarh,2020,4,126145,38428,31409800.86
chandigarh,2020,4,113376,38306,31310728.06
chandigarh,2020,4,112208,30729,25117391.61
chandigarh,2021,1,133524,299521,246588206.09
chandigarh,2021,1,179807,160924,132485115.47
chandigarh,2021,1,137852,94090,77462182.2
chandigarh,2021,1,116075,68700,56559673.98
chandigarh,2021,1,181098,60675,49952817.4
chandigarh,2021,1,128721,50939,41936938.01
chandigarh,2021,1,139503,39057,32154720.92
chandigarh,2021,1,166125,31172,25663384.21
chandigarh,2021,1,147575,31141,25637804.08
chandigarh,2021,1,144720,29767,24506944.69
chandigarh,2021,2,175938,349967,288915833.88
chandigarh,2021,2,118123,147094,121433653.47
chandigarh,2021,2,121143,96640,79781938.09
chandigarh,2021,2,138216,71587,59099301.82
chandigarh,2021,2,117433,61621,50872048.69
chandigarh,2021,2,111312,52380,43242405.1
chandigarh,2021,2,162935,44204,36492637.38
chandigarh,2021,2,182147,36723,30316784.34
chandigarh,2021,2,139041,31929,26359249.03
chandigarh,2021,2,178656,27255,22501079.86
chandigarh,2021,3,114033,376678,307960526.79
chandigarh,2021,3,165840,166417,136057965.57
chandigarh,2021,3,161593,101213,82749432.19
chandigarh,2021,3,134801,84624,69186099.33
chandigarh,2021,3,187147,60980,49855818.17
chandigarh,2021,3,157009,51272,41919137.83
chandigarh,2021,3,144561,46709,38188400.87
chandigarh,2021,3,189851,43064,35208005.91
chandigarh,2021,3,163012,36893,30162804.56
chandigarh,2021,3,193600,31723,25936343.37
chandigarh,2021,4,141121,415691,343273735.49
chandigarh,2021,4,170578,200894,165896668.53
chandigarh,2021,4,142492,147628,121910101.15
chandigarh,2021,4,186929,101526,83839971.5
chandigarh,2021,4,137175,83703,69121606.85
chandigarh,2021,4,164410,64698,53427096.8
chandigarh,2021,4,183564,63798,52683906.55
chandigarh,2021,4,145809,53972,44569574.35
chandigarh,2021,4,159937,44129,36442088.74
chandigarh,2021,4,137125,41210,34030882.86
chandigarh,2022,1,122352,333990,276280740.98
chandigarh,2022,1,193848,185837,153727028.24
chandigarh,2022,1,113000,105107,86946314.03
chandigarh,2022,1,189140,83033,68685984.97
chandigarh,2022,1,144943,69208,57249732.24
chandigarh,2022,1,117558,55092,45573178.92
chandigarh,2022,1,149793,49760,41162345.22
chandigarh,2022,1,124628,37300,30855157.07
chandigarh,2022,1,190073,34285,28361614.87
chandigarh,2022,1,111290,33813,27970888.23
chandigarh,2022,2,119465,365380,305056044.64
chandigarh,2022,2,171582,168276,140493684.55
chandigarh,2022,2,115735,110921,92608715.96
chandigarh,2022,2,177340,82155,68591559.72
chandigarh,2022,2,192180,60291,50337582.38
chandigarh,2022,2,168903,55626,46442574.91
chandigarh,2022,2,163976,48486,40481195.06
chandigarh,2022,2,116842,39072,32621640.02
chandigarh,2022,2,129491,38344,32014084.44
chandigarh,2022,2,136408,29386,24534806.22
chandigarh,2022,3,129739,428928,360637531.87
chandigarh,2022,3,139043,174909,147062112.7
chandigarh,2022,3,138076,113923,95785317.89
chandigarh,2022,3,144864,91043,76548655.89
chandigarh,2022,3,170965,66493,55906957.33
chandigarh,2022,3,151474,64069,53869229.62
chandigarh,2022,3,175650,47871,40250176.63
chandigarh,2022,3,128488,42468,35707286.28
chandigarh,2022,3,184397,40108,33722492.41
chandigarh,2022,3,149973,38523,32389927.54
chandigarh,2022,4,111044,412761,346544114.21
chandigarh,2022,4,123390,223488,187634975.24
chandigarh,2022,4,135955,146424,122933865.77
chandigarh,2022,4,167621,101259,85014593.87
chandigarh,2022,4,198431,85410,71708791.94
chandigarh,2022,4,184035,74584,62618966.06
chandigarh,2022,4,195206,55602,46682234.63
chandigarh,2022,4,168512,53658,45050056.26
chandigarh,2022,4,186584,43174,36248210.84
chandigarh,2022,4,157216,36774,30874883.77
chandigarh,2023,1,191602,360117,303307809.39
chandigarh,2023,1,172039,162492,136858540.09
chandigarh,2023,1,151143,128568,108286601.64
chandigarh,2023,1,124923,87448,73653441.57
chandigarh,2023,1,125556,67620,56953051.26
chandigarh,2023,1,148744,54054,45527530.52
chandigarh,2023,1,136342,46175,38891178.88
chandigarh,2023,1,151544,40587,34184264.49
chandigarh,2023,1,155505,34779,29293264.3
chandigarh,2023,1,134920,30198,25434810.36
chandigarh,2023,2,138992,437458,368011402.5
chandigarh,2023,2,191876,197073,165788337.94
chandigarh,2023,2,169649,145347,122273467.78
chandigarh,2023,2,135394,98736,83062252.69
chandigarh,2023,2,179185,75501,63515513.03
chandigarh,2023,2,144777,70254,59101602.24
chandigarh,2023,2,165255,53939,45376976.98
chandigarh,2023,2,144377,53222,44773784.73
chandigarh,2023,2,139637,42642,35873105.66
chandigarh,2023,2,167657,41486,34900845.99
chandigarh,2023,3,113437,446723,385742815.6
chandigarh,2023,3,126894,209774,181138732.41
chandigarh,2023,3,158023,164515,142058044.6
chandigarh,2023,3,154146,110664,95558262.59
chandigarh,2023,3,145174,92634,79989156.61
chandigarh,2023,3,130099,66913,57778959.96
chandigarh,2023,3,114676,63305,54664246.82
chandigarh,2023,3,143068,50494,43602038.88
chandigarh,2023,3,187276,43866,37878631.47
chandigarh,2023,3,126606,42059,36318080.78
chandigarh,2023,4,124262,516843,439043712.11
chandigarh,2023,4,193031,216759,184130947.87
chandigarh,2023,4,177816,150322,127694360.16
chandigarh,2023,4,163736,120642,102482596.89
chandigarh,2023,4,136627,91775,77960489.78
chandigarh,2023,4,179178,67963,57733391.19
chandigarh,2023,4,126122,63899,54280964.25
chandigarh,2023,4,182144,53295,45272888.28
chandigarh,2023,4,148236,42702,36274918.72
chandigarh,2023,4,133849,40273,34211205.47
chhattisgarh,2018,1,411089,697081,544537597.78
chhattisgarh,2018,1,424693,321586,251212945.98
chhattisgarh,2018,1,435768,219805,171705364.31
chhattisgarh,2018,1,469822,163136,127436968.66
chhattisgarh,2018,1,488784,129292,100998815.99
chhattisgarh,2018,1,462382,114705,89604647.85
chhattisgarh,2018,1,498986,86113,67269132.19
chhattisgarh,2018,1,413237,80719,63055678.47
chhattisgarh,2018,1,443172,74827,58453151.21
chhattisgarh,2018,1,422034,62720,48995332.39
chhattisgarh,2018,2,450252,781638,619952130.84
chhattisgarh,2018,2,421396,381342,302459605.19
chhattisgarh,2018,2,423037,244409,193852292.42
chhattisgarh,2018,2,467584,183296,145380262.21
chhattisgarh,2018,2,419155,151882,120464624.12
chhattisgarh,2018,2,422612,115570,91664025.01
chhattisgarh,2018,2,418558,106954,84830441.6
chhattisgarh,2018,2,419963,98157,77852831.13
chhattisgarh,2018,2,418856,80203,63612654.74
chhattisgarh,2018,2,416522,66541,52776761.59
chhattisgarh,2018,3,445932,872259,688375800.56
chhattisgarh,2018,3,419867,500283,394817187.12
chhattisgarh,2018,3,411773,314297,248039696.68
chhattisgarh,2018,3,499584,230511,181916643.51
chhattisgarh,2018,3,416588,175474,138482391.57
chhattisgarh,2018,3,488774,138756,109504394.98
chhattisgarh,2018,3,456125,126449,99792161.82
chhattisgarh,2018,3,486768,116371,91839058.18
chhattisgarh,2018,3,485084,99362,78415764.34
chhattisgarh,2018,3,468217,82363,65000503.73
chhattisgarh,2018,4,419176,1076852,862885736.06
chhattisgarh,2018,4,414356,496225,397627662.28
chhattisgarh,2018,4,467597,377021,302109166.82
chhattisgarh,2018,4,482685,271357,217439990.12
chhattisgarh,2018,4,466508,190542,152682423.8
chhattisgarh,2018,4,456709,180501,144636193.91
chhattisgarh,2018,4,430229,147455,118156870.04
chhattisgarh,2018,4,493845,139013,111391928.87
chhattisgarh,2018,4,456423,120389,96468298.51
chhattisgarh,2018,4,474471,96774,77545989.53
chhattisgarh,2019,1,491211,923673,749944078.18
chhattisgarh,2019,1,473050,468054,380020321.71
chhattisgarh,2019,1,431112,266915,216712783.37
chhattisgarh,2019,1,485972,237070,192481168.6
chhattisgarh,2019,1,414305,187093,151904161.29
chhattisgarh,2019,1,456279,147883,120069206.33
chhattisgarh,2019,1,415043,127310,103365395.78
chhattisgarh,2019,1,497397,113539,92184590.1
chhattisgarh,2019,1,444578,89343,72539065.51
chhattisgarh,2019,1,480367,76268,61923471.25
chhattisgarh,2019,2,478247,1158417,930042531.9
chhattisgarh,2019,2,487031,520519,417902442.5
chhattisgarh,2019,2,413317,391605,314402596.9
chhattisgarh,2019,2,479911,270357,217058566.27
chhattisgarh,2019,2,481031,215734,173203514.63
chhattisgarh,2019,2,475948,164728,132253400.16
chhattisgarh,2019,2,467648,146152,117339204.98
chhattisgarh,2019,2,492360,137278,110214826.5
chhattisgarh,2019,2,419921,119005,95544365.39
chhattisgarh,2019,2,477305,114347,91804606.03
chhattisgarh,2019,3,419151,1323202,1078602179.02
chhattisgarh,2019,3,459231,640674,522242991.84
chhattisgarh,2019,3,412106,392148,319658015.35
chhattisgarh,2019,3,441630,261195,212911925.65
chhattisgarh,2019,3,454356,205364,167401842.52
chhattisgarh,2019,3,413254,181646,148068183.26
chhattisgarh,2019,3,473665,158859,129493671.66
chhattisgarh,2019,3,458616,134548,109676478.66
chhattisgarh,2019,3,464754,125293,102132571.36
chhattisgarh,2019,3,479072,104909,85516608.34
chhattisgarh,2019,4,445821,1454141,1159395613.08
chhattisgarh,2019,4,425030,754133,601275099.95
chhattisgarh,2019,4,485986,548836,437590818.58
chhattisgarh,2019,4,431221,357600,285117231.86
chhattisgarh,2019,4,479815,273555,218107542.04
chhattisgarh,2019,4,478930,220310,175654526.67
chhattisgarh,2019,4,436133,215174,171560131.89
chhattisgarh,2019,4,470245,194818,155329976.56
chhattisgarh,2019,4,453766,144180,114955847.26
chhattisgarh,2019,4,426984,132083,105310903.85
chhattisgarh,2020,1,479742,1170826,933122676.08
chhattisgarh,2020,1,420926,597630,476298224.77
chhattisgarh,2020,1,415755,348054,277391364.61
chhattisgarh,2020,1,467271,250804,199885929.82
chhattisgarh,2020,1,463289,202414,161320036.26
chhattisgarh,2020,1,492550,195617,155902750.93
chhattisgarh,2020,1,416166,158411,126250116.2
chhattisgarh,2020,1,412901,127808,101860484.97
chhattisgarh,2020,1,483892,126042,100452763.69
chhattisgarh,2020,1,448166,112386,89569546.15
chhattisgarh,2020,2,420558,1401963,1147522276.03
chhattisgarh,2020,2,416880,563354,461111379.21
chhattisgarh,2020,2,432562,439991,360138060.91
chhattisgarh,2020,2,434645,315628,258345155.2
chhattisgarh,2020,2,492985,260264,213029094.91
chhattisgarh,2020,2,451797,199716,163469908.26
chhattisgarh,2020,2,495146,179336,146789124.81
chhattisgarh,2020,2,418007,136811,111982092.62
chhattisgarh,2020,2,467942,133035,108890747.86
chhattisgarh,2020,2,495929,116778,95584697.42
chhattisgarh,2020,3,469455,1548319,1265561107.71
chhattisgarh,2020,3,421506,623866,509934406.57
chhattisgarh,2020,3,431007,474274,387661670.64
chhattisgarh,2020,3,422082,303117,247761287.43
chhattisgarh,2020,3,466717,265913,217351928.78
chhattisgarh,2020,3,442883,200415,163815474.91
chhattisgarh,2020,3,410240,198289,162077081.7
chhattisgarh,2020,3,457880,165066,134921703.85
chhattisgarh,2020,3,457363,136741,111769211.86
chhattisgarh,2020,3,475593,124081,101421170.51
chhattisgarh,2020,4,486484,1720729,1411903482.1
chhattisgarh,2020,4,462275,842227,691070123.86
chhattisgarh,2020,4,473959,507843,416699257.21
chhattisgarh,2020,4,482839,340229,279166868.12
chhattisgarh,2020,4,493016,317799,260763043.96
chhattisgarh,2020,4,481717,259643,213043968.65
chhattisgarh,2020,4,444855,187934,154204966.91
chhattisgarh,2020,4,465271,168765,138476627.3
chhattisgarh,2020,4,469172,160026,131305585.77
chhattisgarh,2020,4,456678,152257,124930913.52
chhattisgarh,2021,1,450534,1404350,1152313662.84
chhattisgarh,2021,1,489156,646165,530198974.57
chhattisgarh,2021,1,444661,420305,344874104.55
chhattisgarh,2021,1,460184,348305,285795257.09
chhattisgarh,2021,1,453821,274400,225154439.89
chhattisgarh,2021,1,417351,228488,187481836.3
chhattisgarh,2021,1,422799,171864,141020329.68
chhattisgarh,2021,1,498316,157860,129529740.43
chhattisgarh,2021,1,437027,138219,113413661.92
chhattisgarh,2021,1,412511,121928,100046446.02
chhattisgarh,2021,2,487349,1597954,1328650492.17
chhattisgarh,2021,2,466316,754110,627019744.58
chhattisgarh,2021,2,444948,426688,354778726.0
chhattisgarh,2021,2,465890,343095,285273119.34
chhattisgarh,2021,2,464413,301585,250759190.73
chhattisgarh,2021,2,414890,236716,196822585.85
chhattisgarh,2021,2,499933,184271,153215740.48
chhattisgarh,2021,2,435215,180354,149959014.91
chhattisgarh,2021,2,415327,163177,135677359.52
chhattisgarh,2021,2,493307,137180,114061709.0
chhattisgarh,2021,3,419441,1556387,1289898723.55
chhattisgarh,2021,3,475673,835038,692060667.41
chhattisgarh,2021,3,433108,452882,375339107.45
chhattisgarh,2021,3,451093,402272,333394366.63
chhattisgarh,2021,3,464411,288516,239116220.48
chhattisgarh,2021,3,411913,263278,218199498.67
chhattisgarh,2021,3,449144,219783,182151437.78
chhattisgarh,2021,3,471015,174582,144690182.26
chhattisgarh,2021,3,445970,174308,144463293.97
chhattisgarh,2021,3,417283,149530,123927807.19
chhattisgarh,2021,4,416761,1838630,1557584842.87
chhattisgarh,2021,4,458921,904388,766147099.09
chhattisgarh,2021,4,421702,563221,477129465.88
chhattisgarh,2021,4,430607,473818,401392541.06
chhattisgarh,2021,4,482857,324065,274530348.25
chhattisgarh,2021,4,473717,297951,252407537.17
chhattisgarh,2021,4,464597,247945,210045089.49
chhattisgarh,2021,4,424452,227074,192364965.69
chhattisgarh,2021,4,468099,179478,152044425.3
chhattisgarh,2021,4,445151,169410,143515466.33
chhattisgarh,2022,1,462640,1498543,1269168848.3
chhattisgarh,2022,1,443731,756684,640862114.33
chhattisgarh,2022,1,493422,440060,372702379.42
chhattisgarh,2022,1,438947,312148,264369466.13
chhattisgarh,2022,1,433771,263365,223053043.08
chhattisgarh,2022,1,463778,209720,177619212.74
chhattisgarh,2022,1,413889,201745,170865098.79
chhattisgarh,2022,1,415810,174868,148102460.11
chhattisgarh,2022,1,488222,151181,128040993.76
chhattisgarh,2022,1,443599,133035,112672561.26
chhattisgarh,2022,2,483905,1590906,1316657910.24
chhattisgarh,2022,2,421390,775189,641558437.63
chhattisgarh,2022,2,412319,521648,431723735.12
chhattisgarh,2022,2,477294,400585,331530837.29
chhattisgarh,2022,2,475777,338327,280004584.0
chhattisgarh,2022,2,466085,276200,228587417.03
chhattisgarh,2022,2,493124,222640,184260435.01
chhattisgarh,2022,2,471671,180168,149110111.91
chhattisgarh,2022,2,434381,157431,130292940.31
chhattisgarh,2022,2,462363,149413,123656639.77
chhattisgarh,2022,3,470132,1883511,1612562600.15
chhattisgarh,2022,3,446106,805216,689383484.86
chhattisgarh,2022,3,451849,557338,477163317.28
chhattisgarh,2022,3,463131,430938,368946908.72
chhattisgarh,2022,3,419929,321729,275447992.22
chhattisgarh,2022,3,488350,250299,214293276.85
chhattisgarh,2022,3,411882,244829,209610200.65
chhattisgarh,2022,3,483561,191019,163540787.62
chhattisgarh,2022,3,473297,184698,158128778.59
chhattisgarh,2022,3,415385,172135,147373489.03
chhattisgarh,2022,4,444492,2159520,1825088346.37
chhattisgarh,2022,4,467571,914049,772496101.79
chhattisgarh,2022,4,478522,686543,580222219.72
chhattisgarh,2022,4,414996,437728,369940254.27
chhattisgarh,2022,4,448785,349313,295217024.73
chhattisgarh,2022,4,474578,308291,260548331.27
chhattisgarh,2022,4,449364,258058,218094226.22
chhattisgarh,2022,4,498778,244074,206275897.97
chhattisgarh,2022,4,495619,191096,161502260.75
chhattisgarh,2022,4,499320,170570,144155452.66
chhattisgarh,2023,1,433575,1575685,1331225347.81
chhattisgarh,2023,1,498214,847063,715646010.23
chhattisgarh,2023,1,489481,561019,473979915.11
chhattisgarh,2023,1,480382,414590,350268758.98
chhattisgarh,2023,1,485913,288750,243952163.74
chhattisgarh,2023,1,441233,242476,204857280.85
chhattisgarh,2023,1,410728,232357,196308389.69
chhattisgarh,2023,1,451281,205933,173983779.55
chhattisgarh,2023,1,477313,173342,146448964.2
chhattisgarh,2023,1,426385,138084,116661311.67
chhattisgarh,2023,2,475401,1882063,1590497996.81
chhattisgarh,2023,2,432733,845483,714502795.21
chhattisgarh,2023,2,480196,523698,442568074.08
chhattisgarh,2023,2,495754,379169,320428904.59
chhattisgarh,2023,2,457734,325592,275152342.92
chhattisgarh,2023,2,466220,292833,247468069.18
chhattisgarh,2023,2,471561,244016,206213951.5
chhattisgarh,2023,2,459209,206970,174906957.15
chhattisgarh,2023,2,486830,166091,140360599.83
chhattisgarh,2023,2,481117,146432,123747068.39
chhattisgarh,2023,3,443855,2061158,1766909849.0
chhattisgarh,2023,3,499947,1007770,863901864.08
chhattisgarh,2023,3,417262,592248,507699423.39
chhattisgarh,2023,3,474338,425601,364842916.24
chhattisgarh,2023,3,490925,351913,301674299.57
chhattisgarh,2023,3,424408,288653,247445567.97
chhattisgarh,2023,3,416084,272219,233357935.77
chhattisgarh,2023,3,465154,208050,178349204.28
chhattisgarh,2023,3,444143,200489,171867610.7
chhattisgarh,2023,3,429317,185286,158834928.79
chhattisgarh,2023,4,474530,2334519,1968190757.34
chhattisgarh,2023,4,475483,941011,793349521.4
chhattisgarh,2023,4,462058,720131,607129790.68
chhattisgarh,2023,4,447234,543930,458577820.91
chhattisgarh,2023,4,437025,414832,349737311.43
chhattisgarh,2023,4,444009,315249,265780929.1
chhattisgarh,2023,4,450868,262309,221148548.66
chhattisgarh,2023,4,457574,251726,212225850.23
chhattisgarh,2023,4,493900,203259,171364649.38
chhattisgarh,2023,4,473365,196247,165452788.64
dadra-&-nagar-haveli-&-daman-&-diu,2018,1,356253,72262,55811191.77
dadra-&-nagar-haveli-&-daman-&-diu,2018,1,317748,38817,29980570.94
dadra-&-nagar-haveli-&-daman-&-diu,2018,1,332779,25817,19939907.85
dadra-&-nagar-haveli-&-daman-&-diu,2018,1,352824,15957,12324836.86
dadra-&-nagar-haveli-&-daman-&-diu,2018,1,354785,13269,10248427.91
dadra-&-nagar-haveli-&-daman-&-diu,2018,1,326358,11054,8537801.57
dadra-&-nagar-haveli-&-daman-&-diu,2018,1,332456,9956,7689447.4
dadra-&-nagar-haveli-&-daman-&-diu,2018,1,370555,7869,6077947.56
dadra-&-nagar-haveli-&-daman-&-diu,2018,1,367140,7405,5719749.53
dadra-&-nagar-haveli-&-daman-&-diu,2018,1,343043,6310,4873691.67
dadra-&-nagar-haveli-&-daman-&-diu,2018,2,318926,90677,72363762.88
dadra-&-nagar-haveli-&-daman-&-diu,2018,2,335944,45944,36665241.9
dadra-&-nagar-haveli-&-daman-&-diu,2018,2,367476,26160,20877298.67
dadra-&-nagar-haveli-&-daman-&-diu,2018,2,336594,19412,15492233.32
dadra-&-nagar-haveli-&-daman-&-diu,2018,2,352575,16238,12958980.4
dadra-&-nagar-haveli-&-daman-&-diu,2018,2,389234,14063,11222868.94
dadra-&-nagar-haveli-&-daman-&-diu,2018,2,321988,11230,8962644.74
dadra-&-nagar-haveli-&-daman-&-diu,2018,2,348194,10553,8421854.71
dadra-&-nagar-haveli-&-daman-&-diu,2018,2,396908,8734,6970605.71
dadra-&-nagar-haveli-&-daman-&-diu,2018,2,344718,8220,6560225.87
dadra-&-nagar-haveli-&-daman-&-diu,2018,3,377551,106818,85110479.29
dadra-&-nagar-haveli-&-daman-&-diu,2018,3,348111,51190,40787343.37
dadra-&-nagar-haveli-&-daman-&-diu,2018,3,379207,35564,28336898.98
dadra-&-nagar-haveli-&-daman-&-diu,2018,3,396600,23406,18649875.05
dadra-&-nagar-haveli-&-daman-&-diu,2018,3,347980,20922,16670155.56
dadra-&-nagar-haveli-&-daman-&-diu,2018,3,323120,14792,11786017.44
dadra-&-nagar-haveli-&-daman-&-diu,2018,3,374684,13320,10613335.2
dadra-&-nagar-haveli-&-daman-&-diu,2018,3,376003,12344,9835853.21
dadra-&-nagar-haveli-&-daman-&-diu,2018,3,349817,11000,8764841.43
dadra-&-nagar-haveli-&-daman-&-diu,2018,3,341720,9664,7700253.68
dadra-&-nagar-haveli-&-daman-&-diu,2018,4,350509,131275,104519628.4
dadra-&-nagar-haveli-&-daman-&-diu,2018,4,365477,60501,48170686.67
dadra-&-nagar-haveli-&-daman-&-diu,2018,4,310239,34930,27810853.47
dadra-&-nagar-haveli-&-daman-&-diu,2018,4,390402,29013,23100207.32
dadra-&-nagar-haveli-&-daman-&-diu,2018,4,380706,22437,17864109.71
dadra-&-nagar-haveli-&-daman-&-diu,2018,4,350088,16495,13133575.0
dadra-&-nagar-haveli-&-daman-&-diu,2018,4,374728,14985,11931144.23
dadra-&-nagar-haveli-&-daman-&-diu,2018,4,355426,14751,11745204.3
dadra-&-nagar-haveli-&-daman-&-diu,2018,4,339533,11316,9010402.48
dadra-&-nagar-haveli-&-daman-&-diu,2018,4,393670,11000,8758173.9
dadra-&-nagar-haveli-&-daman-&-diu,2019,1,340713,108079,86399119.93
dadra-&-nagar-haveli-&-daman-&-diu,2019,1,371969,49768,39785482.05
dadra-&-nagar-haveli-&-daman-&-diu,2019,1,372636,34281,27404632.01
dadra-&-nagar-haveli-&-daman-&-diu,2019,1,314727,27874,22282626.74
dadra-&-nagar-haveli-&-daman-&-diu,2019,1,379204,20306,16233301.57
dadra-&-nagar-haveli-&-daman-&-diu,2019,1,342100,18116,14482560.32
dadra-&-nagar-haveli-&-daman-&-diu,2019,1,354731,14680,11735700.22
dadra-&-nagar-haveli-&-daman-&-diu,2019,1,360930,13047,10430133.99
dadra-&-nagar-haveli-&-daman-&-diu,2019,1,318150,10600,8474013.77
dadra-&-nagar-haveli-&-daman-&-diu,2019,1,387465,10228,8176849.35
dadra-&-nagar-haveli-&-daman-&-diu,2019,2,388697,124531,99582476.69
dadra-&-nagar-haveli-&-daman-&-diu,2019,2,346803,60736,48568392.93
dadra-&-nagar-haveli-&-daman-&-diu,2019,2,326894,40260,32194412.93
dadra-&-nagar-haveli-&-daman-&-diu,2019,2,371599,26422,21129096.16
dadra-&-nagar-haveli-&-daman-&-diu,2019,2,328930,23995,19187882.45
dadra-&-nagar-haveli-&-daman-&-diu,2019,2,339828,19675,15733962.38
dadra-&-nagar-haveli-&-daman-&-diu,2019,2,310152,14353,11477840.62
dadra-&-nagar-haveli-&-daman-&-diu,2019,2,377924,14130,11299531.57
dadra-&-nagar-haveli-&-daman-&-diu,2019,2,344693,12258,9802497.07
dadra-&-nagar-haveli-&-daman-&-diu,2019,2,332561,10285,8225196.22
dadra-&-nagar-haveli-&-daman-&-diu,2019,3,338539,133582,108235832.52
dadra-&-nagar-haveli-&-daman-&-diu,2019,3,318777,69978,56700320.36
dadra-&-nagar-haveli-&-daman-&-diu,2019,3,397389,45543,36901873.21
dadra-&-nagar-haveli-&-daman-&-diu,2019,3,316577,32580,26398764.98
dadra-&-nagar-haveli-&-daman-&-diu,2019,3,364404,24016,19459300.26
dadra-&-nagar-haveli-&-daman-&-diu,2019,3,336908,21932,17771122.87
dadra-&-nagar-haveli-&-daman-&-diu,2019,3,312777,16801,13613483.28
dadra-&-nagar-haveli-&-daman-&-diu,2019,3,373512,14886,12062085.26
dadra-&-nagar-haveli-&-daman-&-diu,2019,3,366330,14213,11516177.87
dadra-&-nagar-haveli-&-daman-&-diu,2019,3,395635,11952,9684438.36
dadra-&-nagar-haveli-&-daman-&-diu,2019,4,381558,159115,128754926.58
dadra-&-nagar-haveli-&-daman-&-diu,2019,4,382714,83216,67338467.59
dadra-&-nagar-haveli-&-daman-&-diu,2019,4,346795,52658,42610582.13
dadra-&-nagar-haveli-&-daman-&-diu,2019,4,396633,42202,34150181.35
dadra-&-nagar-haveli-&-daman-&-diu,2019,4,369527,29164,23599766.92
dadra-&-nagar-haveli-&-daman-&-diu,2019,4,325295,25379,20536879.01
dadra-&-nagar-haveli-&-daman-&-diu,2019,4,362270,23774,19237773.92
dadra-&-nagar-haveli-&-daman-&-diu,2019,4,383424,18741,15165224.81
dadra-&-nagar-haveli-&-daman-&-diu,2019,4,363300,18011,14574396.01
dadra-&-nagar-haveli-&-daman-&-diu,2019,4,366266,14210,11499354.01
dadra-&-nagar-haveli-&-daman-&-diu,2020,1,398440,141117,115808242.51
dadra-&-nagar-haveli-&-daman-&-diu,2020,1,338646,69590,57109692.89
dadra-&-nagar-haveli-&-daman-&-diu,2020,1,392137,41353,33936689.6
dadra-&-nagar-haveli-&-daman-&-diu,2020,1,336357,30390,24939839.12
dadra-&-nagar-haveli-&-daman-&-diu,2020,1,337042,22980,18858998.09
dadra-&-nagar-haveli-&-daman-&-diu,2020,1,321575,21494,17639443.11
dadra-&-nagar-haveli-&-daman-&-diu,2020,1,378780,16475,13520563.16
dadra-&-nagar-haveli-&-daman-&-diu,2020,1,391011,14953,12271854.16
dadra-&-nagar-haveli-&-daman-&-diu,2020,1,341940,14002,11490764.48
dadra-&-nagar-haveli-&-daman-&-diu,2020,1,328864,12374,10155334.47
dadra-&-nagar-haveli-&-daman-&-diu,2020,2,388332,147802,120900322.28
dadra-&-nagar-haveli-&-daman-&-diu,2020,2,375612,70554,57712413.84
dadra-&-nagar-haveli-&-daman-&-diu,2020,2,383805,49185,40233168.03
dadra-&-nagar-haveli-&-daman-&-diu,2020,2,318763,38402,31412910.5
dadra-&-nagar-haveli-&-daman-&-diu,2020,2,362022,32185,26327331.85
dadra-&-nagar-haveli-&-daman-&-diu,2020,2,334617,25767,21077887.84
dadra-&-nagar-haveli-&-daman-&-diu,2020,2,398966,19964,16330909.66
dadra-&-nagar-haveli-&-daman-&-diu,2020,2,314386,18395,15046902.04
dadra-&-nagar-haveli-&-daman-&-diu,2020,2,333349,16392,13408471.3
dadra-&-nagar-haveli-&-daman-&-diu,2020,2,343660,13468,11017179.69
dadra-&-nagar-haveli-&-daman-&-diu,2020,3,311346,156477,128073764.9
dadra-&-nagar-haveli-&-daman-&-diu,2020,3,336025,73543,60194078.16
dadra-&-nagar-haveli-&-daman-&-diu,2020,3,350005,52037,42591762.25
dadra-&-nagar-haveli-&-daman-&-diu,2020,3,358308,39801,32576734.16
dadra-&-nagar-haveli-&-daman-&-diu,2020,3,358796,30440,24914908.62
dadra-&-nagar-haveli-&-daman-&-diu,2020,3,368471,26386,21596475.71
dadra-&-nagar-haveli-&-daman-&-diu,2020,3,353490,20938,17137950.57
dadra-&-nagar-haveli-&-daman-&-diu,2020,3,356693,18529,15165800.27
dadra-&-nagar-haveli-&-daman-&-diu,2020,3,394188,16692,13662878.93
dadra-&-nagar-haveli-&-daman-&-diu,2020,3,399362,14506,11873213.66
dadra-&-nagar-haveli-&-daman-&-diu,2020,4,391875,178203,146305775.14
dadra-&-nagar-haveli-&-daman-&-diu,2020,4,398613,87903,72168981.97
dadra-&-nagar-haveli-&-daman-&-diu,2020,4,327920,59485,48837696.92
dadra-&-nagar-haveli-&-daman-&-diu,2020,4,366476,39881,32742672.45
dadra-&-nagar-haveli-&-daman-&-diu,2020,4,374932,32742,26881358.56
dadra-&-nagar-haveli-&-daman-&-diu,2020,4,361454,26025,21366816.31
dadra-&-nagar-haveli-&-daman-&-diu,2020,4,395067,24852,20404146.56
dadra-&-nagar-haveli-&-daman-&-diu,2020,4,361058,19092,15674649.76
dadra-&-nagar-haveli-&-daman-&-diu,2020,4,332863,17308,14210596.8
dadra-&-nagar-haveli-&-daman-&-diu,2020,4,332700,16751,13753212.98
dadra-&-nagar-haveli-&-daman-&-diu,2021,1,333194,154251,126587737.46
dadra-&-nagar-haveli-&-daman-&-diu,2021,1,375026,72953,59869705.97
dadra-&-nagar-haveli-&-daman-&-diu,2021,1,386560,47179,38718469.41
dadra-&-nagar-haveli-&-daman-&-diu,2021,1,325206,38292,31425167.06
dadra-&-nagar-haveli-&-daman-&-diu,2021,1,325669,31501,25851618.78
dadra-&-nagar-haveli-&-daman-&-diu,2021,1,327983,26502,21749803.44
dadra-&-nagar-haveli-&-daman-&-diu,2021,1,373240,20464,16794172.58
dadra-&-nagar-haveli-&-daman-&-diu,2021,1,355748,16780,13771106.38
dadra-&-nagar-haveli-&-daman-&-diu,2021,1,378870,16572,13600197.06
dadra-&-nagar-haveli-&-daman-&-diu,2021,1,334227,13012,10678913.95
dadra-&-nagar-haveli-&-daman-&-diu,2021,2,360720,172156,141750321.79
dadra-&-nagar-haveli-&-daman-&-diu,2021,2,324592,78111,64315805.68
dadra-&-nagar-haveli-&-daman-&-diu,2021,2,389422,50983,41978604.75
dadra-&-nagar-haveli-&-daman-&-diu,2021,2,320073,40490,33338739.05
dadra-&-nagar-haveli-&-daman-&-diu,2021,2,396303,31978,26330721.82
dadra-&-nagar-haveli-&-daman-&-diu,2021,2,311392,26552,21862860.71
dadra-&-nagar-haveli-&-daman-&-diu,2021,2,322626,24203,19928831.48
dadra-&-nagar-haveli-&-daman-&-diu,2021,2,343738,17712,14584280.44
dadra-&-nagar-haveli-&-daman-&-diu,2021,2,376662,15460,12730180.54
dadra-&-nagar-haveli-&-daman-&-diu,2021,2,378269,15193,12510186.09
dadra-&-nagar-haveli-&-daman-&-diu,2021,3,335745,195870,162685751.5
dadra-&-nagar-haveli-&-daman-&-diu,2021,3,327103,88051,73133915.32
dadra-&-nagar-haveli-&-daman-&-diu,2021,3,333407,60374,50145988.07
dadra-&-nagar-haveli-&-daman-&-diu,2021,3,333601,43603,36216382.58
dadra-&-nagar-haveli-&-daman-&-diu,2021,3,346536,31982,26563920.3
dadra-&-nagar-haveli-&-daman-&-diu,2021,3,314683,28284,23492305.22
dadra-&-nagar-haveli-&-daman-&-diu,2021,3,394496,21238,17639879.0
dadra-&-nagar-haveli-&-daman-&-diu,2021,3,316497,20370,16919039.12
dadra-&-nagar-haveli-&-daman-&-diu,2021,3,397544,18696,15528613.84
dadra-&-nagar-haveli-&-daman-&-diu,2021,3,396250,14634,12155055.57
dadra-&-nagar-haveli-&-daman-&-diu,2021,4,369750,209367,172610371.32
dadra-&-nagar-haveli-&-daman-&-diu,2021,4,374592,111309,91767778.57
dadra-&-nagar-haveli-&-daman-&-diu,2021,4,343302,69085,56956861.05
dadra-&-nagar-haveli-&-daman-&-diu,2021,4,353476,56009,46176084.02
dadra-&-nagar-haveli-&-daman-&-diu,2021,4,329182,38161,31461937.2
dadra-&-nagar-haveli-&-daman-&-diu,2021,4,397836,31614,26064116.36
dadra-&-nagar-haveli-&-daman-&-diu,2021,4,347095,27214,22436857.92
dadra-&-nagar-haveli-&-daman-&-diu,2021,4,321041,26276,21663354.72
dadra-&-nagar-haveli-&-daman-&-diu,2021,4,390669,21589,17798825.95
dadra-&-nagar-haveli-&-daman-&-diu,2021,4,367861,21525,17746028.76
dadra-&-nagar-haveli-&-daman-&-diu,2022,1,358902,164355,135730054.49
dadra-&-nagar-haveli-&-daman-&-diu,2022,1,368625,94435,77988322.54
dadra-&-nagar-haveli-&-daman-&-diu,2022,1,360524,58445,48265905.84
dadra-&-nagar-haveli-&-daman-&-diu,2022,1,331129,43291,35751169.87
dadra-&-nagar-haveli-&-daman-&-diu,2022,1,353713,36874,30452322.59
dadra-&-nagar-haveli-&-daman-&-diu,2022,1,378991,25176,20791750.18
dadra-&-nagar-haveli-&-daman-&-diu,2022,1,343824,21447,17712326.17
dadra-&-nagar-haveli-&-daman-&-diu,2022,1,372038,19153,15817697.96
dadra-&-nagar-haveli-&-daman-&-diu,2022,1,376409,18764,15496051.26
dadra-&-nagar-haveli-&-daman-&-diu,2022,1,321745,16557,13673675.54
dadra-&-nagar-haveli-&-daman-&-diu,2022,2,323389,194824,161571573.38
dadra-&-nagar-haveli-&-daman-&-diu,2022,2,320684,83421,69182685.07
dadra-&-nagar-haveli-&-daman-&-diu,2022,2,316407,53491,44361799.25
dadra-&-nagar-haveli-&-daman-&-diu,2022,2,379306,47168,39117522.94
dadra-&-nagar-haveli-&-daman-&-diu,2022,2,368837,33429,27723824.04
dadra-&-nagar-haveli-&-daman-&-diu,2022,2,314522,29475,24444871.8
dadra-&-nagar-haveli-&-daman-&-diu,2022,2,358524,22719,18841500.51
dadra-&-nagar-haveli-&-daman-&-diu,2022,2,393509,22157,18376026.3
dadra-&-nagar-haveli-&-daman-&-diu,2022,2,325504,18050,14969318.1
dadra-&-nagar-haveli-&-daman-&-diu,2022,2,337772,17287,14336613.16
dadra-&-nagar-haveli-&-daman-&-diu,2022,3,321702,216547,180588242.45
dadra-&-nagar-haveli-&-daman-&-diu,2022,3,311327,90010,75063251.45
dadra-&-nagar-haveli-&-daman-&-diu,2022,3,347967,63251,52747700.74
dadra-&-nagar-haveli-&-daman-&-diu,2022,3,321649,45410,37869793.6
dadra-&-nagar-haveli-&-daman-&-diu,2022,3,390530,36743,30642083.64
dadra-&-nagar-haveli-&-daman-&-diu,2022,3,363551,31399,26185690.35
dadra-&-nagar-haveli-&-daman-&-diu,2022,3,347105,28507,23773381.4
dadra-&-nagar-haveli-&-daman-&-diu,2022,3,342164,22333,18624976.36
dadra-&-nagar-haveli-&-daman-&-diu,2022,3,316724,21771,18156299.38
dadra-&-nagar-haveli-&-daman-&-diu,2022,3,312757,18966,15817126.85
dadra-&-nagar-haveli-&-daman-&-diu,2022,4,379085,242628,201678536.15
dadra-&-nagar-haveli-&-daman-&-diu,2022,4,366246,115671,96148728.06
dadra-&-nagar-haveli-&-daman-&-diu,2022,4,315894,72514,60275418.39
dadra-&-nagar-haveli-&-daman-&-diu,2022,4,326699,53618,44568790.94
dadra-&-nagar-haveli-&-daman-&-diu,2022,4,327121,44572,37049967.33
dadra-&-nagar-haveli-&-daman-&-diu,2022,4,389776,32757,27228726.08
dadra-&-nagar-haveli-&-daman-&-diu,2022,4,333631,29704,24691423.9
dadra-&-nagar-haveli-&-daman-&-diu,2022,4,390111,24812,20624314.4
dadra-&-nagar-haveli-&-daman-&-diu,2022,4,311672,23999,19949071.76
dadra-&-nagar-haveli-&-daman-&-diu,2022,4,338100,20020,16641669.47
dadra-&-nagar-haveli-&-daman-&-diu,2023,1,349249,197088,168810646.64
dadra-&-nagar-haveli-&-daman-&-diu,2023,1,356356,96836,82942167.89
dadra-&-nagar-haveli-&-daman-&-diu,2023,1,352623,57319,49095613.77
dadra-&-nagar-haveli-&-daman-&-diu,2023,1,310308,39433,33775669.03
dadra-&-nagar-haveli-&-daman-&-diu,2023,1,395955,34104,29210987.65
dadra-&-nagar-haveli-&-daman-&-diu,2023,1,333140,28504,24414646.35
dadra-&-nagar-haveli-&-daman-&-diu,2023,1,377895,24013,20568033.37
dadra-&-nagar-haveli-&-daman-&-diu,2023,1,374521,20142,17252559.91
dadra-&-nagar-haveli-&-daman-&-diu,2023,1,314243,18696,16013998.83
dadra-&-nagar-haveli-&-daman-&-diu,2023,1,390369,15437,13222588.62
dadra-&-nagar-haveli-&-daman-&-diu,2023,2,317039,206072,178499745.45
dadra-&-nagar-haveli-&-daman-&-diu,2023,2,356331,96728,83786141.54
dadra-&-nagar-haveli-&-daman-&-diu,2023,2,356924,66092,57249655.12
dadra-&-nagar-haveli-&-daman-&-diu,2023,2,376502,47926,41513951.98
dadra-&-nagar-haveli-&-daman-&-diu,2023,2,376727,35739,30957798.06
dadra-&-nagar-haveli-&-daman-&-diu,2023,2,330857,31913,27643558.03
dadra-&-nagar-haveli-&-daman-&-diu,2023,2,333945,27798,24078851.99
dadra-&-nagar-haveli-&-daman-&-diu,2023,2,347394,22442,19439605.52
dadra-&-nagar-haveli-&-daman-&-diu,2023,2,347369,18903,16374615.79
dadra-&-nagar-haveli-&-daman-&-diu,2023,2,353431,16278,14100424.27
dadra-&-nagar-haveli-&-daman-&-diu,2023,3,315698,215126,182093781.67
dadra-&-nagar-haveli-&-daman-&-diu,2023,3,312473,106131,89834937.22
dadra-&-nagar-haveli-&-daman-&-diu,2023,3,361186,73034,61819742.92
dadra-&-nagar-haveli-&-daman-&-diu,2023,3,357619,48469,41026747.08
dadra-&-nagar-haveli-&-daman-&-diu,2023,3,340571,43376,36716149.72
dadra-&-nagar-haveli-&-daman-&-diu,2023,3,388284,34307,29039338.82
dadra-&-nagar-haveli-&-daman-&-diu,2023,3,378362,30665,25956408.8
dadra-&-nagar-haveli-&-daman-&-diu,2023,3,389113,27978,23682567.56
dadra-&-nagar-haveli-&-daman-&-diu,2023,3,397096,24400,20653687.72
dadra-&-nagar-haveli-&-daman-&-diu,2023,3,319678,19707,16681580.62
dadra-&-nagar-haveli-&-daman-&-diu,2023,4,351177,253325,217900614.48
dadra-&-nagar-haveli-&-daman-&-diu,2023,4,334634,116136,99895690.92
dadra-&-nagar-haveli-&-daman-&-diu,2023,4,372354,72157,62066892.69
dadra-&-nagar-haveli-&-daman-&-diu,2023,4,365908,58806,50582884.39
dadra-&-nagar-haveli-&-daman-&-diu,2023,4,388831,47361,40738227.73
dadra-&-nagar-haveli-&-daman-&-diu,2023,4,390699,40080,34475420.22
dadra-&-nagar-haveli-&-daman-&-diu,2023,4,343200,31578,27162656.53
dadra-&-nagar-haveli-&-daman-&-diu,2023,4,356763,29486,25363172.5
dadra-&-nagar-haveli-&-daman-&-diu,2023,4,366168,22120,19027118.22
dadra-&-nagar-haveli-&-daman-&-diu,2023,4,334280,21473,18470800.58
delhi,2018,1,151798,2004752,1575407714.53
delhi,2018,1,120270,1119574,879802419.44
delhi,2018,1,139715,724968,569706587.18
delhi,2018,1,192698,519463,408213193.65
delhi,2018,1,161762,400174,314471571.08
delhi,2018,1,150738,295992,232601885.4
delhi,2018,1,155731,265779,208859486.47
delhi,2018,1,162622,250359,196741414.52
delhi,2018,1,148286,203188,159672679.92
delhi,2018,1,159654,177056,139137694.1
delhi,2018,2,175253,2330387,1812379608.08
delhi,2018,2,160399,1137560,884698720.17
delhi,2018,2,138341,841771,654658720.11
delhi,2018,2,150695,570682,443828482.09
delhi,2018,2,190215,484699,376958562.78
delhi,2018,2,161051,387692,301514556.48
delhi,2018,2,143247,330734,257217408.88
delhi,2018,2,183684,276439,214991728.09
delhi,2018,2,147743,233707,181758015.24
delhi,2018,2,179918,220623,171582123.81
delhi,2018,3,131664,3201093,2535036374.61
delhi,2018,3,148103,1481066,1172898075.48
delhi,2018,3,168054,862358,682925951.42
delhi,2018,3,189583,668325,529265497.02
delhi,2018,3,165731,608693,482041380.85
delhi,2018,3,119380,503273,398556198.95
delhi,2018,3,139434,368850,292102724.19
delhi,2018,3,164723,338117,267764611.76
delhi,2018,3,152702,310281,245720861.31
delhi,2018,3,182912,257755,204123718.75
delhi,2018,4,187196,3374272,2669382715.36
delhi,2018,4,111263,1756058,1389215370.53
delhi,2018,4,117461,1091063,863138632.27
delhi,2018,4,149549,705557,558165779.38
delhi,2018,4,179009,583805,461847533.54
delhi,2018,4,162781,471734,373188224.36
delhi,2018,4,151158,428062,338639624.69
delhi,2018,4,198242,394900,312405481.08
delhi,2018,4,192545,327656,259208526.19
delhi,2018,4,152826,292695,231551211.33
delhi,2019,1,138924,3134034,2506781703.94
delhi,2019,1,170797,1548038,1238210208.07
delhi,2019,1,117146,987076,789520592.39
delhi,2019,1,192844,717759,574105378.91
delhi,2019,1,123220,543921,435059734.6
delhi,2019,1,185807,456176,364876173.22
delhi,2019,1,128485,428901,343060252.4
delhi,2019,1,150408,384061,307194879.46
delhi,2019,1,142591,319406,255479839.0
delhi,2019,1,174248,272856,218246155.5
delhi,2019,2,152505,3398681,2708739556.28
delhi,2019,2,137831,1404206,1119148540.97
delhi,2019,2,195282,1094122,872012539.74
delhi,2019,2,177537,771422,614821521.48
delhi,2019,2,164540,635963,506861144.21
delhi,2019,2,153981,534340,425868111.5
delhi,2019,2,182849,420288,334968638.05
delhi,2019,2,162534,394587,314485526.27
delhi,2019,2,115286,351794,280379293.13
delhi,2019,2,169825,283654,226071838.55
delhi,2019,3,183262,4115472,3280797410.21
delhi,2019,3,150731,1940885,1547246561.61
delhi,2019,3,190133,1226439,977700273.01
delhi,2019,3,168559,943351,752026248.97
delhi,2019,3,174987,716575,571243942.58
delhi,2019,3,127239,651857,519651836.19
delhi,2019,3,193253,535299,426733667.48
delhi,2019,3,182879,405084,322927840.5
delhi,2019,3,132041,399253,318279632.81
delhi,2019,3,147840,346637,276334208.4
delhi,2019,4,122756,4229579,3415020945.66
delhi,2019,4,157697,2002704,1617011279.4
delhi,2019,4,137322,1337087,1079582657.26
delhi,2019,4,117030,966166,780095849.24
delhi,2019,4,163638,821004,662890448.85
delhi,2019,4,127423,740992,598287275.61
delhi,2019,4,140804,579438,467846292.23
delhi,2019,4,181561,499782,403531658.21
delhi,2019,4,117593,440946,356026080.6
delhi,2019,4,132920,361985,292271747.16
delhi,2020,1,130694,3677567,2940039731.57
delhi,2020,1,173279,1844349,1474469327.99
delhi,2020,1,164027,1175411,939685387.17
delhi,2020,1,123636,837420,669477790.09
delhi,2020,1,134325,678760,542636579.06
delhi,2020,1,179491,530574,424169238.59
delhi,2020,1,154610,526563,420962430.28
delhi,2020,1,170637,441910,353286126.08
delhi,2020,1,185079,403472,322557242.7
delhi,2020,1,136661,303884,242941279.26
delhi,2020,2,199397,4136443,3358575046.03
delhi,2020,2,178937,2037124,1654038276.13
delhi,2020,2,139920,1299658,1055254451.87
delhi,2020,2,143234,972836,789892518.61
delhi,2020,2,155093,768234,623766188.63
delhi,2020,2,180632,634818,515439236.86
delhi,2020,2,196613,533738,433368006.39
delhi,2020,2,142143,495878,402627191.95
delhi,2020,2,112569,437548,355266007.59
delhi,2020,2,121758,376974,306083677.63
delhi,2020,3,165712,4639497,3800702436.2
delhi,2020,3,179459,2274306,1863124260.45
delhi,2020,3,191360,1494911,1224639663.41
delhi,2020,3,117805,1043087,854503235.41
delhi,2020,3,193714,803118,657919030.44
delhi,2020,3,171573,752385,616358261.27
delhi,2020,3,118705,533911,437383370.46
delhi,2020,3,141702,488900,400510405.81
delhi,2020,3,182023,479549,392849448.01
delhi,2020,3,126839,441465,361651076.74
delhi,2020,4,170024,5153298,4158619305.89
delhi,2020,4,165805,2579061,2081255915.62
delhi,2020,4,177162,1642946,1325827979.0
delhi,2020,4,124168,1316587,1062462431.36
delhi,2020,4,178330,1018736,822102301.35
delhi,2020,4,170353,719101,580301908.77
delhi,2020,4,123745,684318,552232456.89
delhi,2020,4,146312,620766,500947173.06
delhi,2020,4,133460,528888,426803232.54
delhi,2020,4,125871,467917,377600762.89
delhi,2021,1,117079,4314370,3602044582.64
delhi,2021,1,192861,1918777,1601976552.46
delhi,2021,1,114260,1278156,1067126215.31
delhi,2021,1,141598,1032952,862406328.52
delhi,2021,1,178673,779178,650531903.01
delhi,2021,1,185518,650224,542868544.85
delhi,2021,1,192356,533100,445082813.6
delhi,2021,1,133701,439273,366747151.33
delhi,2021,1,196438,393586,328602934.76
delhi,2021,1,188369,332003,277187962.44
delhi,2021,2,157327,4743215,3968943995.19
delhi,2021,2,188206,2010112,1681986385.28
delhi,2021,2,146296,1377776,1152871388.02
delhi,2021,2,182797,998962,835894576.45
delhi,2021,2,134516,758664,634822142.87
delhi,2021,2,184738,672307,562561565.35
delhi,2021,2,153722,530809,444161129.12
delhi,2021,2,180980,486057,406714289.72
delhi,2021,2,197712,460369,385219430.93
delhi,2021,2,157017,377832,316156183.13
delhi,2021,3,125834,5284547,4358250108.36
delhi,2021,3,132869,2458632,2027673014.45
delhi,2021,3,199373,1552432,1280315791.88
delhi,2021,3,115257,1351470,1114579470.39
delhi,2021,3,148174,1054648,869785024.73
delhi,2021,3,157504,822210,678090381.64
delhi,2021,3,187375,666816,549933879.63
delhi,2021,3,145895,630901,520314216.13
delhi,2021,3,199575,564081,465207023.62
delhi,2021,3,166950,477381,393703877.19
delhi,2021,4,152074,6007466,4939529627.11
delhi,2021,4,129839,2854543,2347095995.23
delhi,2021,4,126021,1791521,1473045648.01
delhi,2021,4,136616,1495532,1229674254.07
delhi,2021,4,169769,1211392,996045668.88
delhi,2021,4,189308,867633,713395948.75
delhi,2021,4,196883,863218,709765709.21
delhi,2021,4,158949,683213,561759550.81
delhi,2021,4,170147,590993,485933663.04
delhi,2021,4,154786,542149,445772395.77
delhi,2022,1,188185,4403469,3689894517.72
delhi,2022,1,190034,2412338,2021422752.37
delhi,2022,1,174815,1353521,1134185885.53
delhi,2022,1,162801,1200582,1006029848.67
delhi,2022,1,153859,850853,712974216.16
delhi,2022,1,146756,685727,574606157.19
delhi,2022,1,186775,609297,510561493.34
delhi,2022,1,169942,539946,452449267.26
delhi,2022,1,113036,493942,413899741.93
delhi,2022,1,167902,402156,336987477.81
delhi,2022,2,126416,5179762,4277858191.4
delhi,2022,2,146911,2397646,1980166499.36
delhi,2022,2,189661,1462877,1208159880.99
delhi,2022,2,159995,1074852,887698550.03
delhi,2022,2,143692,959236,792213126.71
delhi,2022,2,168580,717995,592977416.36
delhi,2022,2,148162,597076,493113141.5
delhi,2022,2,160307,510600,421694117.62
delhi,2022,2,198373,506800,418556169.64
delhi,2022,2,145056,438304,361986496.68
delhi,2022,3,187780,5628601,4739464983.12
delhi,2022,3,130088,2606454,2194719106.82
delhi,2022,3,160498,1749139,1472832043.38
delhi,2022,3,190526,1159047,975955240.36
delhi,2022,3,173112,954888,804047142.46
delhi,2022,3,125689,788297,663772171.03
delhi,2022,3,118719,666382,561115989.43
delhi,2022,3,167599,557670,469576898.23
delhi,2022,3,162176,539211,454033659.03
delhi,2022,3,156727,468404,394411378.73
delhi,2022,4,153817,6637825,5623987042.92
delhi,2022,4,139247,3223907,2731498664.54
delhi,2022,4,141906,1737312,1471961090.66
delhi,2022,4,177126,1547612,1311235344.67
delhi,2022,4,115705,1104649,935929345.81
delhi,2022,4,136012,982046,832051957.93
delhi,2022,4,199584,820740,695383750.66
delhi,2022,4,124480,628877,532825321.54
delhi,2022,4,167685,596983,505801882.67
delhi,2022,4,121405,588117,498290483.1
delhi,2023,1,115653,5206972,4454289386.58
delhi,2023,1,169486,2486997,2127495311.87
delhi,2023,1,136297,1486904,1271968196.26
delhi,2023,1,126876,1200741,1027171219.77
delhi,2023,1,123714,817218,699087512.67
delhi,2023,1,164795,788632,674633454.8
delhi,2023,1,124949,618029,528691307.86
delhi,2023,1,177964,577542,494057177.99
delhi,2023,1,152440,437531,374284767.54
delhi,2023,1,112388,383511,328073700.38
delhi,2023,2,160514,6023158,5131734097.96
delhi,2023,2,143368,2552740,2174936094.86
delhi,2023,2,154655,1858046,1583056317.19
delhi,2023,2,152724,1364821,1162828598.04
delhi,2023,2,164123,1094682,932670314.32
delhi,2023,2,120031,960914,818699673.05
delhi,2023,2,159944,793186,675795433.66
delhi,2023,2,139872,621668,529662027.36
delhi,2023,2,141576,563914,480455027.26
delhi,2023,2,145268,561840,478688201.33
delhi,2023,3,168205,6117369,5249942639.36
delhi,2023,3,118977,2637234,2263281293.27
delhi,2023,3,135122,2048121,1757702942.5
delhi,2023,3,166513,1363124,1169837015.24
delhi,2023,3,132228,989184,848920995.08
delhi,2023,3,138269,835054,716646353.83
delhi,2023,3,147800,719347,617346139.82
delhi,2023,3,192244,673306,577833185.46
delhi,2023,3,142100,553779,475255321.05
delhi,2023,3,182025,540031,463456849.8
delhi,2023,4,150556,6788287,5817856353.29
delhi,2023,4,183271,3227708,2766285812.03
delhi,2023,4,192867,2083745,1785859910.9
delhi,2023,4,195710,1651191,1415142626.86
delhi,2023,4,191201,1287556,1103491698.34
delhi,2023,4,120612,995804,853447303.54
delhi,2023,4,149371,784647,672477103.76
delhi,2023,4,175450,663233,568419913.22
delhi,2023,4,112488,616527,528390682.57
delhi,2023,4,194054,616440,528316567.1
goa,2018,1,493443,212084,167217576.78
goa,2018,1,489679,106034,83602243.3
goa,2018,1,414408,72144,56881810.76
goa,2018,1,485627,59041,46551066.17
goa,2018,1,425243,39324,31005506.3
goa,2018,1,433519,35451,27951603.54
goa,2018,1,470499,31055,24485811.47
goa,2018,1,468912,24530,19340813.36
goa,2018,1,441193,21836,17217269.16
goa,2018,1,486450,20741,16353695.6
goa,2018,2,498126,266246,212926311.82
goa,2018,2,435262,129280,103390204.46
goa,2018,2,464400,87320,69833446.5
goa,2018,2,443020,64241,51376052.0
goa,2018,2,455816,48002,38389313.77
goa,2018,2,455392,42617,34082694.86
goa,2018,2,482793,35685,28539118.69
goa,2018,2,413884,28219,22568164.67
goa,2018,2,414001,26065,20845542.29
goa,2018,2,474720,25447,20351252.08
goa,2018,3,494110,336288,265170830.76
goa,2018,3,447788,164017,129331257.45
goa,2018,3,427871,94535,74543516.99
goa,2018,3,474806,76038,59958307.89
goa,2018,3,482057,58975,46503633.37
goa,2018,3,456903,51536,40637948.13
goa,2018,3,454645,40822,32189634.01
goa,2018,3,430574,35836,28258035.99
goa,2018,3,416806,32548,25665511.17
goa,2018,3,434690,29763,23468986.3
goa,2018,4,411096,387770,312630807.54
goa,2018,4,411235,161424,130144733.26
goa,2018,4,437709,106880,86169888.37
goa,2018,4,477988,82873,66815161.5
goa,2018,4,461266,69821,56292007.18
goa,2018,4,426573,60507,48782491.57
goa,2018,4,482836,42332,34129739.44
goa,2018,4,454026,40915,32986905.97
goa,2018,4,423893,32504,26206352.79
goa,2018,4,480149,29284,23609665.63
goa,2019,1,434930,323361,259407307.82
goa,2019,1,416855,149750,120133058.95
goa,2019,1,490413,105621,84731534.97
goa,2019,1,455235,81419,65316138.46
goa,2019,1,476594,61033,48962364.61
goa,2019,1,481053,53616,43012231.53
goa,2019,1,495209,42858,34381848.31
goa,2019,1,492238,35792,28713410.36
goa,2019,1,451500,35438,28429686.32
goa,2019,1,479404,28068,22516989.06
goa,2019,2,491354,379072,298721463.82
goa,2019,2,435141,199689,157361451.06
goa,2019,2,436735,126166,99423072.56
goa,2019,2,442106,85086,67050690.39
goa,2019,2,443397,74373,58608401.5
goa,2019,2,440312,61758,48667575.22
goa,2019,2,446547,51544,40619068.17
goa,2019,2,472142,42983,33872034.87
goa,2019,2,475767,39236,30919331.67
goa,2019,2,445754,36082,28434035.33
goa,2019,3,411978,418603,337132504.33
goa,2019,3,492457,210557,169577732.23
goa,2019,3,456253,126910,102210697.06
goa,2019,3,436606,91769,73908880.27
goa,2019,3,467117,83045,66882607.72
goa,2019,3,419068,59613,48011193.27
goa,2019,3,444718,56830,45770113.77
goa,2019,3,435765,42704,34393244.34
goa,2019,3,425321,42690,34382188.25
goa,2019,3,422907,37551,30243149.37
goa,2019,4,474574,510294,420208151.86
goa,2019,4,448794,224917,185210955.21
goa,2019,4,421101,142727,117530457.11
goa,2019,4,426582,113202,93218208.01
goa,2019,4,459346,91877,75658025.1
goa,2019,4,478962,81361,66998544.54
goa,2019,4,443122,58453,48134065.64
goa,2019,4,444670,54127,44571584.03
goa,2019,4,425315,46011,37888728.45
goa,2019,4,421324,43768,36041419.14
goa,2020,1,442191,436525,354298972.63
goa,2020,1,477698,204885,166292181.39
goa,2020,1,421130,120547,97840556.63
goa,2020,1,446450,93491,75880925.03
goa,2020,1,496558,77620,62999529.42
goa,2020,1,491219,58707,47649318.03
goa,2020,1,475294,58417,47413680.44
goa,2020,1,440381,50598,41067097.32
goa,2020,1,426460,40334,32736894.26
goa,2020,1,430360,38862,31541837.15
goa,2020,2,461218,400687,327783875.33
goa,2020,2,485035,230237,188346321.26
goa,2020,2,495526,131473,107552305.9
goa,2020,2,412987,111989,91613727.95
goa,2020,2,482268,77488,63389480.35
goa,2020,2,440661,70026,57285403.5
goa,2020,2,426240,53230,43545601.63
goa,2020,2,430104,51909,42464690.56
goa,2020,2,490547,45473,37199490.73
goa,2020,2,413885,39643,32430171.77
goa,2020,3,432401,481125,391870764.65
goa,2020,3,446231,278144,226545507.07
goa,2020,3,490665,159389,129820355.37
goa,2020,3,484722,122632,99882986.6
goa,2020,3,413538,94828,77236655.47
goa,2020,3,455934,76139,62015013.14
goa,2020,3,445014,67877,55285554.96
goa,2020,3,465544,56008,45618421.05
goa,2020,3,435857,55564,45256712.13
goa,2020,3,411118,45112,36743683.37
goa,2020,4,434970,586668,484344642.24
goa,2020,4,486777,248471,205134552.63
goa,2020,4,465345,170050,140391495.31
goa,2020,4,461275,126295,104267564.82
goa,2020,4,453247,104453,86234952.03
goa,2020,4,499814,84832,70036155.83
goa,2020,4,420399,67081,55381832.52
goa,2020,4,436177,65216,53842076.27
goa,2020,4,461340,49698,41030237.74
goa,2020,4,461755,45533,37592120.59
goa,2021,1,447167,463363,380760932.88
goa,2021,1,486527,198173,162845663.52
goa,2021,1,461091,145878,119872809.3
goa,2021,1,454786,111718,91802600.67
goa,2021,1,458524,79789,65565575.54
goa,2021,1,418677,73061,60037193.91
goa,2021,1,444269,62396,51273312.37
goa,2021,1,476209,47284,38855546.14
goa,2021,1,446283,45760,37602625.69
goa,2021,1,485735,36527,30015738.88
goa,2021,2,436867,474699,390636439.14
goa,2021,2,499520,262094,215681418.27
goa,2021,2,423401,158236,130215303.52
goa,2021,2,434117,104506,86000118.1
goa,2021,2,480357,99675,82024226.14
goa,2021,2,452329,74257,61107154.92
goa,2021,2,441290,70079,57668992.87
goa,2021,2,489400,53320,43878354.42
goa,2021,2,456641,52706,43372608.5
goa,2021,2,445581,43416,35727685.83
goa,2021,3,450367,542866,449605816.5
goa,2021,3,468939,273645,226634769.78
goa,2021,3,443249,198042,164020542.89
goa,2021,3,453250,145966,120890738.96
goa,2021,3,463629,102071,84536160.42
goa,2021,3,429123,90962,75335483.94
goa,2021,3,473045,78696,65177285.39
goa,2021,3,420134,59900,49609859.41
goa,2021,3,466261,57606,47710002.51
goa,2021,3,453893,51653,42779846.07
goa,2021,4,438009,596033,505308741.56
goa,2021,4,444881,291221,246894014.33
goa,2021,4,440257,202568,171735158.83
goa,2021,4,414107,129797,110040843.08
goa,2021,4,443573,112872,95691532.72
goa,2021,4,471163,89923,76235810.68
goa,2021,4,419870,77704,65876755.06
goa,2021,4,477580,71895,60952296.93
goa,2021,4,415610,60019,50884101.64
goa,2021,4,468976,49444,41918457.58
goa,2022,1,456857,500138,417340034.27
goa,2022,1,496016,251417,209795111.16
goa,2022,1,466329,176079,146929730.86
goa,2022,1,441599,114272,95354261.16
goa,2022,1,472494,100204,83615371.53
goa,2022,1,469200,73398,61246945.68
goa,2022,1,490925,68744,57364005.32
goa,2022,1,427488,57825,48252694.5
goa,2022,1,459653,52888,44132372.42
goa,2022,1,467737,43178,36030633.22
goa,2022,2,469749,555315,465271981.07
goa,2022,2,497916,271737,227675807.5
goa,2022,2,459258,165721,138850226.32
goa,2022,2,434183,127835,107107371.08
goa,2022,2,451271,94180,78909672.79
goa,2022,2,443431,93085,77991444.82
goa,2022,2,458470,78565,65826146.21
goa,2022,2,459495,60357,50570367.47
goa,2022,2,458405,58684,49168485.54
goa,2022,2,445822,51734,43345783.95
goa,2022,3,425185,666005,551331705.54
goa,2022,3,480353,268192,222014303.73
goa,2022,3,442191,212280,175730057.47
goa,2022,3,463914,136049,112623950.09
goa,2022,3,477094,103846,85965693.8
goa,2022,3,467671,89182,73827300.57
goa,2022,3,444694,81858,67763645.98
goa,2022,3,465496,65792,54464128.88
goa,2022,3,427210,57484,47586853.55
goa,2022,3,435779,49652,41103358.55
goa,2022,4,413442,703568,599662169.73
goa,2022,4,449470,315392,268813719.59
goa,2022,4,426916,213124,181649232.51
goa,2022,4,493839,161143,137345381.49
goa,2022,4,486605,126113,107488748.33
goa,2022,4,496237,106720,90959131.71
goa,2022,4,451909,84503,72023432.24
goa,2022,4,430722,73755,62862606.2
goa,2022,4,465434,68188,58118456.65
goa,2022,4,476330,61629,52527654.1
goa,2023,1,488769,596988,505149393.35
goa,2023,1,471674,269721,228228099.72
goa,2023,1,411064,160594,135888978.79
goa,2023,1,463444,135883,114979436.5
goa,2023,1,479776,95855,81109123.26
goa,2023,1,435670,81307,68799712.47
goa,2023,1,499808,76132,64420863.52
goa,2023,1,450607,57191,48393143.41
goa,2023,1,469966,54452,46075976.85
goa,2023,1,434485,52338,44286958.63
goa,2023,2,493911,610870,531364127.92
goa,2023,2,428766,286093,248857682.52
goa,2023,2,433156,181756,158100278.05
goa,2023,2,465723,144290,125510787.97
goa,2023,2,430635,109482,95233008.77
goa,2023,2,466863,90995,79152598.58
goa,2023,2,470708,87484,76098052.48
goa,2023,2,495655,74782,65048989.37
goa,2023,2,465201,68979,60001402.21
goa,2023,2,486251,52438,45613119.79
goa,2023,3,413748,640492,543904808.22
goa,2023,3,485522,299926,254696797.31
goa,2023,3,439120,215222,182766339.46
goa,2023,3,444291,151121,128332469.71
goa,2023,3,412238,118627,100737843.47
goa,2023,3,440741,110549,93878206.68
goa,2023,3,445587,93895,79735799.46
goa,2023,3,412191,71017,60308089.87
goa,2023,3,454788,62448,53031216.15
goa,2023,3,475329,60903,51719155.52
goa,2023,4,426281,791912,689203855.68
goa,2023,4,498815,332899,289723351.36
goa,2023,4,453695,244538,212822302.5
goa,2023,4,429567,173834,151289088.17
goa,2023,4,429330,136782,119041874.66
goa,2023,4,471936,114711,99833723.03
goa,2023,4,471590,91068,79256944.66
goa,2023,4,431521,90148,78456886.8
goa,2023,4,436862,82006,71370692.91
goa,2023,4,444933,66841,58172188.19
gujarat,2018,1,398899,1964980,1573629820.08
gujarat,2018,1,327987,972308,778660549.45
gujarat,2018,1,395413,637033,510159839.5
gujarat,2018,1,342183,450635,360885569.95
gujarat,2018,1,386837,356562,285548564.91
gujarat,2018,1,337331,305817,244909785.89
gujarat,2018,1,332657,245398,196524356.44
gujarat,2018,1,326790,203963,163341894.17
gujarat,2018,1,398495,176083,141014247.64
gujarat,2018,1,363807,172151,137865278.58
gujarat,2018,2,331303,2439087,1896535700.7
gujarat,2018,2,386384,1250033,971975251.82
gujarat,2018,2,331042,853281,663477548.29
gujarat,2018,2,394452,555258,431746268.64
gujarat,2018,2,388946,484197,376492206.36
gujarat,2018,2,361392,384327,298837759.86
gujarat,2018,2,390421,306196,238085771.8
gujarat,2018,2,384181,305419,237481741.61
gujarat,2018,2,337790,255893,198972464.12
gujarat,2018,2,325147,235010,182734419.29
gujarat,2018,3,367772,2721341,2140917752.8
gujarat,2018,3,326231,1302210,1024467118.84
gujarat,2018,3,390256,930596,732113692.2
gujarat,2018,3,339021,670085,527165462.55
gujarat,2018,3,367923,540721,425393223.83
gujarat,2018,3,330985,446692,351419532.34
gujarat,2018,3,327770,394251,310163550.94
gujarat,2018,3,312069,316771,249208832.49
gujarat,2018,3,315512,304533,239580630.97
gujarat,2018,3,385499,274062,215608818.52
gujarat,2018,4,352693,3587846,2864250380.02
gujarat,2018,4,361980,1517819,1211706357.93
gujarat,2018,4,319234,981134,783259494.55
gujarat,2018,4,361167,760536,607151394.78
gujarat,2018,4,326186,594227,474383513.19
gujarat,2018,4,319744,479740,382986338.94
gujarat,2018,4,360667,394284,314764978.52
gujarat,2018,4,347863,356893,284915386.75
gujarat,2018,4,380779,345346,275696814.87
gujarat,2018,4,386404,266635,212860520.85
gujarat,2019,1,315214,3015021,2411166914.03
gujarat,2019,1,339236,1442570,1153649730.8
gujarat,2019,1,332268,910624,728242573.65
gujarat,2019,1,394211,652205,521580753.01
gujarat,2019,1,393782,579376,463337598.96
gujarat,2019,1,374483,433742,346871366.99
gujarat,2019,1,373443,363145,290414250.89
gujarat,2019,1,386197,347053,277544680.88
gujarat,2019,1,397145,318243,254505391.64
gujarat,2019,1,324024,257600,206007535.26
gujarat,2019,2,320916,3092133,2457128574.29
gujarat,2019,2,361424,1603383,1274110431.02
gujarat,2019,2,340690,953798,757925103.92
gujarat,2019,2,356227,848781,674474697.66
gujarat,2019,2,382422,613981,487893652.48
gujarat,2019,2,330204,482734,383599704.46
gujarat,2019,2,317903,422522,335752759.82
gujarat,2019,2,313524,356042,282925245.44
gujarat,2019,2,382911,319137,253599233.39
gujarat,2019,2,327559,292311,232281792.63
gujarat,2019,3,374253,3636062,2899042488.16
gujarat,2019,3,377573,1670762,1332103747.32
gujarat,2019,3,366168,1077892,859406697.23
gujarat,2019,3,382666,904627,721262080.33
gujarat,2019,3,357402,672445,536142960.15
gujarat,2019,3,367004,581830,463895266.4
gujarat,2019,3,380012,446464,355967466.36
gujarat,2019,3,310365,383604,305848936.67
gujarat,2019,3,374287,375849,299665772.97
gujarat,2019,3,390721,307057,244817437.78
gujarat,2019,4,342995,4253820,3475556152.62
gujarat,2019,4,334504,1957744,1599562172.68
gujarat,2019,4,363489,1345344,1099205260.95
gujarat,2019,4,362231,1133064,925763353.4
gujarat,2019,4,373728,833407,680930174.14
gujarat,2019,4,355493,637585,520935089.43
gujarat,2019,4,327138,615853,503179464.42
gujarat,2019,4,360051,508600,415548821.1
gujarat,2019,4,344849,474704,387854624.92
gujarat,2019,4,322996,374994,306386458.26
gujarat,2020,1,336084,3266663,2675222209.59
gujarat,2020,1,393901,1854870,1519039482.66
gujarat,2020,1,385275,1121808,918701339.92
gujarat,2020,1,394862,880592,721157905.85
gujarat,2020,1,398537,601984,492992704.36
gujarat,2020,1,354443,533938,437267138.86
gujarat,2020,1,343215,502147,411232027.94
gujarat,2020,1,357865,415751,340478222.2
gujarat,2020,1,353393,375433,307459610.13
gujarat,2020,1,369980,308025,252256587.14
gujarat,2020,2,385638,3871433,3179907461.09
gujarat,2020,2,321080,1992675,1636737884.87
gujarat,2020,2,363401,1272264,1045009137.69
gujarat,2020,2,320651,867486,712533682.83
gujarat,2020,2,364984,781526,641927642.63
gujarat,2020,2,360497,642180,527472178.16
gujarat,2020,2,312155,521664,428483374.97
gujarat,2020,2,389300,425287,349321233.58
gujarat,2020,2,331353,385836,316916903.63
gujarat,2020,2,388920,342263,281127631.02
gujarat,2020,3,321624,4022822,3259477962.67
gujarat,2020,3,382020,1988842,1611453100.39
gujarat,2020,3,363726,1466745,1188425396.77
gujarat,2020,3,341277,898657,728133804.57
gujarat,2020,3,330774,782239,633806490.35
gujarat,2020,3,360714,712803,577546347.36
gujarat,2020,3,392340,539937,437482832.21
gujarat,2020,3,333914,485479,393358331.64
gujarat,2020,3,352225,429779,348227318.71
gujarat,2020,3,375091,369359,299272154.88
gujarat,2020,4,368599,5196709,4202358157.2
gujarat,2020,4,324711,2397777,1938980545.84
gujarat,2020,4,330777,1390700,1124600521.99
gujarat,2020,4,371213,1095794,886122329.11
gujarat,2020,4,314961,951201,769196028.1
gujarat,2020,4,323429,754709,610301479.26
gujarat,2020,4,383619,623855,504485351.21
gujarat,2020,4,327654,549295,444192277.13
gujarat,2020,4,336923,489274,395655513.11
gujarat,2020,4,334207,401526,324697121.8
gujarat,2021,1,392587,3819588,3177400806.44
gujarat,2021,1,326485,1853938,1542235462.95
gujarat,2021,1,371320,1116778,929014714.3
gujarat,2021,1,389014,987266,821277112.76
gujarat,2021,1,371046,738782,614570920.68
gujarat,2021,1,385908,581767,483954575.85
gujarat,2021,1,346205,535962,445851409.3
gujarat,2021,1,333696,433346,360487822.44
gujarat,2021,1,326088,353776,294295632.1
gujarat,2021,1,337306,339880,282736472.3
gujarat,2021,2,311014,4704863,3848129459.39
gujarat,2021,2,395563,2218640,1814636073.67
gujarat,2021,2,350084,1274745,1042620311.05
gujarat,2021,2,362682,1051691,860183254.66
gujarat,2021,2,332355,811166,663456481.47
gujarat,2021,2,338869,660946,540591030.19
gujarat,2021,2,365796,601091,491635865.39
gujarat,2021,2,384148,440849,360572916.01
gujarat,2021,2,375807,396674,324442144.67
gujarat,2021,2,377044,356512,291593069.32
gujarat,2021,3,328515,4509017,3728797337.86
gujarat,2021,3,356009,2332605,1928981724.22
gujarat,2021,3,334323,1481032,1224761148.26
gujarat,2021,3,384916,963992,797187304.67
gujarat,2021,3,395291,893897,739221198.39
gujarat,2021,3,345480,685532,566910731.76
gujarat,2021,3,384107,614076,507819174.61
gujarat,2021,3,312578,521526,431284269.71
gujarat,2021,3,330135,417988,345661833.31
gujarat,2021,3,320787,413747,342154421.25
gujarat,2021,4,391740,5799139,4818611961.8
gujarat,2021,4,355527,2490838,2069684009.48
gujarat,2021,4,321413,1919784,1595184641.69
gujarat,2021,4,395823,1205828,1001945082.01
gujarat,2021,4,394829,980828,814988294.29
gujarat,2021,4,356842,924997,768597148.37
gujarat,2021,4,316502,743909,618128307.47
gujarat,2021,4,361271,670608,557221007.72
gujarat,2021,4,347745,596795,495888372.7
gujarat,2021,4,378679,491061,408031823.22
gujarat,2022,1,326426,4440159,3671200228.67
gujarat,2022,1,389632,2273095,1879434722.28
gujarat,2022,1,353824,1570460,1298484020.2
gujarat,2022,1,315601,1016068,840102959.21
gujarat,2022,1,338404,843436,697367900.6
gujarat,2022,1,358307,699538,578390157.4
gujarat,2022,1,329583,608617,503215571.18
gujarat,2022,1,382539,487165,402796706.37
gujarat,2022,1,333790,435141,359782863.0
gujarat,2022,1,374183,384476,317891995.45
gujarat,2022,2,317783,4981866,4135550841.46
gujarat,2022,2,311846,2475492,2054957479.16
gujarat,2022,2,348127,1435142,1191341541.52
gujarat,2022,2,377414,1144716,950252545.96
gujarat,2022,2,344778,888630,737670231.84
gujarat,2022,2,327479,799356,663562434.05
gujarat,2022,2,399534,674608,560006459.94
gujarat,2022,2,322263,525152,435940113.94
gujarat,2022,2,321582,524334,435260659.55
gujarat,2022,2,314513,407993,338683685.96
gujarat,2022,3,340688,5166650,4400758696.99
gujarat,2022,3,373526,2477522,2110260962.17
gujarat,2022,3,325603,1657964,1412192035.39
gujarat,2022,3,356058,1136508,968035236.25
gujarat,2022,3,350024,960130,817802720.38
gujarat,2022,3,386357,719534,612872097.04
gujarat,2022,3,315901,718766,612218688.58
gujarat,2022,3,398847,535160,455829285.52
gujarat,2022,3,378654,522501,445046925.05
gujarat,2022,3,378548,447290,380985505.74
gujarat,2022,4,366818,6149598,5262962842.02
gujarat,2022,4,356437,2562482,2193029752.66
gujarat,2022,4,322329,1961512,1678706306.73
gujarat,2022,4,320068,1394389,1193349163.92
gujarat,2022,4,311263,965358,826175429.32
gujarat,2022,4,361653,794958,680343212.27
gujarat,2022,4,315352,759564,650051889.15
gujarat,2022,4,349624,692098,592313633.44
gujarat,2022,4,348569,530222,453776039.92
gujarat,2022,4,372666,519500,444600045.58
gujarat,2023,1,349354,4650277,3997648946.5
gujarat,2023,1,384224,2461061,2115671590.97
gujarat,2023,1,329920,1466550,1260732139.71
gujarat,2023,1,335919,1210345,1040483217.45
gujarat,2023,1,368443,877755,754569424.57
gujarat,2023,1,334559,748071,643086107.22
gujarat,2023,1,330632,623857,536303998.46
gujarat,2023,1,389681,492195,423120193.37
gujarat,2023,1,396962,449651,386546299.46
gujarat,2023,1,354831,404017,347317189.95
gujarat,2023,2,329045,5673440,4839301172.08
gujarat,2023,2,385663,2529209,2157352078.66
gujarat,2023,2,373971,1653436,1410339531.91
gujarat,2023,2,354837,1272818,1085681622.75
gujarat,2023,2,365881,975360,831957961.81
gujarat,2023,2,319689,780416,665675865.26
gujarat,2023,2,385522,698551,595847082.2
gujarat,2023,2,383075,647699,552470911.1
gujarat,2023,2,347720,556098,474337864.3
gujarat,2023,2,399019,478258,407942631.61
gujarat,2023,3,395045,6285779,5424479898.84
gujarat,2023,3,371605,2782401,2401146835.76
gujarat,2023,3,312896,1731838,1494536282.84
gujarat,2023,3,387854,1381590,1192279781.68
gujarat,2023,3,331434,1162208,1002958199.99
gujarat,2023,3,368672,868290,749314138.96
gujarat,2023,3,336279,715198,617199617.74
gujarat,2023,3,347590,674198,581817829.7
gujarat,2023,3,313431,599339,517215725.99
gujarat,2023,3,324480,506206,436844562.75
gujarat,2023,4,365791,6228206,5421181708.36
gujarat,2023,4,364885,3039886,2645991160.2
gujarat,2023,4,318783,2186306,1903014517.99
gujarat,2023,4,375031,1507363,1312045457.74
gujarat,2023,4,317733,1317588,1146860627.96
gujarat,2023,4,367814,1009968,879100811.12
gujarat,2023,4,328638,813545,708130062.69
gujarat,2023,4,318532,765099,665960968.06
gujarat,2023,4,392719,711676,619460445.34
gujarat,2023,4,351929,546738,475894619.49
haryana,2018,1,172994,1461962,1144274942.66
haryana,2018,1,141808,634339,496496044.44
haryana,2018,1,112976,428886,335688607.88
haryana,2018,1,156626,297918,233180499.83
haryana,2018,1,118154,252928,197966600.27
haryana,2018,1,152946,220178,172333460.34
haryana,2018,1,179670,167843,131370799.09
haryana,2018,1,191485,155525,121729812.22
haryana,2018,1,176152,142908,111854243.6
haryana,2018,1,152891,126049,98658685.76
haryana,2018,2,180630,1606420,1273846819.98
haryana,2018,2,111011,858294,680603866.55
haryana,2018,2,192071,516727,409750609.65
haryana,2018,2,198995,415703,329641443.79
haryana,2018,2,134667,287775,228197837.15
haryana,2018,2,188990,269544,213741616.21
haryana,2018,2,163143,197054,156259082.03
haryana,2018,2,154280,187793,148915396.45
haryana,2018,2,140363,173270,137398337.77
haryana,2018,2,187143,140655,111535536.41
haryana,2018,3,143766,1972272,1536701530.51
haryana,2018,3,145354,970912,756489447.26
haryana,2018,3,130440,595374,463887767.93
haryana,2018,3,141204,527805,411241333.62
haryana,2018,3,118758,388955,303055788.63
haryana,2018,3,171972,312898,243796107.61
haryana,2018,3,141660,264725,206261708.87
haryana,2018,3,136741,232379,181059451.05
haryana,2018,3,153267,197472,153861171.56
haryana,2018,3,164725,171298,133467542.65
haryana,2018,4,133481,2312401,1825133007.3
haryana,2018,4,136229,1119258,883408857.85
haryana,2018,4,138913,662891,523207533.03
haryana,2018,4,171789,491893,388242246.48
haryana,2018,4,152965,435808,343975045.72
haryana,2018,4,160450,364236,287484842.11
haryana,2018,4,191070,322355,254428747.28
haryana,2018,4,110048,280243,221190841.08
haryana,2018,4,116283,234780,185307822.46
haryana,2018,4,149830,194570,153570484.71
haryana,2019,1,166072,1936626,1551971599.48
haryana,2019,1,142377,1033266,828037728.16
haryana,2019,1,178489,620938,497606791.14
haryana,2019,1,112768,524700,420483737.7
haryana,2019,1,170004,351840,281957442.61
haryana,2019,1,142683,292739,234595633.18
haryana,2019,1,132970,285761,229002964.97
haryana,2019,1,120931,252246,202144978.46
haryana,2019,1,143442,214919,172231805.41
haryana,2019,1,133391,175225,140422195.93
haryana,2019,2,144883,2409095,1917215963.63
haryana,2019,2,145935,968777,770976655.06
haryana,2019,2,187542,685706,545701610.5
haryana,2019,2,162297,486202,386931960.43
haryana,2019,2,131896,427589,340285634.78
haryana,2019,2,167018,312761,248902967.99
haryana,2019,2,114884,311301,247741124.79
haryana,2019,2,112193,227772,181266649.61
haryana,2019,2,176027,207922,165469355.82
haryana,2019,2,169491,199031,158394418.71
haryana,2019,3,176785,2243711,1814588386.23
haryana,2019,3,127505,1219741,986458776.08
haryana,2019,3,128244,727788,588594506.72
haryana,2019,3,113294,618279,500030166.38
haryana,2019,3,197927,482135,389924022.98
haryana,2019,3,113785,396016,320275982.27
haryana,2019,3,188277,290357,234824815.17
haryana,2019,3,162804,277004,224025850.84
haryana,2019,3,143805,233337,188710523.13
haryana,2019,3,121658,220216,178099149.77
haryana,2019,4,133952,3011059,2436570386.37
haryana,2019,4,128656,1462063,1183112331.47
haryana,2019,4,192812,928358,751233971.35
haryana,2019,4,158416,665375,538426394.35
haryana,2019,4,144891,527180,426598086.42
haryana,2019,4,192848,406846,329223387.29
haryana,2019,4,162788,395810,320292627.59
haryana,2019,4,117263,305630,247318197.59
haryana,2019,4,172687,271580,219764708.37
haryana,2019,4,152467,257049,208006275.19
haryana,2020,1,179689,2650447,2148464214.45
haryana,2020,1,162137,1107715,897918799.9
haryana,2020,1,189211,785829,636997089.04
haryana,2020,1,136809,644069,522085530.28
haryana,2020,1,157232,431312,349623755.21
haryana,2020,1,180457,371165,300868515.45
haryana,2020,1,124953,322847,261701267.21
haryana,2020,1,186493,263917,213932590.62
haryana,2020,1,158659,263485,213582280.71
haryana,2020,1,168337,215859,174976739.85
haryana,2020,2,141851,2762168,2298142703.26
haryana,2020,2,116622,1318092,1096661843.7
haryana,2020,2,177680,874846,727877836.83
haryana,2020,2,120202,645236,536840938.13
haryana,2020,2,116874,479065,398585446.01
haryana,2020,2,155611,369191,307169793.09
haryana,2020,2,180351,350939,291983769.24
haryana,2020,2,174952,288908,240373945.94
haryana,2020,2,114040,274526,228407552.0
haryana,2020,2,188885,232839,193724314.98
haryana,2020,3,196310,2923980,2382519980.11
haryana,2020,3,187044,1429659,1164916364.44
haryana,2020,3,112551,990053,806716477.72
haryana,2020,3,143503,672898,548291949.0
haryana,2020,3,132445,560853,456994731.22
haryana,2020,3,150866,445488,362993665.86
haryana,2020,3,159571,421170,343178810.93
haryana,2020,3,175865,317134,258408058.94
haryana,2020,3,131699,312434,254577894.72
haryana,2020,3,156886,255704,208353539.84
haryana,2020,4,131046,3329283,2706777538.64
haryana,2020,4,167253,1680110,1365965005.69
haryana,2020,4,126786,949654,772088911.03
haryana,2020,4,156075,726058,590300472.06
haryana,2020,4,178040,584639,475324088.42
haryana,2020,4,158041,524112,426114078.32
haryana,2020,4,182009,422668,343638324.35
haryana,2020,4,158976,347152,282242487.12
haryana,2020,4,167520,341469,277622245.13
haryana,2020,4,188026,285108,231799213.61
haryana,2021,1,173036,2634214,2174480824.75
haryana,2021,1,131698,1348149,1112864932.9
haryana,2021,1,151809,886073,731432112.42
haryana,2021,1,151826,627276,517801365.85
haryana,2021,1,196924,455715,376181927.32
haryana,2021,1,140087,420513,347123459.99
haryana,2021,1,121492,360332,297445680.26
haryana,2021,1,127265,301545,248918458.81
haryana,2021,1,163058,272181,224679302.45
haryana,2021,1,191025,220515,182030342.23
haryana,2021,2,151344,2904360,2397262138.51
haryana,2021,2,189154,1363325,1125290599.23
haryana,2021,2,137896,944079,779244389.44
haryana,2021,2,164750,712046,587724002.46
haryana,2021,2,170743,506865,418367539.83
haryana,2021,2,196299,457565,377674889.44
haryana,2021,2,195560,383813,316799926.09
haryana,2021,2,123253,336931,278103412.67
haryana,2021,2,122664,284177,234560477.46
haryana,2021,2,170875,258609,213456547.46
haryana,2021,3,179933,3423693,2793040404.63
haryana,2021,3,141563,1652517,1348119407.28
haryana,2021,3,186700,998470,814549599.67
haryana,2021,3,183158,797952,650967590.34
haryana,2021,3,183471,635630,518546187.26
haryana,2021,3,130341,525734,428893171.3
haryana,2021,3,157188,410279,334704614.1
haryana,2021,3,144717,339112,276647469.05
haryana,2021,3,189891,336201,274272676.28
haryana,2021,3,147006,314559,256616963.57
haryana,2021,4,127857,3838340,3184367306.3
haryana,2021,4,147085,1718201,1425455801.5
haryana,2021,4,112971,1159853,962238518.42
haryana,2021,4,175331,854818,709175722.8
haryana,2021,4,186133,632805,524988736.95
haryana,2021,4,139688,580369,481486333.68
haryana,2021,4,135429,464073,385004800.9
haryana,2021,4,176176,361107,299581939.61
haryana,2021,4,174291,356417,295691660.47
haryana,2021,4,170683,296714,246160683.76
haryana,2022,1,199215,2888716,2448117210.87
haryana,2022,1,148883,1396883,1183825252.11
haryana,2022,1,197665,996408,844431897.59
haryana,2022,1,117603,694265,588373564.87
haryana,2022,1,127293,563720,477739022.35
haryana,2022,1,159822,450895,382122681.55
haryana,2022,1,142863,390774,331172160.07
haryana,2022,1,189271,341806,289672594.59
haryana,2022,1,140492,310228,262911220.96
haryana,2022,1,115425,276751,234539750.47
haryana,2022,2,120533,3108011,2614015174.67
haryana,2022,2,190117,1714597,1442074139.76
haryana,2022,2,176989,1016792,855180220.16
haryana,2022,2,170539,727758,612086619.43
haryana,2022,2,137494,622793,523804882.4
haryana,2022,2,163239,473655,398370964.22
haryana,2022,2,123356,404607,340297633.16
haryana,2022,2,136171,354208,297909549.31
haryana,2022,2,128368,314666,264652346.59
haryana,2022,2,133588,302284,254238217.27
haryana,2022,3,155577,3637842,3076708591.15
haryana,2022,3,126513,1963550,1660674670.56
haryana,2022,3,146995,1255419,1061772286.76
haryana,2022,3,189637,893480,755661665.75
haryana,2022,3,170880,742501,627971344.94
haryana,2022,3,179912,556095,470318045.89
haryana,2022,3,152483,521126,440743122.96
haryana,2022,3,191901,389724,329610184.09
haryana,2022,3,134293,364926,308636843.72
haryana,2022,3,151655,314634,266102559.39
haryana,2022,4,147318,4324912,3696065862.88
haryana,2022,4,176793,2179326,1862450063.6
haryana,2022,4,160754,1249454,1067782855.51
haryana,2022,4,194422,879317,751463622.62
haryana,2022,4,186706,683730,584315614.71
haryana,2022,4,118760,589783,504028689.24
haryana,2022,4,139303,546779,467276770.99
haryana,2022,4,189109,449525,384163693.39
haryana,2022,4,152165,434900,371665735.35
haryana,2022,4,140787,367900,314407340.59
haryana,2023,1,158839,3603201,3031561486.24
haryana,2023,1,119954,1689581,1421533406.19
haryana,2023,1,198269,1100324,925760715.0
haryana,2023,1,111474,752011,632706809.9
haryana,2023,1,177974,641652,539855689.68
haryana,2023,1,131190,517984,435807236.44
haryana,2023,1,130745,480378,404167487.08
haryana,2023,1,164765,381827,321251294.06
haryana,2023,1,158505,336380,283014421.83
haryana,2023,1,131917,313834,264045739.06
haryana,2023,2,129202,3843386,3275545633.13
haryana,2023,2,138319,1784179,1520575707.2
haryana,2023,2,149327,1167473,994985108.04
haryana,2023,2,132024,831771,708881042.8
haryana,2023,2,163195,645865,550441821.71
haryana,2023,2,135384,548708,467639372.53
haryana,2023,2,131184,495850,422591021.11
haryana,2023,2,190145,411543,350740134.32
haryana,2023,2,176285,389846,332248556.69
haryana,2023,2,150130,329706,280993640.81
haryana,2023,3,191342,3996991,3408757446.48
haryana,2023,3,184896,2124194,1811578369.5
haryana,2023,3,126394,1399995,1193959110.12
haryana,2023,3,197879,965833,823692624.61
haryana,2023,3,112690,796783,679521264.78
haryana,2023,3,117393,598532,510447050.51
haryana,2023,3,165890,493687,421032116.27
haryana,2023,3,158031,487949,416137951.74
haryana,2023,3,183252,424918,362383879.23
haryana,2023,3,197046,395158,337003724.7
haryana,2023,4,122472,4596574,3981752893.62
haryana,2023,4,152821,1987961,1722058744.71
haryana,2023,4,178872,1434790,1242877934.64
haryana,2023,4,172843,1156988,1002233845.22
haryana,2023,4,183307,878068,760620839.0
haryana,2023,4,147971,735957,637518426.6
haryana,2023,4,188725,566080,490363396.64
haryana,2023,4,121746,513249,444598706.4
haryana,2023,4,188567,415579,359992652.57
haryana,2023,4,158771,414355,358932895.96
himachal-pradesh,2018,1,136758,367446,290845432.82
himachal-pradesh,2018,1,162115,153706,121663090.1
himachal-pradesh,2018,1,130117,120923,95714895.64
himachal-pradesh,2018,1,112593,76191,60307794.12
himachal-pradesh,2018,1,168822,62765,49680458.73
himachal-pradesh,2018,1,169125,53324,42207970.2
himachal-pradesh,2018,1,134486,40901,32374878.63
himachal-pradesh,2018,1,129500,39379,31170150.99
himachal-pradesh,2018,1,114800,32135,25436059.19
himachal-pradesh,2018,1,161181,30001,23746769.9
himachal-pradesh,2018,2,120644,443068,346397488.1
himachal-pradesh,2018,2,156416,182000,142290904.2
himachal-pradesh,2018,2,119720,125604,98199472.32
himachal-pradesh,2018,2,135464,91442,71491295.55
himachal-pradesh,2018,2,122328,79969,62521051.92
himachal-pradesh,2018,2,198212,60088,46978088.38
himachal-pradesh,2018,2,114511,51532,40288997.55
himachal-pradesh,2018,2,126856,44110,34486027.92
himachal-pradesh,2018,2,162495,41483,32432083.16
himachal-pradesh,2018,2,124813,38239,29896204.55
himachal-pradesh,2018,3,136640,502637,399674033.39
himachal-pradesh,2018,3,165951,222589,176993230.93
himachal-pradesh,2018,3,127598,156733,124626972.67
himachal-pradesh,2018,3,175686,109175,86811591.31
himachal-pradesh,2018,3,118058,96465,76704866.92
himachal-pradesh,2018,3,186925,81673,64942780.85
himachal-pradesh,2018,3,150959,62078,49362068.24
himachal-pradesh,2018,3,166539,55881,44434343.85
himachal-pradesh,2018,3,148855,55250,43932792.23
himachal-pradesh,2018,3,193716,44986,35771332.22
himachal-pradesh,2018,4,172585,580439,461120060.07
himachal-pradesh,2018,4,124148,258084,205030526.06
himachal-pradesh,2018,4,185844,175873,139719773.83
himachal-pradesh,2018,4,191563,116143,92268247.87
himachal-pradesh,2018,4,165298,101018,80252352.46
himachal-pradesh,2018,4,110907,83029,65961477.63
himachal-pradesh,2018,4,178779,68715,54589537.13
himachal-pradesh,2018,4,150990,62833,49916723.29
himachal-pradesh,2018,4,151053,54778,43517780.84
himachal-pradesh,2018,4,114078,45521,36163931.26
himachal-pradesh,2019,1,160834,461991,367032827.86
himachal-pradesh,2019,1,129502,222449,176726469.62
himachal-pradesh,2019,1,161868,164674,130827375.41
himachal-pradesh,2019,1,159252,104690,83172028.33
himachal-pradesh,2019,1,180979,88367,70203960.29
himachal-pradesh,2019,1,167136,68541,54453478.39
himachal-pradesh,2019,1,187431,67080,53293017.91
himachal-pradesh,2019,1,137247,50828,40380802.29
himachal-pradesh,2019,1,147108,48227,38314699.62
himachal-pradesh,2019,1,144486,45411,36077222.87
himachal-pradesh,2019,2,180555,556486,441970396.68
himachal-pradesh,2019,2,117901,238801,189660314.68
himachal-pradesh,2019,2,136115,158813,126132169.21
himachal-pradesh,2019,2,151292,126304,100313038.74
himachal-pradesh,2019,2,162597,104405,82920295.5
himachal-pradesh,2019,2,149183,91120,72369013.74
himachal-pradesh,2019,2,165243,74595,59244996.42
himachal-pradesh,2019,2,133968,57559,45714879.35
himachal-pradesh,2019,2,199199,52278,41520304.55
himachal-pradesh,2019,2,148315,43957,34911801.87
himachal-pradesh,2019,3,172413,574353,452441304.94
himachal-pradesh,2019,3,139271,295285,232608291.02
himachal-pradesh,2019,3,162127,208840,164512326.17
himachal-pradesh,2019,3,177503,150813,118801818.98
himachal-pradesh,2019,3,181381,110510,87053478.77
himachal-pradesh,2019,3,153462,92103,72553518.18
himachal-pradesh,2019,3,157423,83018,65397230.28
himachal-pradesh,2019,3,155033,73648,58016136.7
himachal-pradesh,2019,3,115876,61410,48375726.04
himachal-pradesh,2019,3,177176,51632,40673113.43
himachal-pradesh,2019,4,171007,757337,606848453.64
himachal-pradesh,2019,4,135385,380504,304895204.84
himachal-pradesh,2019,4,189029,242936,194663173.78
himachal-pradesh,2019,4,129887,155819,124856569.22
himachal-pradesh,2019,4,115289,140286,112410649.15
himachal-pradesh,2019,4,115406,117751,94353739.47
himachal-pradesh,2019,4,163500,102296,81969314.07
himachal-pradesh,2019,4,133266,83770,67124685.83
himachal-pradesh,2019,4,192377,71005,56896414.68
himachal-pradesh,2019,4,155239,67212,53856531.53
himachal-pradesh,2020,1,178818,567105,458574162.81
himachal-pradesh,2020,1,121270,308077,249118115.34
himachal-pradesh,2020,1,130845,180586,146025958.06
himachal-pradesh,2020,1,191855,133370,107846353.79
himachal-pradesh,2020,1,125519,110001,88949309.35
himachal-pradesh,2020,1,182155,101406,81999646.53
himachal-pradesh,2020,1,115605,86385,69853297.4
himachal-pradesh,2020,1,145790,67883,54892321.41
himachal-pradesh,2020,1,112959,65647,53084083.96
himachal-pradesh,2020,1,159015,51610,41733769.56
himachal-pradesh,2020,2,145373,689790,565403246.44
himachal-pradesh,2020,2,196993,295724,242397994.4
himachal-pradesh,2020,2,196190,205308,168285911.54
himachal-pradesh,2020,2,164392,170797,139998492.61
himachal-pradesh,2020,2,161135,123255,101029395.15
himachal-pradesh,2020,2,181567,94589,77532654.37
himachal-pradesh,2020,2,187437,81058,66441267.57
himachal-pradesh,2020,2,134294,79119,64852220.4
himachal-pradesh,2020,2,178478,67055,54963850.92
himachal-pradesh,2020,2,197730,59298,48605705.89
himachal-pradesh,2020,3,126791,678575,547148519.6
himachal-pradesh,2020,3,135620,369730,298120562.76
himachal-pradesh,2020,3,170843,239149,192830769.03
himachal-pradesh,2020,3,196125,167715,135232475.89
himachal-pradesh,2020,3,189008,131163,105759448.98
himachal-pradesh,2020,3,197448,120709,97330020.08
himachal-pradesh,2020,3,151630,105234,84852737.13
himachal-pradesh,2020,3,126520,79827,64366137.2
himachal-pradesh,2020,3,131522,79632,64209378.72
himachal-pradesh,2020,3,139319,72344,58333068.37
himachal-pradesh,2020,4,156990,816998,661657161.74
himachal-pradesh,2020,4,148829,370103,299732880.65
himachal-pradesh,2020,4,181725,268286,217275200.4
himachal-pradesh,2020,4,196589,202609,164085961.81
himachal-pradesh,2020,4,140098,147478,119437233.9
himachal-pradesh,2020,4,195561,112787,91342206.19
himachal-pradesh,2020,4,132909,96858,78441912.26
himachal-pradesh,2020,4,177687,91713,74275788.2
himachal-pradesh,2020,4,119714,85023,68857315.22
himachal-pradesh,2020,4,124032,73963,59900147.79
himachal-pradesh,2021,1,171105,691414,569474570.2
himachal-pradesh,2021,1,192810,318804,262578947.43
himachal-pradesh,2021,1,161896,209336,172417594.71
himachal-pradesh,2021,1,178047,145546,119877125.72
himachal-pradesh,2021,1,121315,112286,92483642.87
himachal-pradesh,2021,1,175619,105137,86595490.79
himachal-pradesh,2021,1,193185,87994,72475307.86
himachal-pradesh,2021,1,175850,68673,56562059.59
himachal-pradesh,2021,1,180911,68590,56493932.76
himachal-pradesh,2021,1,153320,62425,51415746.09
himachal-pradesh,2021,2,190659,774227,645216190.42
himachal-pradesh,2021,2,159649,338392,282005158.87
himachal-pradesh,2021,2,114612,247373,206153026.74
himachal-pradesh,2021,2,131161,183776,153153247.33
himachal-pradesh,2021,2,116040,136933,114115939.51
himachal-pradesh,2021,2,117229,103413,86181759.36
himachal-pradesh,2021,2,167492,87088,72576979.1
himachal-pradesh,2021,2,157470,86383,71989258.0
himachal-pradesh,2021,2,160301,66818,55684792.94
himachal-pradesh,2021,2,194288,59229,49359830.3
himachal-pradesh,2021,3,169162,800482,668461543.25
himachal-pradesh,2021,3,124634,402500,336117460.46
himachal-pradesh,2021,3,117086,260694,217698955.35
himachal-pradesh,2021,3,197276,206024,172045537.28
himachal-pradesh,2021,3,151371,157231,131299719.22
himachal-pradesh,2021,3,163202,127887,106795481.75
himachal-pradesh,2021,3,124523,102748,85802174.47
himachal-pradesh,2021,3,183030,101153,84470753.43
himachal-pradesh,2021,3,146335,91711,76586138.47
himachal-pradesh,2021,3,161226,79131,66080649.33
himachal-pradesh,2021,4,165079,973351,811047435.65
himachal-pradesh,2021,4,162615,403094,335879666.97
himachal-pradesh,2021,4,184710,276523,230414335.36
himachal-pradesh,2021,4,144163,205732,171427105.37
himachal-pradesh,2021,4,198820,171629,143011165.28
himachal-pradesh,2021,4,125700,142572,118798898.06
himachal-pradesh,2021,4,173589,110372,91968132.51
himachal-pradesh,2021,4,167759,107459,89541206.75
himachal-pradesh,2021,4,158162,86708,72249806.18
himachal-pradesh,2021,4,119190,86335,71938996.23
himachal-pradesh,2022,1,122001,734823,616295270.46
himachal-pradesh,2022,1,188064,376219,315535072.75
himachal-pradesh,2022,1,175042,269380,225929316.67
himachal-pradesh,2022,1,168194,205382,172253622.09
himachal-pradesh,2022,1,172058,159256,133568082.09
himachal-pradesh,2022,1,144359,128519,107788755.19
himachal-pradesh,2022,1,175247,107304,89996008.78
himachal-pradesh,2022,1,186993,96859,81236275.91
himachal-pradesh,2022,1,150855,83975,70430354.88
himachal-pradesh,2022,1,118865,76505,64165299.77
himachal-pradesh,2022,2,165804,844095,696179139.04
himachal-pradesh,2022,2,199195,382178,315207222.15
himachal-pradesh,2022,2,182262,254613,209995945.57
himachal-pradesh,2022,2,195507,205806,169741445.46
himachal-pradesh,2022,2,157385,147838,121932026.39
himachal-pradesh,2022,2,194906,118760,97949619.38
himachal-pradesh,2022,2,199205,103942,85728291.03
himachal-pradesh,2022,2,177451,96731,79780502.6
himachal-pradesh,2022,2,171590,83128,68561218.57
himachal-pradesh,2022,2,136627,76422,63030275.59
himachal-pradesh,2022,3,177716,941577,784633811.18
himachal-pradesh,2022,3,188200,449684,374730331.99
himachal-pradesh,2022,3,146188,314418,262010974.01
himachal-pradesh,2022,3,122212,200159,166796472.3
himachal-pradesh,2022,3,192588,154449,128705622.88
himachal-pradesh,2022,3,117364,127505,106252528.38
himachal-pradesh,2022,3,166396,126282,105233646.65
himachal-pradesh,2022,3,112565,95536,79611982.02
himachal-pradesh,2022,3,141062,86917,72429766.56
himachal-pradesh,2022,3,168609,80741,67283481.58
himachal-pradesh,2022,4,141063,967684,818462189.99
himachal-pradesh,2022,4,120548,565508,478304141.88
himachal-pradesh,2022,4,120157,328306,277679816.32
himachal-pradesh,2022,4,138375,229808,194370828.12
himachal-pradesh,2022,4,179749,179544,151858001.65
himachal-pradesh,2022,4,154010,173060,146373887.52
himachal-pradesh,2022,4,136521,144414,122145095.84
himachal-pradesh,2022,4,167831,120260,101716058.75
himachal-pradesh,2022,4,168541,106983,90485956.52
himachal-pradesh,2022,4,143634,86048,72779274.74
himachal-pradesh,2023,1,113662,865396,725470010.89
himachal-pradesh,2023,1,150764,418755,351046865.75
himachal-pradesh,2023,1,120903,269340,225790955.35
himachal-pradesh,2023,1,116661,181847,152444070.04
himachal-pradesh,2023,1,142871,160670,134691636.66
himachal-pradesh,2023,1,169359,142937,119825996.88
himachal-pradesh,2023,1,145169,102964,86316043.63
himachal-pradesh,2023,1,132394,89601,75113575.38
himachal-pradesh,2023,1,194806,81430,68263893.76
himachal-pradesh,2023,1,171634,74569,62512262.65
himachal-pradesh,2023,2,194518,913185,783862052.22
himachal-pradesh,2023,2,151271,386481,331748839.99
himachal-pradesh,2023,2,191909,277458,238165298.01
himachal-pradesh,2023,2,157817,215723,185173045.0
himachal-pradesh,2023,2,190414,168710,144817833.33
himachal-pradesh,2023,2,163927,145352,124767752.42
himachal-pradesh,2023,2,151932,104444,89652831.88
himachal-pradesh,2023,2,151419,102264,87782272.83
himachal-pradesh,2023,2,125514,82716,71002756.85
himachal-pradesh,2023,2,191247,71522,61393988.67
himachal-pradesh,2023,3,169394,946478,807983652.43
himachal-pradesh,2023,3,145058,522487,446033440.83
himachal-pradesh,2023,3,126755,313821,267900982.6
himachal-pradesh,2023,3,178021,220478,188216460.69
himachal-pradesh,2023,3,117182,191606,163569096.12
himachal-pradesh,2023,3,162591,167386,142893532.26
himachal-pradesh,2023,3,131196,143212,122257024.15
himachal-pradesh,2023,3,111664,112106,95702315.32
himachal-pradesh,2023,3,132580,106315,90759051.49
himachal-pradesh,2023,3,153317,89973,76807922.53
himachal-pradesh,2023,4,188463,1134708,974248706.38
himachal-pradesh,2023,4,114007,584190,501579791.73
himachal-pradesh,2023,4,171874,388659,333698771.6
himachal-pradesh,2023,4,148097,287856,247150199.72
himachal-pradesh,2023,4,183889,204628,175691997.16
himachal-pradesh,2023,4,159808,192503,165281065.71
himachal-pradesh,2023,4,131122,157813,135496626.22
himachal-pradesh,2023,4,110777,133701,114794489.02
himachal-pradesh,2023,4,172038,119192,102337506.09
himachal-pradesh,2023,4,182299,116029,99621331.8
jammu-&-kashmir,2018,1,188094,434267,337178559.5
jammu-&-kashmir,2018,1,187658,175817,136510118.88
jammu-&-kashmir,2018,1,111262,131272,101923942.28
jammu-&-kashmir,2018,1,171759,90710,70430147.52
jammu-&-kashmir,2018,1,129377,78177,60699021.99
jammu-&-kashmir,2018,1,160924,63084,48981060.38
jammu-&-kashmir,2018,1,127766,48733,37837979.59
jammu-&-kashmir,2018,1,153114,43197,33539547.28
jammu-&-kashmir,2018,1,183244,38254,29701959.01
jammu-&-kashmir,2018,1,143319,36390,28254464.8
jammu-&-kashmir,2018,2,150233,467345,373216985.81
jammu-&-kashmir,2018,2,174557,187462,149705646.5
jammu-&-kashmir,2018,2,161751,136252,108809748.65
jammu-&-kashmir,2018,2,190885,108031,86272977.23
jammu-&-kashmir,2018,2,121750,86622,69176025.76
jammu-&-kashmir,2018,2,171515,70840,56572455.94
jammu-&-kashmir,2018,2,113079,54457,43489383.2
jammu-&-kashmir,2018,2,191450,45673,36474302.99
jammu-&-kashmir,2018,2,140807,44064,35189551.92
jammu-&-kashmir,2018,2,139115,39416,31477503.77
jammu-&-kashmir,2018,3,142111,533241,415595720.34
jammu-&-kashmir,2018,3,198927,251970,196379519.9
jammu-&-kashmir,2018,3,112129,184149,143522040.21
jammu-&-kashmir,2018,3,123012,129190,100688095.43
jammu-&-kashmir,2018,3,124750,104068,81108212.18
jammu-&-kashmir,2018,3,159689,82916,64622981.54
jammu-&-kashmir,2018,3,164633,72316,56361500.63
jammu-&-kashmir,2018,3,115879,57165,44553661.01
jammu-&-kashmir,2018,3,162993,54839,42740392.41
jammu-&-kashmir,2018,3,155807,47715,37188559.39
jammu-&-kashmir,2018,4,182527,600353,472364792.23
jammu-&-kashmir,2018,4,143058,326333,256763104.42
jammu-&-kashmir,2018,4,114523,214598,168848197.64
jammu-&-kashmir,2018,4,127686,154930,121901059.66
jammu-&-kashmir,2018,4,191906,126588,99601061.5
jammu-&-kashmir,2018,4,152386,97857,76995469.17
jammu-&-kashmir,2018,4,193585,88101,69319483.9
jammu-&-kashmir,2018,4,166683,75477,59386294.9
jammu-&-kashmir,2018,4,155787,62399,49096934.41
jammu-&-kashmir,2018,4,161644,62119,48876391.92
jammu-&-kashmir,2019,1,191346,540773,428481796.17
jammu-&-kashmir,2019,1,115790,272412,215846272.26
jammu-&-kashmir,2019,1,175001,178065,141090355.87
jammu-&-kashmir,2019,1,187344,144852,114773651.43
jammu-&-kashmir,2019,1,163594,98982,78428681.81
jammu-&-kashmir,2019,1,155948,79715,63162875.32
jammu-&-kashmir,2019,1,188228,67613,53573253.46
jammu-&-kashmir,2019,1,128603,63305,50160303.71
jammu-&-kashmir,2019,1,163748,59646,47260829.83
jammu-&-kashmir,2019,1,158077,50486,40002615.79
jammu-&-kashmir,2019,2,119689,623310,499210553.6
jammu-&-kashmir,2019,2,192928,302599,242352218.71
jammu-&-kashmir,2019,2,167573,184358,147652936.37
jammu-&-kashmir,2019,2,129896,153941,123291679.18
jammu-&-kashmir,2019,2,153997,104161,83423069.36
jammu-&-kashmir,2019,2,197043,90201,72242501.67
jammu-&-kashmir,2019,2,131874,80126,64173516.71
jammu-&-kashmir,2019,2,137021,71727,57446789.68
jammu-&-kashmir,2019,2,173171,59579,47717623.03
jammu-&-kashmir,2019,2,135522,56645,45367719.63
jammu-&-kashmir,2019,3,116206,689328,556825864.97
jammu-&-kashmir,2019,3,153164,377359,304823383.23
jammu-&-kashmir,2019,3,182840,220240,177905954.36
jammu-&-kashmir,2019,3,122411,165513,133698642.64
jammu-&-kashmir,2019,3,118067,141588,114372718.15
jammu-&-kashmir,2019,3,173485,105148,84937242.28
jammu-&-kashmir,2019,3,113776,103923,83947659.66
jammu-&-kashmir,2019,3,128738,79472,64195957.19
jammu-&-kashmir,2019,3,194993,78225,63189302.64
jammu-&-kashmir,2019,3,154799,60452,48832414.59
jammu-&-kashmir,2019,4,174131,726775,584903926.83
jammu-&-kashmir,2019,4,178984,413325,332641448.1
jammu-&-kashmir,2019,4,130075,229023,184316232.1
jammu-&-kashmir,2019,4,139350,181921,146409294.58
jammu-&-kashmir,2019,4,193850,155043,124778010.08
jammu-&-kashmir,2019,4,175674,113118,91036758.98
jammu-&-kashmir,2019,4,132645,107070,86169588.86
jammu-&-kashmir,2019,4,142714,84816,68259813.87
jammu-&-kashmir,2019,4,196125,82274,66214159.21
jammu-&-kashmir,2019,4,195938,64794,52146537.52
jammu-&-kashmir,2020,1,165659,604175,494080666.26
jammu-&-kashmir,2020,1,194839,315087,257671453.51
jammu-&-kashmir,2020,1,117896,202698,165761889.93
jammu-&-kashmir,2020,1,165083,154454,126309709.63
jammu-&-kashmir,2020,1,189891,109912,89883567.12
jammu-&-kashmir,2020,1,161838,92103,75320406.19
jammu-&-kashmir,2020,1,118819,89097,72862183.24
jammu-&-kashmir,2020,1,146845,78799,64440647.55
jammu-&-kashmir,2020,1,161769,71080,58128263.75
jammu-&-kashmir,2020,1,164502,64574,52807370.62
jammu-&-kashmir,2020,2,160151,717988,571399060.2
jammu-&-kashmir,2020,2,127991,380082,302482396.44
jammu-&-kashmir,2020,2,152004,260380,207219270.63
jammu-&-kashmir,2020,2,153916,192214,152971041.17
jammu-&-kashmir,2020,2,110621,143278,114025828.38
jammu-&-kashmir,2020,2,130383,107949,85909910.25
jammu-&-kashmir,2020,2,194434,96316,76651872.54
jammu-&-kashmir,2020,2,124470,85786,68271815.32
jammu-&-kashmir,2020,2,138027,79306,63114842.77
jammu-&-kashmir,2020,2,141740,72865,57989046.47
jammu-&-kashmir,2020,3,194205,807583,651198682.0
jammu-&-kashmir,2020,3,130996,358355,288961860.3
jammu-&-kashmir,2020,3,174765,254050,204854745.57
jammu-&-kashmir,2020,3,192755,186961,150757136.88
jammu-&-kashmir,2020,3,135985,142395,114821279.88
jammu-&-kashmir,2020,3,168795,125817,101453763.97
jammu-&-kashmir,2020,3,152584,89597,72247595.49
jammu-&-kashmir,2020,3,122627,87949,70918767.55
jammu-&-kashmir,2020,3,186303,81212,65486444.86
jammu-&-kashmir,2020,3,198485,72813,58713238.33
jammu-&-kashmir,2020,4,153215,1017412,825736072.08
jammu-&-kashmir,2020,4,142212,469721,381227970.52
jammu-&-kashmir,2020,4,177986,287514,233347809.68
jammu-&-kashmir,2020,4,155532,242190,196562921.63
jammu-&-kashmir,2020,4,152340,170730,138565306.1
jammu-&-kashmir,2020,4,171949,155586,126274412.49
jammu-&-kashmir,2020,4,192255,133035,107972525.11
jammu-&-kashmir,2020,4,197582,103655,84127464.07
jammu-&-kashmir,2020,4,131716,92350,74951642.61
jammu-&-kashmir,2020,4,116247,91623,74362271.79
jammu-&-kashmir,2021,1,182042,771524,628549103.42
jammu-&-kashmir,2021,1,178199,406429,331111662.01
jammu-&-kashmir,2021,1,190294,253077,206178409.34
jammu-&-kashmir,2021,1,184431,176231,143573396.04
jammu-&-kashmir,2021,1,110066,137323,111875293.18
jammu-&-kashmir,2021,1,111707,124364,101317941.74
jammu-&-kashmir,2021,1,163242,98804,80494337.71
jammu-&-kashmir,2021,1,111697,92384,75264501.55
jammu-&-kashmir,2021,1,145446,79428,64708961.83
jammu-&-kashmir,2021,1,130154,68791,56043368.26
jammu-&-kashmir,2021,2,178941,788695,663007488.74
jammu-&-kashmir,2021,2,191652,380293,319689452.85
jammu-&-kashmir,2021,2,183252,270963,227782065.88
jammu-&-kashmir,2021,2,138422,185258,155735210.97
jammu-&-kashmir,2021,2,160684,140368,117999595.66
jammu-&-kashmir,2021,2,116765,133430,112166423.57
jammu-&-kashmir,2021,2,115183,109355,91928419.85
jammu-&-kashmir,2021,2,166194,101291,85149464.64
jammu-&-kashmir,2021,2,145509,85941,72246090.45
jammu-&-kashmir,2021,2,154280,73519,61803121.89
jammu-&-kashmir,2021,3,165821,896834,737352630.12
jammu-&-kashmir,2021,3,120295,440623,362268403.98
jammu-&-kashmir,2021,3,121396,265878,218597699.12
jammu-&-kashmir,2021,3,183369,221288,181937578.43
jammu-&-kashmir,2021,3,144007,171635,141114185.79
jammu-&-kashmir,2021,3,124756,133692,109918629.79
jammu-&-kashmir,2021,3,167152,111709,91844375.5
jammu-&-kashmir,2021,3,133602,101046,83077922.36
jammu-&-kashmir,2021,3,139446,80141,65890075.43
jammu-&-kashmir,2021,3,146182,78651,64664709.23
jammu-&-kashmir,2021,4,173200,1029789,846917657.91
jammu-&-kashmir,2021,4,116273,519414,427176462.19
jammu-&-kashmir,2021,4,143713,313088,257490160.23
jammu-&-kashmir,2021,4,167385,256864,211250300.22
jammu-&-kashmir,2021,4,180120,207721,170833786.41
jammu-&-kashmir,2021,4,119975,176022,144764293.47
jammu-&-kashmir,2021,4,196849,144118,118525775.25
jammu-&-kashmir,2021,4,124264,119416,98210325.88
jammu-&-kashmir,2021,4,113936,113812,93601753.47
jammu-&-kashmir,2021,4,126726,87915,72303116.39
jammu-&-kashmir,2022,1,165692,788902,665692107.81
jammu-&-kashmir,2022,1,166578,409620,345645847.96
jammu-&-kashmir,2022,1,178537,293971,248058891.7
jammu-&-kashmir,2022,1,125432,192953,162818218.33
jammu-&-kashmir,2022,1,165305,159085,134239642.98
jammu-&-kashmir,2022,1,164515,120482,101665450.76
jammu-&-kashmir,2022,1,196751,120130,101368140.57
jammu-&-kashmir,2022,1,117235,90322,76216142.59
jammu-&-kashmir,2022,1,194175,82087,69267096.04
jammu-&-kashmir,2022,1,195444,78709,66416525.36
jammu-&-kashmir,2022,2,189083,995472,831144710.59
jammu-&-kashmir,2022,2,185520,423587,353664199.94
jammu-&-kashmir,2022,2,118206,287916,240388517.12
jammu-&-kashmir,2022,2,142362,233633,195066611.85
jammu-&-kashmir,2022,2,136359,170222,142122996.93
jammu-&-kashmir,2022,2,110807,131002,109377162.59
jammu-&-kashmir,2022,2,174075,116858,97568102.93
jammu-&-kashmir,2022,2,169128,102720,85764340.31
jammu-&-kashmir,2022,2,196546,88984,74295302.9
jammu-&-kashmir,2022,2,191683,79359,66259382.36
jammu-&-kashmir,2022,3,174277,1076631,901215691.41
jammu-&-kashmir,2022,3,177712,504222,422069722.57
jammu-&-kashmir,2022,3,125048,297439,248977993.65
jammu-&-kashmir,2022,3,124038,229354,191985861.53
jammu-&-kashmir,2022,3,176707,178391,149326501.84
jammu-&-kashmir,2022,3,161339,143034,119729469.29
jammu-&-kashmir,2022,3,198138,118345,99063043.28
jammu-&-kashmir,2022,3,128542,103991,87047718.07
jammu-&-kashmir,2022,3,160257,96569,80835002.28
jammu-&-kashmir,2022,3,114187,85534,71598488.79
jammu-&-kashmir,2022,4,187038,1216265,1031980122.02
jammu-&-kashmir,2022,4,180421,572425,485693445.13
jammu-&-kashmir,2022,4,163074,343124,291135232.73
jammu-&-kashmir,2022,4,111458,303154,257221628.93
jammu-&-kashmir,2022,4,197967,221976,188343244.19
jammu-&-kashmir,2022,4,145999,182058,154473671.3
jammu-&-kashmir,2022,4,120708,169540,143852441.97
jammu-&-kashmir,2022,4,162296,128615,109127837.86
jammu-&-kashmir,2022,4,199604,107843,91503411.54
jammu-&-kashmir,2022,4,122587,97859,83031797.53
jammu-&-kashmir,2023,1,164649,952642,802457512.28
jammu-&-kashmir,2023,1,166691,446926,376467787.71
jammu-&-kashmir,2023,1,120193,315918,266113963.98
jammu-&-kashmir,2023,1,114457,249927,210526524.85
jammu-&-kashmir,2023,1,167807,177355,149395644.68
jammu-&-kashmir,2023,1,144796,139054,117132361.51
jammu-&-kashmir,2023,1,178228,133839,112739386.12
jammu-&-kashmir,2023,1,182373,115843,97581013.98
jammu-&-kashmir,2023,1,136411,98530,82997436.42
jammu-&-kashmir,2023,1,168432,89024,74989377.08
jammu-&-kashmir,2023,2,129833,1027533,868583461.18
jammu-&-kashmir,2023,2,111689,436538,369010053.78
jammu-&-kashmir,2023,2,148281,304727,257589112.91
jammu-&-kashmir,2023,2,147821,216962,183400217.66
jammu-&-kashmir,2023,2,170372,186330,157507042.99
jammu-&-kashmir,2023,2,129614,147474,124661988.32
jammu-&-kashmir,2023,2,153235,141478,119592971.15
jammu-&-kashmir,2023,2,175603,119274,100823513.17
jammu-&-kashmir,2023,2,149467,92197,77935581.89
jammu-&-kashmir,2023,2,198102,90874,76816776.5
jammu-&-kashmir,2023,3,120370,1046564,910197030.93
jammu-&-kashmir,2023,3,139151,519096,451457535.55
jammu-&-kashmir,2023,3,165692,374583,325774657.35
jammu-&-kashmir,2023,3,180625,288819,251185885.93
jammu-&-kashmir,2023,3,153379,208218,181087352.9
jammu-&-kashmir,2023,3,173543,178465,155211228.87
jammu-&-kashmir,2023,3,186073,138210,120201882.11
jammu-&-kashmir,2023,3,158987,132846,115536469.28
jammu-&-kashmir,2023,3,181265,111838,97266216.09
jammu-&-kashmir,2023,3,147281,91194,79311387.15
jammu-&-kashmir,2023,4,120917,1343265,1152572756.18
jammu-&-kashmir,2023,4,118618,574012,492524346.26
jammu-&-kashmir,2023,4,184694,391010,335501917.53
jammu-&-kashmir,2023,4,115400,268952,230771381.23
jammu-&-kashmir,2023,4,163539,229165,196632516.86
jammu-&-kashmir,2023,4,174959,203721,174801115.13
jammu-&-kashmir,2023,4,137204,170369,146183790.33
jammu-&-kashmir,2023,4,118499,130350,111845574.17
jammu-&-kashmir,2023,4,174599,115720,99292242.14
jammu-&-kashmir,2023,4,123702,108015,92680992.68
jharkhand,2018,1,830988,709834,552456994.96
jharkhand,2018,1,815277,354415,275838342.3
jharkhand,2018,1,823966,214295,166784034.5
jharkhand,2018,1,864404,173048,134681783.98
jharkhand,2018,1,833572,136901,106548748.53
jharkhand,2018,1,879161,106283,82719459.89
jharkhand,2018,1,896698,91536,71242011.1
jharkhand,2018,1,875176,83517,65000610.64
jharkhand,2018,1,897520,75516,58773913.25
jharkhand,2018,1,821385,71104,55339944.06
jharkhand,2018,2,833468,911396,714238928.6
jharkhand,2018,2,832605,380983,298567681.75
jharkhand,2018,2,881651,259651,203482176.28
jharkhand,2018,2,829621,188400,147644824.67
jharkhand,2018,2,866150,163893,128439143.57
jharkhand,2018,2,887289,115939,90858700.78
jharkhand,2018,2,894086,98388,77104777.29
jharkhand,2018,2,881608,95026,74470253.52
jharkhand,2018,2,843458,85046,66649099.23
jharkhand,2018,2,832609,77705,60895831.17
jharkhand,2018,3,880520,1013199,797955912.34
jharkhand,2018,3,817649,510695,402203070.57
jharkhand,2018,3,894835,306340,241261297.16
jharkhand,2018,3,853376,273101,215084020.15
jharkhand,2018,3,879913,215664,169848800.77
jharkhand,2018,3,878345,172255,135661871.41
jharkhand,2018,3,848223,129114,101685327.63
jharkhand,2018,3,830204,126745,99819861.1
jharkhand,2018,3,865610,107345,84540946.59
jharkhand,2018,3,848266,88097,69381800.84
jharkhand,2018,4,888707,1175027,931959683.27
jharkhand,2018,4,856231,559347,443640081.04
jharkhand,2018,4,868303,373304,296082280.64
jharkhand,2018,4,814773,285905,226763037.88
jharkhand,2018,4,877598,226805,179887836.78
jharkhand,2018,4,825707,176486,139977918.94
jharkhand,2018,4,880782,142095,112701303.31
jharkhand,2018,4,848636,135604,107553073.89
jharkhand,2018,4,840106,110564,87693338.26
jharkhand,2018,4,864346,106534,84496424.5
jharkhand,2019,1,853206,1021869,802459020.95
jharkhand,2019,1,843590,546865,429445031.41
jharkhand,2019,1,875460,346191,271859302.14
jharkhand,2019,1,811308,219379,172275072.56
jharkhand,2019,1,870902,189559,148858469.33
jharkhand,2019,1,810676,159961,125615276.35
jharkhand,2019,1,828353,124626,97867626.57
jharkhand,2019,1,848255,124505,97772466.62
jharkhand,2019,1,864798,98972,77721255.88
jharkhand,2019,1,863743,88053,69147161.83
jharkhand,2019,2,814920,1226554,980031381.14
jharkhand,2019,2,822388,590944,472171523.67
jharkhand,2019,2,868874,368251,294237736.24
jharkhand,2019,2,837825,280867,224416720.5
jharkhand,2019,2,851182,248175,198295042.99
jharkhand,2019,2,819011,189507,151418864.02
jharkhand,2019,2,894451,157613,125935094.95
jharkhand,2019,2,877109,136452,109027309.75
jharkhand,2019,2,833276,134884,107774718.14
jharkhand,2019,2,814852,110121,87988670.27
jharkhand,2019,3,887206,1229600,977783454.6
jharkhand,2019,3,816147,660778,525453572.27
jharkhand,2019,3,872191,398039,316522627.8
jharkhand,2019,3,899319,302610,240636740.57
jharkhand,2019,3,846393,256778,204191133.64
jharkhand,2019,3,898803,188010,149506927.9
jharkhand,2019,3,889078,179662,142868183.89
jharkhand,2019,3,848963,143140,113825659.39
jharkhand,2019,3,887268,143079,113777738.04
jharkhand,2019,3,825259,112531,89485824.49
jharkhand,2019,4,850547,1524237,1208177989.46
jharkhand,2019,4,840630,732051,580255998.97
jharkhand,2019,4,877642,495279,392580433.57
jharkhand,2019,4,820976,308829,244791582.89
jharkhand,2019,4,843236,252070,199802360.87
jharkhand,2019,4,838170,229441,181865657.34
jharkhand,2019,4,834608,176172,139641921.83
jharkhand,2019,4,880852,170436,135095283.3
jharkhand,2019,4,825117,152462,120848273.05
jharkhand,2019,4,841138,118708,94093719.06
jharkhand,2020,1,863966,1188656,948367641.0
jharkhand,2020,1,840155,582523,464765215.19
jharkhand,2020,1,893115,383415,305907531.96
jharkhand,2020,1,817375,315517,251734897.72
jharkhand,2020,1,858727,237052,189132351.14
jharkhand,2020,1,835845,209610,167237457.49
jharkhand,2020,1,821643,180596,144088689.53
jharkhand,2020,1,891798,145556,116131693.12
jharkhand,2020,1,873349,125660,100257861.92
jharkhand,2020,1,883467,111739,89151330.16
jharkhand,2020,2,881267,1342010,1095865487.45
jharkhand,2020,2,830454,685328,559629155.18
jharkhand,2020,2,857688,447855,365712168.25
jharkhand,2020,2,865957,348269,284391713.24
jharkhand,2020,2,896656,254881,208132327.09
jharkhand,2020,2,845971,192351,157071160.7
jharkhand,2020,2,860973,170851,139514762.1
jharkhand,2020,2,863120,168447,137551298.58
jharkhand,2020,2,884825,134070,109479755.22
jharkhand,2020,2,854742,125816,102739601.89
jharkhand,2020,3,886502,1556355,1268449653.44
jharkhand,2020,3,859278,850781,693398037.56
jharkhand,2020,3,896159,480033,391233087.52
jharkhand,2020,3,864190,377598,307747503.85
jharkhand,2020,3,878796,318369,259474857.4
jharkhand,2020,3,870695,249891,203665067.49
jharkhand,2020,3,827969,222279,181160223.09
jharkhand,2020,3,871866,199601,162677430.04
jharkhand,2020,3,832661,164623,134170095.93
jharkhand,2020,3,864242,151041,123100465.0
jharkhand,2020,4,890828,1707124,1426856062.53
jharkhand,2020,4,824365,769528,643190298.79
jharkhand,2020,4,892798,546777,457009635.1
jharkhand,2020,4,825775,376270,314496296.38
jharkhand,2020,4,826727,349108,291793024.28
jharkhand,2020,4,862488,254026,212321524.14
jharkhand,2020,4,860380,250443,209326894.21
jharkhand,2020,4,827277,188668,157693487.63
jharkhand,2020,4,874018,179786,150269934.61
jharkhand,2020,4,818497,158726,132667717.32
jharkhand,2021,1,837616,1466014,1218225422.81
jharkhand,2021,1,847531,759591,631203750.78
jharkhand,2021,1,834836,466535,387680484.09
jharkhand,2021,1,838691,319894,265825322.58
jharkhand,2021,1,837865,244870,203482311.28
jharkhand,2021,1,839693,205305,170604469.04
jharkhand,2021,1,833448,184519,153331456.83
jharkhand,2021,1,891585,168846,140307384.03
jharkhand,2021,1,883631,139409,115846533.97
jharkhand,2021,1,847003,129954,107989395.08
jharkhand,2021,2,865074,1547949,1262772307.78
jharkhand,2021,2,862695,709583,578857120.22
jharkhand,2021,2,892915,481984,393188535.87
jharkhand,2021,2,871667,341124,278279175.69
jharkhand,2021,2,891940,295607,241148242.01
jharkhand,2021,2,856097,247794,202143198.85
jharkhand,2021,2,890338,212179,173089969.55
jharkhand,2021,2,813683,187077,152612652.58
jharkhand,2021,2,864818,152538,124436057.95
jharkhand,2021,2,898797,144293,117710814.6
jharkhand,2021,3,883486,1714840,1419071967.09
jharkhand,2021,3,897694,795821,658561411.88
jharkhand,2021,3,884169,579651,479675779.0
jharkhand,2021,3,867886,372974,308645819.11
jharkhand,2021,3,846560,345302,285745818.18
jharkhand,2021,3,884707,243600,201585486.47
jharkhand,2021,3,861411,206189,170626499.22
jharkhand,2021,3,883565,181186,149936357.72
jharkhand,2021,3,846323,157169,130061553.49
jharkhand,2021,3,813159,149413,123643229.43
jharkhand,2021,4,816785,2023686,1675280862.77
jharkhand,2021,4,887340,909812,753175391.68
jharkhand,2021,4,840991,638263,528377943.74
jharkhand,2021,4,834268,467914,387356828.32
jharkhand,2021,4,890097,323280,267623211.04
jharkhand,2021,4,825207,316994,262419456.52
jharkhand,2021,4,825444,224276,185663978.44
jharkhand,2021,4,874970,195641,161959187.67
jharkhand,2021,4,832101,185341,153432034.25
jharkhand,2021,4,812498,183454,151870153.55
jharkhand,2022,1,857312,1555651,1296424591.27
jharkhand,2022,1,817639,777083,647593566.12
jharkhand,2022,1,890461,480759,400647828.3
jharkhand,2022,1,868354,326014,271688859.4
jharkhand,2022,1,880458,295873,246570785.13
jharkhand,2022,1,821805,224701,187258263.07
jharkhand,2022,1,886113,219466,182895929.64
jharkhand,2022,1,875515,187448,156212752.0
jharkhand,2022,1,837485,164371,136981520.82
jharkhand,2022,1,893956,144497,120418740.85
jharkhand,2022,2,872174,1714441,1441691802.87
jharkhand,2022,2,896406,914353,768889592.17
jharkhand,2022,2,839307,542701,456363051.94
jharkhand,2022,2,863730,405578,341055543.58
jharkhand,2022,2,848339,312791,263029433.02
jharkhand,2022,2,841639,286440,240871008.39
jharkhand,2022,2,833557,242181,203653308.95
jharkhand,2022,2,882416,203920,171478541.25
jharkhand,2022,2,883843,177277,149074844.38
jharkhand,2022,2,826438,153569,129137998.11
jharkhand,2022,3,863965,1907329,1620948447.49
jharkhand,2022,3,856213,845073,718187585.69
jharkhand,2022,3,827929,548868,466457074.81
jharkhand,2022,3,826238,420769,357592116.94
jharkhand,2022,3,861687,374927,318633167.9
jharkhand,2022,3,878173,291367,247619744.68
jharkhand,2022,3,873770,221043,187854525.21
jharkhand,2022,3,863923,195004,165725393.84
jharkhand,2022,3,887877,191694,162911689.64
jharkhand,2022,3,890253,158710,134880501.7
jharkhand,2022,4,818796,2190912,1863287468.68
jharkhand,2022,4,828965,1002173,852310536.98
jharkhand,2022,4,827082,717069,609840548.86
jharkhand,2022,4,876787,525720,447105566.67
jharkhand,2022,4,872792,412214,350572313.68
jharkhand,2022,4,825395,349079,296878658.59
jharkhand,2022,4,816641,309171,262938301.79
jharkhand,2022,4,836171,233899,198922371.23
jharkhand,2022,4,833918,219215,186434495.94
jharkhand,2022,4,867693,218044,185438171.4
jharkhand,2023,1,867471,1886128,1612247464.2
jharkhand,2023,1,866831,902404,771368376.08
jharkhand,2023,1,824713,611182,522433938.85
jharkhand,2023,1,890545,411011,351329497.56
jharkhand,2023,1,897957,349497,298747438.75
jharkhand,2023,1,883560,264461,226059807.11
jharkhand,2023,1,898987,209679,179232332.38
jharkhand,2023,1,831652,200124,171064460.31
jharkhand,2023,1,825747,172511,147461742.43
jharkhand,2023,1,893032,156955,134164542.18
jharkhand,2023,2,859505,1889004,1616022299.92
jharkhand,2023,2,895948,1054794,902364905.34
jharkhand,2023,2,823491,651423,557285190.53
jharkhand,2023,2,879540,463274,396326407.75
jharkhand,2023,2,844542,373582,319595887.71
jharkhand,2023,2,834658,298424,255299048.78
jharkhand,2023,2,893068,242971,207859512.51
jharkhand,2023,2,856938,215983,184771129.67
jharkhand,2023,2,882828,214405,183421351.27
jharkhand,2023,2,848187,187602,160491726.24
jharkhand,2023,3,844958,2326922,1979806299.93
jharkhand,2023,3,844117,1076261,915710993.81
jharkhand,2023,3,870578,615698,523852091.96
jharkhand,2023,3,820469,497672,423432763.12
jharkhand,2023,3,822056,397525,338224747.45
jharkhand,2023,3,853144,322537,274423199.98
jharkhand,2023,3,845463,257461,219055330.34
jharkhand,2023,3,862197,226178,192438746.57
jharkhand,2023,3,871599,199265,169540242.46
jharkhand,2023,3,840684,180163,153287389.65
jharkhand,2023,4,833078,2617534,2253531125.13
jharkhand,2023,4,840080,1253217,1078940409.41
jharkhand,2023,4,845627,735486,633207406.43
jharkhand,2023,4,825491,528104,454664637.14
jharkhand,2023,4,866081,455700,392329550.55
jharkhand,2023,4,876795,347023,298764784.25
jharkhand,2023,4,822820,286628,246768877.75
jharkhand,2023,4,810066,280121,241166663.3
jharkhand,2023,4,817753,233590,201106245.05
jharkhand,2023,4,872675,200323,172466214.3
karnataka,2018,1,570817,3220778,2587455020.88
karnataka,2018,1,518340,1478240,1187564319.56
karnataka,2018,1,599829,935682,751692626.99
karnataka,2018,1,536154,678276,544902189.59
karnataka,2018,1,572862,639403,513673253.59
karnataka,2018,1,549040,508341,408382590.15
karnataka,2018,1,595168,389612,313000129.05
karnataka,2018,1,585465,370854,297931028.64
karnataka,2018,1,549004,342657,275278148.1
karnataka,2018,1,575459,297551,239042296.63
karnataka,2018,2,555320,3788305,2973578817.31
karnataka,2018,2,560116,1829434,1435989969.16
karnataka,2018,2,516212,1278712,1003708241.7
karnataka,2018,2,559886,878423,689506301.01
karnataka,2018,2,591128,740987,581628015.96
karnataka,2018,2,585798,588304,461781657.82
karnataka,2018,2,578944,444537,348933951.25
karnataka,2018,2,524571,398804,313036022.71
karnataka,2018,2,592520,356236,279622944.14
karnataka,2018,2,530532,349874,274629082.41
karnataka,2018,3,540271,4167296,3326918922.91
karnataka,2018,3,579061,2126383,1697576584.79
karnataka,2018,3,552778,1467386,1171473077.96
karnataka,2018,3,562820,1006334,803397295.72
karnataka,2018,3,537688,837593,668684117.96
karnataka,2018,3,534367,725331,579061302.11
karnataka,2018,3,550817,646596,516203866.49
karnataka,2018,3,516283,534075,426374034.59
karnataka,2018,3,586357,472234,377003251.45
karnataka,2018,3,536915,396711,316710921.18
karnataka,2018,4,555094,5562883,4456729714.13
karnataka,2018,4,575712,2394254,1918167947.24
karnataka,2018,4,581973,1762868,1412330336.84
karnataka,2018,4,511227,1296851,1038978236.02
karnataka,2018,4,588960,936175,750021546.59
karnataka,2018,4,542348,833462,667732120.63
karnataka,2018,4,599638,746758,598269358.12
karnataka,2018,4,572183,598306,479335825.04
karnataka,2018,4,524441,558326,447306079.38
karnataka,2018,4,537335,517037,414226671.52
karnataka,2019,1,591095,4273292,3417066342.94
karnataka,2019,1,588568,2216570,1772443286.51
karnataka,2019,1,541239,1390509,1111897572.68
karnataka,2019,1,552849,949556,759296604.17
karnataka,2019,1,542078,892593,713747076.4
karnataka,2019,1,518471,721634,577042883.54
karnataka,2019,1,556040,528808,422852797.63
karnataka,2019,1,570184,523759,418815623.53
karnataka,2019,1,544204,400911,320582367.42
karnataka,2019,1,536178,394307,315301580.03
karnataka,2019,2,526421,5391671,4323839099.53
karnataka,2019,2,510042,2252416,1806320761.46
karnataka,2019,2,528228,1536628,1232296260.29
karnataka,2019,2,588187,1261263,1011467831.05
karnataka,2019,2,538038,827828,663875012.63
karnataka,2019,2,516888,823587,660473890.04
karnataka,2019,2,535094,703638,564281387.12
karnataka,2019,2,517656,602908,483501572.41
karnataka,2019,2,586630,471406,378043553.33
karnataka,2019,2,563682,471002,377719800.98
karnataka,2019,3,586626,5498635,4475326179.33
karnataka,2019,3,593453,2853428,2322398653.97
karnataka,2019,3,563925,1827395,1487312457.64
karnataka,2019,3,581856,1283181,1044378491.92
karnataka,2019,3,538877,959463,780905241.63
karnataka,2019,3,598349,883581,719144512.18
karnataka,2019,3,536399,747378,608289150.18
karnataka,2019,3,581437,698224,568283501.83
karnataka,2019,3,555646,594361,483749431.2
karnataka,2019,3,556037,509394,414594849.21
karnataka,2019,4,588779,6099733,4969369301.02
karnataka,2019,4,540192,3470360,2827255582.97
karnataka,2019,4,577304,2242692,1827090742.69
karnataka,2019,4,561588,1630799,1328589762.78
karnataka,2019,4,585938,1286458,1048060223.22
karnataka,2019,4,571896,1021892,832522015.97
karnataka,2019,4,538287,951292,775005246.17
karnataka,2019,4,512920,764972,623212393.11
karnataka,2019,4,575238,659178,537023991.78
karnataka,2019,4,588449,628755,512238187.89
karnataka,2020,1,593135,5265958,4232854910.73
karnataka,2020,1,591264,2595374,2086200099.68
karnataka,2020,1,527974,1899307,1526691132.06
karnataka,2020,1,533001,1344045,1080363867.48
karnataka,2020,1,557909,937354,753459016.33
karnataka,2020,1,588165,852161,684980220.23
karnataka,2020,1,528889,763523,613731349.69
karnataka,2020,1,511218,574084,461457267.64
karnataka,2020,1,567741,508863,409031688.08
karnataka,2020,1,547352,445075,357758376.1
karnataka,2020,2,510888,5651820,4561542144.53
karnataka,2020,2,594343,3199727,2582475784.49
karnataka,2020,2,510181,2094564,1690507507.03
karnataka,2020,2,551314,1359037,1096869056.06
karnataka,2020,2,520899,1112785,898120771.75
karnataka,2020,2,517135,1002951,809474925.25
karnataka,2020,2,566007,763470,616191404.87
karnataka,2020,2,562514,698234,563539610.99
karnataka,2020,2,512779,607192,490060749.86
karnataka,2020,2,520978,536668,433140926.74
karnataka,2020,3,594231,6676352,5574422704.52
karnataka,2020,3,514421,3285700,2743396884.86
karnataka,2020,3,599489,1882540,1571827882.92
karnataka,2020,3,540641,1560814,1303202968.78
karnataka,2020,3,515099,1222438,1020675685.04
karnataka,2020,3,578213,1028576,858810451.22
karnataka,2020,3,549713,849643,709410317.13
karnataka,2020,3,514817,731618,610865227.57
karnataka,2020,3,511875,668057,557794721.29
karnataka,2020,3,556436,550531,459666583.03
karnataka,2020,4,596380,7756033,6230816747.97
karnataka,2020,4,554369,3338253,2681789355.51
karnataka,2020,4,567960,2495519,2004777973.2
karnataka,2020,4,583492,1885494,1514713705.69
karnataka,2020,4,535461,1457144,1170598504.74
karnataka,2020,4,517103,1078886,866724752.4
karnataka,2020,4,532615,1029978,827433871.39
karnataka,2020,4,544472,846878,680340318.91
karnataka,2020,4,527028,677770,544487696.08
karnataka,2020,4,539375,671149,539168608.14
karnataka,2021,1,557215,6843592,5567930510.84
karnataka,2021,1,515166,3003886,2443955289.35
karnataka,2021,1,525003,2063642,1678974774.97
karnataka,2021,1,576591,1495550,1216776334.96
karnataka,2021,1,592753,1168877,950995597.53
karnataka,2021,1,521198,1098960,894111457.14
karnataka,2021,1,514739,830756,675901217.09
karnataka,2021,1,530827,749360,609678220.38
karnataka,2021,1,542889,697926,567831660.28
karnataka,2021,1,573676,588643,478918764.6
karnataka,2021,2,555064,6475788,5425782636.58
karnataka,2021,2,569011,3384194,2835469761.93
karnataka,2021,2,542466,2208177,1850136275.01
karnataka,2021,2,573158,1530866,1282647040.51
karnataka,2021,2,539894,1136401,952141197.76
karnataka,2021,2,539812,929151,778495751.08
karnataka,2021,2,548984,818977,686185814.28
karnataka,2021,2,527606,785768,658361116.45
karnataka,2021,2,538302,630397,528182608.71
karnataka,2021,2,565561,596175,499509963.77
karnataka,2021,3,528424,7558041,6341271909.13
karnataka,2021,3,539815,3706176,3109518857.4
karnataka,2021,3,519564,2258393,1894814850.89
karnataka,2021,3,520260,1888721,1584655814.09
karnataka,2021,3,592931,1502201,1260362042.64
karnataka,2021,3,515047,1249610,1048435639.69
karnataka,2021,3,524294,997917,837262677.34
karnataka,2021,3,563431,967564,811796117.99
karnataka,2021,3,595962,726627,609647960.69
karnataka,2021,3,529212,694283,582510905.96
karnataka,2021,4,532872,8502952,7074516571.12
karnataka,2021,4,539805,3891103,3237425638.35
karnataka,2021,4,569805,2939655,2445814515.44
karnataka,2021,4,591257,1946053,1619130216.3
karnataka,2021,4,514874,1655766,1377609263.85
karnataka,2021,4,543237,1384175,1151644249.94
karnataka,2021,4,525370,1104858,919250372.48
karnataka,2021,4,577831,991527,824957849.94
karnataka,2021,4,552102,781732,650406648.68
karnataka,2021,4,596345,695559,578710514.45
karnataka,2022,1,552932,7163035,6024928956.21
karnataka,2022,1,523554,3492316,2937435754.18
karnataka,2022,1,521067,2181654,1835019735.24
karnataka,2022,1,578772,1771401,1489950199.01
karnataka,2022,1,552272,1234977,1038756984.56
karnataka,2022,1,592696,1010860,850249071.5
karnataka,2022,1,566186,867519,729682517.33
karnataka,2022,1,541124,734515,617811059.23
karnataka,2022,1,555353,656787,552432746.01
karnataka,2022,1,521511,615221,517471662.54
karnataka,2022,2,580957,7965183,6703829852.01
karnataka,2022,2,556236,3362466,2829991826.52
karnataka,2022,2,551958,2279137,1918216956.99
karnataka,2022,2,576294,1697829,1428963987.85
karnataka,2022,2,558786,1289709,1085473388.78
karnataka,2022,2,573117,1130662,951612932.58
karnataka,2022,2,582019,1017473,856348211.1
karnataka,2022,2,544491,849294,714801422.9
karnataka,2022,2,511330,732096,616163094.98
karnataka,2022,2,562158,654008,550440839.8
karnataka,2022,3,590111,8083268,6752895214.37
karnataka,2022,3,575681,4193915,3503666176.97
karnataka,2022,3,571065,2488883,2079254540.72
karnataka,2022,3,535932,1911879,1597215415.29
karnataka,2022,3,598821,1433744,1197773296.08
karnataka,2022,3,549646,1134692,947941039.98
karnataka,2022,3,576813,1123359,938473386.27
karnataka,2022,3,528280,942566,787435450.06
karnataka,2022,3,515903,803558,671305982.99
karnataka,2022,3,597707,659531,550983558.52
karnataka,2022,4,517019,9934338,8368791348.06
karnataka,2022,4,570226,4769830,4018155149.66
karnataka,2022,4,579079,2934491,2472046154.59
karnataka,2022,4,559580,2168339,1826631559.15
karnataka,2022,4,578372,1903233,1603303762.54
karnataka,2022,4,555776,1453467,1224416016.42
karnataka,2022,4,540640,1205710,1015703126.58
karnataka,2022,4,565400,1074260,904968022.32
karnataka,2022,4,557560,982138,827363677.57
karnataka,2022,4,569913,889160,749038030.41
karnataka,2023,1,557888,8069290,6780865650.82
karnataka,2023,1,558535,3303272,2775838139.63
karnataka,2023,1,573105,2144123,1801770883.7
karnataka,2023,1,546950,1834074,1541227164.67
karnataka,2023,1,562970,1291758,1085503298.58
karnataka,2023,1,540173,1213825,1020013548.84
karnataka,2023,1,593905,903711,759415446.81
karnataka,2023,1,511688,810308,680926418.29
karnataka,2023,1,587152,802936,674731141.74
karnataka,2023,1,597162,726859,610802113.99
karnataka,2023,2,570723,8718058,7450494215.12
karnataka,2023,2,533766,4015068,3431296654.95
karnataka,2023,2,550161,2539778,2170506846.94
karnataka,2023,2,563739,1952326,1668467506.94
karnataka,2023,2,530835,1767357,1510392033.22
karnataka,2023,2,535486,1425402,1218156077.64
karnataka,2023,2,523541,1127299,963395197.25
karnataka,2023,2,527261,987928,844288607.07
karnataka,2023,2,564735,803536,686706195.22
karnataka,2023,2,550375,790146,675263109.14
karnataka,2023,3,538748,9203573,7887584246.55
karnataka,2023,3,514114,4297494,3683009772.87
karnataka,2023,3,575356,2851273,2443578963.67
karnataka,2023,3,563937,1908966,1636009442.79
karnataka,2023,3,541006,1525263,1307170640.1
karnataka,2023,3,583298,1181227,1012327213.88
karnataka,2023,3,565802,1116458,956819805.53
karnataka,2023,3,522220,957011,820171794.49
karnataka,2023,3,547406,888294,761280531.17
karnataka,2023,3,556835,737881,632373898.63
karnataka,2023,4,562367,9663794,8420610230.0
karnataka,2023,4,513990,4538766,3954883521.6
karnataka,2023,4,526827,3058267,2664840956.05
karnataka,2023,4,528669,2381201,2074875307.82
karnataka,2023,4,535708,1918573,1671761434.11
karnataka,2023,4,518410,1535368,1337853321.54
karnataka,2023,4,571330,1325379,1154877645.06
karnataka,2023,4,589064,1026579,894516646.28
karnataka,2023,4,586822,987358,860341519.5
karnataka,2023,4,542597,967369,842923773.04
kerala,2018,1,619846,1645834,1304105032.85
kerala,2018,1,636908,819173,649086198.18
kerala,2018,1,636497,558454,442501084.31
kerala,2018,1,632897,371792,294596252.63
kerala,2018,1,631022,283440,224588892.43
kerala,2018,1,668183,245402,194448491.51
kerala,2018,1,633650,221920,175842703.86
kerala,2018,1,623766,201683,159807663.02
kerala,2018,1,675695,167477,132703493.23
kerala,2018,1,610132,141208,111889104.72
kerala,2018,2,631364,2011498,1579773694.49
kerala,2018,2,642628,982989,772012035.4
kerala,2018,2,626311,673959,529308994.62
kerala,2018,2,664970,472574,371146211.4
kerala,2018,2,658117,404837,317947561.3
kerala,2018,2,653125,340971,267789455.32
kerala,2018,2,629175,257062,201889270.83
kerala,2018,2,672486,244652,192143490.01
kerala,2018,2,625179,199600,156760896.75
kerala,2018,2,653589,187165,146994457.8
kerala,2018,3,613471,2468904,1955893590.21
kerala,2018,3,624329,1047258,829650060.82
kerala,2018,3,674049,687661,544772852.95
kerala,2018,3,626736,479160,379596113.46
kerala,2018,3,680972,415269,328981027.52
kerala,2018,3,626121,350109,277360867.7
kerala,2018,3,682730,280695,222369926.51
kerala,2018,3,643876,269620,213595984.9
kerala,2018,3,665383,236063,187012150.49
kerala,2018,3,682646,208961,165541438.42
kerala,2018,4,678112,2874939,2269562788.4
kerala,2018,4,653540,1427224,1126692982.06
kerala,2018,4,642189,970298,765982068.85
kerala,2018,4,637406,720309,568633588.49
kerala,2018,4,646234,535568,422793705.11
kerala,2018,4,625252,479195,378291302.54
kerala,2018,4,637584,397911,314123461.29
kerala,2018,4,696920,330944,261257537.1
kerala,2018,4,651079,294587,232556467.54
kerala,2018,4,683988,252639,199441224.25
kerala,2019,1,629317,2451269,1961433337.01
kerala,2019,1,610399,1094558,875833880.79
kerala,2019,1,676876,697245,557914991.83
kerala,2019,1,639497,575234,460285421.35
kerala,2019,1,650229,475073,380139788.23
kerala,2019,1,613162,347961,278428330.62
kerala,2019,1,672052,333053,266499652.34
kerala,2019,1,677831,245221,196218725.4
kerala,2019,1,635614,233659,186967566.86
kerala,2019,1,673793,190118,152127499.43
kerala,2019,2,670752,2537823,2044026725.97
kerala,2019,2,654175,1326991,1068792496.79
kerala,2019,2,684182,843035,679001514.93
kerala,2019,2,624916,658099,530049730.62
kerala,2019,2,654516,487052,392284627.0
kerala,2019,2,665164,438580,353243698.64
kerala,2019,2,666247,369905,297931021.17
kerala,2019,2,669769,286698,230914491.46
kerala,2019,2,612754,286386,230663010.43
kerala,2019,2,610779,238791,192328883.07
kerala,2019,3,694018,3090245,2472371965.01
kerala,2019,3,624508,1611007,1288897307.8
kerala,2019,3,636325,948935,759202046.69
kerala,2019,3,630362,815669,652582250.55
kerala,2019,3,652992,611423,489173657.92
kerala,2019,3,653851,499642,399742354.62
kerala,2019,3,675389,408568,326877924.59
kerala,2019,3,688876,346418,277154130.08
kerala,2019,3,630350,326523,261237190.31
kerala,2019,3,625232,279138,223326977.32
kerala,2019,4,673270,3191405,2610256723.57
kerala,2019,4,672159,1844683,1508770237.4
kerala,2019,4,678585,1198283,980077915.15
kerala,2019,4,689415,764683,625435895.47
kerala,2019,4,627329,705853,577318813.45
kerala,2019,4,636172,550894,450577687.65
kerala,2019,4,677625,430282,351929250.45
kerala,2019,4,655598,417965,341854981.84
kerala,2019,4,644158,364634,298235008.57
kerala,2019,4,664089,287331,235008642.59
kerala,2020,1,645381,2903328,2348296491.23
kerala,2020,1,626176,1473281,1191633116.72
kerala,2020,1,632021,837644,677510956.98
kerala,2020,1,631335,617409,499378553.28
kerala,2020,1,688097,521703,421968904.62
kerala,2020,1,653050,454989,368008417.92
kerala,2020,1,644674,359216,290545066.54
kerala,2020,1,695416,306906,248234989.26
kerala,2020,1,692623,274353,221905340.86
kerala,2020,1,657575,256251,207263908.19
kerala,2020,2,660765,3330600,2665642734.18
kerala,2020,2,624960,1559116,1247837161.65
kerala,2020,2,692632,1122506,898397217.85
kerala,2020,2,610166,881523,705526452.49
kerala,2020,2,679650,667480,534217382.42
kerala,2020,2,694054,574910,460128722.71
kerala,2020,2,686350,440493,352548733.43
kerala,2020,2,638237,398946,319296539.65
kerala,2020,2,694712,352001,281723753.3
kerala,2020,2,694468,310569,248564061.69
kerala,2020,3,680485,3804077,3053182503.03
kerala,2020,3,677264,1821526,1461971760.42
kerala,2020,3,698666,1266354,1016385659.22
kerala,2020,3,655890,786014,630861295.59
kerala,2020,3,639438,614870,493499524.44
kerala,2020,3,651632,539406,432932199.92
kerala,2020,3,643450,494949,397250590.85
kerala,2020,3,649305,375136,301087852.29
kerala,2020,3,615595,348319,279564244.53
kerala,2020,3,666979,330989,265654531.71
kerala,2020,4,674539,4135637,3344559032.92
kerala,2020,4,621544,2002545,1619492251.53
kerala,2020,4,626226,1233230,997334367.73
kerala,2020,4,696281,981186,793501600.31
kerala,2020,4,632655,686633,555291831.27
kerala,2020,4,659014,635051,513576327.38
kerala,2020,4,642528,515040,416521437.91
kerala,2020,4,661020,451952,365501789.1
kerala,2020,4,658790,429731,347530818.1
kerala,2020,4,686741,361682,292498799.42
kerala,2021,1,629507,3544779,2901392240.22
kerala,2021,1,669389,1622291,1327841405.83
kerala,2021,1,647252,1009132,825971862.62
kerala,2021,1,640474,762659,624234774.8
kerala,2021,1,629658,666798,545772351.76
kerala,2021,1,674597,550766,450800439.65
kerala,2021,1,632415,429824,351810343.91
kerala,2021,1,682180,392064,320903502.78
kerala,2021,1,689266,378515,309813861.18
kerala,2021,1,626774,310305,253983807.44
kerala,2021,2,615880,3742216,3084986416.34
kerala,2021,2,681031,1817329,1498159267.49
kerala,2021,2,675387,1055076,869777687.62
kerala,2021,2,652707,845850,697297509.18
kerala,2021,2,623284,608562,501683337.27
kerala,2021,2,679014,545420,449630742.61
kerala,2021,2,653131,436653,359966062.54
kerala,2021,2,641177,371843,306538397.89
kerala,2021,2,624067,344682,284147133.07
kerala,2021,2,633576,325290,268161048.16
kerala,2021,3,691779,3943610,3250422735.11
kerala,2021,3,685843,1866437,1538364264.19
kerala,2021,3,618892,1319174,1087296202.91
kerala,2021,3,673603,991552,817262767.35
kerala,2021,3,647548,765791,631184762.67
kerala,2021,3,696023,596167,491376273.42
kerala,2021,3,668238,523529,431505833.08
kerala,2021,3,652990,455362,375321471.48
kerala,2021,3,642386,430618,354926496.83
kerala,2021,3,621207,405259,334025323.22
kerala,2021,4,636769,4462781,3716726420.22
kerala,2021,4,672399,2256852,1879568272.72
kerala,2021,4,658150,1484528,1236356008.6
kerala,2021,4,687916,1044501,869889078.5
kerala,2021,4,621616,762746,635236083.16
kerala,2021,4,693844,669939,557944032.28
kerala,2021,4,656091,596790,497023458.55
kerala,2021,4,620713,458041,381469850.65
kerala,2021,4,654327,451238,375803472.85
kerala,2021,4,666960,368980,307296653.36
kerala,2022,1,617840,3537701,2957931197.1
kerala,2022,1,646121,1883314,1574670706.77
kerala,2022,1,671177,1133233,947515603.77
kerala,2022,1,633649,799032,668084481.0
kerala,2022,1,646103,739192,618051587.13
kerala,2022,1,618771,569019,475766615.28
kerala,2022,1,654179,501282,419130526.69
kerala,2022,1,678757,469079,392205271.8
kerala,2022,1,639150,362518,303107455.62
kerala,2022,1,690864,308800,258193482.82
kerala,2022,2,637066,4229250,3531742481.8
kerala,2022,2,653884,2146154,1792200799.51
kerala,2022,2,692235,1357291,1133440711.12
kerala,2022,2,611587,960245,801877538.29
kerala,2022,2,664571,806238,673269416.14
kerala,2022,2,646630,602418,503064732.21
kerala,2022,2,628322,598160,499509332.47
kerala,2022,2,665581,492066,410912266.7
kerala,2022,2,626992,468678,391381648.62
kerala,2022,2,624588,381875,318894787.59
kerala,2022,3,643283,4481570,3760071447.51
kerala,2022,3,614753,2040000,1711575943.9
kerala,2022,3,637169,1502711,1260786396.42
kerala,2022,3,651412,1052176,882784060.95
kerala,2022,3,639797,784403,658120351.43
kerala,2022,3,643800,639666,536685267.14
kerala,2022,3,693926,625266,524603727.34
kerala,2022,3,662204,525956,441281463.5
kerala,2022,3,652599,429696,360518288.87
kerala,2022,3,647396,375173,314773273.93
kerala,2022,4,656332,4848528,4097646053.33
kerala,2022,4,688746,2463715,2082164938.69
kerala,2022,4,628623,1418370,1198710283.76
kerala,2022,4,662560,1022152,863853429.29
kerala,2022,4,665994,901183,761618902.59
kerala,2022,4,649713,679389,574173536.14
kerala,2022,4,669761,611214,516556880.63
kerala,2022,4,641604,565595,478002471.43
kerala,2022,4,688059,491131,415070729.32
kerala,2022,4,619200,392462,331682207.94
kerala,2023,1,669065,4487570,3802045131.04
kerala,2023,1,616648,2263797,1917977189.35
kerala,2023,1,668033,1337148,1132884747.88
kerala,2023,1,690359,925907,784465319.62
kerala,2023,1,677465,740397,627293392.55
kerala,2023,1,645207,598990,507488306.2
kerala,2023,1,674593,586532,496933394.58
kerala,2023,1,611042,468842,397221830.12
kerala,2023,1,693165,404532,342735315.89
kerala,2023,1,699771,347949,294796628.95
kerala,2023,2,612595,4540330,3841375462.62
kerala,2023,2,612391,1994093,1687115347.96
kerala,2023,2,649503,1307265,1106020474.77
kerala,2023,2,688107,1033389,874305789.09
kerala,2023,2,672031,857607,725584613.75
kerala,2023,2,646311,654884,554069085.46
kerala,2023,2,690610,594329,502836256.73
kerala,2023,2,692485,463347,392017997.29
kerala,2023,2,621179,389417,329468898.53
kerala,2023,2,688073,385809,326416147.7
kerala,2023,3,673415,5170769,4430946519.79
kerala,2023,3,661023,2438584,2089676701.87
kerala,2023,3,672436,1469275,1259054961.72
kerala,2023,3,671309,1227596,1051954109.86
kerala,2023,3,625819,852972,730930920.99
kerala,2023,3,659549,735104,629927495.28
kerala,2023,3,694763,687517,589149206.64
kerala,2023,3,610920,553613,474403569.0
kerala,2023,3,685487,465153,398600260.52
kerala,2023,3,642900,451716,387086120.42
kerala,2023,4,610425,5376701,4624359813.15
kerala,2023,4,626024,2438564,2097345113.95
kerala,2023,4,698927,1620636,1393867321.92
kerala,2023,4,631963,1165925,1002781739.35
kerala,2023,4,665584,1075348,924878708.14
kerala,2023,4,653208,761948,655331647.7
kerala,2023,4,630913,705200,606524866.99
kerala,2023,4,683940,641758,551959464.94
kerala,2023,4,643788,493238,424221077.17
kerala,2023,4,634407,461803,397184983.49
ladakh,2018,1,118251,36261,28484507.39
ladakh,2018,1,182359,18645,14646402.71
ladakh,2018,1,175671,11826,9289931.57
ladakh,2018,1,123972,8656,6799722.61
ladakh,2018,1,163948,7760,6096152.34
ladakh,2018,1,165488,5785,4544582.9
ladakh,2018,1,174472,5070,3983262.34
ladakh,2018,1,153618,4560,3582823.03
ladakh,2018,1,171410,4203,3301723.47
ladakh,2018,1,120225,3768,2960606.47
ladakh,2018,2,178816,49052,39013636.74
ladakh,2018,2,186005,22762,18103914.18
ladakh,2018,2,186010,15516,12341226.53
ladakh,2018,2,124580,10930,8693866.97
ladakh,2018,2,176802,8611,6849353.35
ladakh,2018,2,130313,6754,5372024.29
ladakh,2018,2,181574,5969,4747568.41
ladakh,2018,2,117925,4927,3918940.58
ladakh,2018,2,143248,4406,3504454.42
ladakh,2018,2,197444,3826,3043318.87
ladakh,2018,3,131109,52727,42246347.79
ladakh,2018,3,127716,26656,21357582.48
ladakh,2018,3,130601,17831,14287220.22
ladakh,2018,3,135080,11625,9314908.87
ladakh,2018,3,123509,9244,7406554.95
ladakh,2018,3,169858,8533,6837504.26
ladakh,2018,3,135085,7412,5938632.21
ladakh,2018,3,169624,5941,4760100.98
ladakh,2018,3,195143,5564,4458700.18
ladakh,2018,3,137605,4441,3558403.07
ladakh,2018,4,175607,66081,52375479.74
ladakh,2018,4,129085,29983,23764280.48
ladakh,2018,4,172528,21081,16708657.78
ladakh,2018,4,158209,16268,12894200.67
ladakh,2018,4,165230,11933,9457965.27
ladakh,2018,4,196992,10045,7961714.35
ladakh,2018,4,142700,9156,7257387.65
ladakh,2018,4,185517,6587,5221441.87
ladakh,2018,4,182735,6337,5023188.71
ladakh,2018,4,117603,5994,4751519.39
ladakh,2019,1,132234,57112,44655295.41
ladakh,2019,1,149323,24771,19368634.8
ladakh,2019,1,125810,15853,12395809.43
ladakh,2019,1,128088,12415,9707322.36
ladakh,2019,1,133117,9757,7629529.35
ladakh,2019,1,164821,8332,6514879.54
ladakh,2019,1,173868,6778,5300323.21
ladakh,2019,1,142178,6221,4864803.27
ladakh,2019,1,154924,5338,4174265.87
ladakh,2019,1,144434,4847,3789851.33
ladakh,2019,2,166273,62118,50162986.67
ladakh,2019,2,194566,30343,24503258.84
ladakh,2019,2,122391,22357,18054714.3
ladakh,2019,2,151496,14315,11559954.35
ladakh,2019,2,138681,12936,10446868.85
ladakh,2019,2,179028,9789,7905576.39
ladakh,2019,2,197503,8101,6542595.21
ladakh,2019,2,119958,7907,6385271.01
ladakh,2019,2,119635,6700,5410482.28
ladakh,2019,2,171443,5564,4493651.15
ladakh,2019,3,155314,75060,60638543.33
ladakh,2019,3,134072,30163,24368089.93
ladakh,2019,3,151069,21994,17768624.84
ladakh,2019,3,173036,17393,14051260.76
ladakh,2019,3,192332,11998,9693432.98
ladakh,2019,3,127716,10471,8459289.5
ladakh,2019,3,198186,8760,7077623.34
ladakh,2019,3,136914,7897,6379703.49
ladakh,2019,3,148370,6961,5624221.07
ladakh,2019,3,181714,6563,5302585.06
ladakh,2019,4,121348,76300,61498643.83
ladakh,2019,4,118830,37398,30143681.55
ladakh,2019,4,130621,23462,18911097.83
ladakh,2019,4,191326,17343,13979141.49
ladakh,2019,4,194156,15545,12530003.51
ladakh,2019,4,158486,12866,10370786.96
ladakh,2019,4,186791,9916,7992474.4
ladakh,2019,4,176584,8484,6838949.88
ladakh,2019,4,160933,8106,6534190.83
ladakh,2019,4,147291,7340,5916895.61
ladakh,2020,1,139472,67233,54628326.89
ladakh,2020,1,184247,31298,25430000.82
ladakh,2020,1,182644,21099,17143254.06
ladakh,2020,1,147570,15505,12598317.35
ladakh,2020,1,166131,13821,11230401.76
ladakh,2020,1,195222,9824,7982544.61
ladakh,2020,1,181957,8374,6804748.55
ladakh,2020,1,125329,7816,6350661.38
ladakh,2020,1,175787,7256,5895855.44
ladakh,2020,1,132760,5702,4633700.52
ladakh,2020,2,147787,69412,57150654.09
ladakh,2020,2,167106,34245,28196421.63
ladakh,2020,2,166456,23999,19759862.94
ladakh,2020,2,190413,15859,13057635.84
ladakh,2020,2,153590,13374,11012285.03
ladakh,2020,2,178533,11317,9318030.54
ladakh,2020,2,138764,10150,8357742.74
ladakh,2020,2,127947,8817,7259543.06
ladakh,2020,2,118449,7157,5893149.17
ladakh,2020,2,139882,6861,5649274.35
ladakh,2020,3,161783,76730,62530353.49
ladakh,2020,3,190578,36079,29402406.09
ladakh,2020,3,135676,27588,22482392.39
ladakh,2020,3,151816,18257,14878336.23
ladakh,2020,3,133642,15599,12712165.36
ladakh,2020,3,178197,11474,9350896.47
ladakh,2020,3,185204,11270,9185039.38
ladakh,2020,3,162426,9589,7814581.29
ladakh,2020,3,118951,8689,7081635.16
ladakh,2020,3,122229,6719,5475564.85
ladakh,2020,4,140691,94124,76860623.71
ladakh,2020,4,122906,45252,36952744.9
ladakh,2020,4,145798,28993,23676054.65
ladakh,2020,4,117264,23885,19504238.54
ladakh,2020,4,132583,17953,14660567.79
ladakh,2020,4,165471,15639,12771391.07
ladakh,2020,4,121707,11859,9684152.99
ladakh,2020,4,190190,9909,8091863.52
ladakh,2020,4,128501,9862,8053930.64
ladakh,2020,4,149018,7910,6459410.48
ladakh,2021,1,154554,77680,65160221.35
ladakh,2021,1,117389,37860,31758079.83
ladakh,2021,1,136982,22581,18942246.16
ladakh,2021,1,126007,17687,14837020.96
ladakh,2021,1,130719,13428,11264044.89
ladakh,2021,1,162558,10451,8766640.47
ladakh,2021,1,186549,9627,8076005.14
ladakh,2021,1,127257,8160,6845244.48
ladakh,2021,1,171695,6920,5805116.07
ladakh,2021,1,152958,6788,5694155.48
ladakh,2021,2,150703,83631,69058708.03
ladakh,2021,2,130635,38169,31518973.16
ladakh,2021,2,176718,27074,22356602.83
ladakh,2021,2,113450,20281,16747215.61
ladakh,2021,2,121433,15674,12943259.15
ladakh,2021,2,148319,13069,10791865.74
ladakh,2021,2,115383,9932,8202184.61
ladakh,2021,2,115124,9659,7976690.9
ladakh,2021,2,122393,7405,6115086.99
ladakh,2021,2,176779,7000,5780691.07
ladakh,2021,3,121418,89592,74661959.15
ladakh,2021,3,140916,45199,37666899.78
ladakh,2021,3,191218,29059,24216791.86
ladakh,2021,3,113405,22261,18551981.75
ladakh,2021,3,196314,18445,15371394.11
ladakh,2021,3,145758,12964,10804341.12
ladakh,2021,3,120438,11348,9457034.81
ladakh,2021,3,145115,10994,9162025.09
ladakh,2021,3,135965,8334,6945369.87
ladakh,2021,3,152059,7848,6540884.66
ladakh,2021,4,197705,104937,87026330.32
ladakh,2021,4,135413,47099,39060712.56
ladakh,2021,4,176397,30967,25681989.38
ladakh,2021,4,134819,24341,20187155.44
ladakh,2021,4,166346,19242,15958427.08
ladakh,2021,4,142810,16031,13295442.62
ladakh,2021,4,163344,14275,11838926.34
ladakh,2021,4,167014,12915,10711012.93
ladakh,2021,4,128995,10606,8796204.51
ladakh,2021,4,199746,8900,7381766.44
ladakh,2022,1,147863,88682,74544287.28
ladakh,2022,1,185296,42724,35912757.04
ladakh,2022,1,118842,30035,25247362.41
ladakh,2022,1,121550,19985,16799216.78
ladakh,2022,1,154025,14937,12556441.86
ladakh,2022,1,194496,13907,11690588.97
ladakh,2022,1,180762,12209,10263311.14
ladakh,2022,1,149940,9490,7977785.53
ladakh,2022,1,162277,9247,7773159.26
ladakh,2022,1,165516,8283,6962750.84
ladakh,2022,2,173945,99650,82901597.36
ladakh,2022,2,170631,41123,34211420.25
ladakh,2022,2,141808,31559,26255501.78
ladakh,2022,2,184235,21399,17803153.76
ladakh,2022,2,140186,17681,14710080.69
ladakh,2022,2,199185,13269,11039483.48
ladakh,2022,2,148481,11615,9663033.17
ladakh,2022,2,129404,11211,9326966.71
ladakh,2022,2,137386,8960,7454517.32
ladakh,2022,2,155963,8458,7036754.94
ladakh,2022,3,140775,115199,95838463.67
ladakh,2022,3,196573,47197,39265802.42
ladakh,2022,3,163093,32469,27012535.11
ladakh,2022,3,159658,25603,21300605.07
ladakh,2022,3,122702,18563,15443514.74
ladakh,2022,3,183798,14817,12327442.08
ladakh,2022,3,121140,13181,10966418.39
ladakh,2022,3,197675,12591,10475431.91
ladakh,2022,3,125510,9895,8232524.99
ladakh,2022,3,139607,9329,7761157.86
ladakh,2022,4,131562,124690,106024399.15
ladakh,2022,4,129325,50280,42753258.1
ladakh,2022,4,144376,35852,30485212.82
ladakh,2022,4,148928,27871,23699052.13
ladakh,2022,4,129998,20547,17471203.74
ladakh,2022,4,146922,16735,14230211.31
ladakh,2022,4,123497,14846,12623982.13
ladakh,2022,4,199074,12281,10443192.99
ladakh,2022,4,154770,11964,10173708.03
ladakh,2022,4,129116,10826,9205364.22
ladakh,2023,1,194354,91467,78121383.19
ladakh,2023,1,162574,46768,39944650.68
ladakh,2023,1,195484,28292,24164745.91
ladakh,2023,1,144319,22390,19123658.69
ladakh,2023,1,134224,16620,14195608.76
ladakh,2023,1,181225,14837,12672567.11
ladakh,2023,1,117835,10918,9325236.0
ladakh,2023,1,113124,10173,8689238.91
ladakh,2023,1,139908,9431,8055329.78
ladakh,2023,1,176577,8426,7197240.48
ladakh,2023,2,111413,111133,94539929.59
ladakh,2023,2,157254,48674,41406588.13
ladakh,2023,2,195908,32008,27228891.5
ladakh,2023,2,151791,22306,18975522.74
ladakh,2023,2,155883,20210,17192846.98
ladakh,2023,2,178611,16125,13718030.08
ladakh,2023,2,117328,11926,10146024.17
ladakh,2023,2,118088,11510,9791552.12
ladakh,2023,2,125679,11108,9450153.92
ladakh,2023,2,186283,9484,8067898.84
ladakh,2023,3,130929,105761,91718471.85
ladakh,2023,3,121439,50105,43452624.79
ladakh,2023,3,191098,37028,32111754.99
ladakh,2023,3,122946,27173,23565738.44
ladakh,2023,3,119128,21039,18245949.76
ladakh,2023,3,147833,15849,13745412.83
ladakh,2023,3,174367,14769,12808506.5
ladakh,2023,3,110261,12691,11006352.46
ladakh,2023,3,150144,11393,9880858.01
ladakh,2023,3,148185,10207,8851816.61
ladakh,2023,4,123318,138916,118969989.88
ladakh,2023,4,161050,58215,49856763.58
ladakh,2023,4,156350,40698,34854584.87
ladakh,2023,4,142746,28935,24780475.49
ladakh,2023,4,183421,21893,18749904.0
ladakh,2023,4,167093,20213,17311038.35
ladakh,2023,4,140991,15838,13563930.5
ladakh,2023,4,191977,14875,12739361.29
ladakh,2023,4,196709,12493,10699486.99
ladakh,2023,4,130502,12114,10375192.96
lakshadweep,2018,1,680833,19162,14875003.21
lakshadweep,2018,1,690558,9803,7609935.6
lakshadweep,2018,1,663538,5752,4465582.62
lakshadweep,2018,1,644824,4145,3218197.82
lakshadweep,2018,1,681749,3518,2731477.04
lakshadweep,2018,1,650337,2668,2071482.94
lakshadweep,2018,1,646955,2535,1968507.61
lakshadweep,2018,1,640160,2082,1616213.91
lakshadweep,2018,1,626265,1890,1467529.34
lakshadweep,2018,1,637926,1768,1372896.28
lakshadweep,2018,2,659957,23901,19054471.1
lakshadweep,2018,2,652600,10424,8310864.12
lakshadweep,2018,2,636329,7126,5681406.03
lakshadweep,2018,2,695826,4881,3891900.22
lakshadweep,2018,2,677579,4356,3472967.46
lakshadweep,2018,2,672582,3187,2541074.8
lakshadweep,2018,2,653297,2799,2232140.39
lakshadweep,2018,2,646750,2384,1900630.93
lakshadweep,2018,2,665855,2306,1838736.43
lakshadweep,2018,2,697871,1907,1520939.5
lakshadweep,2018,3,656657,28959,22992065.07
lakshadweep,2018,3,654988,13555,10761946.34
lakshadweep,2018,3,693710,9143,7259146.39
lakshadweep,2018,3,611916,6224,4942150.12
lakshadweep,2018,3,675386,4918,3904948.07
lakshadweep,2018,3,646927,3786,3006223.55
lakshadweep,2018,3,684743,3136,2490100.61
lakshadweep,2018,3,670161,3052,2423191.72
lakshadweep,2018,3,648626,2660,2112061.18
lakshadweep,2018,3,675364,2258,1792963.73
lakshadweep,2018,4,694351,32616,25923588.49
lakshadweep,2018,4,625801,16941,13465332.03
lakshadweep,2018,4,634372,11123,8840749.12
lakshadweep,2018,4,628484,7572,6018991.46
lakshadweep,2018,4,671867,5802,4611711.2
lakshadweep,2018,4,693300,5162,4102850.14
lakshadweep,2018,4,668654,4401,3498372.01
lakshadweep,2018,4,631888,3717,2954984.63
lakshadweep,2018,4,693495,3041,2417290.0
lakshadweep,2018,4,677742,2998,2383421.32
lakshadweep,2019,1,624388,25960,20410404.91
lakshadweep,2019,1,633234,13870,10905288.75
lakshadweep,2019,1,661637,7846,6169313.91
lakshadweep,2019,1,670431,6093,4790820.41
lakshadweep,2019,1,652834,5259,4134825.73
lakshadweep,2019,1,621936,4431,3484276.98
lakshadweep,2019,1,656003,3475,2732837.67
lakshadweep,2019,1,642795,2930,2303818.34
lakshadweep,2019,1,699658,2469,1941383.18
lakshadweep,2019,1,683739,2348,1846783.05
lakshadweep,2019,2,636478,32146,25689355.73
lakshadweep,2019,2,644632,14092,11261828.18
lakshadweep,2019,2,655175,9864,7883022.04
lakshadweep,2019,2,665422,7085,5662600.75
lakshadweep,2019,2,620288,5575,4455350.77
lakshadweep,2019,2,660490,4431,3541143.56
lakshadweep,2019,2,677076,4092,3270648.45
lakshadweep,2019,2,681895,3753,2999426.53
lakshadweep,2019,2,610009,3385,2705063.86
lakshadweep,2019,2,652633,2945,2353815.01
lakshadweep,2019,3,667242,34651,28283553.32
lakshadweep,2019,3,642359,14184,11578106.74
lakshadweep,2019,3,616174,10361,8457011.87
lakshadweep,2019,3,636791,7857,6413421.67
lakshadweep,2019,3,627694,6461,5274233.01
lakshadweep,2019,3,670226,4762,3887630.93
lakshadweep,2019,3,643238,4516,3686723.55
lakshadweep,2019,3,694966,3963,3235499.54
lakshadweep,2019,3,676794,3229,2636092.74
lakshadweep,2019,3,629305,2958,2414443.09
lakshadweep,2019,4,611006,38742,31230635.81
lakshadweep,2019,4,624522,17626,14209023.37
lakshadweep,2019,4,652140,13176,10621697.91
lakshadweep,2019,4,675174,8381,6756697.59
lakshadweep,2019,4,690437,7483,6032779.61
lakshadweep,2019,4,697214,6467,5213332.0
lakshadweep,2019,4,634461,4803,3872118.51
lakshadweep,2019,4,669820,4024,3243928.5
lakshadweep,2019,4,699754,3735,3010903.05
lakshadweep,2019,4,685095,3628,2925357.48
lakshadweep,2020,1,610801,35093,28150827.78
lakshadweep,2020,1,693156,16018,12849869.76
lakshadweep,2020,1,632139,11953,9589088.05
lakshadweep,2020,1,664446,7935,6365254.91
lakshadweep,2020,1,659526,5958,4779845.36
lakshadweep,2020,1,616544,5066,4063922.93
lakshadweep,2020,1,638371,4548,3648543.17
lakshadweep,2020,1,648921,4096,3286295.15
lakshadweep,2020,1,698108,3653,2931057.22
lakshadweep,2020,1,622563,3067,2460969.56
lakshadweep,2020,2,621036,38040,30576881.42
lakshadweep,2020,2,639984,16508,13269359.85
lakshadweep,2020,2,653288,11686,9393806.59
lakshadweep,2020,2,665012,8700,6993430.22
lakshadweep,2020,2,652458,6625,5325830.76
lakshadweep,2020,2,698169,5670,4557808.83
lakshadweep,2020,2,684120,4415,3548965.06
lakshadweep,2020,2,645361,3960,3183637.33
lakshadweep,2020,2,659111,3648,2932884.53
lakshadweep,2020,2,669857,3385,2721386.2
lakshadweep,2020,3,695364,41560,33553008.98
lakshadweep,2020,3,679925,20834,16820304.1
lakshadweep,2020,3,647996,11687,9435226.18
lakshadweep,2020,3,699176,10047,8111512.14
lakshadweep,2020,3,637064,7492,6048604.05
lakshadweep,2020,3,613544,6075,4905207.58
lakshadweep,2020,3,646240,5445,4396636.07
lakshadweep,2020,3,635219,4425,3572985.48
lakshadweep,2020,3,633917,4374,3531475.77
lakshadweep,2020,3,643434,3469,2800976.84
lakshadweep,2020,4,616133,46562,37177290.52
lakshadweep,2020,4,674952,22815,18216357.26
lakshadweep,2020,4,655337,13550,10819534.13
lakshadweep,2020,4,670057,9909,7911862.34
lakshadweep,2020,4,646094,8260,6595400.15
lakshadweep,2020,4,657923,7209,5756721.28
lakshadweep,2020,4,677608,5356,4277198.46
lakshadweep,2020,4,676056,5130,4096308.54
lakshadweep,2020,4,650486,4841,3865825.57
lakshadweep,2020,4,633760,4031,3219149.06
lakshadweep,2021,1,657160,38601,32238793.53
lakshadweep,2021,1,699026,18075,15095984.38
lakshadweep,2021,1,615340,12860,10740887.13
lakshadweep,2021,1,652028,9864,8238312.11
lakshadweep,2021,1,678706,7914,6609596.27
lakshadweep,2021,1,695640,5777,4824980.08
lakshadweep,2021,1,665485,4821,4026980.09
lakshadweep,2021,1,657598,4431,3700684.65
lakshadweep,2021,1,619606,3766,3145452.89
lakshadweep,2021,1,678644,3732,3117382.67
lakshadweep,2021,2,669201,41880,34375740.61
lakshadweep,2021,2,633571,19006,15600175.32
lakshadweep,2021,2,659219,13310,10925449.22
lakshadweep,2021,2,628025,8912,7315601.93
lakshadweep,2021,2,649037,7943,6519991.98
lakshadweep,2021,2,633762,6032,4951626.73
lakshadweep,2021,2,659725,4852,3982788.95
lakshadweep,2021,2,674621,4714,3869784.79
lakshadweep,2021,2,691295,3805,3123897.36
lakshadweep,2021,2,644985,3625,2975853.89
lakshadweep,2021,3,627811,49956,41026912.04
lakshadweep,2021,3,659905,23045,18926276.48
lakshadweep,2021,3,613562,14069,11554188.47
lakshadweep,2021,3,696925,10254,8421115.06
lakshadweep,2021,3,688830,8834,7255034.88
lakshadweep,2021,3,697694,6722,5521238.97
lakshadweep,2021,3,622879,6633,5447980.42
lakshadweep,2021,3,614439,5369,4409759.35
lakshadweep,2021,3,690129,4805,3946885.83
lakshadweep,2021,3,685627,4000,3285646.02
lakshadweep,2021,4,623821,52454,43175977.01
lakshadweep,2021,4,665430,23537,19374144.35
lakshadweep,2021,4,641555,17322,14258185.0
lakshadweep,2021,4,654041,11034,9082788.17
lakshadweep,2021,4,622072,8875,7305256.72
lakshadweep,2021,4,683525,7983,6571182.69
lakshadweep,2021,4,625240,5925,4877691.84
lakshadweep,2021,4,671205,5434,4472846.18
lakshadweep,2021,4,638662,4613,3797596.04
lakshadweep,2021,4,652838,4527,3726799.54
lakshadweep,2022,1,647833,43982,36242857.07
lakshadweep,2022,1,654412,18802,15494185.17
lakshadweep,2022,1,693215,12493,10294933.33
lakshadweep,2022,1,660407,10231,8430867.85
lakshadweep,2022,1,633180,7067,5823969.63
lakshadweep,2022,1,610749,6502,5358063.58
lakshadweep,2022,1,644846,5113,4213497.37
lakshadweep,2022,1,681647,4496,3705179.06
lakshadweep,2022,1,693079,4294,3538425.05
lakshadweep,2022,1,694325,3581,2950866.53
lakshadweep,2022,2,622880,46582,38843249.96
lakshadweep,2022,2,649722,22082,18413474.26
lakshadweep,2022,2,671729,13727,11446515.06
lakshadweep,2022,2,686867,10448,8712330.11
lakshadweep,2022,2,684378,8212,6848245.51
lakshadweep,2022,2,681142,6542,5455777.58
lakshadweep,2022,2,698727,6461,5388255.37
lakshadweep,2022,2,638730,5457,4551151.79
lakshadweep,2022,2,615028,4722,3938145.32
lakshadweep,2022,2,610014,3830,3194337.03
lakshadweep,2022,3,637587,52341,43554388.21
lakshadweep,2022,3,684222,22750,18930704.95
lakshadweep,2022,3,619803,15863,13200356.61
lakshadweep,2022,3,653188,10897,9068393.64
lakshadweep,2022,3,697329,10172,8465073.91
lakshadweep,2022,3,690601,8385,6977808.78
lakshadweep,2022,3,683288,6460,5376111.76
lakshadweep,2022,3,633521,5634,4688864.41
lakshadweep,2022,3,613086,5330,4435269.15
lakshadweep,2022,3,610468,4508,3751401.79
lakshadweep,2022,4,625373,58437,49626307.4
lakshadweep,2022,4,621823,27351,23227170.45
lakshadweep,2022,4,616768,15745,13371449.56
lakshadweep,2022,4,616289,12947,10994955.12
lakshadweep,2022,4,629858,10033,8520573.84
lakshadweep,2022,4,644110,9136,7758713.98
lakshadweep,2022,4,683590,7882,6693722.51
lakshadweep,2022,4,651771,5995,5091091.36
lakshadweep,2022,4,660589,5722,4860049.59
lakshadweep,2022,4,651043,5337,4533058.33
lakshadweep,2023,1,655186,45687,38607778.71
lakshadweep,2023,1,670234,24760,20923900.03
lakshadweep,2023,1,698264,14700,12422639.5
lakshadweep,2023,1,645881,12274,10372251.89
lakshadweep,2023,1,647362,9042,7641064.13
lakshadweep,2023,1,611294,7136,6031032.86
lakshadweep,2023,1,696116,6270,5298581.03
lakshadweep,2023,1,684648,5358,4527824.36
lakshadweep,2023,1,629018,4897,4138886.26
lakshadweep,2023,1,625379,4558,3851776.95
lakshadweep,2023,2,655836,53061,44805637.65
lakshadweep,2023,2,627070,24627,20795464.66
lakshadweep,2023,2,646777,15137,12782467.85
lakshadweep,2023,2,620053,12211,10311613.88
lakshadweep,2023,2,621776,8927,7538187.69
lakshadweep,2023,2,651150,7523,6352902.89
lakshadweep,2023,2,643309,7210,6088537.43
lakshadweep,2023,2,675653,6327,5342553.89
lakshadweep,2023,2,687863,5064,4276845.76
lakshadweep,2023,2,663806,4861,4104713.32
lakshadweep,2023,3,637282,60520,51200930.79
lakshadweep,2023,3,671256,25897,21909622.05
lakshadweep,2023,3,631010,18317,15496917.37
lakshadweep,2023,3,636862,13326,11274167.27
lakshadweep,2023,3,653182,10533,8911021.08
lakshadweep,2023,3,619064,9266,7839428.92
lakshadweep,2023,3,621091,7136,6037285.44
lakshadweep,2023,3,680547,6808,5759984.58
lakshadweep,2023,3,634733,5985,5063777.69
lakshadweep,2023,3,619692,4874,4123863.17
lakshadweep,2023,4,671415,66956,56587251.14
lakshadweep,2023,4,656127,31161,26335312.71
lakshadweep,2023,4,666628,21539,18203756.7
lakshadweep,2023,4,629135,16564,13998803.38
lakshadweep,2023,4,689631,13183,11141530.79
lakshadweep,2023,4,640514,9492,8022532.05
lakshadweep,2023,4,628025,9110,7699821.26
lakshadweep,2023,4,613294,7511,6348085.23
lakshadweep,2023,4,675479,6019,5087673.04
lakshadweep,2023,4,622638,5229,4419991.89
madhya-pradesh,2018,1,410422,1548091,1212145965.25
madhya-pradesh,2018,1,429845,786626,615924079.48
madhya-pradesh,2018,1,477331,518835,406245433.26
madhya-pradesh,2018,1,479419,346218,271086794.63
madhya-pradesh,2018,1,498974,317848,248873521.9
madhya-pradesh,2018,1,419901,244056,191094685.22
madhya-pradesh,2018,1,493099,200294,156829539.03
madhya-pradesh,2018,1,439817,198442,155379403.92
madhya-pradesh,2018,1,483282,176865,138484607.12
madhya-pradesh,2018,1,443787,131158,102696621.58
madhya-pradesh,2018,2,484564,1817477,1419057623.62
madhya-pradesh,2018,2,423445,863715,674375333.0
madhya-pradesh,2018,2,478522,602754,470621012.8
madhya-pradesh,2018,2,430603,451011,352142948.73
madhya-pradesh,2018,2,496360,323348,252465278.61
madhya-pradesh,2018,2,490097,257377,200956423.54
madhya-pradesh,2018,2,472137,245878,191977930.11
madhya-pradesh,2018,2,491104,208903,163108314.09
madhya-pradesh,2018,2,457501,194872,152153395.08
madhya-pradesh,2018,2,447552,179381,140058030.14
madhya-pradesh,2018,3,451283,2090439,1686361640.77
madhya-pradesh,2018,3,419258,1008249,813356965.78
madhya-pradesh,2018,3,492005,687566,554661408.72
madhya-pradesh,2018,3,475611,494335,398781840.52
madhya-pradesh,2018,3,465997,362567,292483993.79
madhya-pradesh,2018,3,467965,288956,233101940.61
madhya-pradesh,2018,3,426137,253700,204660853.66
madhya-pradesh,2018,3,436717,208832,168465490.21
madhya-pradesh,2018,3,487880,201237,162338505.61
madhya-pradesh,2018,3,436273,164386,132610953.2
madhya-pradesh,2018,4,496588,2271936,1821026627.71
madhya-pradesh,2018,4,418870,1335386,1070353554.08
madhya-pradesh,2018,4,486716,811080,650105751.43
madhya-pradesh,2018,4,463825,639091,512251825.5
madhya-pradesh,2018,4,496693,473081,379189109.44
madhya-pradesh,2018,4,446044,384015,307800068.4
madhya-pradesh,2018,4,468341,297653,238578060.5
madhya-pradesh,2018,4,432988,261512,209610404.42
madhya-pradesh,2018,4,461986,230749,184952953.55
madhya-pradesh,2018,4,426851,209395,167837273.13
madhya-pradesh,2019,1,494512,2322791,1845484911.93
madhya-pradesh,2019,1,471183,1071769,851533447.61
madhya-pradesh,2019,1,412943,738846,587022449.72
madhya-pradesh,2019,1,496383,518768,412167586.71
madhya-pradesh,2019,1,481624,422150,335403705.68
madhya-pradesh,2019,1,428640,305607,242808602.33
madhya-pradesh,2019,1,417642,283301,225086233.85
madhya-pradesh,2019,1,440094,240868,191373062.59
madhya-pradesh,2019,1,477973,197476,156897647.63
madhya-pradesh,2019,1,471946,192893,153255971.81
madhya-pradesh,2019,2,481086,2583383,2082852179.41
madhya-pradesh,2019,2,430251,1255580,1012311911.46
madhya-pradesh,2019,2,463314,842615,679358393.08
madhya-pradesh,2019,2,484287,600548,484191854.74
madhya-pradesh,2019,2,423961,420756,339235239.19
madhya-pradesh,2019,2,456746,362291,292097408.08
madhya-pradesh,2019,2,480491,335209,270262972.45
madhya-pradesh,2019,2,497040,257041,207239940.79
madhya-pradesh,2019,2,442940,239301,192936668.79
madhya-pradesh,2019,2,494563,238206,192053612.49
madhya-pradesh,2019,3,489829,2790425,2240339129.33
madhya-pradesh,2019,3,489513,1430830,1148765541.12
madhya-pradesh,2019,3,451846,892619,716654035.95
madhya-pradesh,2019,3,487021,730248,586292197.86
madhya-pradesh,2019,3,478304,480969,386153912.31
madhya-pradesh,2019,3,467564,401755,322555803.75
madhya-pradesh,2019,3,422450,360503,289436053.28
madhya-pradesh,2019,3,498987,307348,246759606.38
madhya-pradesh,2019,3,481204,303019,243284050.27
madhya-pradesh,2019,3,441332,270930,217520598.48
madhya-pradesh,2019,4,470504,3265807,2647477935.01
madhya-pradesh,2019,4,423760,1707375,1384111245.15
madhya-pradesh,2019,4,436409,1023725,829899215.71
madhya-pradesh,2019,4,436650,763438,618893082.28
madhya-pradesh,2019,4,436516,593909,481462419.09
madhya-pradesh,2019,4,497830,513745,416475498.67
madhya-pradesh,2019,4,494179,406048,329169259.24
madhya-pradesh,2019,4,416458,343168,278194637.32
madhya-pradesh,2019,4,452525,300278,243425813.33
madhya-pradesh,2019,4,461681,272117,220596295.96
madhya-pradesh,2020,1,468900,2801184,2288271663.64
madhya-pradesh,2020,1,415997,1460498,1193073042.91
madhya-pradesh,2020,1,455118,938498,766653946.04
madhya-pradesh,2020,1,450654,690113,563749535.82
madhya-pradesh,2020,1,482753,525184,429019942.15
madhya-pradesh,2020,1,436087,402419,328734492.84
madhya-pradesh,2020,1,445618,386147,315441464.02
madhya-pradesh,2020,1,428474,313452,256057369.21
madhya-pradesh,2020,1,491971,293875,240064897.64
madhya-pradesh,2020,1,459642,243693,199072084.63
madhya-pradesh,2020,2,439084,2986478,2417295011.23
madhya-pradesh,2020,2,435341,1496220,1211060950.29
madhya-pradesh,2020,2,461183,950061,768992731.18
madhya-pradesh,2020,2,481604,625047,505922032.56
madhya-pradesh,2020,2,458268,554770,449038210.17
madhya-pradesh,2020,2,421254,429199,347399990.45
madhya-pradesh,2020,2,422083,386017,312448078.41
madhya-pradesh,2020,2,476488,356825,288819372.75
madhya-pradesh,2020,2,438955,311175,251869894.28
madhya-pradesh,2020,2,462126,244036,197525991.92
madhya-pradesh,2020,3,492404,3359112,2781971186.41
madhya-pradesh,2020,3,416729,1807915,1497290771.0
madhya-pradesh,2020,3,469423,1095807,907532742.6
madhya-pradesh,2020,3,444923,794397,657909099.26
madhya-pradesh,2020,3,460435,613564,508145504.75
madhya-pradesh,2020,3,499026,513278,425090064.44
madhya-pradesh,2020,3,491706,468815,388267004.89
madhya-pradesh,2020,3,486527,412843,341911459.4
madhya-pradesh,2020,3,475256,327861,271530797.2
madhya-pradesh,2020,3,436798,292636,242357620.58
madhya-pradesh,2020,4,483859,3607961,2944627000.65
madhya-pradesh,2020,4,430334,1952681,1593674855.53
madhya-pradesh,2020,4,498781,1303700,1064011162.95
madhya-pradesh,2020,4,462869,854934,697751869.13
madhya-pradesh,2020,4,498076,667376,544677011.24
madhya-pradesh,2020,4,498849,632196,515964839.21
madhya-pradesh,2020,4,488136,539571,440369631.1
madhya-pradesh,2020,4,463686,474834,387534659.72
madhya-pradesh,2020,4,458295,394918,322311179.3
madhya-pradesh,2020,4,469221,381580,311425477.87
madhya-pradesh,2021,1,427693,3204641,2608907228.33
madhya-pradesh,2021,1,426583,1500340,1221431388.98
madhya-pradesh,2021,1,447166,949567,773045305.81
madhya-pradesh,2021,1,489282,721367,587267031.87
madhya-pradesh,2021,1,460448,605652,493063063.86
madhya-pradesh,2021,1,420463,517419,421232668.78
madhya-pradesh,2021,1,426037,398656,324547304.15
madhya-pradesh,2021,1,469464,372227,303031208.93
madhya-pradesh,2021,1,486809,317472,258454930.09
madhya-pradesh,2021,1,441180,301704,245618237.28
madhya-pradesh,2021,2,491936,3120180,2586559722.16
madhya-pradesh,2021,2,492604,1657916,1374375799.94
madhya-pradesh,2021,2,454467,1113850,923357024.71
madhya-pradesh,2021,2,488552,783998,649917553.83
madhya-pradesh,2021,2,419712,663310,549869644.67
madhya-pradesh,2021,2,425139,518770,430048886.03
madhya-pradesh,2021,2,485790,459624,381018417.01
madhya-pradesh,2021,2,451743,370513,307147841.88
madhya-pradesh,2021,2,413100,329024,272754058.26
madhya-pradesh,2021,2,499660,288373,239055294.02
madhya-pradesh,2021,3,481224,3334170,2781200896.29
madhya-pradesh,2021,3,421102,1867657,1557907853.09
madhya-pradesh,2021,3,491036,1111376,927055717.28
madhya-pradesh,2021,3,479084,874130,729156218.28
madhya-pradesh,2021,3,448718,713409,595091264.29
madhya-pradesh,2021,3,489522,540307,450697603.78
madhya-pradesh,2021,3,416622,477201,398058356.54
madhya-pradesh,2021,3,431618,375268,313030840.36
madhya-pradesh,2021,3,453955,371248,309677502.99
madhya-pradesh,2021,3,485672,328623,274121804.49
madhya-pradesh,2021,4,422000,4385143,3599253275.93
madhya-pradesh,2021,4,480937,2180908,1790053597.89
madhya-pradesh,2021,4,422559,1301233,1068030807.13
madhya-pradesh,2021,4,496208,994391,816179907.48
madhya-pradesh,2021,4,448938,799801,656463671.32
madhya-pradesh,2021,4,437311,633060,519605335.62
madhya-pradesh,2021,4,432412,590207,484432149.17
madhya-pradesh,2021,4,441806,490287,402420032.82
madhya-pradesh,2021,4,464321,402882,330679179.34
madhya-pradesh,2021,4,497574,376142,308731874.62
madhya-pradesh,2022,1,454917,3319346,2758408797.99
madhya-pradesh,2022,1,415594,1739219,1445307722.66
madhya-pradesh,2022,1,477936,1123896,933968959.11
madhya-pradesh,2022,1,425925,828055,688122138.85
madhya-pradesh,2022,1,494655,631160,524500114.52
madhya-pradesh,2022,1,424125,499350,414965268.49
madhya-pradesh,2022,1,490166,445440,370165013.84
madhya-pradesh,2022,1,461802,417015,346543764.05
madhya-pradesh,2022,1,414550,350793,291512690.76
madhya-pradesh,2022,1,473345,277117,230287572.98
madhya-pradesh,2022,2,452099,3589901,2990690953.55
madhya-pradesh,2022,2,466593,1735920,1446167977.77
madhya-pradesh,2022,2,441004,1184775,987017852.01
madhya-pradesh,2022,2,461533,897597,747774779.22
madhya-pradesh,2022,2,467482,658208,548342805.06
madhya-pradesh,2022,2,450827,616813,513857787.48
madhya-pradesh,2022,2,455248,503813,419718983.07
madhya-pradesh,2022,2,435706,473002,394050889.74
madhya-pradesh,2022,2,430022,414444,345267619.66
madhya-pradesh,2022,2,417109,380723,317175058.12
madhya-pradesh,2022,3,429430,4039508,3403889004.86
madhya-pradesh,2022,3,498199,1745413,1470771128.69
madhya-pradesh,2022,3,458925,1380735,1163475811.92
madhya-pradesh,2022,3,495067,884751,745535409.91
madhya-pradesh,2022,3,498336,668514,563323408.07
madhya-pradesh,2022,3,419474,622832,524829451.24
madhya-pradesh,2022,3,417512,538423,453702068.25
madhya-pradesh,2022,3,476866,451363,380341083.59
madhya-pradesh,2022,3,438350,411078,346395060.2
madhya-pradesh,2022,3,463723,356371,300295928.16
madhya-pradesh,2022,4,418286,4497592,3763699870.92
madhya-pradesh,2022,4,498391,2240227,1874679554.19
madhya-pradesh,2022,4,452207,1451987,1215060556.84
madhya-pradesh,2022,4,448690,1131046,946488823.46
madhya-pradesh,2022,4,482161,841739,704388764.48
madhya-pradesh,2022,4,421445,611416,511648918.67
madhya-pradesh,2022,4,474821,555207,464612111.74
madhya-pradesh,2022,4,487845,534426,447221376.92
madhya-pradesh,2022,4,474712,452491,378656702.21
madhya-pradesh,2022,4,436327,383417,320853897.04
madhya-pradesh,2023,1,442440,3764297,3245831033.6
madhya-pradesh,2023,1,430948,1689850,1457103056.51
madhya-pradesh,2023,1,473082,1117209,963333055.75
madhya-pradesh,2023,1,449625,796183,686523197.35
madhya-pradesh,2023,1,494251,724344,624578771.06
madhya-pradesh,2023,1,491114,607319,523671898.91
madhya-pradesh,2023,1,466826,489374,421972011.07
madhya-pradesh,2023,1,445976,395924,341392962.19
madhya-pradesh,2023,1,446531,375500,323782141.02
madhya-pradesh,2023,1,453304,296879,255989667.43
madhya-pradesh,2023,2,472129,4154313,3530301742.96
madhya-pradesh,2023,2,424729,2125390,1806139580.39
madhya-pradesh,2023,2,446838,1304949,1108935269.51
madhya-pradesh,2023,2,477812,900102,764899921.19
madhya-pradesh,2023,2,424152,819660,696540439.15
madhya-pradesh,2023,2,436537,611330,519503691.23
madhya-pradesh,2023,2,460160,535559,455114356.0
madhya-pradesh,2023,2,495125,442383,375933625.91
madhya-pradesh,2023,2,464247,435854,370385978.75
madhya-pradesh,2023,2,436291,408128,346823888.69
madhya-pradesh,2023,3,460057,4359168,3788977754.4
madhya-pradesh,2023,3,426208,2018928,1754847000.52
madhya-pradesh,2023,3,437185,1316869,1144619446.85
madhya-pradesh,2023,3,465492,1047346,910350456.15
madhya-pradesh,2023,3,444496,763846,663933706.15
madhya-pradesh,2023,3,480617,654480,568872580.29
madhya-pradesh,2023,3,496604,545733,474350460.72
madhya-pradesh,2023,3,481731,524496,455890723.66
madhya-pradesh,2023,3,456401,395712,343952472.13
madhya-pradesh,2023,3,475776,362215,314836631.08
madhya-pradesh,2023,4,448923,5537610,4806760526.64
madhya-pradesh,2023,4,473132,2472799,2146440786.88
madhya-pradesh,2023,4,484301,1732248,1503627700.99
madhya-pradesh,2023,4,417988,1123749,975437822.89
madhya-pradesh,2023,4,465778,960543,833771291.67
madhya-pradesh,2023,4,494578,834033,723958244.7
madhya-pradesh,2023,4,431251,600592,521326294.11
madhya-pradesh,2023,4,477065,590198,512304239.69
madhya-pradesh,2023,4,475057,513284,445541511.76
madhya-pradesh,2023,4,429794,457847,397421158.46
maharashtra,2018,1,426062,4148636,3208871391.47
maharashtra,2018,1,449224,1971944,1525252265.52
maharashtra,2018,1,418880,1190394,920741729.38
maharashtra,2018,1,497880,991634,767005574.43
maharashtra,2018,1,444041,683834,528929737.91
maharashtra,2018,1,410992,626658,484705312.54
maharashtra,2018,1,421341,508936,393650155.03
maharashtra,2018,1,427028,411039,317929473.97
maharashtra,2018,1,467851,393634,304466515.65
maharashtra,2018,1,474803,376771,291424029.03
maharashtra,2018,2,429659,4709655,3721555009.73
maharashtra,2018,2,420504,2347915,1855315662.93
maharashtra,2018,2,496768,1342557,1060884627.74
maharashtra,2018,2,425307,1116249,882056974.19
maharashtra,2018,2,488603,910444,719430396.9
maharashtra,2018,2,465037,779528,615980923.08
maharashtra,2018,2,463029,609884,481929224.01
maharashtra,2018,2,453878,534904,422679573.82
maharashtra,2018,2,437305,449978,355571368.86
maharashtra,2018,2,445249,398714,315063226.79
maharashtra,2018,3,489564,5688220,4481933053.29
maharashtra,2018,3,462193,2654366,2091461666.25
maharashtra,2018,3,483809,1660344,1308238958.86
maharashtra,2018,3,455833,1172461,923820783.83
maharashtra,2018,3,411898,914748,720759856.14
maharashtra,2018,3,466518,856133,674575189.64
maharashtra,2018,3,499474,676792,533267036.32
maharashtra,2018,3,439132,612046,482251255.45
maharashtra,2018,3,462960,570731,449698191.34
maharashtra,2018,3,443395,499728,393752454.76
maharashtra,2018,4,438681,6620966,5298431576.88
maharashtra,2018,4,419512,2841685,2274059945.53
maharashtra,2018,4,468376,2045204,1636675829.78
maharashtra,2018,4,476007,1322717,1058504943.98
maharashtra,2018,4,419408,1040853,832943462.82
maharashtra,2018,4,494229,1003211,802820444.53
maharashtra,2018,4,445347,800901,640921848.64
maharashtra,2018,4,473796,646290,517193893.55
maharashtra,2018,4,462413,623557,499002293.0
maharashtra,2018,4,485376,569901,456063824.8
maharashtra,2019,1,435835,5550698,4434035718.2
maharashtra,2019,1,481512,2422810,1935401583.39
maharashtra,2019,1,470124,1774195,1417271681.67
maharashtra,2019,1,415947,1157021,924257868.31
maharashtra,2019,1,490398,865924,691721962.87
maharashtra,2019,1,438197,798921,638198168.65
maharashtra,2019,1,427555,603197,481848942.05
maharashtra,2019,1,490274,561632,448646380.83
maharashtra,2019,1,413611,473522,378261637.17
maharashtra,2019,1,458909,431708,344859709.11
maharashtra,2019,2,433695,6476372,5139787239.3
maharashtra,2019,2,461197,3075580,2440846047.03
maharashtra,2019,2,491906,1945838,1544259381.16
maharashtra,2019,2,432936,1528672,1213187369.06
maharashtra,2019,2,436236,1094755,868821487.72
maharashtra,2019,2,431833,912060,723830739.98
maharashtra,2019,2,425423,864878,686386196.66
maharashtra,2019,2,465519,696337,552628215.33
maharashtra,2019,2,461559,678841,538743492.14
maharashtra,2019,2,412497,568151,450897376.67
maharashtra,2019,3,499069,6464431,5094819557.92
maharashtra,2019,3,451878,3684766,2904079287.04
maharashtra,2019,3,463762,2058764,1622576478.28
maharashtra,2019,3,445851,1682224,1325813644.18
maharashtra,2019,3,467930,1335244,1052347513.84
maharashtra,2019,3,451079,1020868,804577966.15
maharashtra,2019,3,452276,1001940,789660363.29
maharashtra,2019,3,479767,778145,613280566.33
maharashtra,2019,3,425949,688965,542995350.51
maharashtra,2019,3,438366,581700,458456445.16
maharashtra,2019,4,457715,7580182,6152372596.98
maharashtra,2019,4,485901,3882347,3151064701.21
maharashtra,2019,4,446196,2620398,2126818264.29
maharashtra,2019,4,448196,1600841,1299305897.26
maharashtra,2019,4,433107,1453997,1180121051.85
maharashtra,2019,4,490622,1046668,849516830.27
maharashtra,2019,4,449266,965198,783392940.76
maharashtra,2019,4,439547,901783,731922964.51
maharashtra,2019,4,442132,765519,621325173.11
maharashtra,2019,4,474965,722217,586180177.04
maharashtra,2020,1,459050,6366412,5182386370.0
maharashtra,2020,1,492618,3004913,2446059257.91
maharashtra,2020,1,440783,2071870,1686544018.72
maharashtra,2020,1,460858,1504845,1224974350.52
maharashtra,2020,1,472367,1401120,1140539736.09
maharashtra,2020,1,470109,1018254,828879410.49
maharashtra,2020,1,418759,947271,771097891.32
maharashtra,2020,1,449855,784278,638418299.33
maharashtra,2020,1,419511,746384,607571466.29
maharashtra,2020,1,449434,559639,455558047.26
maharashtra,2020,2,429687,7379216,6018760073.76
maharashtra,2020,2,481939,3628897,2959862017.17
maharashtra,2020,2,439687,2151280,1754663556.66
maharashtra,2020,2,485223,1737882,1417480694.66
maharashtra,2020,2,480876,1231526,1004478306.41
maharashtra,2020,2,445175,1031963,841707454.33
maharashtra,2020,2,486232,932765,760798169.26
maharashtra,2020,2,476617,752024,613379158.96
maharashtra,2020,2,444028,643364,524752034.6
maharashtra,2020,2,422061,625933,510534146.96
maharashtra,2020,3,483205,8259958,6648325667.44
maharashtra,2020,3,420219,3753785,3021369552.6
maharashtra,2020,3,498200,2294928,1847155912.58
maharashtra,2020,3,464485,1918227,1543954480.29
maharashtra,2020,3,477021,1352207,1088373358.58
maharashtra,2020,3,496674,1199411,965389691.03
maharashtra,2020,3,414184,918520,739304107.3
maharashtra,2020,3,424937,874960,704243426.01
maharashtra,2020,3,485874,844180,679468801.68
maharashtra,2020,3,454690,687189,553109420.63
maharashtra,2020,4,463453,8654876,7119945279.44
maharashtra,2020,4,493371,4397619,3617707568.36
maharashtra,2020,4,482958,2747257,2260035057.29
maharashtra,2020,4,473800,2027303,1667763812.43
maharashtra,2020,4,429216,1908896,1570356130.19
maharashtra,2020,4,424942,1452719,1195081501.18
maharashtra,2020,4,461011,1216768,1000976404.61
maharashtra,2020,4,417708,1030520,847759290.29
maharashtra,2020,4,431151,973649,800974298.12
maharashtra,2020,4,492087,845523,695571283.02
maharashtra,2021,1,432524,8140475,6816126982.2
maharashtra,2021,1,479119,3758864,3147346386.82
maharashtra,2021,1,464263,2481754,2078005645.75
maharashtra,2021,1,438994,1749442,1464830830.35
maharashtra,2021,1,453094,1534257,1284653910.84
maharashtra,2021,1,416625,1134959,950316198.9
maharashtra,2021,1,429822,994275,832519732.61
maharashtra,2021,1,445519,906396,758937619.29
maharashtra,2021,1,451173,784297,656702711.57
maharashtra,2021,1,442045,752179,629809618.41
maharashtra,2021,2,425721,7730957,6436647963.49
maharashtra,2021,2,444429,3871991,3223746559.72
maharashtra,2021,2,482036,2652355,2208300544.56
maharashtra,2021,2,415627,2061326,1716220869.0
maharashtra,2021,2,465850,1698240,1413922440.51
maharashtra,2021,2,484866,1407430,1171799949.41
maharashtra,2021,2,416790,1009741,840691720.34
maharashtra,2021,2,459988,945681,787356127.59
maharashtra,2021,2,474715,759444,632299024.89
maharashtra,2021,2,425276,743471,619000524.4
maharashtra,2021,3,429711,9409272,7764326443.23
maharashtra,2021,3,421836,4110745,3392097731.27
maharashtra,2021,3,465244,2876738,2373821474.16
maharashtra,2021,3,415946,2135523,1762187286.0
maharashtra,2021,3,432325,1677476,1384217363.28
maharashtra,2021,3,459565,1441692,1189652969.08
maharashtra,2021,3,487044,1262588,1041860867.23
maharashtra,2021,3,414461,1003183,827805029.46
maharashtra,2021,3,480840,884015,729470064.24
maharashtra,2021,3,478056,849593,701065601.64
maharashtra,2021,4,469039,10863237,9055315660.71
maharashtra,2021,4,496665,4694091,3912873799.21
maharashtra,2021,4,474643,3069610,2558748726.42
maharashtra,2021,4,473845,2503859,2087153120.48
maharashtra,2021,4,422661,1871025,1559638437.0
maharashtra,2021,4,436744,1654228,1378922304.43
maharashtra,2021,4,499958,1480217,1233870888.84
maharashtra,2021,4,420554,1132116,943703440.84
maharashtra,2021,4,475010,1088304,907182625.52
maharashtra,2021,4,447183,942093,785304888.03
maharashtra,2022,1,483584,8492735,7117275435.73
maharashtra,2022,1,474649,4229678,3544651204.66
maharashtra,2022,1,450863,2679698,2245701882.39
maharashtra,2022,1,486584,1810357,1517157358.26
maharashtra,2022,1,450071,1477947,1238583114.89
maharashtra,2022,1,454016,1200646,1006193132.44
maharashtra,2022,1,450030,1196555,1002764605.38
maharashtra,2022,1,449662,987668,827708411.16
maharashtra,2022,1,488164,836782,701259826.9
maharashtra,2022,1,487049,687499,576154094.06
maharashtra,2022,2,461637,10232708,8507932744.16
maharashtra,2022,2,478386,4704560,3911583033.26
maharashtra,2022,2,446493,3052179,2537718802.84
maharashtra,2022,2,479910,2470715,2054263348.53
maharashtra,2022,2,474956,1625441,1351465243.25
maharashtra,2022,2,433635,1370925,1139849185.02
maharashtra,2022,2,420075,1272608,1058104046.38
maharashtra,2022,2,411653,1112753,925193103.44
maharashtra,2022,2,449279,910265,756835233.88
maharashtra,2022,2,492697,830866,690819879.47
maharashtra,2022,3,456567,10539488,8854062011.71
maharashtra,2022,3,491119,5349562,4494085257.87
maharashtra,2022,3,463630,3025986,2542084331.12
maharashtra,2022,3,478886,2607660,2190655244.24
maharashtra,2022,3,425566,2046088,1718887184.35
maharashtra,2022,3,441672,1692525,1421864471.5
maharashtra,2022,3,475079,1473404,1237784380.18
maharashtra,2022,3,444567,1061370,891640767.38
maharashtra,2022,3,461720,991405,832864381.12
maharashtra,2022,3,430283,839934,705615757.95
maharashtra,2022,4,491320,11448382,9551037533.86
maharashtra,2022,4,483805,5496064,4585199371.51
maharashtra,2022,4,457535,3648634,3043944576.03
maharashtra,2022,4,447329,2694844,2248226907.01
maharashtra,2022,4,424642,1862583,1553897250.57
maharashtra,2022,4,498204,1547487,1291022079.69
maharashtra,2022,4,447765,1271534,1060802649.68
maharashtra,2022,4,463964,1169067,975317552.48
maharashtra,2022,4,473803,966601,806406600.97
maharashtra,2022,4,499391,865944,722431080.28
maharashtra,2023,1,495348,10154892,8556164734.12
maharashtra,2023,1,450760,4456456,3754857627.84
maharashtra,2023,1,449165,3197274,2693914268.07
maharashtra,2023,1,495409,2010221,1693744064.39
maharashtra,2023,1,445541,1865232,1571580830.59
maharashtra,2023,1,446498,1526392,1286085670.44
maharashtra,2023,1,418122,1306560,1100862981.32
maharashtra,2023,1,416323,1113888,938523984.97
maharashtra,2023,1,443177,860277,724840042.52
maharashtra,2023,1,496783,764764,644364054.65
maharashtra,2023,2,416585,9277597,7992672932.12
maharashtra,2023,2,425795,4605400,3967563510.51
maharashtra,2023,2,498923,3380075,2911943704.4
maharashtra,2023,2,416139,2530912,2180387161.81
maharashtra,2023,2,413436,1993006,1716979654.79
maharashtra,2023,2,432350,1473266,1269222383.05
maharashtra,2023,2,437943,1214972,1046701719.01
maharashtra,2023,2,480272,1024661,882748018.7
maharashtra,2023,2,443471,965727,831976437.03
maharashtra,2023,2,480967,847487,730112899.91
maharashtra,2023,3,424509,10599068,9053027040.72
maharashtra,2023,3,446993,6184176,5282116929.7
maharashtra,2023,3,423968,3398557,2902823858.67
maharashtra,2023,3,456240,2872580,2453568925.78
maharashtra,2023,3,410046,2187263,1868216085.11
maharashtra,2023,3,431479,1644649,1404751656.36
maharashtra,2023,3,477823,1626218,1389008412.35
maharashtra,2023,3,427063,1338001,1142832565.01
maharashtra,2023,3,472220,1222924,1044541789.85
maharashtra,2023,3,469743,1029668,879475347.47
maharashtra,2023,4,449440,12015366,10309329647.77
maharashtra,2023,4,456668,6058746,5198477906.7
maharashtra,2023,4,422061,3909619,3354501167.16
maharashtra,2023,4,454316,3106161,2665124112.74
maharashtra,2023,4,451584,2420525,2076840300.77
maharashtra,2023,4,470433,1954282,1676797786.8
maharashtra,2023,4,433355,1512733,1297943821.53
maharashtra,2023,4,462092,1493185,1281171528.61
maharashtra,2023,4,463853,1164960,999549841.39
maharashtra,2023,4,444437,1133344,972423674.69
manipur,2018,1,781612,105436,82152872.05
manipur,2018,1,799983,53221,41468656.93
manipur,2018,1,756586,37643,29330630.72
manipur,2018,1,742022,27480,21411716.1
manipur,2018,1,732466,22048,17179578.81
manipur,2018,1,743908,16681,12997341.9
manipur,2018,1,777945,15180,11828365.13
manipur,2018,1,778729,13584,10584239.03
manipur,2018,1,787038,11282,8790868.59
manipur,2018,1,780279,10838,8445281.97
manipur,2018,2,720655,137027,108655640.32
manipur,2018,2,752151,62591,49632122.18
manipur,2018,2,712812,44508,35293016.48
manipur,2018,2,710488,31598,25056344.4
manipur,2018,2,788566,22843,18113706.61
manipur,2018,2,754847,19360,15352109.78
manipur,2018,2,739183,15908,12614562.85
manipur,2018,2,788058,15480,12275158.89
manipur,2018,2,749002,12938,10259533.04
manipur,2018,2,748136,11480,9103402.99
manipur,2018,3,786947,151119,118408801.49
manipur,2018,3,719952,77209,60496603.19
manipur,2018,3,726918,51321,40212192.46
manipur,2018,3,754894,40986,32114490.31
manipur,2018,3,760919,29676,23252986.04
manipur,2018,3,771050,24366,19092473.49
manipur,2018,3,747157,19954,15634895.95
manipur,2018,3,775436,16776,13144915.31
manipur,2018,3,766470,15859,12426373.13
manipur,2018,3,782076,14222,11143987.45
manipur,2018,4,764970,206939,161301335.86
manipur,2018,4,781553,94423,73599035.52
manipur,2018,4,782437,67557,52658272.4
manipur,2018,4,798554,46568,36298211.3
manipur,2018,4,776709,38239,29806327.33
manipur,2018,4,743376,33338,25986017.52
manipur,2018,4,727570,26645,20769098.94
manipur,2018,4,754335,20782,16199361.67
manipur,2018,4,719615,18474,14400277.07
manipur,2018,4,746293,18151,14148057.47
manipur,2019,1,749085,162478,129661759.39
manipur,2019,1,784114,82831,66101699.0
manipur,2019,1,794401,52650,42016009.1
manipur,2019,1,734501,41495,33114305.44
manipur,2019,1,798922,30647,24457405.74
manipur,2019,1,736408,29416,23474758.53
manipur,2019,1,787829,24223,19330831.49
manipur,2019,1,776373,18139,14475435.81
manipur,2019,1,713096,16733,13353505.28
manipur,2019,1,729238,15119,12065757.36
manipur,2019,2,746185,203977,162829847.3
manipur,2019,2,793718,83986,67044220.18
manipur,2019,2,766769,55813,44554188.0
manipur,2019,2,740351,41952,33489574.68
manipur,2019,2,768269,37452,29897177.64
manipur,2019,2,716852,30434,24294961.39
manipur,2019,2,784040,23011,18369453.77
manipur,2019,2,772395,21815,17415032.9
manipur,2019,2,753268,18267,14582680.57
manipur,2019,2,729801,16851,13452005.97
manipur,2019,3,713379,200747,162666697.84
manipur,2019,3,774888,99012,80230739.44
manipur,2019,3,760375,59335,48080175.52
manipur,2019,3,790790,44850,36342777.93
manipur,2019,3,784011,37973,30769804.58
manipur,2019,3,711948,30615,24807610.59
manipur,2019,3,734671,26866,21770057.4
manipur,2019,3,785701,22061,17876305.63
manipur,2019,3,752443,19944,16160841.79
manipur,2019,3,766736,16434,13317236.67
manipur,2019,4,791998,234059,189994636.64
manipur,2019,4,789184,106088,86116224.08
manipur,2019,4,790091,80323,65201572.54
manipur,2019,4,777490,56593,45939188.86
manipur,2019,4,798196,44712,36294731.49
manipur,2019,4,763729,38372,31148671.8
manipur,2019,4,730053,34144,27716660.51
manipur,2019,4,778618,26305,21353008.74
manipur,2019,4,766772,25908,21030916.83
manipur,2019,4,755691,22308,18108260.81
manipur,2020,1,758258,201214,165587590.47
manipur,2020,1,761944,101956,83903608.81
manipur,2020,1,739389,63004,51849274.03
manipur,2020,1,736462,50642,41675479.42
manipur,2020,1,732343,34025,28000936.65
manipur,2020,1,758219,30419,25033047.21
manipur,2020,1,739873,25324,20840791.64
manipur,2020,1,717263,20346,16743691.38
manipur,2020,1,710597,20106,16546210.07
manipur,2020,1,749043,16320,13430394.95
manipur,2020,2,771053,249307,201332019.1
manipur,2020,2,794718,111123,89739420.11
manipur,2020,2,772687,70069,56585339.32
manipur,2020,2,741528,48951,39531884.18
manipur,2020,2,796032,44443,35891176.72
manipur,2020,2,746263,32442,26199116.21
manipur,2020,2,725424,30108,24314293.74
manipur,2020,2,778084,28119,22708112.96
manipur,2020,2,753148,20633,16662546.95
manipur,2020,2,783171,19756,15954384.5
manipur,2020,3,720377,248382,204746525.66
manipur,2020,3,737802,126188,104019675.86
manipur,2020,3,784797,82719,68187287.5
manipur,2020,3,777933,59838,49326170.44
manipur,2020,3,784265,47505,39159536.24
manipur,2020,3,790289,39159,32280019.86
manipur,2020,3,775451,28972,23882530.72
manipur,2020,3,744785,25765,21238752.64
manipur,2020,3,722780,24936,20555319.22
manipur,2020,3,731066,21829,17994688.07
manipur,2020,4,796419,292362,237723316.3
manipur,2020,4,773899,143667,116817433.46
manipur,2020,4,795035,90887,73901783.97
manipur,2020,4,783598,60400,49112561.05
manipur,2020,4,741208,49621,40348077.68
manipur,2020,4,732579,42244,34349466.59
manipur,2020,4,783499,32860,26718854.89
manipur,2020,4,722086,31443,25567338.39
manipur,2020,4,748723,28431,23118117.18
manipur,2020,4,797708,25623,20834882.43
manipur,2021,1,799937,225346,189589003.6
manipur,2021,1,780741,103551,87119983.05
manipur,2021,1,765499,71923,60510788.29
manipur,2021,1,752635,51544,43365647.17
manipur,2021,1,763359,40452,34033492.32
manipur,2021,1,771414,30589,25735463.33
manipur,2021,1,758483,24420,20545844.33
manipur,2021,1,778392,21752,18300906.01
manipur,2021,1,743862,21597,18170122.34
manipur,2021,1,716195,18618,15663973.73
manipur,2021,2,764361,250114,204979103.33
manipur,2021,2,786728,135150,110761297.95
manipur,2021,2,746348,83103,68106434.5
manipur,2021,2,713760,60213,49347243.43
manipur,2021,2,749654,47660,39059555.07
manipur,2021,2,786084,37959,31109219.67
manipur,2021,2,793763,34205,28032975.59
manipur,2021,2,776901,29587,24247898.9
manipur,2021,2,726164,27487,22527368.77
manipur,2021,2,744403,21667,17757819.34
manipur,2021,3,764217,245179,207614254.58
manipur,2021,3,779784,124236,105201660.75
manipur,2021,3,748593,83524,70727188.86
manipur,2021,3,713500,66786,56553589.94
manipur,2021,3,780798,44431,37623562.72
manipur,2021,3,753845,41791,35388147.74
manipur,2021,3,748462,34218,28975864.11
manipur,2021,3,719425,32114,27194039.21
manipur,2021,3,797547,24202,20494595.07
manipur,2021,3,777819,23533,19927372.29
manipur,2021,4,715524,298427,244513596.26
manipur,2021,4,713069,141072,115586211.32
manipur,2021,4,787546,90113,73833937.9
manipur,2021,4,729797,75811,62115323.4
manipur,2021,4,756781,58136,47633816.66
manipur,2021,4,712539,48039,39360977.62
manipur,2021,4,746370,36340,29775452.76
manipur,2021,4,743258,36181,29645267.85
manipur,2021,4,783443,33214,27213700.83
manipur,2021,4,776120,25780,21122653.7
manipur,2022,1,718118,262952,219817879.86
manipur,2022,1,738658,112270,93853635.11
manipur,2022,1,775620,83897,70134765.23
manipur,2022,1,710905,57852,48362323.69
manipur,2022,1,716152,46000,38454547.41
manipur,2022,1,744708,35828,29951020.71
manipur,2022,1,717093,33079,27653340.31
manipur,2022,1,796628,25776,21548436.01
manipur,2022,1,754722,24657,20612638.1
manipur,2022,1,717867,19729,16493372.04
manipur,2022,2,799932,259877,219429659.44
manipur,2022,2,795578,126746,107019062.16
manipur,2022,2,746466,86875,73354418.34
manipur,2022,2,775528,64964,54853550.26
manipur,2022,2,727623,55478,46843764.27
manipur,2022,2,775880,42850,36180838.1
manipur,2022,2,776559,34099,28792221.01
manipur,2022,2,728202,30308,25591555.19
manipur,2022,2,774724,28039,23675682.11
manipur,2022,2,751812,22020,18593539.44
manipur,2022,3,730606,306087,255715043.84
manipur,2022,3,773478,164291,137254496.97
manipur,2022,3,757187,104325,87157093.82
manipur,2022,3,732702,73707,61577937.08
manipur,2022,3,732206,59434,49653795.26
manipur,2022,3,763802,50761,42407612.52
manipur,2022,3,768887,39192,32742445.12
manipur,2022,3,728622,33959,28371078.49
manipur,2022,3,711866,31906,26655359.21
manipur,2022,3,717111,28949,24185718.25
manipur,2022,4,710985,337484,284239564.87
manipur,2022,4,787504,165315,139233646.05
manipur,2022,4,790902,106418,89628767.83
manipur,2022,4,730098,80668,67941884.98
manipur,2022,4,768303,62597,52721529.07
manipur,2022,4,770356,56365,47472752.89
manipur,2022,4,717121,44519,37495916.72
manipur,2022,4,752399,37724,31772361.81
manipur,2022,4,720976,37030,31187850.07
manipur,2022,4,725809,30857,25989201.12
manipur,2023,1,734845,249659,213656946.72
manipur,2023,1,779412,141624,121201564.84
manipur,2023,1,723974,89855,76897440.28
manipur,2023,1,769124,64748,55411539.6
manipur,2023,1,745872,49911,42713942.64
manipur,2023,1,793136,44415,38010535.27
manipur,2023,1,724422,35810,30646418.27
manipur,2023,1,785213,29207,24995710.78
manipur,2023,1,788081,26562,22731880.03
manipur,2023,1,793004,26345,22546036.76
manipur,2023,2,796570,324223,281602904.43
manipur,2023,2,718374,143115,124302206.25
manipur,2023,2,712842,96865,84132228.3
manipur,2023,2,720723,67460,58592457.23
manipur,2023,2,730230,61291,53234648.58
manipur,2023,2,773522,46931,40762605.5
manipur,2023,2,718392,38858,33750471.43
manipur,2023,2,773849,34810,30234214.51
manipur,2023,2,796020,30110,26152695.21
manipur,2023,2,775924,25596,22231735.33
manipur,2023,3,749560,371622,315439520.09
manipur,2023,3,729782,153578,130360093.41
manipur,2023,3,722707,110708,93970784.46
manipur,2023,3,741175,83933,71243772.48
manipur,2023,3,710362,63399,53814316.64
manipur,2023,3,731744,51923,44073594.47
manipur,2023,3,779326,45317,38466509.93
manipur,2023,3,772151,39371,33419483.64
manipur,2023,3,765723,38410,32603410.99
manipur,2023,3,730793,30419,25820191.68
manipur,2023,4,716568,359676,303598486.12
manipur,2023,4,739001,195849,165314514.11
manipur,2023,4,792096,120162,101427844.91
manipur,2023,4,750502,98374,83037040.6
manipur,2023,4,729042,74614,62981439.48
manipur,2023,4,774963,56680,47843659.38
manipur,2023,4,772716,53452,45118626.62
manipur,2023,4,736600,47792,40341130.63
manipur,2023,4,796989,38159,32209682.8
manipur,2023,4,766606,36823,31082667.12
meghalaya,2018,1,750026,115128,91602792.77
meghalaya,2018,1,756774,48755,38793016.39
meghalaya,2018,1,749730,33717,26827708.46
meghalaya,2018,1,791354,26365,20978227.27
meghalaya,2018,1,770939,18722,14896798.78
meghalaya,2018,1,717406,17287,13754759.66
meghalaya,2018,1,742979,14047,11177051.01
meghalaya,2018,1,734623,12963,10314144.14
meghalaya,2018,1,747307,12117,9641265.99
meghalaya,2018,1,738225,9885,7865889.01
meghalaya,2018,2,738261,131675,103617590.11
meghalaya,2018,2,798154,68107,53594636.65
meghalaya,2018,2,794881,44203,34784058.52
meghalaya,2018,2,718785,32898,25888096.37
meghalaya,2018,2,764576,25479,20050033.87
meghalaya,2018,2,714224,19836,15609448.35
meghalaya,2018,2,798475,17297,13611687.11
meghalaya,2018,2,773072,15557,12242633.4
meghalaya,2018,2,727471,14941,11757632.73
meghalaya,2018,2,769030,13780,10844376.42
meghalaya,2018,3,757660,156670,122279873.65
meghalaya,2018,3,710322,83552,65211951.68
meghalaya,2018,3,773934,54995,42923611.03
meghalaya,2018,3,736746,38379,29955048.7
meghalaya,2018,3,761506,27777,21679719.92
meghalaya,2018,3,748274,24740,19309673.58
meghalaya,2018,3,752346,20897,16310354.4
meghalaya,2018,3,794753,18198,14203560.88
meghalaya,2018,3,761830,18088,14117953.5
meghalaya,2018,3,785790,16018,12502523.82
meghalaya,2018,4,769620,214055,168316280.05
meghalaya,2018,4,762127,89913,70700796.97
meghalaya,2018,4,793595,59036,46421354.48
meghalaya,2018,4,739427,43645,34319297.35
meghalaya,2018,4,778487,34664,27257597.18
meghalaya,2018,4,744002,33528,26364144.19
meghalaya,2018,4,792959,26773,21052489.43
meghalaya,2018,4,790846,21776,17123165.03
meghalaya,2018,4,780709,21197,16667695.67
meghalaya,2018,4,740178,19729,15513641.95
meghalaya,2019,1,780521,176995,143605746.06
meghalaya,2019,1,728621,78023,63304942.67
meghalaya,2019,1,732148,51284,41609883.46
meghalaya,2019,1,745988,34867,28289646.35
meghalaya,2019,1,799424,30954,25115064.21
meghalaya,2019,1,718944,24446,19834399.1
meghalaya,2019,1,741788,21170,17176378.41
meghalaya,2019,1,767496,17868,14497345.7
meghalaya,2019,1,745953,16782,13616917.86
meghalaya,2019,1,746619,15878,12882909.62
meghalaya,2019,2,770391,189288,149035754.42
meghalaya,2019,2,728776,93683,73761126.18
meghalaya,2019,2,745834,62934,49551544.34
meghalaya,2019,2,781777,44544,35071580.8
meghalaya,2019,2,744433,38843,30583281.94
meghalaya,2019,2,753977,29619,23321126.5
meghalaya,2019,2,789992,28395,22356946.71
meghalaya,2019,2,712570,21879,17226678.5
meghalaya,2019,2,726726,21093,16607573.51
meghalaya,2019,2,771644,18009,14179880.33
meghalaya,2019,3,734513,213137,172704156.35
meghalaya,2019,3,745675,92385,74859416.19
meghalaya,2019,3,788114,69820,56575535.43
meghalaya,2019,3,736478,47734,38678683.25
meghalaya,2019,3,798805,40146,32530308.34
meghalaya,2019,3,737970,30793,24952046.45
meghalaya,2019,3,742547,28050,22729039.03
meghalaya,2019,3,747137,21287,17248934.75
meghalaya,2019,3,733734,18346,14866308.89
meghalaya,2019,3,783821,16499,13369115.46
meghalaya,2019,4,715092,252688,205556752.74
meghalaya,2019,4,772029,108940,88620605.68
meghalaya,2019,4,727452,76527,62253615.69
meghalaya,2019,4,761494,59403,48323776.15
meghalaya,2019,4,731341,45572,37071932.94
meghalaya,2019,4,763087,38706,31486663.36
meghalaya,2019,4,771105,30859,25103138.2
meghalaya,2019,4,739240,28708,23353927.74
meghalaya,2019,4,774018,23233,18899623.1
meghalaya,2019,4,772251,20719,16855093.59
meghalaya,2020,1,788900,205712,163802030.25
meghalaya,2020,1,721477,104479,83193067.84
meghalaya,2020,1,737376,68247,54343331.49
meghalaya,2020,1,797942,44779,35656493.29
meghalaya,2020,1,781503,37360,29748843.85
meghalaya,2020,1,766785,30358,24173737.83
meghalaya,2020,1,719632,25757,20509660.99
meghalaya,2020,1,798950,22712,18084794.5
meghalaya,2020,1,790945,20944,16677614.31
meghalaya,2020,1,776581,19660,15655237.5
meghalaya,2020,2,717864,211330,171708902.59
meghalaya,2020,2,755974,97947,79583360.23
meghalaya,2020,2,744769,72748,59109397.18
meghalaya,2020,2,786239,54592,44356943.79
meghalaya,2020,2,747838,37847,30751566.5
meghalaya,2020,2,768562,36825,29921546.17
meghalaya,2020,2,739591,29933,24321770.41
meghalaya,2020,2,726988,24470,19882866.96
meghalaya,2020,2,728518,22852,18567999.16
meghalaya,2020,2,731734,18969,15412842.01
meghalaya,2020,3,755728,240668,196963443.62
meghalaya,2020,3,771376,125652,102833789.53
meghalaya,2020,3,713850,77604,63511528.05
meghalaya,2020,3,752018,56208,46000781.79
meghalaya,2020,3,757715,40403,33066328.73
meghalaya,2020,3,796716,34535,28263663.24
meghalaya,2020,3,732748,30275,24777647.93
meghalaya,2020,3,731502,24587,20122418.39
meghalaya,2020,3,795767,22598,18494644.5
meghalaya,2020,3,760498,22252,18211390.32
meghalaya,2020,4,787212,271884,220129002.79
meghalaya,2020,4,714331,151578,122724354.67
meghalaya,2020,4,716545,88892,71971271.53
meghalaya,2020,4,750218,66594,53918020.97
meghalaya,2020,4,795348,52629,42611256.98
meghalaya,2020,4,780779,43406,35143447.8
meghalaya,2020,4,729007,37833,30631884.45
meghalaya,2020,4,762026,31291,25334783.71
meghalaya,2020,4,748993,28928,23421670.02
meghalaya,2020,4,738481,25019,20257197.26
meghalaya,2021,1,754968,226987,185619101.31
meghalaya,2021,1,771971,98000,80139606.3
meghalaya,2021,1,710128,71659,58599665.13
meghalaya,2021,1,765675,56412,46131377.59
meghalaya,2021,1,731666,37559,30714215.29
meghalaya,2021,1,753615,31154,25476168.0
meghalaya,2021,1,785790,29938,24482151.87
meghalaya,2021,1,754183,25950,21221185.82
meghalaya,2021,1,776027,21600,17663705.07
meghalaya,2021,1,726999,19933,16300827.86
meghalaya,2021,2,785679,259381,211302077.93
meghalaya,2021,2,750819,115974,94477052.41
meghalaya,2021,2,794922,76473,62298476.65
meghalaya,2021,2,732990,57678,46987219.71
meghalaya,2021,2,749833,46746,38081736.37
meghalaya,2021,2,719594,37411,30476832.63
meghalaya,2021,2,732402,29865,24329376.79
meghalaya,2021,2,744467,26376,21487282.33
meghalaya,2021,2,754932,25063,20417718.43
meghalaya,2021,2,762121,21988,17912471.03
meghalaya,2021,3,753906,289612,239505970.49
meghalaya,2021,3,741896,132199,109327712.76
meghalaya,2021,3,727451,88545,73226018.9
meghalaya,2021,3,711007,66644,55113993.89
meghalaya,2021,3,740040,48662,40243669.87
meghalaya,2021,3,751280,42694,35307756.96
meghalaya,2021,3,784071,31155,25765083.43
meghalaya,2021,3,784864,29383,24299820.9
meghalaya,2021,3,781094,27407,22665529.75
meghalaya,2021,3,783623,22864,18908324.72
meghalaya,2021,4,713923,288847,241839651.43
meghalaya,2021,4,762505,143139,119844889.96
meghalaya,2021,4,780441,89352,74810782.11
meghalaya,2021,4,779060,76324,63903235.55
meghalaya,2021,4,745018,52542,43991952.0
meghalaya,2021,4,721053,47554,39814933.17
meghalaya,2021,4,768128,39512,33082312.87
meghalaya,2021,4,722693,36057,30189302.87
meghalaya,2021,4,779353,30658,25669203.43
meghalaya,2021,4,764350,28786,24101804.24
meghalaya,2022,1,792136,285151,236178314.55
meghalaya,2022,1,781391,125284,103767153.77
meghalaya,2022,1,777773,78638,65132423.15
meghalaya,2022,1,742561,57808,47880299.16
meghalaya,2022,1,789030,47869,39647753.46
meghalaya,2022,1,728119,43135,35726874.8
meghalaya,2022,1,772861,34927,28928910.97
meghalaya,2022,1,764839,30805,25514703.65
meghalaya,2022,1,748436,24736,20488103.35
meghalaya,2022,1,737218,24020,19895448.64
meghalaya,2022,2,737148,285481,240412337.75
meghalaya,2022,2,722268,138671,116779250.6
meghalaya,2022,2,736490,96420,81198344.25
meghalaya,2022,2,740591,66034,55609354.52
meghalaya,2022,2,719776,52747,44419998.06
meghalaya,2022,2,732196,44286,37294705.62
meghalaya,2022,2,764885,35510,29904523.1
meghalaya,2022,2,759709,29158,24554905.87
meghalaya,2022,2,735817,28178,23729962.62
meghalaya,2022,2,768031,24856,20932510.79
meghalaya,2022,3,729690,322776,269532126.13
meghalaya,2022,3,794224,158169,132077846.21
meghalaya,2022,3,766852,100537,83953279.21
meghalaya,2022,3,786770,67847,56655520.02
meghalaya,2022,3,767305,52546,43878711.8
meghalaya,2022,3,726758,46702,38998363.19
meghalaya,2022,3,791237,39172,32710683.29
meghalaya,2022,3,730325,38634,32261102.9
meghalaya,2022,3,783798,29256,24430565.97
meghalaya,2022,3,779382,28731,23992208.92
meghalaya,2022,4,786544,363772,312320922.2
meghalaya,2022,4,794538,162020,139104244.9
meghalaya,2022,4,734548,112597,96671728.92
meghalaya,2022,4,718166,84088,72195481.54
meghalaya,2022,4,781626,63235,54291358.02
meghalaya,2022,4,786003,52862,45385640.88
meghalaya,2022,4,718635,43730,37545571.3
meghalaya,2022,4,722885,35339,30341010.09
meghalaya,2022,4,785357,34548,29662311.5
meghalaya,2022,4,711535,27370,23498859.52
meghalaya,2023,1,719839,257145,219170563.95
meghalaya,2023,1,737060,138931,118414760.88
meghalaya,2023,1,729362,96766,82475942.42
meghalaya,2023,1,737530,66923,57040361.72
meghalaya,2023,1,782615,51605,43984446.35
meghalaya,2023,1,761733,44115,37600624.6
meghalaya,2023,1,739556,36434,31054125.88
meghalaya,2023,1,732035,31693,27013020.93
meghalaya,2023,1,734641,27706,23614528.41
meghalaya,2023,1,723493,26212,22341911.08
meghalaya,2023,2,737381,302275,256023622.12
meghalaya,2023,2,728538,150622,127575311.07
meghalaya,2023,2,733824,87747,74321430.37
meghalaya,2023,2,762485,68992,58436077.46
meghalaya,2023,2,740092,54125,45843302.31
meghalaya,2023,2,743504,45808,38799433.4
meghalaya,2023,2,777311,39140,33151300.83
meghalaya,2023,2,781730,37405,31682326.63
meghalaya,2023,2,722754,33059,28001269.58
meghalaya,2023,2,756734,27597,23374704.44
meghalaya,2023,3,713951,300791,257634411.73
meghalaya,2023,3,744242,149680,128204930.32
meghalaya,2023,3,763309,111542,95538749.57
meghalaya,2023,3,735953,79397,68005719.36
meghalaya,2023,3,789762,65918,56460405.59
meghalaya,2023,3,712769,47535,40715593.48
meghalaya,2023,3,736104,45067,38600939.74
meghalaya,2023,3,774176,36508,31270607.25
meghalaya,2023,3,794021,33605,28783805.7
meghalaya,2023,3,745377,30723,26315400.08
meghalaya,2023,4,791220,384698,333634218.24
meghalaya,2023,4,715615,187481,162595784.14
meghalaya,2023,4,797885,109559,95016437.38
meghalaya,2023,4,780818,89672,77769222.47
meghalaya,2023,4,743293,61745,53549140.62
meghalaya,2023,4,712024,53249,46181268.59
meghalaya,2023,4,754180,50074,43427626.72
meghalaya,2023,4,785582,37546,32562435.4
meghalaya,2023,4,791954,32663,28327967.4
meghalaya,2023,4,787817,31614,27417798.06
mizoram,2018,1,710088,72703,57666290.65
mizoram,2018,1,775326,38851,30815339.87
mizoram,2018,1,794997,25730,20408220.46
mizoram,2018,1,712502,19492,15461086.63
mizoram,2018,1,711361,15354,12178831.36
mizoram,2018,1,725919,11766,9332407.03
mizoram,2018,1,723100,9130,7241810.48
mizoram,2018,1,790352,8547,6779502.7
mizoram,2018,1,744520,8256,6548654.58
mizoram,2018,1,747622,6957,5518544.98
mizoram,2018,2,785950,91201,73024767.58
mizoram,2018,2,717973,38314,30678328.36
mizoram,2018,2,797110,29703,23783278.29
mizoram,2018,2,757436,21986,17604248.85
mizoram,2018,2,742590,14585,11678793.46
mizoram,2018,2,787911,14210,11378176.55
mizoram,2018,2,756710,11915,9540306.68
mizoram,2018,2,791617,8907,7131913.7
mizoram,2018,2,769503,8694,6961839.21
mizoram,2018,2,752852,7512,6015101.03
mizoram,2018,3,781112,106247,82743499.94
mizoram,2018,3,791119,53276,41490639.14
mizoram,2018,3,778633,38870,30271487.43
mizoram,2018,3,719278,28792,22422998.12
mizoram,2018,3,740909,21244,16545251.37
mizoram,2018,3,770925,15644,12183808.01
mizoram,2018,3,760388,15503,12073944.1
mizoram,2018,3,751396,13226,10300725.75
mizoram,2018,3,775095,11847,9226407.47
mizoram,2018,3,791530,9311,7251300.33
mizoram,2018,4,736942,136901,109468567.26
mizoram,2018,4,762818,58968,47151960.59
mizoram,2018,4,768478,40415,32317046.32
mizoram,2018,4,756024,29219,23364191.16
mizoram,2018,4,761749,24249,19390316.29
mizoram,2018,4,767404,17986,14382615.14
mizoram,2018,4,728364,17892,14306978.04
mizoram,2018,4,756247,13495,10790844.49
mizoram,2018,4,796482,12071,9652583.8
mizoram,2018,4,773901,11275,9015897.96
mizoram,2019,1,757729,99335,81093548.57
mizoram,2019,1,744732,54484,44479390.7
mizoram,2019,1,713223,31949,26082814.26
mizoram,2019,1,788340,25373,20714278.24
mizoram,2019,1,765355,21439,17502294.4
mizoram,2019,1,713335,16800,13715328.64
mizoram,2019,1,794408,13874,11326938.59
mizoram,2019,1,750729,12988,10603615.65
mizoram,2019,1,786416,11124,9081409.1
mizoram,2019,1,748670,10074,8224478.47
mizoram,2019,2,731227,112268,90724384.8
mizoram,2019,2,758909,54710,44211968.02
mizoram,2019,2,755010,42660,34474129.82
mizoram,2019,2,799749,30180,24389220.32
mizoram,2019,2,748744,21500,17374622.0
mizoram,2019,2,747358,19150,15475304.99
mizoram,2019,2,755544,15040,12154055.57
mizoram,2019,2,787475,14685,11867324.27
mizoram,2019,2,770359,12028,9720570.93
mizoram,2019,2,727821,10808,8734697.35
mizoram,2019,3,733088,133989,108855147.36
mizoram,2019,3,757479,63555,51633013.92
mizoram,2019,3,728552,46592,37852154.66
mizoram,2019,3,790129,29229,23746758.16
mizoram,2019,3,733007,23083,18753050.66
mizoram,2019,3,739051,21099,17141636.84
mizoram,2019,3,776392,19386,15750077.13
mizoram,2019,3,798252,16289,13234182.79
mizoram,2019,3,775845,13228,10747215.58
mizoram,2019,3,797211,11290,9172517.81
mizoram,2019,4,798787,168042,135597090.73
mizoram,2019,4,767321,79521,64167923.69
mizoram,2019,4,716366,53685,43320019.89
mizoram,2019,4,724453,34131,27541668.38
mizoram,2019,4,791057,31227,25198555.55
mizoram,2019,4,780484,25473,20555511.95
mizoram,2019,4,772752,21384,17255926.93
mizoram,2019,4,740307,18592,15002564.23
mizoram,2019,4,782667,17007,13723703.6
mizoram,2019,4,747801,14101,11379146.94
mizoram,2020,1,743105,143448,114416082.69
mizoram,2020,1,741005,67736,54027142.18
mizoram,2020,1,716330,44768,35707567.0
mizoram,2020,1,715324,34215,27290604.89
mizoram,2020,1,728184,25929,20681559.3
mizoram,2020,1,750885,22271,17763998.61
mizoram,2020,1,735106,18749,14954619.84
mizoram,2020,1,724392,14731,11750096.23
mizoram,2020,1,754063,13047,10406825.44
mizoram,2020,1,716572,12005,9575724.85
mizoram,2020,2,796991,151994,125665330.1
mizoram,2020,2,724530,65178,53888202.51
mizoram,2020,2,745202,39610,32749333.92
mizoram,2020,2,734177,34404,28444663.03
mizoram,2020,2,756118,23780,19661028.0
mizoram,2020,2,733826,20831,17222967.54
mizoram,2020,2,777857,19008,15715866.05
mizoram,2020,2,737855,17160,14187939.54
mizoram,2020,2,757746,13834,11438435.9
mizoram,2020,2,738392,13137,10861759.08
mizoram,2020,3,796158,164486,132841698.76
mizoram,2020,3,742738,80517,65026996.35
mizoram,2020,3,727461,50721,40963146.74
mizoram,2020,3,791696,40763,32920991.37
mizoram,2020,3,771743,30930,24979738.05
mizoram,2020,3,731704,26794,21639573.43
mizoram,2020,3,758533,22697,18330886.33
mizoram,2020,3,711756,19945,16108370.0
mizoram,2020,3,722426,16593,13401427.85
mizoram,2020,3,754519,16481,13310393.75
mizoram,2020,4,743877,180109,149049770.21
mizoram,2020,4,797034,100426,83107984.76
mizoram,2020,4,711894,60806,50320048.8
mizoram,2020,4,726520,41684,34495593.74
mizoram,2020,4,781400,34997,28962025.66
mizoram,2020,4,750746,29105,24086536.34
mizoram,2020,4,743214,22865,18922676.74
mizoram,2020,4,763688,20928,17319116.42
mizoram,2020,4,779397,18326,15166034.93
mizoram,2020,4,773003,17744,14684363.29
mizoram,2021,1,797731,153872,125743504.87
mizoram,2021,1,752113,68909,56311897.02
mizoram,2021,1,755282,50775,41493325.41
mizoram,2021,1,769471,36551,29869204.15
mizoram,2021,1,718305,26470,21631196.26
mizoram,2021,1,731110,23161,18927353.62
mizoram,2021,1,785251,21250,17365492.65
mizoram,2021,1,715757,18660,15249521.3
mizoram,2021,1,714180,13617,11127914.35
mizoram,2021,1,751754,13610,11122088.52
mizoram,2021,2,757104,163241,135028367.96
mizoram,2021,2,713347,81870,67720370.31
mizoram,2021,2,790088,51075,42247733.56
mizoram,2021,2,773854,40347,33374086.2
mizoram,2021,2,755702,28544,23611519.5
mizoram,2021,2,779893,24763,20483553.83
mizoram,2021,2,720646,22957,18989440.65
mizoram,2021,2,720650,18226,15075999.91
mizoram,2021,2,781663,15788,13059790.56
mizoram,2021,2,713092,13451,11126652.41
mizoram,2021,3,783272,188104,154228653.43
mizoram,2021,3,714631,86330,70782805.67
mizoram,2021,3,713904,62156,50962565.12
mizoram,2021,3,782949,50249,41200198.18
mizoram,2021,3,750645,35344,28979599.66
mizoram,2021,3,790448,32224,26421276.47
mizoram,2021,3,795613,25695,21068029.37
mizoram,2021,3,713499,23607,19356289.04
mizoram,2021,3,723584,20154,16525093.17
mizoram,2021,3,743265,17379,14249838.5
mizoram,2021,4,764292,205924,170491671.12
mizoram,2021,4,718869,89323,73954195.47
mizoram,2021,4,767920,69463,57511266.98
mizoram,2021,4,734998,42875,35498400.02
mizoram,2021,4,784254,36843,30503593.44
mizoram,2021,4,746047,30604,25338800.73
mizoram,2021,4,719647,27333,22630514.16
mizoram,2021,4,766432,22265,18434419.88
mizoram,2021,4,754928,18912,15658409.72
mizoram,2021,4,770907,18374,15212528.9
mizoram,2022,1,795149,173627,144507378.33
mizoram,2022,1,799026,74923,62357651.54
mizoram,2022,1,775354,50346,41902248.34
mizoram,2022,1,755646,39900,33208789.15
mizoram,2022,1,782343,29691,24711482.03
mizoram,2022,1,740372,24961,20774757.97
mizoram,2022,1,793323,22540,18760152.25
mizoram,2022,1,752174,20304,16899354.45
mizoram,2022,1,794677,17546,14603578.33
mizoram,2022,1,714283,13947,11608148.01
mizoram,2022,2,749777,191279,161968261.98
mizoram,2022,2,775941,80073,67802933.94
mizoram,2022,2,717174,60307,51066184.28
mizoram,2022,2,740834,46881,39697181.3
mizoram,2022,2,798637,31193,26413106.89
mizoram,2022,2,749476,29418,24910140.61
mizoram,2022,2,782319,24971,21144833.14
mizoram,2022,2,746504,21363,18089562.93
mizoram,2022,2,779709,18268,15468936.59
mizoram,2022,2,722235,16985,14382979.12
mizoram,2022,3,749156,195084,166496569.16
mizoram,2022,3,746066,95886,81835010.02
mizoram,2022,3,754410,59535,50810836.51
mizoram,2022,3,714832,47830,40820977.38
mizoram,2022,3,744705,38749,33071269.34
mizoram,2022,3,764416,27540,23504404.99
mizoram,2022,3,789589,23436,20002098.83
mizoram,2022,3,769550,23322,19905166.53
mizoram,2022,3,747077,17826,15213949.17
mizoram,2022,3,799996,16823,14358462.87
mizoram,2022,4,727589,230812,195881839.32
mizoram,2022,4,714664,121009,102695916.44
mizoram,2022,4,781347,74858,63529677.38
mizoram,2022,4,776352,50790,43103770.88
mizoram,2022,4,710739,44080,37409205.83
mizoram,2022,4,777964,34981,29687773.82
mizoram,2022,4,758223,30106,25550407.19
mizoram,2022,4,787065,29699,25204758.11
mizoram,2022,4,755134,22515,19108318.45
mizoram,2022,4,779436,19693,16713405.06
mizoram,2023,1,790013,196998,168391567.87
mizoram,2023,1,795068,98756,84415464.94
mizoram,2023,1,758822,57471,49125866.32
mizoram,2023,1,735938,41312,35313035.93
mizoram,2023,1,792536,33230,28405369.83
mizoram,2023,1,750896,29098,24873382.11
mizoram,2023,1,774460,22723,19423925.17
mizoram,2023,1,766451,21698,18547295.89
mizoram,2023,1,781073,19812,16935401.87
mizoram,2023,1,716212,16882,14430567.64
mizoram,2023,2,751499,198725,167973030.66
mizoram,2023,2,791453,94662,80013639.53
mizoram,2023,2,723857,63155,53382255.22
mizoram,2023,2,778060,44648,37739083.79
mizoram,2023,2,742284,41663,35216100.09
mizoram,2023,2,755171,34121,28841338.06
mizoram,2023,2,794637,27166,22962079.51
mizoram,2023,2,721635,24153,20416037.93
mizoram,2023,2,763211,22424,18954094.14
mizoram,2023,2,792749,20830,17606937.82
mizoram,2023,3,712608,229265,194338987.32
mizoram,2023,3,738950,102868,87197236.55
mizoram,2023,3,756147,72539,61488835.21
mizoram,2023,3,730454,51645,43777335.35
mizoram,2023,3,728097,42513,36037161.4
mizoram,2023,3,750646,29471,24981946.92
mizoram,2023,3,743826,27931,23676554.6
mizoram,2023,3,747708,25761,21836676.33
mizoram,2023,3,789241,22384,18974521.07
mizoram,2023,3,750502,17270,14639613.79
mizoram,2023,4,711863,229230,196456648.22
mizoram,2023,4,787078,128085,109773073.07
mizoram,2023,4,730685,86026,73726999.0
mizoram,2023,4,772508,53760,46073773.19
mizoram,2023,4,769265,47407,40629784.91
mizoram,2023,4,775155,42163,36135013.79
mizoram,2023,4,747299,34453,29527462.98
mizoram,2023,4,721718,28103,24085308.68
mizoram,2023,4,738170,22840,19575310.1
mizoram,2023,4,714199,22220,19043276.14
nagaland,2018,1,774277,76506,59654360.96
nagaland,2018,1,738478,38368,29916934.63
nagaland,2018,1,732974,23445,18281434.17
nagaland,2018,1,754916,20575,16043291.18
nagaland,2018,1,783103,14831,11564380.4
nagaland,2018,1,738197,12369,9645174.86
nagaland,2018,1,740230,11204,8736398.94
nagaland,2018,1,770384,9565,7458630.04
nagaland,2018,1,782498,7416,5782642.16
nagaland,2018,1,758867,6588,5137075.95
nagaland,2018,2,758204,82528,65905677.05
nagaland,2018,2,765979,46861,37422785.52
nagaland,2018,2,785761,26623,21261047.16
nagaland,2018,2,790036,18861,15062508.65
nagaland,2018,2,755331,15454,12341911.95
nagaland,2018,2,749516,14106,11265090.37
nagaland,2018,2,796757,11206,8949311.99
nagaland,2018,2,771287,9248,7385808.76
nagaland,2018,2,763296,8537,6818199.74
nagaland,2018,2,734006,8317,6641863.38
nagaland,2018,3,725023,111628,86824994.25
nagaland,2018,3,771691,53547,41649202.91
nagaland,2018,3,724435,36810,28631078.61
nagaland,2018,3,721017,28299,22011345.38
nagaland,2018,3,765615,19155,14898876.57
nagaland,2018,3,776342,16282,12664390.15
nagaland,2018,3,745410,16001,12446175.76
nagaland,2018,3,752683,11583,9009329.72
nagaland,2018,3,772069,11156,8677858.79
nagaland,2018,3,788693,11057,8600427.16
nagaland,2018,4,740362,130034,104969573.92
nagaland,2018,4,730301,64855,52354362.12
nagaland,2018,4,797502,39793,32123410.49
nagaland,2018,4,717360,28437,22956054.52
nagaland,2018,4,776964,21258,17160807.97
nagaland,2018,4,716398,20468,16523364.18
nagaland,2018,4,764229,15956,12880649.13
nagaland,2018,4,730353,15377,12413422.31
nagaland,2018,4,799343,13684,11047037.41
nagaland,2018,4,764937,12347,9967615.56
nagaland,2019,1,757083,111620,89985407.64
nagaland,2019,1,746156,58541,47194526.04
nagaland,2019,1,764279,34242,27605196.06
nagaland,2019,1,770223,26857,21651984.57
nagaland,2019,1,790280,20762,16738505.73
nagaland,2019,1,753459,18221,14689757.13
nagaland,2019,1,733605,15699,12656515.99
nagaland,2019,1,740441,12813,10330170.15
nagaland,2019,1,723941,11683,9419187.97
nagaland,2019,1,764523,9255,7461622.29
nagaland,2019,2,711063,120431,97853532.57
nagaland,2019,2,752969,59359,48231020.35
nagaland,2019,2,732959,39007,31694180.68
nagaland,2019,2,733904,26926,21878167.71
nagaland,2019,2,797952,19884,16156780.82
nagaland,2019,2,759636,17150,13935172.06
nagaland,2019,2,727646,14971,12164655.03
nagaland,2019,2,729604,14108,11463488.54
nagaland,2019,2,738066,11789,9579458.92
nagaland,2019,2,768786,10632,8639302.45
nagaland,2019,3,732439,133422,107799666.25
nagaland,2019,3,733025,61504,49692871.13
nagaland,2019,3,760144,37755,30504477.65
nagaland,2019,3,776363,33399,26985629.12
nagaland,2019,3,794437,25004,20202514.73
nagaland,2019,3,767662,21444,17326249.34
nagaland,2019,3,736696,16167,13062684.31
nagaland,2019,3,757458,15376,12423307.55
nagaland,2019,3,778153,12615,10192964.48
nagaland,2019,3,752805,12275,9918156.55
nagaland,2019,4,749228,172350,138333173.47
nagaland,2019,4,764398,85384,68531636.8
nagaland,2019,4,729397,50038,40162121.04
nagaland,2019,4,758495,38719,31077113.14
nagaland,2019,4,711085,29807,23924430.71
nagaland,2019,4,764799,26621,21367410.93
nagaland,2019,4,762798,19758,15858351.09
nagaland,2019,4,796725,17700,14206476.85
nagaland,2019,4,719329,17467,14020215.05
nagaland,2019,4,730352,15032,12065518.93
nagaland,2020,1,736359,126788,103641657.46
nagaland,2020,1,745822,62838,51366640.49
nagaland,2020,1,768010,40394,33020076.68
nagaland,2020,1,789877,31613,25841922.0
nagaland,2020,1,765286,25709,21015895.79
nagaland,2020,1,788712,18868,15423634.83
nagaland,2020,1,743899,15881,12982378.39
nagaland,2020,1,751664,15160,12392988.43
nagaland,2020,1,798447,13277,10853436.38
nagaland,2020,1,732834,12048,9848773.12
nagaland,2020,2,791434,140621,114444614.64
nagaland,2020,2,747752,63919,52020907.08
nagaland,2020,2,776452,43123,35096317.85
nagaland,2020,2,798867,35820,29152881.83
nagaland,2020,2,799293,26271,21381390.41
nagaland,2020,2,720105,24226,19716571.64
nagaland,2020,2,731816,18386,14963493.61
nagaland,2020,2,761168,17707,14410844.77
nagaland,2020,2,747277,14589,11873832.03
nagaland,2020,2,796028,12355,10055170.06
nagaland,2020,3,741576,159221,132199763.68
nagaland,2020,3,728131,79242,65793850.5
nagaland,2020,3,723816,51548,42799843.94
nagaland,2020,3,759620,35227,29248911.43
nagaland,2020,3,772104,29399,24410351.48
nagaland,2020,3,723427,21805,18104999.72
nagaland,2020,3,711649,18916,15706181.56
nagaland,2020,3,796045,18134,15056739.97
nagaland,2020,3,765122,14734,12234084.99
nagaland,2020,3,755220,13782,11443306.41
nagaland,2020,4,793969,179934,146300567.17
nagaland,2020,4,726678,93410,75950253.29
nagaland,2020,4,773053,61697,50165160.66
nagaland,2020,4,764586,38054,30940958.25
nagaland,2020,4,732529,36029,29294803.77
nagaland,2020,4,771361,27146,22072470.57
nagaland,2020,4,761553,25387,20642070.92
nagaland,2020,4,726702,18502,15044323.91
nagaland,2020,4,796629,18043,14670743.6
nagaland,2020,4,729810,17104,13907396.12
nagaland,2021,1,775183,144329,118074243.24
nagaland,2021,1,710734,77087,63064435.41
nagaland,2021,1,783771,50743,41513169.76
nagaland,2021,1,755229,35242,28831622.1
nagaland,2021,1,762942,28998,23723462.52
nagaland,2021,1,788931,20846,17054526.21
nagaland,2021,1,767299,20407,16695066.65
nagaland,2021,1,718572,17588,14389150.36
nagaland,2021,1,770238,15177,12416647.21
nagaland,2021,1,766930,12904,10557378.37
nagaland,2021,2,743234,182061,150557969.74
nagaland,2021,2,731367,80633,66680734.87
nagaland,2021,2,755337,58271,48188575.13
nagaland,2021,2,727692,42284,34968059.85
nagaland,2021,2,736826,31448,26006816.92
nagaland,2021,2,786177,26251,21708588.1
nagaland,2021,2,767735,21720,17962193.19
nagaland,2021,2,740709,19306,15965762.9
nagaland,2021,2,754343,16537,13675770.6
nagaland,2021,2,780106,15737,13014525.33
nagaland,2021,3,734894,186152,155312696.86
nagaland,2021,3,794189,91103,76010657.85
nagaland,2021,3,773318,63973,53374887.42
nagaland,2021,3,751471,43301,36127958.95
nagaland,2021,3,720752,32421,27050108.93
nagaland,2021,3,738629,30264,25250716.22
nagaland,2021,3,766526,25919,21625051.44
nagaland,2021,3,796597,21304,17774574.91
nagaland,2021,3,771922,19049,15893875.3
nagaland,2021,3,761289,18367,15324775.59
nagaland,2021,4,774223,197322,164925113.31
nagaland,2021,4,756875,89292,74631735.6
nagaland,2021,4,792331,59246,49519016.45
nagaland,2021,4,778767,51888,43369288.57
nagaland,2021,4,771375,34104,28504616.31
nagaland,2021,4,776274,28695,23983963.47
nagaland,2021,4,760788,27654,23113928.69
nagaland,2021,4,793012,24855,20774912.2
nagaland,2021,4,767292,20852,17428901.61
nagaland,2021,4,761940,16866,14097554.61
nagaland,2022,1,755168,177065,145813788.98
nagaland,2022,1,793589,78441,64596430.91
nagaland,2022,1,741127,53022,43664121.64
nagaland,2022,1,734374,41712,34350013.07
nagaland,2022,1,711719,30524,25137174.42
nagaland,2022,1,786445,23483,19338397.75
nagaland,2022,1,745868,20669,17021002.83
nagaland,2022,1,771121,19751,16265292.84
nagaland,2022,1,780907,16243,13376749.74
nagaland,2022,1,729568,14775,12168019.1
nagaland,2022,2,794827,199453,169161304.1
nagaland,2022,2,773737,86222,73126960.72
nagaland,2022,2,740880,54008,45806215.81
nagaland,2022,2,783572,39584,33572650.47
nagaland,2022,2,766477,31784,26957002.81
nagaland,2022,2,728751,31160,26427794.49
nagaland,2022,2,743399,24952,21162757.58
nagaland,2022,2,760638,22821,19355566.64
nagaland,2022,2,738449,16916,14347259.26
nagaland,2022,2,754288,15674,13293541.19
nagaland,2022,3,740566,209503,174974378.87
nagaland,2022,3,732369,103014,86036415.32
nagaland,2022,3,739602,65559,54754564.36
nagaland,2022,3,777995,48205,40260859.4
nagaland,2022,3,787535,35217,29413229.55
nagaland,2022,3,724721,33467,27951670.93
nagaland,2022,3,712147,26994,22545629.52
nagaland,2022,3,780691,25300,21130473.95
nagaland,2022,3,724232,19809,16544372.21
nagaland,2022,3,747010,16416,13711068.61
nagaland,2022,4,720059,220871,188305935.76
nagaland,2022,4,746641,111128,94743669.2
nagaland,2022,4,727453,72046,61424277.56
nagaland,2022,4,734651,48303,41181496.29
nagaland,2022,4,723665,40973,34932706.44
nagaland,2022,4,790127,32680,27862309.66
nagaland,2022,4,797838,26908,22940705.87
nagaland,2022,4,775242,22771,19413699.86
nagaland,2022,4,720685,22661,19320284.87
nagaland,2022,4,735697,20840,17768187.19
nagaland,2023,1,764239,170714,145661252.29
nagaland,2023,1,713693,97006,82770365.24
nagaland,2023,1,731311,59015,50354515.85
nagaland,2023,1,758129,40402,34473498.93
nagaland,2023,1,782535,33910,28934246.4
nagaland,2023,1,717458,26169,22328825.63
nagaland,2023,1,749524,25467,21729641.21
nagaland,2023,1,770756,19844,16932322.48
nagaland,2023,1,794799,18989,16202980.95
nagaland,2023,1,786683,15382,13125193.61
nagaland,2023,2,730315,195494,167028790.97
nagaland,2023,2,745354,103107,88094513.24
nagaland,2023,2,738104,56815,48542864.68
nagaland,2023,2,711956,46525,39750876.96
nagaland,2023,2,796394,36771,31417024.42
nagaland,2023,2,720007,30514,26071129.07
nagaland,2023,2,733932,25769,22017467.01
nagaland,2023,2,794186,23379,19974927.09
nagaland,2023,2,720168,20574,17578583.78
nagaland,2023,2,749386,16135,13785813.86
nagaland,2023,3,750087,214275,184155826.71
nagaland,2023,3,753868,114650,98534505.63
nagaland,2023,3,718992,64297,55259345.7
nagaland,2023,3,729625,54938,47216439.28
nagaland,2023,3,788045,40538,34839868.96
nagaland,2023,3,791929,32959,28326745.05
nagaland,2023,3,781457,27778,23874078.15
nagaland,2023,3,717648,26144,22469929.9
nagaland,2023,3,799192,23690,20360117.41
nagaland,2023,3,777429,19206,16506751.4
nagaland,2023,4,768189,231636,200482130.93
nagaland,2023,4,736068,112128,97047303.2
nagaland,2023,4,760579,84528,73159590.24
nagaland,2023,4,793423,64772,56060341.4
nagaland,2023,4,783698,43521,37667591.13
nagaland,2023,4,729457,35766,30955679.3
nagaland,2023,4,779186,30727,26594802.8
nagaland,2023,4,766487,29824,25812933.33
nagaland,2023,4,760737,24028,20797096.43
nagaland,2023,4,714150,23824,20620500.76
odisha,2018,1,743752,973245,764604321.39
odisha,2018,1,786995,516318,405631703.76
odisha,2018,1,794795,318986,250602999.33
odisha,2018,1,753238,254673,200077589.81
odisha,2018,1,737974,194101,152490731.9
odisha,2018,1,723630,157779,123955154.92
odisha,2018,1,770807,152810,120051748.95
odisha,2018,1,799641,132614,104185360.39
odisha,2018,1,718025,109457,85992003.62
odisha,2018,1,774833,104069,81759558.01
odisha,2018,2,745071,1263122,995571189.32
odisha,2018,2,761707,544261,428977621.55
odisha,2018,2,735296,378516,298339810.3
odisha,2018,2,798073,266642,210163281.75
odisha,2018,2,740442,229131,180597453.68
odisha,2018,2,734155,166999,131626293.7
odisha,2018,2,725802,157761,124344805.96
odisha,2018,2,755439,144877,114189969.67
odisha,2018,2,711860,105359,83042164.37
odisha,2018,2,756712,101250,79804152.41
odisha,2018,3,763685,1352658,1066626239.37
odisha,2018,3,742894,673531,531106556.98
odisha,2018,3,794723,450790,355466848.78
odisha,2018,3,751856,324360,255771265.75
odisha,2018,3,763680,272517,214890786.87
odisha,2018,3,760088,227043,179033100.06
odisha,2018,3,710797,168318,132725942.75
odisha,2018,3,755547,157426,124137201.49
odisha,2018,3,776475,141089,111254457.21
odisha,2018,3,745553,117983,93034944.28
odisha,2018,4,734319,1705072,1356793325.65
odisha,2018,4,747362,792833,630888632.61
odisha,2018,4,728433,581091,462397818.92
odisha,2018,4,780615,413388,328949610.48
odisha,2018,4,743724,336241,267560760.51
odisha,2018,4,728108,275947,219582348.4
odisha,2018,4,745665,214555,170730592.79
odisha,2018,4,796935,198787,158182792.88
odisha,2018,4,736092,166301,132332521.37
odisha,2018,4,728416,161786,128740232.59
odisha,2019,1,768309,1343703,1088285951.22
odisha,2019,1,717004,710903,575771640.74
odisha,2019,1,716486,427923,346581895.08
odisha,2019,1,719720,339841,275243104.04
odisha,2019,1,740046,296382,240044449.9
odisha,2019,1,744763,241571,195652793.12
odisha,2019,1,747394,179964,145755715.79
odisha,2019,1,715837,155096,125614853.75
odisha,2019,1,713547,142898,115735705.93
odisha,2019,1,711587,138441,112125776.83
odisha,2019,2,748478,1786994,1412178592.07
odisha,2019,2,768695,860072,679675040.38
odisha,2019,2,735065,541349,427803391.36
odisha,2019,2,789095,422052,333528349.56
odisha,2019,2,788056,302326,238914539.27
odisha,2019,2,771101,252187,199291722.09
odisha,2019,2,726308,215088,169974268.47
odisha,2019,2,713466,194809,153949003.23
odisha,2019,2,749741,171827,135787101.97
odisha,2019,2,728193,148392,117267469.29
odisha,2019,3,728515,1839044,1471974895.17
odisha,2019,3,784048,980008,784400559.76
odisha,2019,3,772726,616461,493417388.84
odisha,2019,3,751222,441864,353669577.62
odisha,2019,3,751207,352447,282099685.2
odisha,2019,3,762720,311175,249065661.05
odisha,2019,3,754260,231651,185414274.19
odisha,2019,3,732166,212514,170097304.69
odisha,2019,3,783045,180581,144537443.08
odisha,2019,3,755408,158171,126600430.55
odisha,2019,4,775721,2013056,1632578026.59
odisha,2019,4,737898,1060385,859967043.82
odisha,2019,4,781830,654951,531162436.33
odisha,2019,4,768865,475196,385381721.09
odisha,2019,4,727357,401703,325779049.99
odisha,2019,4,748587,300632,243811336.3
odisha,2019,4,793256,289457,234748680.0
odisha,2019,4,756536,267863,217235670.31
odisha,2019,4,718608,219483,178000340.9
odisha,2019,4,724428,201544,163451823.9
odisha,2020,1,744767,1747383,1395437117.27
odisha,2020,1,713501,993145,793112241.93
odisha,2020,1,775678,557255,445017066.8
odisha,2020,1,775432,410729,328002875.62
odisha,2020,1,713089,385018,307470652.34
odisha,2020,1,717338,273464,218384906.69
odisha,2020,1,754170,228002,182079369.96
odisha,2020,1,765778,205312,163959544.6
odisha,2020,1,789318,201068,160570454.86
odisha,2020,1,710534,172316,137609792.85
odisha,2020,2,735677,2059457,1670409173.79
odisha,2020,2,744264,867925,703967310.27
odisha,2020,2,782287,607933,493090353.39
odisha,2020,2,753092,490093,397510714.38
odisha,2020,2,774568,344296,279256146.49
odisha,2020,2,742506,318869,258632615.46
odisha,2020,2,793593,245036,198747297.76
odisha,2020,2,711851,209815,170179429.16
odisha,2020,2,723318,207550,168342304.65
odisha,2020,2,748560,158477,128540031.48
odisha,2020,3,770270,2266081,1847533197.7
odisha,2020,3,767332,1089949,888634160.12
odisha,2020,3,769173,702329,572608117.25
odisha,2020,3,760720,528859,431178886.67
odisha,2020,3,731039,370059,301708688.06
odisha,2020,3,775005,351653,286702464.36
odisha,2020,3,784032,281374,229403904.4
odisha,2020,3,738715,236373,192715358.8
odisha,2020,3,798655,203812,166168412.8
odisha,2020,3,748067,178564,145583156.44
odisha,2020,4,747810,2459121,2016516671.67
odisha,2020,4,719667,1208840,991267927.18
odisha,2020,4,748102,817907,670696484.0
odisha,2020,4,751878,571317,468489372.49
odisha,2020,4,749953,434303,356135569.84
odisha,2020,4,755714,359077,294449394.26
odisha,2020,4,756767,313621,257174755.77
odisha,2020,4,738301,260324,213470248.29
odisha,2020,4,723074,258131,211671356.24
odisha,2020,4,713163,199609,163682491.73
odisha,2021,1,745235,2139961,1744861539.1
odisha,2021,1,763903,977830,797294294.91
odisha,2021,1,777538,737252,601134183.58
odisha,2021,1,764218,517108,421635391.01
odisha,2021,1,764967,425147,346652785.9
odisha,2021,1,797025,302438,246599565.67
odisha,2021,1,789579,285085,232450500.27
odisha,2021,1,769977,251160,204788859.15
odisha,2021,1,756031,229732,187316977.22
odisha,2021,1,785630,188697,153858787.11
odisha,2021,2,776434,2277694,1840908342.68
odisha,2021,2,786245,1025102,828522075.96
odisha,2021,2,798667,784656,634185355.44
odisha,2021,2,758952,595594,481379380.0
odisha,2021,2,782642,456518,368973768.32
odisha,2021,2,723230,368339,297704229.72
odisha,2021,2,779175,291848,235881998.41
odisha,2021,2,714076,244480,197597659.62
odisha,2021,2,721060,220473,178193737.05
odisha,2021,2,780076,199800,161485246.51
odisha,2021,3,727207,2395537,2008141555.58
odisha,2021,3,738193,1068197,895452890.13
odisha,2021,3,770544,768062,643854531.82
odisha,2021,3,789287,518124,434335646.18
odisha,2021,3,728447,477575,400343982.16
odisha,2021,3,739882,374758,314154205.78
odisha,2021,3,745543,318851,267287778.34
odisha,2021,3,785293,263624,220991996.64
odisha,2021,3,780758,260276,218185828.39
odisha,2021,3,771903,231956,194445671.7
odisha,2021,4,715250,2776471,2315781595.85
odisha,2021,4,759637,1290150,1076080566.33
odisha,2021,4,753441,779570,650219275.57
odisha,2021,4,764908,643801,536978036.75
odisha,2021,4,715244,548553,457533881.87
odisha,2021,4,731864,398901,332713294.93
odisha,2021,4,777127,343446,286459922.1
odisha,2021,4,771441,299579,249871711.07
odisha,2021,4,728605,289354,241342542.19
odisha,2021,4,746086,259053,216069955.56
odisha,2022,1,748049,2305761,1951248022.8
odisha,2022,1,786288,985705,834152381.24
odisha,2022,1,750385,629289,532535507.34
odisha,2022,1,759973,532021,450222480.56
odisha,2022,1,799951,370240,313315935.25
odisha,2022,1,755152,308983,261477378.43
odisha,2022,1,769045,275584,233212714.27
odisha,2022,1,722546,257619,218009899.88
odisha,2022,1,763700,230766,195285986.07
odisha,2022,1,793931,205022,173499909.15
odisha,2022,2,782740,2395643,1997087738.63
odisha,2022,2,796628,1164625,970870186.09
odisha,2022,2,783409,881120,734531106.07
odisha,2022,2,712594,596228,497036266.86
odisha,2022,2,715752,455791,379962788.26
odisha,2022,2,743057,429675,358192115.05
odisha,2022,2,751348,317156,264392167.45
odisha,2022,2,740925,291647,243127156.81
odisha,2022,2,745455,242008,201746115.42
odisha,2022,2,778080,240388,200396119.1
odisha,2022,3,728902,2757631,2272208358.13
odisha,2022,3,715492,1231611,1014812186.5
odisha,2022,3,764638,779847,642571982.09
odisha,2022,3,741041,675175,556325306.35
odisha,2022,3,786808,468604,386116835.83
odisha,2022,3,797574,402519,331664343.69
odisha,2022,3,730322,355163,292644402.71
odisha,2022,3,771649,304321,250752358.75
odisha,2022,3,798803,280967,231509207.8
odisha,2022,3,740200,264507,217946657.52
odisha,2022,4,799561,2996850,2524588423.5
odisha,2022,4,758405,1530746,1289521653.75
odisha,2022,4,775438,967423,814971196.35
odisha,2022,4,724861,776364,654020218.67
odisha,2022,4,795992,586565,494131133.59
odisha,2022,4,714833,454260,382675207.03
odisha,2022,4,746982,368847,310721904.24
odisha,2022,4,770772,332938,280472185.18
odisha,2022,4,753810,281771,237368394.11
odisha,2022,4,738405,270777,228106724.48
odisha,2023,1,753830,2441716,2082947970.89
odisha,2023,1,739833,1180581,1007115308.78
odisha,2023,1,776268,849888,725011653.63
odisha,2023,1,785988,605444,516484507.65
odisha,2023,1,748888,456140,389118321.26
odisha,2023,1,794216,344810,294146604.34
odisha,2023,1,719480,331351,282665114.79
odisha,2023,1,723907,268553,229093962.48
odisha,2023,1,751521,262268,223732267.72
odisha,2023,1,757102,205890,175638191.62
odisha,2023,2,794389,2844738,2416716067.82
odisha,2023,2,764279,1258885,1069472202.21
odisha,2023,2,788926,842572,715797823.97
odisha,2023,2,716279,606137,514937159.27
odisha,2023,2,751597,539745,458535020.7
odisha,2023,2,793926,452448,384372252.69
odisha,2023,2,759227,331574,281685837.93
odisha,2023,2,731551,297037,252344796.85
odisha,2023,2,744059,276993,235316461.87
odisha,2023,2,794864,247360,210142618.6
odisha,2023,3,719425,2958160,2561221053.72
odisha,2023,3,767474,1427092,1235598473.36
odisha,2023,3,765593,889660,770281907.29
odisha,2023,3,756902,581351,503342892.47
odisha,2023,3,747022,449108,388845404.44
odisha,2023,3,795039,424669,367685717.97
odisha,2023,3,741772,372848,322818246.01
odisha,2023,3,792308,327260,283347373.59
odisha,2023,3,714247,278246,240910429.36
odisha,2023,3,799991,245545,212597428.84
odisha,2023,4,751152,3385353,2884396708.88
odisha,2023,4,734794,1670817,1423573471.32
odisha,2023,4,790867,1087373,926466192.76
odisha,2023,4,778882,704287,600068916.43
odisha,2023,4,760413,553944,471972736.59
odisha,2023,4,725125,491236,418544000.12
odisha,2023,4,772905,446306,380263420.94
odisha,2023,4,775088,344227,293289716.33
odisha,2023,4,738576,300362,255915440.8
odisha,2023,4,768478,275186,234464648.5
puducherry,2018,1,691541,122114,95771204.44
puducherry,2018,1,615221,60635,47554900.73
puducherry,2018,1,632905,38105,29885336.42
puducherry,2018,1,674660,26390,20697735.39
puducherry,2018,1,643380,23729,18610505.89
puducherry,2018,1,639790,16766,13149862.14
puducherry,2018,1,617420,14215,11149161.71
puducherry,2018,1,673270,14007,10985536.55
puducherry,2018,1,679880,12168,9543360.05
puducherry,2018,1,627604,11236,8812227.91
puducherry,2018,2,674817,132690,105432024.54
puducherry,2018,2,698525,67275,53455005.36
puducherry,2018,2,664691,43316,34418204.74
puducherry,2018,2,640663,32135,25534227.35
puducherry,2018,2,683930,23562,18721820.78
puducherry,2018,2,618852,19642,15607510.7
puducherry,2018,2,663524,19611,15582727.47
puducherry,2018,2,664460,16510,13118828.92
puducherry,2018,2,641155,12564,9983493.3
puducherry,2018,2,637795,12062,9584573.94
puducherry,2018,3,647816,162212,128009719.41
puducherry,2018,3,680262,80700,63684361.44
puducherry,2018,3,670592,51980,41020356.85
puducherry,2018,3,670839,36398,28723661.87
puducherry,2018,3,641709,30915,24397228.68
puducherry,2018,3,613374,25135,19835589.19
puducherry,2018,3,677934,24052,18981135.25
puducherry,2018,3,675119,18281,14426605.6
puducherry,2018,3,636802,17441,13763793.77
puducherry,2018,3,685197,14074,11106900.79
puducherry,2018,4,649540,180100,143521512.79
puducherry,2018,4,638700,88979,70907817.07
puducherry,2018,4,641867,59951,47775504.93
puducherry,2018,4,611269,43906,34989011.86
puducherry,2018,4,620771,32622,25996653.49
puducherry,2018,4,679697,28127,22414398.51
puducherry,2018,4,613160,21736,17321498.26
puducherry,2018,4,623505,19288,15370745.23
puducherry,2018,4,613007,17601,14026209.78
puducherry,2018,4,620433,15175,12092959.73
puducherry,2019,1,623430,171247,136862622.03
puducherry,2019,1,656433,74044,59176797.45
puducherry,2019,1,624459,51921,41495790.18
puducherry,2019,1,676518,37883,30276825.78
puducherry,2019,1,660446,31796,25411921.14
puducherry,2019,1,694678,25554,20423499.37
puducherry,2019,1,620274,23415,18713829.79
puducherry,2019,1,693239,17183,13733451.31
puducherry,2019,1,672303,16580,13251171.87
puducherry,2019,1,686301,14095,11265145.31
puducherry,2019,2,618235,186347,149993187.61
puducherry,2019,2,661582,98027,78903811.02
puducherry,2019,2,647702,65342,52594863.52
puducherry,2019,2,627553,44265,35630058.55
puducherry,2019,2,674925,33635,27073703.09
puducherry,2019,2,661937,28575,23001194.44
puducherry,2019,2,659431,25261,20333455.72
puducherry,2019,2,677014,23000,18513339.73
puducherry,2019,2,614316,19738,15887676.98
puducherry,2019,2,639468,16218,13054273.12
puducherry,2019,3,691745,223622,183162540.62
puducherry,2019,3,690484,105931,86765297.82
puducherry,2019,3,620324,68634,56216445.98
puducherry,2019,3,627161,47747,39108714.46
puducherry,2019,3,694213,35118,28764727.91
puducherry,2019,3,685992,31397,25716650.28
puducherry,2019,3,613881,25334,20750744.85
puducherry,2019,3,645928,25145,20595726.65
puducherry,2019,3,633906,22223,18202368.01
puducherry,2019,3,645534,17171,14065065.9
puducherry,2019,4,698735,264471,211299765.17
puducherry,2019,4,628679,120941,96625956.95
puducherry,2019,4,666540,78777,62938984.68
puducherry,2019,4,684375,52774,42163926.63
puducherry,2019,4,666457,42433,33902531.48
puducherry,2019,4,666560,40259,32165619.37
puducherry,2019,4,634479,32835,26234098.74
puducherry,2019,4,685229,26537,21202464.19
puducherry,2019,4,625162,26204,20935744.84
puducherry,2019,4,692126,22692,18130210.32
puducherry,2020,1,628717,216718,175194368.67
puducherry,2020,1,677280,106083,85757292.9
puducherry,2020,1,641702,63966,51710049.25
puducherry,2020,1,664220,44620,36071177.27
puducherry,2020,1,619543,38296,30958759.48
puducherry,2020,1,654898,32787,26505273.78
puducherry,2020,1,642860,24284,19631438.46
puducherry,2020,1,630647,22532,18215381.52
puducherry,2020,1,696809,20169,16305258.47
puducherry,2020,1,653141,18658,15083797.35
puducherry,2020,2,661098,198785,162852847.62
puducherry,2020,2,649277,111382,91249092.7
puducherry,2020,2,622115,66050,54110745.97
puducherry,2020,2,625353,48507,39738923.11
puducherry,2020,2,697102,39471,32336380.05
puducherry,2020,2,697079,33291,27273498.07
puducherry,2020,2,621470,27492,22523204.13
puducherry,2020,2,648471,25480,20874406.97
puducherry,2020,2,649111,22531,18459067.29
puducherry,2020,2,662832,19906,16307898.4
puducherry,2020,3,632158,263069,215656192.77
puducherry,2020,3,649552,111539,91436315.73
puducherry,2020,3,683520,78374,64249012.1
puducherry,2020,3,679587,52089,42701262.66
puducherry,2020,3,668075,45553,37343088.18
puducherry,2020,3,672902,35371,28996307.44
puducherry,2020,3,626671,31168,25551346.55
puducherry,2020,3,630013,26255,21523196.14
puducherry,2020,3,666522,24686,20237597.0
puducherry,2020,3,662199,21571,17683576.08
puducherry,2020,4,696218,296744,240170697.39
puducherry,2020,4,674838,143799,116384240.36
puducherry,2020,4,687092,80619,65249343.59
puducherry,2020,4,642231,64785,52434614.39
puducherry,2020,4,630477,48559,39301552.32
puducherry,2020,4,663604,42158,34121295.51
puducherry,2020,4,686209,32312,26151964.7
puducherry,2020,4,648565,29212,23643180.91
puducherry,2020,4,678669,25938,20993073.09
puducherry,2020,4,690076,24890,20145383.45
puducherry,2021,1,692574,242452,197456622.67
puducherry,2021,1,693290,101999,83069751.56
puducherry,2021,1,655922,67679,55119234.48
puducherry,2021,1,622868,55374,45098016.23
puducherry,2021,1,682337,46186,37614880.47
puducherry,2021,1,640417,36983,30120127.41
puducherry,2021,1,637266,31901,25980804.75
puducherry,2021,1,646804,26950,21948711.06
puducherry,2021,1,628767,22575,18385918.53
puducherry,2021,1,649645,22244,18116515.49
puducherry,2021,2,658159,243027,198369728.45
puducherry,2021,2,637144,117783,96140338.27
puducherry,2021,2,642796,76440,62394164.35
puducherry,2021,2,697142,59727,48752025.89
puducherry,2021,2,674548,47837,39046728.12
puducherry,2021,2,627467,41602,33958137.89
puducherry,2021,2,619632,33703,27510603.21
puducherry,2021,2,617343,31294,25543671.17
puducherry,2021,2,654540,27406,22370479.79
puducherry,2021,2,615610,22546,18403505.03
puducherry,2021,3,657163,288652,237384258.12
puducherry,2021,3,691716,136660,112387826.32
puducherry,2021,3,698680,79154,65095238.05
puducherry,2021,3,672581,61202,50332148.66
puducherry,2021,3,618515,45522,37437522.85
puducherry,2021,3,650049,43193,35521592.7
puducherry,2021,3,651258,34230,28150631.54
puducherry,2021,3,617686,28286,23262408.83
puducherry,2021,3,624726,27102,22288340.94
puducherry,2021,3,692601,25518,20985773.02
puducherry,2021,4,637563,290933,241769266.16
puducherry,2021,4,616250,137649,114388201.84
puducherry,2021,4,696631,93316,77547369.29
puducherry,2021,4,669553,73694,61240884.41
puducherry,2021,4,644014,62058,51571616.32
puducherry,2021,4,678048,44943,37348368.64
puducherry,2021,4,653243,42946,35688949.13
puducherry,2021,4,658877,32120,26692330.57
puducherry,2021,4,652778,31759,26392263.61
puducherry,2021,4,636580,26127,21712408.84
puducherry,2022,1,688191,274605,232168661.32
puducherry,2022,1,678100,120997,102299074.33
puducherry,2022,1,614462,84011,71028691.24
puducherry,2022,1,687527,56965,48162198.79
puducherry,2022,1,634874,46072,38952873.79
puducherry,2022,1,648284,39740,33599047.02
puducherry,2022,1,690127,37190,31443023.14
puducherry,2022,1,683982,28555,24142633.78
puducherry,2022,1,639992,27651,23377890.83
puducherry,2022,1,684164,24364,20598908.61
puducherry,2022,2,663843,292355,243418057.88
puducherry,2022,2,658774,130664,108792411.9
puducherry,2022,2,637266,82216,68453941.32
puducherry,2022,2,632630,58076,48354633.76
puducherry,2022,2,690848,44813,37312103.96
puducherry,2022,2,667439,41449,34511619.91
puducherry,2022,2,652307,35774,29786404.73
puducherry,2022,2,644919,30641,25512442.52
puducherry,2022,2,652719,25890,21556568.44
puducherry,2022,2,658396,25382,21133558.45
puducherry,2022,3,670007,300699,254243718.59
puducherry,2022,3,693759,132322,111879467.38
puducherry,2022,3,679177,96462,81559503.97
puducherry,2022,3,669363,71544,60491591.07
puducherry,2022,3,645255,51521,43561817.47
puducherry,2022,3,611834,39969,33794625.86
puducherry,2022,3,683124,37453,31667356.12
puducherry,2022,3,687877,32399,27393730.59
puducherry,2022,3,625949,26746,22614799.8
puducherry,2022,3,634637,24846,21007666.39
puducherry,2022,4,667993,345426,291547633.0
puducherry,2022,4,676314,186926,157770319.12
puducherry,2022,4,636369,120836,101988893.55
puducherry,2022,4,635554,79945,67475346.78
puducherry,2022,4,659428,64755,54655265.99
puducherry,2022,4,620729,53071,44793772.05
puducherry,2022,4,610503,49426,41717118.24
puducherry,2022,4,620341,42706,36044787.42
puducherry,2022,4,611368,34818,29387747.79
puducherry,2022,4,653035,31279,26400455.84
puducherry,2023,1,673671,272637,229327841.11
puducherry,2023,1,645135,146921,123582460.11
puducherry,2023,1,624064,91128,76652144.99
puducherry,2023,1,626287,67289,56599854.79
puducherry,2023,1,671952,49108,41307143.09
puducherry,2023,1,611980,45828,38548367.4
puducherry,2023,1,693191,37644,31664457.34
puducherry,2023,1,629419,32821,27607652.46
puducherry,2023,1,628509,29360,24696690.21
puducherry,2023,1,674577,23097,19428726.07
puducherry,2023,2,637882,294654,250803434.14
puducherry,2023,2,656707,144794,123246148.3
puducherry,2023,2,689988,104492,88941920.38
puducherry,2023,2,680121,76816,65384236.66
puducherry,2023,2,633506,53560,45589529.64
puducherry,2023,2,658868,46770,39809745.73
puducherry,2023,2,663977,43383,36927520.36
puducherry,2023,2,693517,35852,30517102.08
puducherry,2023,2,672194,30548,26002218.56
puducherry,2023,2,699557,27600,23493189.04
puducherry,2023,3,629687,338144,287861202.12
puducherry,2023,3,692609,164151,139741205.04
puducherry,2023,3,683949,99253,84494297.9
puducherry,2023,3,654885,72329,61574193.96
puducherry,2023,3,628390,60342,51369049.58
puducherry,2023,3,642915,47271,40242269.82
puducherry,2023,3,666521,40172,34198826.24
puducherry,2023,3,673138,38847,33070601.71
puducherry,2023,3,690411,32470,27641691.33
puducherry,2023,3,684287,30193,25703586.71
puducherry,2023,4,659700,383208,324446905.24
puducherry,2023,4,651369,200264,169555631.29
puducherry,2023,4,677745,123539,104596242.12
puducherry,2023,4,662385,99218,84004351.63
puducherry,2023,4,687018,70599,59773505.16
puducherry,2023,4,614168,55845,47282058.81
puducherry,2023,4,653960,54671,46288004.04
puducherry,2023,4,657576,41107,34804358.47
puducherry,2023,4,640060,36964,31296161.92
puducherry,2023,4,636962,32353,27392150.76
punjab,2018,1,171087,1085301,851762472.63
punjab,2018,1,162859,591828,464476740.17
punjab,2018,1,191052,350430,275024016.82
punjab,2018,1,127860,299319,234911090.81
punjab,2018,1,164498,209351,164302939.33
punjab,2018,1,136808,197895,155311785.73
punjab,2018,1,165234,160385,125873203.32
punjab,2018,1,157618,131229,102990807.77
punjab,2018,1,138927,121252,95160752.45
punjab,2018,1,183357,115854,90924732.0
punjab,2018,2,179050,1296798,1027755745.77
punjab,2018,2,179825,664521,526655124.1
punjab,2018,2,164551,415579,329360337.81
punjab,2018,2,177706,339373,268964513.11
punjab,2018,2,129424,248565,196996013.78
punjab,2018,2,181490,232495,184260335.69
punjab,2018,2,178074,175858,139373824.74
punjab,2018,2,197649,168881,133844218.33
punjab,2018,2,185511,144737,114709190.51
punjab,2018,2,134475,125860,99748882.89
punjab,2018,3,112425,1775363,1410464442.79
punjab,2018,3,137714,813398,646217011.01
punjab,2018,3,135119,572273,454651108.7
punjab,2018,3,149132,415367,329994731.62
punjab,2018,3,117465,283912,225558534.36
punjab,2018,3,113892,252219,200379913.88
punjab,2018,3,111725,222103,176453497.07
punjab,2018,3,111499,179855,142888838.5
punjab,2018,3,138595,159554,126760738.62
punjab,2018,3,168772,139676,110967972.56
punjab,2018,4,122415,1926619,1541547919.48
punjab,2018,4,120835,893061,714566315.65
punjab,2018,4,154503,597569,478134017.18
punjab,2018,4,131148,432549,346096233.15
punjab,2018,4,142407,357396,285963808.37
punjab,2018,4,118102,293776,235059638.48
punjab,2018,4,194160,236071,188888212.57
punjab,2018,4,149038,208093,166502185.0
punjab,2018,4,158926,167385,133930585.73
punjab,2018,4,182117,147939,118370952.74
punjab,2019,1,195040,1562412,1253774460.66
punjab,2019,1,180425,778657,624842419.38
punjab,2019,1,140890,544679,437083639.82
punjab,2019,1,164234,401130,321891637.86
punjab,2019,1,113392,307388,246667462.65
punjab,2019,1,173031,239135,191896578.83
punjab,2019,1,113550,213409,171252779.86
punjab,2019,1,172876,198351,159168994.53
punjab,2019,1,141301,182490,146441162.26
punjab,2019,1,147043,142022,113967442.06
punjab,2019,2,128476,1798615,1449917691.75
punjab,2019,2,147918,1014199,817576529.88
punjab,2019,2,172571,630309,508111075.77
punjab,2019,2,170195,447541,360776368.57
punjab,2019,2,170480,331113,266920243.11
punjab,2019,2,194690,265563,214078347.64
punjab,2019,2,142179,250022,201550656.41
punjab,2019,2,126063,207475,167252514.92
punjab,2019,2,141911,174114,140358601.86
punjab,2019,2,179703,156632,126265985.84
punjab,2019,3,184182,2239504,1825312879.41
punjab,2019,3,193458,985990,803633710.25
punjab,2019,3,147197,696746,567884899.82
punjab,2019,3,110852,529433,431515881.97
punjab,2019,3,151246,435697,355116150.08
punjab,2019,3,157873,361834,294913977.51
punjab,2019,3,179025,297915,242816341.62
punjab,2019,3,118527,223312,182010989.06
punjab,2019,3,174471,213780,174242093.12
punjab,2019,3,113099,185103,150869128.09
punjab,2019,4,194660,2354600,1872933149.52
punjab,2019,4,155567,1196747,951935709.45
punjab,2019,4,143404,723096,575176341.49
punjab,2019,4,199105,630002,501126373.74
punjab,2019,4,149350,467914,372196122.32
punjab,2019,4,186593,410432,326472555.88
punjab,2019,4,181861,315012,250571904.29
punjab,2019,4,175738,267780,213002324.81
punjab,2019,4,126465,262630,208905558.08
punjab,2019,4,123136,214353,170504256.63
punjab,2020,1,171906,2043250,1649062494.05
punjab,2020,1,182102,987880,797296278.67
punjab,2020,1,117025,652836,526889752.85
punjab,2020,1,175836,457534,369265697.14
punjab,2020,1,151808,405398,327188358.2
punjab,2020,1,119470,289352,233529859.85
punjab,2020,1,166345,259605,209521703.92
punjab,2020,1,145470,241729,195094726.21
punjab,2020,1,192123,209829,169348657.69
punjab,2020,1,160982,177027,142874636.38
punjab,2020,2,138353,2276341,1872364149.98
punjab,2020,2,171738,1266634,1041848130.35
punjab,2020,2,138456,729416,599968290.48
punjab,2020,2,113981,565513,465153170.2
punjab,2020,2,154291,420975,346265740.5
punjab,2020,2,121631,400871,329730169.0
punjab,2020,2,141398,333676,274459699.93
punjab,2020,2,142350,256348,210854526.6
punjab,2020,2,156673,242264,199270709.11
punjab,2020,2,133394,200863,165217100.45
punjab,2020,3,136478,2704948,2184130995.54
punjab,2020,3,149024,1150352,928860287.84
punjab,2020,3,126224,872940,704862181.64
punjab,2020,3,132291,564713,455981856.4
punjab,2020,3,115597,492139,397381975.98
punjab,2020,3,137509,353692,285591651.32
punjab,2020,3,174893,319354,257865427.42
punjab,2020,3,139566,296381,239315097.98
punjab,2020,3,151931,227210,183462912.5
punjab,2020,3,145936,212996,171985406.07
punjab,2020,4,139652,2887984,2336844086.5
punjab,2020,4,195420,1443458,1167990305.74
punjab,2020,4,145958,867434,701893951.43
punjab,2020,4,192493,644735,521694946.76
punjab,2020,4,146260,484251,391837401.35
punjab,2020,4,182385,391014,316393541.47
punjab,2020,4,127645,351117,284110921.32
punjab,2020,4,118607,283787,229629440.34
punjab,2020,4,132541,272975,220880996.3
punjab,2020,4,179531,247174,200004117.05
punjab,2021,1,196004,2473062,2051683514.75
punjab,2021,1,134867,1150117,954152137.46
punjab,2021,1,167219,748915,621309437.29
punjab,2021,1,177741,488260,405066723.28
punjab,2021,1,185033,449850,373201794.65
punjab,2021,1,194882,377078,312829187.65
punjab,2021,1,193341,316766,262793467.05
punjab,2021,1,180589,267665,222058707.36
punjab,2021,1,134910,220802,183180508.63
punjab,2021,1,171268,217645,180561114.86
punjab,2021,2,183136,2628708,2176697866.21
punjab,2021,2,196065,1081015,895133373.29
punjab,2021,2,159049,848092,702261338.59
punjab,2021,2,136308,615126,509354191.33
punjab,2021,2,132332,446011,369319261.42
punjab,2021,2,164442,385983,319613136.57
punjab,2021,2,111586,306168,253522655.71
punjab,2021,2,138143,304813,252400661.78
punjab,2021,2,161750,247109,204618652.59
punjab,2021,2,169719,232275,192335648.07
punjab,2021,3,129813,2760539,2297264821.98
punjab,2021,3,196585,1355779,1128252101.0
punjab,2021,3,196537,771259,641826180.54
punjab,2021,3,128013,581085,483567343.6
punjab,2021,3,113184,522703,434983007.53
punjab,2021,3,113047,411773,342669760.01
punjab,2021,3,140180,368661,306792764.78
punjab,2021,3,173928,291827,242853219.89
punjab,2021,3,177842,270777,225335823.49
punjab,2021,3,163256,229144,190689444.5
punjab,2021,4,119000,3188036,2676325925.27
punjab,2021,4,157301,1685022,1414560126.0
punjab,2021,4,176301,1006784,845186026.13
punjab,2021,4,124755,739982,621207762.24
punjab,2021,4,140965,564767,474117072.75
punjab,2021,4,195889,497863,417951638.52
punjab,2021,4,142071,416588,349721606.5
punjab,2021,4,135094,403986,339142360.35
punjab,2021,4,143614,350289,294064884.38
punjab,2021,4,178576,295554,248114815.84
punjab,2022,1,171855,2503415,2085763590.25
punjab,2022,1,116415,1265658,1054505023.12
punjab,2022,1,177034,845190,704185160.35
punjab,2022,1,135853,609469,507789642.93
punjab,2022,1,140473,488099,406668375.84
punjab,2022,1,155832,383799,319768867.17
punjab,2022,1,142355,383346,319391883.93
punjab,2022,1,191246,289285,241022948.58
punjab,2022,1,192059,257456,214504178.44
punjab,2022,1,187426,234059,195010639.39
punjab,2022,2,182121,2835117,2357894625.71
punjab,2022,2,145694,1333126,1108727087.73
punjab,2022,2,151457,966291,803640359.85
punjab,2022,2,140742,686558,570992997.47
punjab,2022,2,171088,583172,485009429.24
punjab,2022,2,158588,491860,409067656.73
punjab,2022,2,187857,401528,333940825.99
punjab,2022,2,197926,350194,291247966.03
punjab,2022,2,194674,312098,259564233.59
punjab,2022,2,131586,293408,244020259.79
punjab,2022,3,136403,3124738,2656573059.12
punjab,2022,3,174311,1384421,1177000382.26
punjab,2022,3,139004,990568,842155869.23
punjab,2022,3,115908,680835,578828946.69
punjab,2022,3,142349,516899,439454883.73
punjab,2022,3,189764,491851,418160009.85
punjab,2022,3,167422,411820,350118997.9
punjab,2022,3,135523,348382,296185983.34
punjab,2022,3,183527,288795,245526245.33
punjab,2022,3,147418,286843,243867137.54
punjab,2022,4,178252,3488935,2932248430.2
punjab,2022,4,132685,1711691,1438577348.89
punjab,2022,4,158910,1179214,991061736.3
punjab,2022,4,136599,981148,824598680.99
punjab,2022,4,142599,747420,628163474.35
punjab,2022,4,163714,633957,532804273.62
punjab,2022,4,142195,519643,436730022.09
punjab,2022,4,188862,438194,368277173.61
punjab,2022,4,162283,406748,341848765.18
punjab,2022,4,196896,339861,285633499.22
punjab,2023,1,133680,2954091,2458187035.49
punjab,2023,1,158900,1486293,1236788395.3
punjab,2023,1,147827,1014641,844312827.51
punjab,2023,1,183824,688456,572885036.29
punjab,2023,1,114023,527955,439327616.19
punjab,2023,1,156625,442229,367992504.84
punjab,2023,1,135940,402949,335306040.29
punjab,2023,1,138470,354988,295396767.08
punjab,2023,1,165830,279268,232387857.14
punjab,2023,1,152714,273845,227875322.15
punjab,2023,2,175119,2997552,2577729762.08
punjab,2023,2,129867,1372494,1180269317.17
punjab,2023,2,178403,1049535,902542717.56
punjab,2023,2,144858,750971,645793660.03
punjab,2023,2,160609,561083,482500904.56
punjab,2023,2,137859,513510,441590997.85
punjab,2023,2,142613,417031,358624168.43
punjab,2023,2,190659,347786,299077614.3
punjab,2023,2,182062,306652,263704069.66
punjab,2023,2,117582,295036,253714932.42
punjab,2023,3,171000,3586018,3048888762.27
punjab,2023,3,152835,1675036,1424142444.61
punjab,2023,3,197522,1196449,1017239932.95
punjab,2023,3,170506,764184,649721446.6
punjab,2023,3,167299,704061,598603954.55
punjab,2023,3,136984,534515,454453518.05
punjab,2023,3,173934,454555,386469833.01
punjab,2023,3,190439,418100,355475749.44
punjab,2023,3,124307,379857,322960395.24
punjab,2023,3,148379,296969,252488420.75
punjab,2023,4,143707,3804800,3285874664.11
punjab,2023,4,181078,2004430,1731052016.4
punjab,2023,4,195168,1172301,1012414751.75
punjab,2023,4,145256,969177,836994336.68
punjab,2023,4,122932,724039,625289799.93
punjab,2023,4,195408,617771,533515764.51
punjab,2023,4,128584,530717,458334803.5
punjab,2023,4,135001,462170,399136093.51
punjab,2023,4,131508,376927,325519482.89
punjab,2023,4,185686,316142,273024990.17
rajasthan,2018,1,395674,1699915,1350878304.38
rajasthan,2018,1,373537,856545,680674132.47
rajasthan,2018,1,396690,621659,494016776.88
rajasthan,2018,1,326573,436671,347011515.02
rajasthan,2018,1,389694,325342,258541089.87
rajasthan,2018,1,315687,309568,246005702.44
rajasthan,2018,1,333010,229237,182169105.74
rajasthan,2018,1,323317,218228,173420625.86
rajasthan,2018,1,324483,197586,157017185.54
rajasthan,2018,1,366901,175073,139126165.3
rajasthan,2018,2,318180,2152578,1695794701.88
rajasthan,2018,2,337498,902320,710845618.76
rajasthan,2018,2,380334,652852,514315570.76
rajasthan,2018,2,385779,481893,379634107.93
rajasthan,2018,2,385088,411563,324228709.19
rajasthan,2018,2,397133,340443,268200307.89
rajasthan,2018,2,320929,279328,220054452.97
rajasthan,2018,2,340736,239821,188930599.24
rajasthan,2018,2,365267,206956,163039974.3
rajasthan,2018,2,345001,177064,139490880.58
rajasthan,2018,3,314550,2415947,1935987229.39
rajasthan,2018,3,387620,1221643,978947471.91
rajasthan,2018,3,375619,758587,607883627.31
rajasthan,2018,3,389074,625149,500955501.73
rajasthan,2018,3,354309,458494,367408070.17
rajasthan,2018,3,317163,384542,308147623.4
rajasthan,2018,3,336230,332423,266383530.28
rajasthan,2018,3,388034,275072,220425580.86
rajasthan,2018,3,375132,244018,195540988.58
rajasthan,2018,3,323324,227840,182576850.65
rajasthan,2018,4,381703,2862130,2256043142.55
rajasthan,2018,4,347463,1681483,1325411462.56
rajasthan,2018,4,385692,1010516,796528818.98
rajasthan,2018,4,374815,760644,599569616.7
rajasthan,2018,4,379307,578315,455850966.73
rajasthan,2018,4,398053,458169,361147202.28
rajasthan,2018,4,355139,444934,350714813.86
rajasthan,2018,4,377226,327261,257960604.22
rajasthan,2018,4,338424,291672,229907760.22
rajasthan,2018,4,357543,267843,211124727.01
rajasthan,2019,1,359664,2735986,2193496172.52
rajasthan,2019,1,339431,1210323,970341154.87
rajasthan,2019,1,362051,742695,595434289.38
rajasthan,2019,1,387958,612550,491093961.36
rajasthan,2019,1,340025,491026,393665945.64
rajasthan,2019,1,383745,404257,324101127.48
rajasthan,2019,1,322000,350613,281094107.95
rajasthan,2019,1,331972,304342,243997371.71
rajasthan,2019,1,388346,232061,186048563.28
rajasthan,2019,1,398308,205466,164726859.08
rajasthan,2019,2,321084,2870150,2330535597.95
rajasthan,2019,2,377237,1225250,994891777.48
rajasthan,2019,2,346722,920707,747605801.33
rajasthan,2019,2,323632,670648,544560501.95
rajasthan,2019,2,383665,478503,388540521.04
rajasthan,2019,2,316705,370709,301012725.31
rajasthan,2019,2,356417,316687,257147082.31
rajasthan,2019,2,346163,311157,252657166.74
rajasthan,2019,2,358169,284078,230669000.01
rajasthan,2019,2,325310,227447,184684907.16
rajasthan,2019,3,386291,3335419,2658398249.9
rajasthan,2019,3,335043,1745035,1390829497.5
rajasthan,2019,3,335383,1160412,924872494.85
rajasthan,2019,3,328376,843649,672406274.11
rajasthan,2019,3,389069,567452,452271119.62
rajasthan,2019,3,373863,493752,393530663.95
rajasthan,2019,3,363538,421183,335692290.57
rajasthan,2019,3,390190,404813,322644751.08
rajasthan,2019,3,328174,366963,292477429.87
rajasthan,2019,3,325644,326162,259958471.53
rajasthan,2019,4,397471,4032376,3272067555.22
rajasthan,2019,4,381749,1952852,1584639919.92
rajasthan,2019,4,396428,1119070,908068843.31
rajasthan,2019,4,397897,868374,704641191.57
rajasthan,2019,4,332349,653731,530469359.65
rajasthan,2019,4,381969,569372,462016390.33
rajasthan,2019,4,352649,528736,429042435.67
rajasthan,2019,4,359920,437266,354819154.02
rajasthan,2019,4,348066,417034,338402237.52
rajasthan,2019,4,328945,315791,256248602.9
rajasthan,2020,1,385346,3269973,2624234420.42
rajasthan,2020,1,349114,1582663,1270126410.12
rajasthan,2020,1,382507,976477,783647674.34
rajasthan,2020,1,330460,755899,606628185.34
rajasthan,2020,1,371961,583663,468404161.21
rajasthan,2020,1,360082,425834,341742828.82
rajasthan,2020,1,338400,424306,340516738.91
rajasthan,2020,1,338998,352925,283231059.37
rajasthan,2020,1,376302,326007,261629401.26
rajasthan,2020,1,351927,284009,227924785.6
rajasthan,2020,2,366421,3637633,3006436840.51
rajasthan,2020,2,390039,1820151,1504321765.13
rajasthan,2020,2,321687,1155657,955129089.59
rajasthan,2020,2,372435,856795,708125258.98
rajasthan,2020,2,321071,671340,554850559.68
rajasthan,2020,2,394052,520631,430292191.84
rajasthan,2020,2,329105,403361,333371102.53
rajasthan,2020,2,386515,364400,301169939.12
rajasthan,2020,2,344629,352342,291204632.6
rajasthan,2020,2,349628,278305,230014419.42
rajasthan,2020,3,390310,3934857,3258347497.47
rajasthan,2020,3,393380,2001876,1657699065.25
rajasthan,2020,3,310739,1101644,912241650.27
rajasthan,2020,3,373875,910820,754225362.16
rajasthan,2020,3,322922,746667,618295022.86
rajasthan,2020,3,333850,627142,519319557.1
rajasthan,2020,3,372860,497800,412215212.53
rajasthan,2020,3,364429,428030,354440706.49
rajasthan,2020,3,329606,394320,326526329.92
rajasthan,2020,3,346722,347878,288068484.69
rajasthan,2020,4,341174,4149753,3420529132.6
rajasthan,2020,4,333078,2321419,1913482836.1
rajasthan,2020,4,377973,1322045,1089725952.32
rajasthan,2020,4,311825,1130547,931879274.68
rajasthan,2020,4,371364,797344,657229279.06
rajasthan,2020,4,338136,605160,498817318.13
rajasthan,2020,4,383113,580380,478391859.4
rajasthan,2020,4,333147,455014,375055985.02
rajasthan,2020,4,329753,407398,335807782.55
rajasthan,2020,4,391603,374974,309081488.65
rajasthan,2021,1,346812,3737468,3107402685.1
rajasthan,2021,1,315616,1757695,1461381927.35
rajasthan,2021,1,395046,1141008,948656000.4
rajasthan,2021,1,312687,896167,745091052.56
rajasthan,2021,1,330546,607965,505474501.69
rajasthan,2021,1,334744,493900,410638161.35
rajasthan,2021,1,316036,452266,376022945.9
rajasthan,2021,1,386756,389959,324219798.68
rajasthan,2021,1,380298,360793,299970821.03
rajasthan,2021,1,362767,308516,256506576.54
rajasthan,2021,2,381494,4200652,3465516722.84
rajasthan,2021,2,390141,2023845,1669662250.01
rajasthan,2021,2,374929,1298564,1071309291.68
rajasthan,2021,2,370994,857392,707344153.36
rajasthan,2021,2,392902,672699,554973566.75
rajasthan,2021,2,335084,629421,519269596.67
rajasthan,2021,2,370577,483612,398977969.68
rajasthan,2021,2,342909,477972,394324651.33
rajasthan,2021,2,326036,431747,356189099.11
rajasthan,2021,2,376878,352226,290585390.69
rajasthan,2021,3,379127,3998604,3351685564.58
rajasthan,2021,3,388392,2200567,1844546450.31
rajasthan,2021,3,325970,1447652,1213442810.32
rajasthan,2021,3,397748,1007239,844282515.62
rajasthan,2021,3,343559,790962,662995752.01
rajasthan,2021,3,387525,674868,565684090.63
rajasthan,2021,3,358152,540328,452910779.27
rajasthan,2021,3,388058,464306,389187971.04
rajasthan,2021,3,344255,445390,373332272.94
rajasthan,2021,3,321969,381410,319703507.14
rajasthan,2021,4,325817,4828444,4004196921.32
rajasthan,2021,4,351480,2279298,1890207154.04
rajasthan,2021,4,398915,1636592,1357215043.74
rajasthan,2021,4,327801,1112546,922627534.83
rajasthan,2021,4,315711,935058,775438027.55
rajasthan,2021,4,311259,789909,655066531.77
rajasthan,2021,4,392342,649294,538456004.42
rajasthan,2021,4,377589,601292,498647822.47
rajasthan,2021,4,316048,507104,420538391.39
rajasthan,2021,4,354934,410059,340059586.79
rajasthan,2022,1,395350,4443524,3724764815.43
rajasthan,2022,1,368154,1884477,1579654758.39
rajasthan,2022,1,354650,1254834,1051859834.81
rajasthan,2022,1,393756,959380,804196058.12
rajasthan,2022,1,377931,680463,570395359.15
rajasthan,2022,1,323057,626155,524872221.83
rajasthan,2022,1,383265,501133,420073228.4
rajasthan,2022,1,353683,480410,402701784.31
rajasthan,2022,1,328486,363671,304846447.47
rajasthan,2022,1,344212,328682,275516380.14
rajasthan,2022,2,324744,4425384,3760544740.2
rajasthan,2022,2,338562,1948692,1655934128.46
rajasthan,2022,2,364545,1510675,1283722386.07
rajasthan,2022,2,331343,1077864,915933804.4
rajasthan,2022,2,368632,884389,751524915.72
rajasthan,2022,2,394948,627693,533393078.21
rajasthan,2022,2,320431,560451,476253515.79
rajasthan,2022,2,322247,548969,466496378.14
rajasthan,2022,2,387318,435560,370124713.68
rajasthan,2022,2,331456,408887,347459141.17
rajasthan,2022,3,342018,4670825,3965947011.06
rajasthan,2022,3,392217,2395806,2034253769.86
rajasthan,2022,3,376324,1586582,1347149919.3
rajasthan,2022,3,389989,1204372,1022619543.5
rajasthan,2022,3,330410,826847,702066999.83
rajasthan,2022,3,351527,731386,621012047.11
rajasthan,2022,3,382924,661266,561474350.32
rajasthan,2022,3,366579,595193,505372500.68
rajasthan,2022,3,384761,464170,394121793.69
rajasthan,2022,3,326613,448050,380434746.77
rajasthan,2022,4,360258,5302914,4460214393.76
rajasthan,2022,4,394569,2832565,2382435228.79
rajasthan,2022,4,357546,1623121,1365187065.38
rajasthan,2022,4,337778,1335648,1123397041.13
rajasthan,2022,4,347120,1139396,958331989.55
rajasthan,2022,4,377122,799203,672200074.92
rajasthan,2022,4,354427,686372,577299018.96
rajasthan,2022,4,399854,607729,511153285.15
rajasthan,2022,4,367977,594639,500143746.45
rajasthan,2022,4,364992,477047,401238444.67
rajasthan,2023,1,393258,4842083,4105663116.12
rajasthan,2023,1,331220,1988029,1685675220.59
rajasthan,2023,1,370031,1449750,1229261599.92
rajasthan,2023,1,389520,1031040,874232131.73
rajasthan,2023,1,322511,793502,672820531.8
rajasthan,2023,1,321945,637086,540193859.85
rajasthan,2023,1,362328,526829,446705568.23
rajasthan,2023,1,369361,464388,393760434.13
rajasthan,2023,1,372408,418736,355051685.46
rajasthan,2023,1,357837,386438,327666343.69
rajasthan,2023,2,394941,4883324,4133957586.75
rajasthan,2023,2,378205,2344006,1984308547.04
rajasthan,2023,2,318604,1688969,1429789981.04
rajasthan,2023,2,328157,1253014,1060733978.01
rajasthan,2023,2,367852,964027,816093462.81
rajasthan,2023,2,356120,789379,668245601.23
rajasthan,2023,2,348827,660433,559087592.51
rajasthan,2023,2,311444,561916,475688157.43
rajasthan,2023,2,355040,476736,403578901.81
rajasthan,2023,2,348156,451023,381812266.75
rajasthan,2023,3,392401,4951195,4228645131.35
rajasthan,2023,3,337754,2617043,2235126586.65
rajasthan,2023,3,313890,1837962,1569740257.47
rajasthan,2023,3,384043,1250417,1067938529.44
rajasthan,2023,3,394626,984238,840604111.3
rajasthan,2023,3,340118,854295,729624543.37
rajasthan,2023,3,392769,634285,541721456.61
rajasthan,2023,3,399071,558511,477005460.11
rajasthan,2023,3,382169,507481,433422154.27
rajasthan,2023,3,354495,476306,406797031.91
rajasthan,2023,4,392326,5488906,4763392409.73
rajasthan,2023,4,339785,2847519,2471139282.78
rajasthan,2023,4,366892,2091326,1814898719.17
rajasthan,2023,4,393138,1363120,1182945481.98
rajasthan,2023,4,322104,1228607,1066212014.48
rajasthan,2023,4,329099,844098,732527338.33
rajasthan,2023,4,333273,815430,707648397.78
rajasthan,2023,4,356078,753372,653792840.25
rajasthan,2023,4,344514,554555,481255509.04
rajasthan,2023,4,358302,533572,463045438.72
sikkim,2018,1,782956,79201,61923264.0
sikkim,2018,1,756842,38255,29910116.57
sikkim,2018,1,724707,24050,18803868.14
sikkim,2018,1,776679,17122,13387162.5
sikkim,2018,1,743985,13298,10397711.27
sikkim,2018,1,714113,13268,10374096.27
sikkim,2018,1,791845,11233,8782787.27
sikkim,2018,1,715004,9046,7073234.9
sikkim,2018,1,795323,8322,6507251.51
sikkim,2018,1,795237,6740,5269812.02
sikkim,2018,2,714306,85399,68472157.0
sikkim,2018,2,795239,40826,32734191.81
sikkim,2018,2,750158,26858,21534710.28
sikkim,2018,2,796561,20003,16038254.44
sikkim,2018,2,741507,16523,13248647.85
sikkim,2018,2,764242,14266,11438966.22
sikkim,2018,2,790843,12300,9862228.03
sikkim,2018,2,778768,11083,8886614.65
sikkim,2018,2,764528,9849,7897217.08
sikkim,2018,2,731610,7636,6122926.91
sikkim,2018,3,761493,104432,82424953.92
sikkim,2018,3,737611,53487,42215675.62
sikkim,2018,3,798975,37696,29752992.64
sikkim,2018,3,793614,25152,19851941.11
sikkim,2018,3,794352,20390,16093575.33
sikkim,2018,3,759214,16747,13218539.63
sikkim,2018,3,769617,14519,11459577.79
sikkim,2018,3,780310,13557,10700498.89
sikkim,2018,3,742344,12055,9515316.5
sikkim,2018,3,757078,9628,7599279.67
sikkim,2018,4,765901,120764,96221191.46
sikkim,2018,4,757198,61932,49345483.83
sikkim,2018,4,714876,39777,31693749.6
sikkim,2018,4,750291,28727,22888955.72
sikkim,2018,4,773955,20133,16041555.46
sikkim,2018,4,766626,18458,14707359.72
sikkim,2018,4,787395,16615,13238813.23
sikkim,2018,4,762262,13332,10622996.63
sikkim,2018,4,770449,12204,9724494.96
sikkim,2018,4,740072,10523,8384732.14
sikkim,2019,1,714098,112213,88959607.4
sikkim,2019,1,712563,54780,43428729.03
sikkim,2019,1,799472,35314,27996728.51
sikkim,2019,1,741657,29371,23285029.62
sikkim,2019,1,783718,22758,18042181.82
sikkim,2019,1,799233,18350,14547458.3
sikkim,2019,1,744602,14627,11596265.96
sikkim,2019,1,732406,12108,9599364.26
sikkim,2019,1,797467,11900,9434623.34
sikkim,2019,1,761303,10938,8671937.13
sikkim,2019,2,777084,126184,101398152.64
sikkim,2019,2,750083,67024,53859069.81
sikkim,2019,2,785414,41788,33579819.28
sikkim,2019,2,713908,27802,22341215.6
sikkim,2019,2,725899,23340,18755440.3
sikkim,2019,2,738618,18124,14564415.91
sikkim,2019,2,739123,17153,13784419.43
sikkim,2019,2,726310,15700,12616472.85
sikkim,2019,2,786442,12159,9771409.93
sikkim,2019,2,783057,11598,9319896.74
sikkim,2019,3,713894,139114,114138597.59
sikkim,2019,3,726627,58742,48196207.91
sikkim,2019,3,799533,43822,35954628.62
sikkim,2019,3,741436,28622,23483644.65
sikkim,2019,3,784871,24656,20229807.45
sikkim,2019,3,743524,20133,16519120.81
sikkim,2019,3,772950,16908,13872860.63
sikkim,2019,3,778563,15054,12351853.8
sikkim,2019,3,759070,12939,10616239.08
sikkim,2019,3,777365,11633,9544880.44
sikkim,2019,4,794984,159043,129828764.19
sikkim,2019,4,758522,66194,54035056.87
sikkim,2019,4,792165,47034,38394943.6
sikkim,2019,4,764559,38517,31441808.8
sikkim,2019,4,751322,29748,24283654.03
sikkim,2019,4,717400,24708,20169732.75
sikkim,2019,4,726523,19988,16316899.14
sikkim,2019,4,765562,18279,14921790.3
sikkim,2019,4,763128,15955,13024652.56
sikkim,2019,4,783813,12139,9909950.09
sikkim,2020,1,753905,133673,108669606.18
sikkim,2020,1,744630,69880,56809137.2
sikkim,2020,1,787366,43670,35502114.57
sikkim,2020,1,765901,31546,25645908.2
sikkim,2020,1,787160,23102,18781449.78
sikkim,2020,1,784596,20876,16971691.34
sikkim,2020,1,797241,18329,14900822.14
sikkim,2020,1,791740,16765,13629748.98
sikkim,2020,1,751569,13210,10739097.37
sikkim,2020,1,762298,12875,10467045.22
sikkim,2020,2,740539,150948,121925932.75
sikkim,2020,2,746868,68952,55695401.13
sikkim,2020,2,714901,47278,38187898.49
sikkim,2020,2,735431,33700,27221169.35
sikkim,2020,2,713649,26600,21486253.69
sikkim,2020,2,753958,24005,19390219.29
sikkim,2020,2,734389,18448,14901188.52
sikkim,2020,2,755976,15589,12592434.41
sikkim,2020,2,710106,13560,10952973.54
sikkim,2020,2,729527,12483,10083273.95
sikkim,2020,3,787111,162679,132595969.28
sikkim,2020,3,770655,74286,60548586.28
sikkim,2020,3,747846,48962,39908001.87
sikkim,2020,3,732937,41850,34110980.72
sikkim,2020,3,772586,34466,28092902.49
sikkim,2020,3,723686,26098,21271865.32
sikkim,2020,3,790127,23325,19012203.21
sikkim,2020,3,726689,19157,15614552.33
sikkim,2020,3,732115,15627,12737379.35
sikkim,2020,3,759613,15491,12626689.33
sikkim,2020,4,788634,191391,155141195.78
sikkim,2020,4,725666,97087,78699311.93
sikkim,2020,4,744981,54818,44436167.52
sikkim,2020,4,736034,47025,38119172.79
sikkim,2020,4,720100,34233,27749692.75
sikkim,2020,4,749021,29839,24188143.46
sikkim,2020,4,786435,25267,20482077.5
sikkim,2020,4,756252,21965,17804963.74
sikkim,2020,4,741452,17845,14465438.33
sikkim,2020,4,785827,17822,14446571.96
sikkim,2021,1,727563,156324,128775533.58
sikkim,2021,1,743727,79406,65412588.27
sikkim,2021,1,725782,47678,39276098.78
sikkim,2021,1,710790,37681,31041128.85
sikkim,2021,1,745977,27185,22394643.22
sikkim,2021,1,738074,22893,18858944.67
sikkim,2021,1,732591,20258,16688723.42
sikkim,2021,1,794429,17707,14587083.38
sikkim,2021,1,720532,16440,13543228.37
sikkim,2021,1,771594,13647,11242158.56
sikkim,2021,2,728797,172558,141141887.04
sikkim,2021,2,776613,82085,67140797.29
sikkim,2021,2,716396,57743,47230862.22
sikkim,2021,2,768510,44276,36215357.24
sikkim,2021,2,777214,32744,26783151.64
sikkim,2021,2,756782,28161,23034058.92
sikkim,2021,2,742271,23413,19150516.5
sikkim,2021,2,771474,18367,15023800.22
sikkim,2021,2,732625,18305,14972867.91
sikkim,2021,2,729760,14120,11549386.4
sikkim,2021,3,795239,169290,139434656.38
sikkim,2021,3,776419,80847,66589887.94
sikkim,2021,3,752093,60526,49852120.38
sikkim,2021,3,743252,44600,36734740.84
sikkim,2021,3,752713,35906,29574360.38
sikkim,2021,3,712122,27615,22745443.26
sikkim,2021,3,748696,21984,18107361.38
sikkim,2021,3,750517,20830,17156905.93
sikkim,2021,3,738905,19565,16115116.46
sikkim,2021,3,722092,15483,12752738.84
sikkim,2021,4,746099,199569,167229058.37
sikkim,2021,4,732951,99548,83416749.14
sikkim,2021,4,736195,60231,50470912.06
sikkim,2021,4,760865,44391,37197406.16
sikkim,2021,4,743468,38623,32364812.68
sikkim,2021,4,742393,29255,24514950.04
sikkim,2021,4,730984,26129,21895085.95
sikkim,2021,4,754661,23420,19625239.27
sikkim,2021,4,763861,21013,17608139.99
sikkim,2021,4,735490,17214,14424763.57
sikkim,2022,1,799125,174731,145924109.76
sikkim,2022,1,798493,84474,70547115.39
sikkim,2022,1,759961,49554,41384324.62
sikkim,2022,1,723369,35333,29507909.37
sikkim,2022,1,714370,28893,24130055.16
sikkim,2022,1,722962,23492,19619631.79
sikkim,2022,1,745695,22272,18600485.4
sikkim,2022,1,757941,17499,14614021.04
sikkim,2022,1,765825,17267,14420243.82
sikkim,2022,1,773163,14182,11844348.44
sikkim,2022,2,794164,185231,157156504.92
sikkim,2022,2,744840,84582,71762091.92
sikkim,2022,2,712363,58712,49813683.68
sikkim,2022,2,770586,42262,35857119.26
sikkim,2022,2,772932,33753,28637473.94
sikkim,2022,2,764801,29083,24675138.94
sikkim,2022,2,722793,25265,21435967.47
sikkim,2022,2,788763,20992,17810779.17
sikkim,2022,2,742994,17035,14453285.4
sikkim,2022,2,737507,16138,13692434.87
sikkim,2022,3,718247,203117,171240083.11
sikkim,2022,3,711865,94261,79467868.09
sikkim,2022,3,743044,68329,57605838.52
sikkim,2022,3,780873,47771,40273904.64
sikkim,2022,3,730902,35013,29518878.47
sikkim,2022,3,735121,32011,26987528.49
sikkim,2022,3,786224,24705,20827944.36
sikkim,2022,3,742414,22155,18678521.38
sikkim,2022,3,765489,19092,16096421.79
sikkim,2022,3,763996,18299,15427542.21
sikkim,2022,4,715794,254249,209929429.72
sikkim,2022,4,780856,104792,86525840.43
sikkim,2022,4,744607,70780,58442725.34
sikkim,2022,4,748261,56215,46416336.59
sikkim,2022,4,783650,40608,33529659.13
sikkim,2022,4,728256,36504,30141509.78
sikkim,2022,4,795980,31036,25626346.7
sikkim,2022,4,731708,28592,23608763.97
sikkim,2022,4,745342,22862,18876792.78
sikkim,2022,4,794012,20505,16931295.82
sikkim,2023,1,714716,181785,153077225.64
sikkim,2023,1,721620,87741,73885062.07
sikkim,2023,1,786554,53543,45087583.66
sikkim,2023,1,738127,47578,40064873.52
sikkim,2023,1,776092,32957,27752682.68
sikkim,2023,1,718803,28049,23619907.97
sikkim,2023,1,755895,23637,19904344.65
sikkim,2023,1,799153,20623,17366187.1
sikkim,2023,1,727004,18437,15525884.38
sikkim,2023,1,798217,17114,14411737.6
sikkim,2023,2,769342,190039,160849820.25
sikkim,2023,2,798348,92254,78084664.87
sikkim,2023,2,779499,72517,61379404.05
sikkim,2023,2,783405,52394,44347262.01
sikkim,2023,2,714837,41790,35371247.63
sikkim,2023,2,769709,33139,28049596.13
sikkim,2023,2,731341,25275,21393476.94
sikkim,2023,2,751951,23908,20235853.05
sikkim,2023,2,742134,20032,16955399.55
sikkim,2023,2,736069,17723,15001483.35
sikkim,2023,3,743020,247555,209370535.28
sikkim,2023,3,777420,118216,99981959.46
sikkim,2023,3,788648,67188,56824347.37
sikkim,2023,3,799561,52626,44508849.03
sikkim,2023,3,741816,38891,32892459.73
sikkim,2023,3,724811,34092,28833983.02
sikkim,2023,3,798455,31325,26493565.97
sikkim,2023,3,712254,27010,22843833.83
sikkim,2023,3,761775,24405,20640829.54
sikkim,2023,3,756909,18299,15477009.72
sikkim,2023,4,762421,256168,218282519.64
sikkim,2023,4,744213,116153,98975145.78
sikkim,2023,4,734337,78436,66836193.0
sikkim,2023,4,777233,58201,49594004.34
sikkim,2023,4,745497,44001,37494199.88
sikkim,2023,4,754007,37618,32055316.32
sikkim,2023,4,753244,32066,27323729.79
sikkim,2023,4,783676,26188,22315110.14
sikkim,2023,4,782095,25886,22058131.79
sikkim,2023,4,768125,22027,18769332.73
tamil-nadu,2018,1,693448,2470279,1974893564.14
tamil-nadu,2018,1,668120,1324128,1058590416.36
tamil-nadu,2018,1,651046,869841,695405361.95
tamil-nadu,2018,1,689801,653593,522522864.75
tamil-nadu,2018,1,699964,464128,371052882.75
tamil-nadu,2018,1,620878,437885,350072747.22
tamil-nadu,2018,1,680485,361527,289027244.56
tamil-nadu,2018,1,688093,293577,234703765.89
tamil-nadu,2018,1,686353,291063,232693825.12
tamil-nadu,2018,1,678414,257611,205950253.43
tamil-nadu,2018,2,669089,3448841,2719541056.48
tamil-nadu,2018,2,617709,1535088,1210474850.08
tamil-nadu,2018,2,666311,1120903,883874266.93
tamil-nadu,2018,2,624485,725597,572160871.28
tamil-nadu,2018,2,641204,675208,532427082.04
tamil-nadu,2018,2,690741,472950,372939491.42
tamil-nadu,2018,2,621588,457493,360750881.44
tamil-nadu,2018,2,636126,371889,293249025.64
tamil-nadu,2018,2,644286,366451,288960597.15
tamil-nadu,2018,2,643727,276096,217712266.09
tamil-nadu,2018,3,648902,3813453,3011991780.39
tamil-nadu,2018,3,672130,1632042,1289041044.35
tamil-nadu,2018,3,619165,1190386,940206337.95
tamil-nadu,2018,3,634530,824556,651261862.75
tamil-nadu,2018,3,687877,702376,554760474.59
tamil-nadu,2018,3,656092,574033,453390756.46
tamil-nadu,2018,3,692551,493155,389510248.95
tamil-nadu,2018,3,699826,412188,325560216.78
tamil-nadu,2018,3,647979,369602,291924278.19
tamil-nadu,2018,3,618965,306951,242440203.51
tamil-nadu,2018,4,685586,4779870,3766521261.76
tamil-nadu,2018,4,641136,2137128,1684049981.77
tamil-nadu,2018,4,681309,1415522,1115426916.29
tamil-nadu,2018,4,645999,1095790,863479149.37
tamil-nadu,2018,4,678134,976062,769133816.73
tamil-nadu,2018,4,648335,813193,640793696.18
tamil-nadu,2018,4,637983,646525,509459498.12
tamil-nadu,2018,4,691507,547736,431614832.35
tamil-nadu,2018,4,620500,468133,368887895.16
tamil-nadu,2018,4,694175,439742,346515915.47
tamil-nadu,2019,1,689811,3571838,2874641558.9
tamil-nadu,2019,1,624736,1975215,1589667515.47
tamil-nadu,2019,1,640209,1283302,1032811352.47
tamil-nadu,2019,1,636595,846635,681377993.33
tamil-nadu,2019,1,653520,709359,570897708.23
tamil-nadu,2019,1,614295,558380,449388300.37
tamil-nadu,2019,1,687367,475841,382960611.35
tamil-nadu,2019,1,678947,468950,377414356.4
tamil-nadu,2019,1,659911,406601,327236030.59
tamil-nadu,2019,1,622233,351046,282524787.86
tamil-nadu,2019,2,648135,4381020,3539624521.36
tamil-nadu,2019,2,624991,2010646,1624492264.25
tamil-nadu,2019,2,619674,1243247,1004475898.87
tamil-nadu,2019,2,687069,1007554,814049084.84
tamil-nadu,2019,2,612833,758532,612852890.21
tamil-nadu,2019,2,672454,611041,493687970.13
tamil-nadu,2019,2,650780,549366,443858198.05
tamil-nadu,2019,2,641605,444161,358857947.35
tamil-nadu,2019,2,688053,441880,357014897.36
tamil-nadu,2019,2,628781,390005,315103415.27
tamil-nadu,2019,3,645505,5129202,4140155518.42
tamil-nadu,2019,3,664181,2271833,1833763007.71
tamil-nadu,2019,3,633532,1712315,1382135431.4
tamil-nadu,2019,3,684450,1240171,1001033030.25
tamil-nadu,2019,3,679327,973031,785404907.33
tamil-nadu,2019,3,645154,701189,565981455.59
tamil-nadu,2019,3,681607,658566,531576910.3
tamil-nadu,2019,3,634851,536134,432753592.88
tamil-nadu,2019,3,697779,499673,403323294.99
tamil-nadu,2019,3,620540,484586,391145251.86
tamil-nadu,2019,4,660675,5675242,4620190298.09
tamil-nadu,2019,4,614464,2777445,2261106720.59
tamil-nadu,2019,4,638081,1868350,1521015853.04
tamil-nadu,2019,4,650217,1504970,1225189824.25
tamil-nadu,2019,4,662113,1151352,937311464.91
tamil-nadu,2019,4,670757,1006399,819305421.47
tamil-nadu,2019,4,654296,790060,643184618.38
tamil-nadu,2019,4,640414,716367,583191754.71
tamil-nadu,2019,4,667106,577468,470114317.5
tamil-nadu,2019,4,628193,549889,447662828.84
tamil-nadu,2020,1,640117,4943348,4006673546.62
tamil-nadu,2020,1,655630,2233946,1810653698.89
tamil-nadu,2020,1,691422,1477557,1197587367.61
tamil-nadu,2020,1,691863,1129088,915146619.77
tamil-nadu,2020,1,637454,1024275,830193614.94
tamil-nadu,2020,1,685956,808805,655551579.92
tamil-nadu,2020,1,667551,703964,570576096.73
tamil-nadu,2020,1,611744,529138,428876019.32
tamil-nadu,2020,1,651666,481959,390637037.99
tamil-nadu,2020,1,660404,411179,333268729.53
tamil-nadu,2020,2,699805,5236629,4220860243.15
tamil-nadu,2020,2,634037,2548048,2053793768.26
tamil-nadu,2020,2,651172,1797797,1449071672.95
tamil-nadu,2020,2,625154,1323627,1066878030.83
tamil-nadu,2020,2,690129,1104172,889992095.9
tamil-nadu,2020,2,620411,832907,671345347.12
tamil-nadu,2020,2,693359,768125,619129431.17
tamil-nadu,2020,2,695140,681030,548928373.05
tamil-nadu,2020,2,654149,529391,426703460.94
tamil-nadu,2020,2,666989,517124,416815616.7
tamil-nadu,2020,3,622074,6040935,4906838459.86
tamil-nadu,2020,3,627307,2769375,2249465930.97
tamil-nadu,2020,3,619121,1731515,1406449129.94
tamil-nadu,2020,3,653669,1427828,1159774940.79
tamil-nadu,2020,3,638102,1125157,913925288.62
tamil-nadu,2020,3,671798,860288,698782047.45
tamil-nadu,2020,3,655005,664414,539680248.78
tamil-nadu,2020,3,658912,658164,534603707.74
tamil-nadu,2020,3,610973,616996,501164113.98
tamil-nadu,2020,3,615828,487093,395649053.33
tamil-nadu,2020,4,668203,6734820,5589747953.04
tamil-nadu,2020,4,654505,2755601,2287086488.04
tamil-nadu,2020,4,697886,1832345,1520805279.73
tamil-nadu,2020,4,635780,1373836,1140253027.52
tamil-nadu,2020,4,649633,1134453,941570733.94
tamil-nadu,2020,4,610271,957637,794817261.0
tamil-nadu,2020,4,684941,805295,668376805.58
tamil-nadu,2020,4,688868,651855,541025253.82
tamil-nadu,2020,4,663416,642617,533357707.01
tamil-nadu,2020,4,644089,568258,471641356.08
tamil-nadu,2021,1,619988,5645262,4608583156.04
tamil-nadu,2021,1,690487,2272739,1855380123.9
tamil-nadu,2021,1,613528,1657030,1352737872.54
tamil-nadu,2021,1,635841,1082680,883859830.93
tamil-nadu,2021,1,661856,1027020,838421515.92
tamil-nadu,2021,1,674469,860619,702578204.87
tamil-nadu,2021,1,671049,610330,498251309.35
tamil-nadu,2021,1,633944,529440,432215731.37
tamil-nadu,2021,1,642932,525531,429024104.3
tamil-nadu,2021,1,694084,491478,401225165.14
tamil-nadu,2021,2,687533,5687582,4704635322.89
tamil-nadu,2021,2,649816,2750106,2274823624.68
tamil-nadu,2021,2,697161,1707436,1412351828.94
tamil-nadu,2021,2,673560,1320966,1092672419.67
tamil-nadu,2021,2,688478,1005553,831770663.35
tamil-nadu,2021,2,657894,867518,717591486.79
tamil-nadu,2021,2,671338,751750,621830438.76
tamil-nadu,2021,2,634926,693388,573555101.85
tamil-nadu,2021,2,638541,614629,508406900.87
tamil-nadu,2021,2,625499,517365,427952826.02
tamil-nadu,2021,3,617737,6148586,5097858759.08
tamil-nadu,2021,3,687186,3045510,2525065782.64
tamil-nadu,2021,3,648988,2019068,1674031653.22
tamil-nadu,2021,3,693689,1586603,1315470132.99
tamil-nadu,2021,3,665026,1253588,1039363804.62
tamil-nadu,2021,3,613440,972429,806251471.55
tamil-nadu,2021,3,664233,771940,640024171.79
tamil-nadu,2021,3,689265,678003,562140048.13
tamil-nadu,2021,3,698285,623604,517036910.76
tamil-nadu,2021,3,663202,592252,491042937.78
tamil-nadu,2021,4,662818,7127684,5908998983.02
tamil-nadu,2021,4,693392,3600272,2984700632.92
tamil-nadu,2021,4,654163,2298015,1905102846.68
tamil-nadu,2021,4,639398,1483946,1230222418.19
tamil-nadu,2021,4,613862,1288350,1068069763.2
tamil-nadu,2021,4,660651,1129367,936269024.0
tamil-nadu,2021,4,674839,815396,675980841.81
tamil-nadu,2021,4,637013,699240,579684598.11
tamil-nadu,2021,4,621966,681124,564666209.85
tamil-nadu,2021,4,664779,624809,517980269.58
tamil-nadu,2022,1,677522,6026917,5029328427.03
tamil-nadu,2022,1,650770,2948440,2460407561.66
tamil-nadu,2022,1,693234,1692259,1412152646.56
tamil-nadu,2022,1,633874,1337173,1115841137.35
tamil-nadu,2022,1,675388,1024807,855178997.22
tamil-nadu,2022,1,692098,868478,724726282.31
tamil-nadu,2022,1,677997,692749,578084274.0
tamil-nadu,2022,1,621546,658276,549317024.24
tamil-nadu,2022,1,678311,559379,466789301.42
tamil-nadu,2022,1,698507,508206,424087405.92
tamil-nadu,2022,2,688358,6211728,5254306692.61
tamil-nadu,2022,2,648628,3229798,2731985474.11
tamil-nadu,2022,2,625461,2118528,1791996544.12
tamil-nadu,2022,2,676592,1566367,1324941000.05
tamil-nadu,2022,2,658572,1074244,908669411.64
tamil-nadu,2022,2,679723,1062996,899155257.84
tamil-nadu,2022,2,655875,786553,665320678.39
tamil-nadu,2022,2,619459,732921,619955243.08
tamil-nadu,2022,2,660296,587839,497234875.84
tamil-nadu,2022,2,633091,527891,446526981.37
tamil-nadu,2022,3,626367,7350384,6127329289.28
tamil-nadu,2022,3,616327,3486036,2905982949.06
tamil-nadu,2022,3,659627,2311008,1926471699.7
tamil-nadu,2022,3,681079,1575884,1313668061.12
tamil-nadu,2022,3,689029,1357354,1131499886.65
tamil-nadu,2022,3,682112,1032049,860323574.06
tamil-nadu,2022,3,655292,990733,825881843.32
tamil-nadu,2022,3,687495,868996,724400805.69
tamil-nadu,2022,3,626841,649159,541143933.99
tamil-nadu,2022,3,623605,591417,493009726.64
tamil-nadu,2022,4,697532,8006482,6824659601.18
tamil-nadu,2022,4,610823,4184130,3566518788.42
tamil-nadu,2022,4,685706,2602414,2218277088.5
tamil-nadu,2022,4,634078,2075487,1769128579.23
tamil-nadu,2022,4,690890,1515236,1291575522.1
tamil-nadu,2022,4,686730,1247628,1063468002.62
tamil-nadu,2022,4,687824,1024978,873683309.67
tamil-nadu,2022,4,690715,938837,800257054.87
tamil-nadu,2022,4,640798,926745,789949821.51
tamil-nadu,2022,4,628441,739991,630762433.96
tamil-nadu,2023,1,677240,6791164,5798852263.64
tamil-nadu,2023,1,618435,3124685,2668111805.86
tamil-nadu,2023,1,615004,2346078,2003273854.43
tamil-nadu,2023,1,633999,1540124,1315084164.3
tamil-nadu,2023,1,663669,1287420,1099305213.39
tamil-nadu,2023,1,662975,1081039,923080016.21
tamil-nadu,2023,1,635161,812385,693681215.59
tamil-nadu,2023,1,655437,707421,604054542.72
tamil-nadu,2023,1,636868,687729,587239377.23
tamil-nadu,2023,1,644602,630638,538490872.34
tamil-nadu,2023,2,647159,7118890,6113578491.09
tamil-nadu,2023,2,621593,3456546,2968421719.56
tamil-nadu,2023,2,678118,2444762,2099519457.2
tamil-nadu,2023,2,664567,1616247,1388005222.21
tamil-nadu,2023,2,685150,1303178,1119147080.71
tamil-nadu,2023,2,682576,1192657,1024233734.38
tamil-nadu,2023,2,676362,1011653,868789968.7
tamil-nadu,2023,2,656146,884222,759354544.63
tamil-nadu,2023,2,623646,675190,579841837.74
tamil-nadu,2023,2,646827,620365,532759417.05
tamil-nadu,2023,3,610857,8503395,7199207321.15
tamil-nadu,2023,3,656443,3938674,3334589523.21
tamil-nadu,2023,3,684898,2560943,2168165234.67
tamil-nadu,2023,3,623992,2032199,1720515372.98
tamil-nadu,2023,3,685145,1497089,1267477272.06
tamil-nadu,2023,3,639441,1327882,1124221525.73
tamil-nadu,2023,3,648223,1066073,902566888.56
tamil-nadu,2023,3,663368,852793,721997988.21
tamil-nadu,2023,3,666914,822321,696199581.42
tamil-nadu,2023,3,617424,755723,639816016.02
tamil-nadu,2023,4,620900,9231841,7949833527.26
tamil-nadu,2023,4,650961,4681699,4031560748.78
tamil-nadu,2023,4,640591,3033780,2612485259.63
tamil-nadu,2023,4,671668,1960418,1688178690.46
tamil-nadu,2023,4,640209,1516788,1306154595.49
tamil-nadu,2023,4,610759,1216679,1047721728.48
tamil-nadu,2023,4,699821,1171042,1008421670.05
tamil-nadu,2023,4,630433,994256,856185626.61
tamil-nadu,2023,4,637120,838005,721633208.26
tamil-nadu,2023,4,645408,830322,715016851.88
telangana,2018,1,559702,2474707,1979129005.26
telangana,2018,1,546212,1135190,907860087.75
telangana,2018,1,575699,825110,659876032.95
telangana,2018,1,594794,625596,500316094.39
telangana,2018,1,539463,432515,345901055.83
telangana,2018,1,536383,396599,317177590.33
telangana,2018,1,549531,315785,252546738.26
telangana,2018,1,511495,287104,229609305.87
telangana,2018,1,515395,228206,182506231.9
telangana,2018,1,544549,223768,178957418.55
telangana,2018,2,515679,2931369,2304371329.87
telangana,2018,2,567266,1344877,1057218278.36
telangana,2018,2,554409,873128,686372390.83
telangana,2018,2,585031,747399,587535906.85
telangana,2018,2,589439,499290,392496307.87
telangana,2018,2,562868,459697,361371734.43
telangana,2018,2,536580,402444,316364922.02
telangana,2018,2,574361,326094,256345544.21
telangana,2018,2,571608,282616,222167039.03
telangana,2018,2,536463,249826,196390247.57
telangana,2018,3,528817,3485866,2731206976.37
telangana,2018,3,574547,1780277,1394863087.09
telangana,2018,3,582131,1193298,934959896.67
telangana,2018,3,574542,778039,609600667.18
telangana,2018,3,557318,690513,541023191.5
telangana,2018,3,552790,558587,437658531.15
telangana,2018,3,553395,425557,333427908.42
telangana,2018,3,544852,390032,305594015.21
telangana,2018,3,532582,318633,249652240.36
telangana,2018,3,559079,301161,235962688.65
telangana,2018,4,510718,3886208,3155278342.37
telangana,2018,4,599448,2061812,1674020049.31
telangana,2018,4,530020,1203918,977482028.1
telangana,2018,4,589072,834908,677876281.86
telangana,2018,4,531604,707995,574833297.06
telangana,2018,4,571453,581900,472454390.16
telangana,2018,4,520611,522359,424112686.11
telangana,2018,4,541307,463962,376698832.07
telangana,2018,4,553318,383250,311167300.31
telangana,2018,4,519970,366646,297686519.43
telangana,2019,1,542858,3492907,2764035954.26
telangana,2019,1,564540,1739728,1376696108.75
telangana,2019,1,559097,1229420,972874674.2
telangana,2019,1,514930,805084,637085699.68
telangana,2019,1,550205,663163,524780174.19
telangana,2019,1,575757,574831,454880485.44
telangana,2019,1,511814,499474,395247914.17
telangana,2019,1,510828,371137,293691855.41
telangana,2019,1,554227,340624,269545415.17
telangana,2019,1,573906,320014,253236238.42
telangana,2019,2,593632,4012494,3160666932.56
telangana,2019,2,525341,1958336,1542593772.92
telangana,2019,2,517127,1313499,1034652044.84
telangana,2019,2,517835,970241,764265032.93
telangana,2019,2,599941,756762,596106525.31
telangana,2019,2,557815,653844,515037229.4
telangana,2019,2,546328,562161,442818037.73
telangana,2019,2,548097,486727,383398074.15
telangana,2019,2,523683,378521,298164089.02
telangana,2019,2,554657,332559,261959556.51
telangana,2019,3,551087,4503931,3657939802.87
telangana,2019,3,575772,1906015,1548000681.45
telangana,2019,3,546167,1229296,998392800.24
telangana,2019,3,579493,926588,752543553.24
telangana,2019,3,584082,715650,581226738.58
telangana,2019,3,563610,631009,512484475.85
telangana,2019,3,555079,524217,425751696.72
telangana,2019,3,598496,439370,356842029.73
telangana,2019,3,563757,418660,340021901.25
telangana,2019,3,557647,333544,270893313.91
telangana,2019,4,586140,5081320,4046954724.98
telangana,2019,4,565641,2584517,2058407074.38
telangana,2019,4,551447,1668515,1328868350.92
telangana,2019,4,543584,1172622,933920505.97
telangana,2019,4,546616,988970,787653097.92
telangana,2019,4,539348,863167,687459281.43
telangana,2019,4,538772,689088,548816265.91
telangana,2019,4,569754,645783,514326549.06
telangana,2019,4,580029,535500,426492444.99
telangana,2019,4,598179,499393,397735610.53
telangana,2020,1,571480,4309531,3499264309.09
telangana,2020,1,531849,2159015,1753083433.42
telangana,2020,1,536670,1334279,1083411384.43
telangana,2020,1,567198,1045867,849226053.85
telangana,2020,1,535450,800447,649949749.47
telangana,2020,1,556047,645226,523912623.01
telangana,2020,1,516066,543093,440982708.55
telangana,2020,1,539862,476827,387175890.27
telangana,2020,1,553553,467922,379945034.97
telangana,2020,1,574643,411360,334017230.16
telangana,2020,2,570493,4756350,3883413584.52
telangana,2020,2,562353,2202603,1798358065.82
telangana,2020,2,580732,1633227,1333480018.09
telangana,2020,2,555084,1246216,1017497406.26
telangana,2020,2,560443,870460,710704502.58
telangana,2020,2,519748,719811,587704206.55
telangana,2020,2,527565,650391,531024434.25
telangana,2020,2,551222,509137,415695067.28
telangana,2020,2,585148,447529,365394378.0
telangana,2020,2,529421,443719,362283402.32
telangana,2020,3,555063,4812346,3944030674.59
telangana,2020,3,557440,2652408,2173820903.69
telangana,2020,3,581722,1615060,1323646850.57
telangana,2020,3,528899,1264510,1036348580.72
telangana,2020,3,531393,856505,701961932.9
telangana,2020,3,523066,739321,605922310.58
telangana,2020,3,530629,707425,579781114.42
telangana,2020,3,567055,524866,430162039.92
telangana,2020,3,530290,505159,414011223.02
telangana,2020,3,536011,406117,332839496.42
telangana,2020,4,591424,6089885,5056357676.82
telangana,2020,4,571375,2685613,2229831873.44
telangana,2020,4,573485,1847457,1533921655.14
telangana,2020,4,594231,1369362,1136964694.71
telangana,2020,4,592724,966701,802640819.11
telangana,2020,4,558155,810329,672807028.49
telangana,2020,4,513490,804874,668277459.0
telangana,2020,4,557255,635198,527397259.26
telangana,2020,4,519193,599117,497439828.87
telangana,2020,4,584588,555553,461269357.98
telangana,2021,1,578528,5222889,4307129783.35
telangana,2021,1,547905,2262935,1866161586.17
telangana,2021,1,544101,1516184,1250343335.47
telangana,2021,1,585317,1065728,878867820.53
telangana,2021,1,597832,861377,710346906.86
telangana,2021,1,570286,716011,590469211.58
telangana,2021,1,510099,622848,513641101.11
telangana,2021,1,536756,522103,430559924.22
telangana,2021,1,516171,471895,389155165.61
telangana,2021,1,536260,405927,334754109.1
telangana,2021,2,550153,5126209,4275185322.4
telangana,2021,2,559785,2440469,2035316723.46
telangana,2021,2,594390,1603760,1337513046.67
telangana,2021,2,540208,1242082,1035879215.1
telangana,2021,2,546868,902174,752400238.22
telangana,2021,2,551776,739815,616995319.19
telangana,2021,2,578106,571852,476916495.65
telangana,2021,2,521666,541939,451969549.12
telangana,2021,2,581063,492803,410990710.5
telangana,2021,2,559009,472273,393869030.04
telangana,2021,3,565990,5463935,4482592418.36
telangana,2021,3,550484,2876254,2359668318.57
telangana,2021,3,534259,1837505,1507482370.46
telangana,2021,3,515670,1449339,1189032718.5
telangana,2021,3,539842,1217519,998848676.33
telangana,2021,3,545377,927403,760838466.7
telangana,2021,3,555230,816239,669640203.53
telangana,2021,3,546900,657117,539096722.35
telangana,2021,3,547325,582223,477654226.26
telangana,2021,3,547474,489715,401760915.4
telangana,2021,4,511851,6226326,5184064800.19
telangana,2021,4,585503,3380742,2814820020.55
telangana,2021,4,538293,2071205,1724493650.48
telangana,2021,4,527255,1726359,1437373472.46
telangana,2021,4,525221,1195515,995391017.45
telangana,2021,4,546487,1087020,905057984.9
telangana,2021,4,572442,828497,689810120.62
telangana,2021,4,523438,805858,670960672.22
telangana,2021,4,582109,695959,579458512.75
telangana,2021,4,565502,644376,536510128.72
telangana,2022,1,563560,5074770,4281283410.4
telangana,2022,1,565746,2698210,2276320559.47
telangana,2022,1,513653,1557408,1313893273.26
telangana,2022,1,520738,1188435,1002612390.47
telangana,2022,1,519332,965491,814528150.88
telangana,2022,1,517716,741777,625794127.34
telangana,2022,1,532502,615137,518954812.34
telangana,2022,1,581129,610267,514846596.33
telangana,2022,1,563950,530557,447599824.4
telangana,2022,1,541206,468027,394846827.99
telangana,2022,2,527114,5523986,4633274952.54
telangana,2022,2,583877,2851024,2391312708.73
telangana,2022,2,586657,1725870,1447583394.21
telangana,2022,2,544598,1338339,1122539384.67
telangana,2022,2,538947,1120585,939897252.43
telangana,2022,2,539349,902649,757102105.02
telangana,2022,2,543577,787531,660546493.03
telangana,2022,2,529493,594044,498258076.32
telangana,2022,2,595025,547627,459325772.5
telangana,2022,2,531840,483695,405702551.32
telangana,2022,3,591811,6644365,5610993621.24
telangana,2022,3,563241,3099065,2617080329.52
telangana,2022,3,548554,2185833,1845879792.23
telangana,2022,3,565901,1511603,1276509781.03
telangana,2022,3,583418,1228429,1037376679.54
telangana,2022,3,559461,890425,751941451.62
telangana,2022,3,582973,859972,726224174.18
telangana,2022,3,553390,737671,622944095.32
telangana,2022,3,528431,634356,535697115.03
telangana,2022,3,522622,587481,496112680.08
telangana,2022,4,568528,7553539,6341581768.92
telangana,2022,4,570688,3089720,2593977793.04
telangana,2022,4,542897,2130296,1788492993.04
telangana,2022,4,559121,1488304,1249507131.22
telangana,2022,4,517308,1398991,1174524920.29
telangana,2022,4,547877,973280,817118580.41
telangana,2022,4,558282,847384,711422897.73
telangana,2022,4,555737,767500,644355414.12
telangana,2022,4,549382,726327,609788823.8
telangana,2022,4,566835,572313,480486546.39
telangana,2023,1,545195,5902181,5026703901.7
telangana,2023,1,599702,2981265,2539050485.68
telangana,2023,1,555350,1874891,1596786736.48
telangana,2023,1,580906,1295834,1103621514.68
telangana,2023,1,519474,1214522,1034371231.68
telangana,2023,1,577456,975537,830834677.44
telangana,2023,1,588165,848746,722851116.08
telangana,2023,1,520354,677345,576874124.35
telangana,2023,1,571979,568684,484330966.25
telangana,2023,1,518000,496292,422676846.08
telangana,2023,2,516176,6651633,5654552373.5
telangana,2023,2,566108,3223469,2740270282.93
telangana,2023,2,549384,2105041,1789495562.92
telangana,2023,2,535937,1390140,1181757794.27
telangana,2023,2,531043,1120754,952753251.49
telangana,2023,2,582838,883363,750946885.82
telangana,2023,2,514547,823448,700013389.93
telangana,2023,2,551837,728502,619299513.52
telangana,2023,2,529012,648705,551464722.26
telangana,2023,2,579657,551516,468844265.76
telangana,2023,3,510051,7164407,6122601641.95
telangana,2023,3,544419,3449178,2947619895.0
telangana,2023,3,523635,2332565,1993378025.18
telangana,2023,3,539126,1616112,1381107162.61
telangana,2023,3,519333,1251091,1069165629.4
telangana,2023,3,524358,1074571,918313872.14
telangana,2023,3,543435,927073,792263585.51
telangana,2023,3,569034,851107,727344338.26
telangana,2023,3,549712,707434,604563698.22
telangana,2023,3,563715,624312,533528847.01
telangana,2023,4,546677,7408793,6386677847.98
telangana,2023,4,583846,3812582,3286599448.04
telangana,2023,4,597855,2415194,2081994631.2
telangana,2023,4,526174,1886912,1626594301.22
telangana,2023,4,595029,1379154,1188886911.1
telangana,2023,4,565543,1321940,1139566210.75
telangana,2023,4,547897,1068142,920781654.18
telangana,2023,4,516546,971983,837888991.37
telangana,2023,4,596414,771031,664659778.12
telangana,2023,4,526452,719669,620383750.35
tripura,2018,1,713748,151533,120175568.25
tripura,2018,1,774972,74057,58732119.15
tripura,2018,1,746358,41395,32829450.21
tripura,2018,1,730037,33414,26500130.7
tripura,2018,1,760511,28281,22428594.92
tripura,2018,1,756991,19364,15357567.19
tripura,2018,1,783000,17355,13764256.75
tripura,2018,1,729472,15912,12619426.83
tripura,2018,1,744460,15265,12106367.44
tripura,2018,1,766490,13353,10590169.8
tripura,2018,2,788602,181075,143710833.08
tripura,2018,2,779529,97619,77475890.01
tripura,2018,2,797896,55439,43999579.73
tripura,2018,2,732741,48961,38858397.82
tripura,2018,2,795726,34707,27545728.55
tripura,2018,2,798935,31787,25228583.97
tripura,2018,2,735062,24047,19085731.61
tripura,2018,2,765003,22134,17567037.35
tripura,2018,2,772401,17518,13903703.0
tripura,2018,2,733271,16305,12940935.45
tripura,2018,3,784193,190392,150531694.23
tripura,2018,3,737960,109629,86677392.86
tripura,2018,3,794544,62976,49791842.76
tripura,2018,3,721138,47992,37944544.96
tripura,2018,3,794475,38383,30347669.36
tripura,2018,3,724931,31807,25147880.1
tripura,2018,3,716433,26251,20755626.87
tripura,2018,3,767496,24475,19351561.24
tripura,2018,3,734361,22612,17878330.26
tripura,2018,3,726879,17393,13752237.45
tripura,2018,4,781367,246654,196874534.67
tripura,2018,4,726448,120433,96127922.33
tripura,2018,4,749282,88665,70771300.58
tripura,2018,4,761079,58899,47012035.94
tripura,2018,4,767332,46345,36992151.93
tripura,2018,4,758393,40861,32615157.49
tripura,2018,4,799487,36044,28769998.49
tripura,2018,4,791245,29477,23528030.96
tripura,2018,4,725808,24624,19654500.81
tripura,2018,4,768779,24135,19264604.34
tripura,2019,1,744207,221221,177009802.61
tripura,2019,1,796429,115808,92663819.95
tripura,2019,1,759459,67198,53768716.91
tripura,2019,1,761768,48365,38699790.4
tripura,2019,1,792309,44400,35526656.76
tripura,2019,1,720887,36326,29066372.6
tripura,2019,1,762100,29057,23249840.24
tripura,2019,1,720775,25898,20722854.17
tripura,2019,1,717698,20553,16445846.98
tripura,2019,1,734013,18027,14424879.53
tripura,2019,2,743103,231768,185624667.07
tripura,2019,2,796671,121807,97556264.75
tripura,2019,2,717797,79861,63961772.16
tripura,2019,2,767874,52406,41972641.43
tripura,2019,2,736907,42807,34284621.25
tripura,2019,2,718238,37872,30332219.01
tripura,2019,2,760338,31171,24965067.43
tripura,2019,2,719697,27806,22270099.01
tripura,2019,2,731681,24073,19280902.0
tripura,2019,2,765978,21116,16912150.67
tripura,2019,3,734994,295980,236796903.56
tripura,2019,3,740977,141598,113284840.07
tripura,2019,3,789874,87423,69942155.47
tripura,2019,3,734046,65528,52425619.17
tripura,2019,3,741620,50914,40733985.35
tripura,2019,3,796750,43789,35033458.34
tripura,2019,3,747535,33792,27035113.5
tripura,2019,3,795832,33748,27000124.02
tripura,2019,3,741646,25833,20667805.7
tripura,2019,3,765404,24731,19785987.57
tripura,2019,4,776399,292033,236275990.37
tripura,2019,4,712514,153998,124595746.22
tripura,2019,4,720302,99935,80855012.64
tripura,2019,4,726335,69820,56489664.7
tripura,2019,4,745152,55173,44638855.94
tripura,2019,4,789001,51083,41330480.04
tripura,2019,4,784662,42377,34286178.86
tripura,2019,4,781377,39041,31587275.86
tripura,2019,4,746816,30010,24280994.77
tripura,2019,4,720344,29717,24043569.56
tripura,2020,1,790279,260649,212094048.37
tripura,2020,1,760393,137287,111712882.52
tripura,2020,1,740539,76903,62577273.9
tripura,2020,1,710196,57913,47124663.95
tripura,2020,1,729717,49892,40597961.93
tripura,2020,1,769544,41509,33776541.5
tripura,2020,1,745457,36771,29921355.98
tripura,2020,1,728151,28063,22835580.51
tripura,2020,1,716164,26841,21841614.96
tripura,2020,1,742366,22606,18395198.95
tripura,2020,2,732007,286680,228471727.31
tripura,2020,2,787173,146021,116372441.68
tripura,2020,2,714677,96355,76790998.6
tripura,2020,2,741679,62127,49513142.57
tripura,2020,2,792782,55302,44073515.29
tripura,2020,2,749607,46179,36802957.68
tripura,2020,2,713136,37267,29700751.57
tripura,2020,2,776368,29651,23630716.14
tripura,2020,2,735514,28199,22473675.06
tripura,2020,2,745290,27276,21737958.25
tripura,2020,3,752273,356587,285642317.59
tripura,2020,3,782349,166628,133476679.92
tripura,2020,3,759834,103197,82665948.45
tripura,2020,3,764130,86452,69252042.95
tripura,2020,3,785380,59984,48049989.05
tripura,2020,3,797781,49451,39612719.74
tripura,2020,3,719328,44864,35938185.73
tripura,2020,3,759092,42002,33645809.13
tripura,2020,3,747143,33274,26654137.57
tripura,2020,3,772830,28838,23100936.32
tripura,2020,4,756932,366524,301920702.79
tripura,2020,4,777901,172912,142434969.95
tripura,2020,4,726246,111480,91830851.35
tripura,2020,4,725186,91617,75469173.11
tripura,2020,4,769118,59844,49295983.72
tripura,2020,4,722204,51117,42107067.95
tripura,2020,4,726803,50621,41698887.09
tripura,2020,4,786896,43149,35544228.96
tripura,2020,4,757659,37583,30958797.48
tripura,2020,4,799031,31491,25940523.81
tripura,2021,1,742302,317241,264315910.92
tripura,2021,1,722090,148604,123812516.66
tripura,2021,1,749496,85177,70967001.39
tripura,2021,1,767358,66446,55360849.22
tripura,2021,1,768354,56329,46932364.86
tripura,2021,1,725184,42260,35210300.48
tripura,2021,1,716495,37481,31228329.69
tripura,2021,1,776842,29772,24805493.04
tripura,2021,1,790607,26343,21948861.87
tripura,2021,1,732938,25114,20924708.45
tripura,2021,2,729038,327522,272216673.78
tripura,2021,2,786773,163254,135687191.69
tripura,2021,2,779337,110663,91976825.36
tripura,2021,2,750951,78750,65452673.93
tripura,2021,2,747495,55872,46438109.86
tripura,2021,2,787360,46142,38350736.08
tripura,2021,2,774093,45753,38027374.31
tripura,2021,2,743478,35188,29246402.64
tripura,2021,2,717153,34152,28385847.33
tripura,2021,2,746559,30132,25044171.83
tripura,2021,3,754733,345727,287392742.11
tripura,2021,3,736180,180097,149709569.08
tripura,2021,3,766588,114427,95119849.74
tripura,2021,3,740845,88635,73680326.63
tripura,2021,3,747618,60022,49894541.93
tripura,2021,3,792298,53062,44109072.83
tripura,2021,3,736141,43799,36409453.93
tripura,2021,3,794373,43005,35749113.55
tripura,2021,3,737775,33005,27436801.37
tripura,2021,3,793092,32040,26634541.8
tripura,2021,4,727177,379706,314938435.76
tripura,2021,4,783615,216261,179373533.51
tripura,2021,4,772653,139524,115725405.14
tripura,2021,4,777706,90429,75004280.51
tripura,2021,4,711524,82105,68100414.01
tripura,2021,4,764288,58402,48440333.19
tripura,2021,4,711612,50013,41482696.63
tripura,2021,4,750403,47699,39563445.48
tripura,2021,4,769807,43056,35712308.24
tripura,2021,4,755722,38161,31652451.54
tripura,2022,1,721339,344382,291216108.23
tripura,2022,1,732925,176573,149313584.41
tripura,2022,1,757941,106712,90238092.43
tripura,2022,1,722827,80792,68319875.57
tripura,2022,1,776806,65650,55515179.69
tripura,2022,1,734465,55604,47020186.49
tripura,2022,1,744793,43962,37175840.89
tripura,2022,1,796822,37076,31352890.91
tripura,2022,1,788494,35677,30169542.66
tripura,2022,1,745146,33983,28736876.48
tripura,2022,2,796969,386639,324828693.34
tripura,2022,2,737339,159690,134161719.46
tripura,2022,2,740508,105585,88706253.85
tripura,2022,2,764828,89517,75206870.72
tripura,2022,2,727056,64961,54576388.24
tripura,2022,2,765996,54244,45572357.12
tripura,2022,2,711679,49871,41898685.35
tripura,2022,2,780325,40997,34443067.44
tripura,2022,2,748906,35504,29828566.81
tripura,2022,2,727003,33231,27919309.8
tripura,2022,3,768933,442096,367603171.98
tripura,2022,3,741756,204323,169894731.98
tripura,2022,3,769099,133544,111042176.81
tripura,2022,3,785190,97295,80900830.24
tripura,2022,3,779653,72392,60194559.03
tripura,2022,3,776383,61417,51068275.09
tripura,2022,3,777772,53286,44308047.23
tripura,2022,3,756470,42556,35385394.19
tripura,2022,3,757497,42554,35384450.94
tripura,2022,3,767531,37968,31570958.93
tripura,2022,4,760308,435224,369354170.68
tripura,2022,4,782649,217228,184351804.57
tripura,2022,4,765847,130763,110972330.59
tripura,2022,4,743886,99503,84443671.61
tripura,2022,4,719707,78721,66807352.44
tripura,2022,4,727534,74478,63205914.78
tripura,2022,4,777808,58940,50020318.77
tripura,2022,4,766905,47629,40420706.64
tripura,2022,4,750484,46243,39244979.79
tripura,2022,4,720612,37236,31600634.56
tripura,2023,1,763089,403964,346618161.4
tripura,2023,1,737349,181533,155763125.81
tripura,2023,1,774599,113588,97463628.06
tripura,2023,1,748473,79797,68469593.78
tripura,2023,1,740490,63292,54307462.53
tripura,2023,1,791163,54719,46951650.7
tripura,2023,1,760020,51087,43834894.55
tripura,2023,1,785624,46188,39631386.27
tripura,2023,1,726279,40091,34400183.3
tripura,2023,1,786387,32619,27988846.49
tripura,2023,2,763714,398777,343718515.75
tripura,2023,2,723280,213644,184146400.89
tripura,2023,2,793208,146940,126652226.9
tripura,2023,2,792807,94383,81351941.34
tripura,2023,2,757235,85183,73421908.37
tripura,2023,2,750974,58831,50708814.36
tripura,2023,2,730400,55360,47717151.27
tripura,2023,2,788306,47837,41232882.1
tripura,2023,2,744427,42221,36392242.55
tripura,2023,2,720151,34136,29422977.55
tripura,2023,3,752371,480711,414174951.3
tripura,2023,3,786158,209594,180584012.75
tripura,2023,3,773656,133345,114888938.8
tripura,2023,3,741864,96559,83194492.62
tripura,2023,3,795385,86916,74885938.47
tripura,2023,3,730703,75605,65140622.08
tripura,2023,3,797304,62368,53735925.11
tripura,2023,3,777065,53408,46016223.1
tripura,2023,3,760327,46010,39642170.51
tripura,2023,3,753768,40125,34571536.72
tripura,2023,4,775753,522003,442436155.16
tripura,2023,4,782202,231191,195951947.1
tripura,2023,4,711599,169563,143717786.58
tripura,2023,4,772042,112434,95296023.31
tripura,2023,4,786837,90295,76531751.27
tripura,2023,4,717920,73013,61884097.41
tripura,2023,4,799250,63257,53615604.49
tripura,2023,4,782400,55978,47445939.0
tripura,2023,4,718391,55075,46680808.96
tripura,2023,4,769963,50016,42392709.31
uttar-pradesh,2018,1,299278,3334864,2648722857.47
uttar-pradesh,2018,1,289716,1364565,1083808953.25
uttar-pradesh,2018,1,211053,973168,772941150.65
uttar-pradesh,2018,1,287224,739895,587663715.76
uttar-pradesh,2018,1,239634,517174,410766628.98
uttar-pradesh,2018,1,250434,429697,341287943.97
uttar-pradesh,2018,1,224876,391016,310565921.69
uttar-pradesh,2018,1,244866,323088,256613861.3
uttar-pradesh,2018,1,244379,301597,239544546.91
uttar-pradesh,2018,1,241623,296948,235851866.54
uttar-pradesh,2018,2,238291,3464825,2741070403.08
uttar-pradesh,2018,2,212714,1878865,1486395879.86
uttar-pradesh,2018,2,245985,1180895,934222708.63
uttar-pradesh,2018,2,269677,865169,684447163.84
uttar-pradesh,2018,2,263006,711302,562720946.21
uttar-pradesh,2018,2,260905,546658,432468977.69
uttar-pradesh,2018,2,246958,443665,350989809.64
uttar-pradesh,2018,2,270765,411271,325362304.48
uttar-pradesh,2018,2,271495,346334,273989812.78
uttar-pradesh,2018,2,245062,345662,273458279.88
uttar-pradesh,2018,3,269254,4350607,3447387382.39
uttar-pradesh,2018,3,242748,2048154,1622941839.46
uttar-pradesh,2018,3,225498,1361058,1078491782.39
uttar-pradesh,2018,3,241546,937539,742899091.68
uttar-pradesh,2018,3,233126,774986,614093087.52
uttar-pradesh,2018,3,295367,615624,487815861.32
uttar-pradesh,2018,3,225457,505905,400875291.28
uttar-pradesh,2018,3,263808,500163,396325409.03
uttar-pradesh,2018,3,242133,455603,361016708.17
uttar-pradesh,2018,3,230829,356637,282596371.78
uttar-pradesh,2018,4,215767,4930465,3976357114.71
uttar-pradesh,2018,4,269828,2602210,2098649304.71
uttar-pradesh,2018,4,225942,1741454,1404460622.9
uttar-pradesh,2018,4,242215,1126247,908304073.31
uttar-pradesh,2018,4,293517,844261,680885976.17
uttar-pradesh,2018,4,298434,767682,619126150.91
uttar-pradesh,2018,4,263170,683670,551371728.98
uttar-pradesh,2018,4,263517,560288,451865153.6
uttar-pradesh,2018,4,234984,504378,406774799.29
uttar-pradesh,2018,4,216958,492868,397491835.73
uttar-pradesh,2019,1,270175,4676242,3753065005.59
uttar-pradesh,2019,1,212586,2200594,1766156292.32
uttar-pradesh,2019,1,238866,1348901,1082603486.74
uttar-pradesh,2019,1,210699,944499,758037362.56
uttar-pradesh,2019,1,264116,851631,683503338.3
uttar-pradesh,2019,1,284173,600639,482062337.45
uttar-pradesh,2019,1,297873,509717,409089568.56
uttar-pradesh,2019,1,245853,445664,357681824.66
uttar-pradesh,2019,1,280072,410034,329085678.27
uttar-pradesh,2019,1,231818,405717,325620945.49
uttar-pradesh,2019,2,222389,5191779,4188209472.76
uttar-pradesh,2019,2,273008,2146796,1731820955.55
uttar-pradesh,2019,2,221855,1352817,1091318400.71
uttar-pradesh,2019,2,291593,1063103,857605757.07
uttar-pradesh,2019,2,235358,953231,768972117.82
uttar-pradesh,2019,2,262956,705099,568804020.28
uttar-pradesh,2019,2,254755,599725,483798503.53
uttar-pradesh,2019,2,276134,532722,429747630.58
uttar-pradesh,2019,2,251975,491403,396415011.5
uttar-pradesh,2019,2,245792,390369,314911175.1
uttar-pradesh,2019,3,287955,5624049,4457902978.39
uttar-pradesh,2019,3,227323,2605447,2065207863.22
uttar-pradesh,2019,3,247967,1659121,1315102420.64
uttar-pradesh,2019,3,261368,1129413,895229369.94
uttar-pradesh,2019,3,257356,1018329,807178914.45
uttar-pradesh,2019,3,222074,742814,588792068.19
uttar-pradesh,2019,3,265192,714404,566272871.59
uttar-pradesh,2019,3,238903,579246,459139771.33
uttar-pradesh,2019,3,228097,487410,386345963.39
uttar-pradesh,2019,3,222585,472557,374572380.1
uttar-pradesh,2019,4,280763,6381866,5169339732.78
uttar-pradesh,2019,4,257659,3100540,2511451111.13
uttar-pradesh,2019,4,267694,2048226,1659072773.8
uttar-pradesh,2019,4,286060,1328233,1075875104.77
uttar-pradesh,2019,4,236044,1086683,880218039.91
uttar-pradesh,2019,4,223332,1034557,837995993.72
uttar-pradesh,2019,4,234375,884996,716851356.75
uttar-pradesh,2019,4,287863,679064,550045002.94
uttar-pradesh,2019,4,234071,624171,505581330.24
uttar-pradesh,2019,4,233947,516179,418107607.64
uttar-pradesh,2020,1,275909,5652143,4590043794.49
uttar-pradesh,2020,1,229593,2637848,2142168103.16
uttar-pradesh,2020,1,214151,1751027,1421990021.28
uttar-pradesh,2020,1,225088,1265916,1028036931.21
uttar-pradesh,2020,1,239661,925324,751445738.82
uttar-pradesh,2020,1,221637,827979,672392700.66
uttar-pradesh,2020,1,210489,650605,528349785.84
uttar-pradesh,2020,1,282158,639516,519343917.29
uttar-pradesh,2020,1,293586,494302,401417865.26
uttar-pradesh,2020,1,210156,477300,387610136.91
uttar-pradesh,2020,2,289575,5866539,4764228245.21
uttar-pradesh,2020,2,259807,2529932,2054563483.78
uttar-pradesh,2020,2,212347,1726423,1402031779.68
uttar-pradesh,2020,2,253800,1340168,1088353624.96
uttar-pradesh,2020,2,291426,1060884,861546733.28
uttar-pradesh,2020,2,238220,807817,656029896.2
uttar-pradesh,2020,2,262825,774698,629134411.7
uttar-pradesh,2020,2,282886,641376,520863302.87
uttar-pradesh,2020,2,286886,538428,437258488.17
uttar-pradesh,2020,2,235345,527598,428463538.29
uttar-pradesh,2020,3,288712,6583138,5327071719.15
uttar-pradesh,2020,3,218221,3341064,2703587738.09
uttar-pradesh,2020,3,252627,2029305,1642112507.69
uttar-pradesh,2020,3,268131,1664942,1347270571.36
uttar-pradesh,2020,3,255657,1200265,971254093.7
uttar-pradesh,2020,3,294947,1090849,882714891.55
uttar-pradesh,2020,3,281155,949357,768219904.67
uttar-pradesh,2020,3,242106,812064,657122046.06
uttar-pradesh,2020,3,242445,633583,512695347.8
uttar-pradesh,2020,3,246026,597615,483590072.15
uttar-pradesh,2020,4,239487,7492661,6093725858.86
uttar-pradesh,2020,4,248548,3860763,3139930234.41
uttar-pradesh,2020,4,268428,2439390,1983937952.01
uttar-pradesh,2020,4,247371,1667075,1355820058.37
uttar-pradesh,2020,4,286740,1290677,1049698679.51
uttar-pradesh,2020,4,218833,1048468,852711906.95
uttar-pradesh,2020,4,277391,955835,777373890.41
uttar-pradesh,2020,4,257538,818241,665469471.93
uttar-pradesh,2020,4,219805,740011,601845584.56
uttar-pradesh,2020,4,261581,626637,509639987.85
uttar-pradesh,2021,1,281803,6529582,5284108037.6
uttar-pradesh,2021,1,248854,3071481,2485616367.24
uttar-pradesh,2021,1,222629,2103575,1702332044.42
uttar-pradesh,2021,1,219252,1380120,1116871751.89
uttar-pradesh,2021,1,233299,1167432,944752647.57
uttar-pradesh,2021,1,223331,865940,700767939.26
uttar-pradesh,2021,1,288563,770794,623770136.81
uttar-pradesh,2021,1,260320,740583,599321917.0
uttar-pradesh,2021,1,243156,663354,536823875.44
uttar-pradesh,2021,1,246729,535677,433500471.22
uttar-pradesh,2021,2,270351,6347745,5192336929.19
uttar-pradesh,2021,2,268700,3133617,2563240384.46
uttar-pradesh,2021,2,289162,2042675,1670870515.94
uttar-pradesh,2021,2,254734,1393921,1140201640.55
uttar-pradesh,2021,2,228953,1170595,957525081.0
uttar-pradesh,2021,2,282460,1018488,833104231.33
uttar-pradesh,2021,2,288860,934780,764632769.64
uttar-pradesh,2021,2,216382,724015,592231251.35
uttar-pradesh,2021,2,221179,707142,578429193.9
uttar-pradesh,2021,2,282214,605689,495442654.32
uttar-pradesh,2021,3,259261,7145109,5837274364.92
uttar-pradesh,2021,3,295912,3803628,3107415718.96
uttar-pradesh,2021,3,244034,2274076,1857831103.61
uttar-pradesh,2021,3,214350,1729522,1412952037.54
uttar-pradesh,2021,3,251103,1470732,1201530888.5
uttar-pradesh,2021,3,259676,1061160,866926559.46
uttar-pradesh,2021,3,281971,1008853,824194052.98
uttar-pradesh,2021,3,257484,840192,686404335.18
uttar-pradesh,2021,3,232818,719742,588001099.78
uttar-pradesh,2021,3,249985,691780,565157684.46
uttar-pradesh,2021,4,219061,8548372,7176199261.68
uttar-pradesh,2021,4,271788,3837580,3221577456.22
uttar-pradesh,2021,4,214859,2599509,2182239773.73
uttar-pradesh,2021,4,243912,2026576,1701273210.71
uttar-pradesh,2021,4,214683,1628089,1366750881.48
uttar-pradesh,2021,4,280440,1206967,1013226764.24
uttar-pradesh,2021,4,224971,1102562,925580976.34
uttar-pradesh,2021,4,255411,959195,805226350.63
uttar-pradesh,2021,4,214939,906810,761250500.62
uttar-pradesh,2021,4,225677,724460,608171367.84
uttar-pradesh,2022,1,259266,6652076,5607941457.02
uttar-pradesh,2022,1,275166,3355968,2829202794.53
uttar-pradesh,2022,1,260259,2113213,1781515354.05
uttar-pradesh,2022,1,235846,1471399,1240443039.05
uttar-pradesh,2022,1,211416,1267352,1068423708.24
uttar-pradesh,2022,1,217257,1040331,877036846.82
uttar-pradesh,2022,1,243613,920790,776259741.85
uttar-pradesh,2022,1,278761,765874,645659935.67
uttar-pradesh,2022,1,272611,638102,537943577.13
uttar-pradesh,2022,1,262785,546499,460719163.33
uttar-pradesh,2022,2,235704,7262099,6047374304.79
uttar-pradesh,2022,2,223311,3587245,2987209552.96
uttar-pradesh,2022,2,217610,2492935,2075944226.95
uttar-pradesh,2022,2,288729,1949009,1623000255.2
uttar-pradesh,2022,2,292461,1456423,1212808734.65
uttar-pradesh,2022,2,219646,1140114,949408655.37
uttar-pradesh,2022,2,215574,1059344,882149012.93
uttar-pradesh,2022,2,244782,932347,776394570.05
uttar-pradesh,2022,2,214010,863792,719306687.34
uttar-pradesh,2022,2,297150,750377,624862740.19
uttar-pradesh,2022,3,299103,8502919,7265950153.43
uttar-pradesh,2022,3,269696,3829964,3272796698.77
uttar-pradesh,2022,3,225537,2643545,2258973629.84
uttar-pradesh,2022,3,256546,1711743,1462725967.7
uttar-pradesh,2022,3,253216,1542121,1317780036.41
uttar-pradesh,2022,3,214346,1298345,1109467334.95
uttar-pradesh,2022,3,232497,967409,826675086.88
uttar-pradesh,2022,3,214077,948463,810485064.31
uttar-pradesh,2022,3,297462,740508,632782791.7
uttar-pradesh,2022,3,220163,650715,556052188.58
uttar-pradesh,2022,4,234696,8705115,7416572352.15
uttar-pradesh,2022,4,213531,3971862,3383942271.95
uttar-pradesh,2022,4,263477,2713095,2311498986.61
uttar-pradesh,2022,4,258573,1806323,1538948946.82
uttar-pradesh,2022,4,296276,1652132,1407582005.77
uttar-pradesh,2022,4,252341,1221040,1040300746.69
uttar-pradesh,2022,4,213967,1064648,907057721.8
uttar-pradesh,2022,4,228277,1014063,863960661.75
uttar-pradesh,2022,4,296070,825614,703406234.32
uttar-pradesh,2022,4,231981,700461,596778051.83
uttar-pradesh,2023,1,297236,6783035,5771632476.77
uttar-pradesh,2023,1,282156,3428156,2916991637.47
uttar-pradesh,2023,1,273967,2420183,2059315183.25
uttar-pradesh,2023,1,294641,1820465,1549019758.45
uttar-pradesh,2023,1,289152,1230562,1047076047.84
uttar-pradesh,2023,1,257715,999793,850716926.29
uttar-pradesh,2023,1,211097,973868,828657448.84
uttar-pradesh,2023,1,273887,867371,738039808.7
uttar-pradesh,2023,1,265597,657529,559486320.05
uttar-pradesh,2023,1,269210,627463,533904089.39
uttar-pradesh,2023,2,237865,7954960,6727828731.78
uttar-pradesh,2023,2,279280,4376862,3701687883.34
uttar-pradesh,2023,2,219871,2876623,2432875312.35
uttar-pradesh,2023,2,290267,1879139,1589263535.2
uttar-pradesh,2023,2,232706,1669870,1412276750.97
uttar-pradesh,2023,2,234346,1349214,1141085128.86
uttar-pradesh,2023,2,271033,1087031,919346215.53
uttar-pradesh,2023,2,265563,897760,759271619.86
uttar-pradesh,2023,2,238120,810203,685221504.07
uttar-pradesh,2023,2,236644,722575,611111405.93
uttar-pradesh,2023,3,269242,8314079,7118745927.13
uttar-pradesh,2023,3,286892,4675174,4003014485.5
uttar-pradesh,2023,3,289004,3078232,2635668010.23
uttar-pradesh,2023,3,253520,2168217,1856488298.97
uttar-pradesh,2023,3,295554,1556165,1332431824.33
uttar-pradesh,2023,3,231678,1523041,1304070469.42
uttar-pradesh,2023,3,225188,1205101,1031841647.69
uttar-pradesh,2023,3,210493,942070,806627057.42
uttar-pradesh,2023,3,228393,850778,728459801.02
uttar-pradesh,2023,3,228490,795428,681067801.36
uttar-pradesh,2023,4,284865,9593717,8183182667.86
uttar-pradesh,2023,4,292765,4557795,3887677042.36
uttar-pradesh,2023,4,246345,3076739,2624376184.15
uttar-pradesh,2023,4,263023,2217634,1891582770.74
uttar-pradesh,2023,4,213616,1685771,1437917764.72
uttar-pradesh,2023,4,236467,1244942,1061902759.46
uttar-pradesh,2023,4,211355,1197878,1021758477.32
uttar-pradesh,2023,4,274442,1096548,935326400.88
uttar-pradesh,2023,4,249117,867126,739635575.91
uttar-pradesh,2023,4,298521,851040,725914193.38
uttarakhand,2018,1,241920,492205,390448866.08
uttarakhand,2018,1,264329,245492,194740169.35
uttarakhand,2018,1,235616,182253,144574998.3
uttarakhand,2018,1,260004,125021,99174900.79
uttarakhand,2018,1,293359,103582,82167876.52
uttarakhand,2018,1,283992,76065,60339785.59
uttarakhand,2018,1,247495,74083,58767732.95
uttarakhand,2018,1,229456,65859,52244186.27
uttarakhand,2018,1,291559,54915,43562535.5
uttarakhand,2018,1,220751,52113,41339905.55
uttarakhand,2018,2,232714,682560,545329377.6
uttarakhand,2018,2,250893,312793,249905508.53
uttarakhand,2018,2,276732,205763,164394222.71
uttarakhand,2018,2,286330,136923,109394354.18
uttarakhand,2018,2,262949,115732,92463669.89
uttarakhand,2018,2,245709,105835,84556564.73
uttarakhand,2018,2,276149,78820,62973166.17
uttarakhand,2018,2,225121,69285,55355402.82
uttarakhand,2018,2,288978,61102,48817307.84
uttarakhand,2018,2,245972,51192,40899752.12
uttarakhand,2018,3,212241,692369,550985597.98
uttarakhand,2018,3,295827,386902,307896250.61
uttarakhand,2018,3,257421,226930,180590499.03
uttarakhand,2018,3,293867,162055,128963277.6
uttarakhand,2018,3,214830,129202,102819375.44
uttarakhand,2018,3,267532,120338,95765242.22
uttarakhand,2018,3,210223,105187,83708301.59
uttarakhand,2018,3,232630,78583,62536226.63
uttarakhand,2018,3,265083,69623,55406253.13
uttarakhand,2018,3,273097,68593,54586547.79
uttarakhand,2018,4,254666,868976,693341512.81
uttarakhand,2018,4,243171,437508,349080220.37
uttarakhand,2018,4,236593,283308,226047021.5
uttarakhand,2018,4,239392,198833,158645843.88
uttarakhand,2018,4,282649,165142,131764662.6
uttarakhand,2018,4,230731,141556,112945544.44
uttarakhand,2018,4,279204,105629,84280305.94
uttarakhand,2018,4,263000,104573,83437518.46
uttarakhand,2018,4,267872,79755,63635156.13
uttarakhand,2018,4,272522,77267,61650737.48
uttarakhand,2019,1,269051,746972,595578731.39
uttarakhand,2019,1,252412,328410,261849596.77
uttarakhand,2019,1,298230,247485,197326084.87
uttarakhand,2019,1,244594,179240,142912831.28
uttarakhand,2019,1,288037,146367,116701933.08
uttarakhand,2019,1,285004,102699,81884686.43
uttarakhand,2019,1,232167,94573,75405838.09
uttarakhand,2019,1,289901,77879,62095482.59
uttarakhand,2019,1,288416,73655,58726918.37
uttarakhand,2019,1,291173,59021,47059200.54
uttarakhand,2019,2,218273,867981,691653574.99
uttarakhand,2019,2,240050,428469,341427650.44
uttarakhand,2019,2,231715,280561,223566523.34
uttarakhand,2019,2,248783,206857,164834833.44
uttarakhand,2019,2,219922,141449,112714301.98
uttarakhand,2019,2,277490,121695,96973469.46
uttarakhand,2019,2,291563,116098,92513819.39
uttarakhand,2019,2,259597,86920,69263257.79
uttarakhand,2019,2,269792,74337,59235844.81
uttarakhand,2019,2,236888,70820,56433321.54
uttarakhand,2019,3,241421,969805,782591891.64
uttarakhand,2019,3,289312,482324,389215143.97
uttarakhand,2019,3,277537,306001,246930323.92
uttarakhand,2019,3,297418,232404,187540460.12
uttarakhand,2019,3,227899,182935,147621053.01
uttarakhand,2019,3,227214,155031,125103674.13
uttarakhand,2019,3,255795,143041,115428358.94
uttarakhand,2019,3,224745,118519,95639989.68
uttarakhand,2019,3,247109,113236,91376717.9
uttarakhand,2019,3,238456,96999,78274762.6
uttarakhand,2019,4,297702,1113265,902908511.36
uttarakhand,2019,4,275515,592750,480747572.08
uttarakhand,2019,4,266502,336831,273185225.24
uttarakhand,2019,4,259396,283226,229709432.22
uttarakhand,2019,4,239730,200240,162403714.36
uttarakhand,2019,4,264087,171967,139473274.54
uttarakhand,2019,4,211116,142735,115764904.29
uttarakhand,2019,4,244884,135292,109728186.89
uttarakhand,2019,4,273571,125517,101800109.67
uttarakhand,2019,4,220396,105875,85870017.1
uttarakhand,2020,1,269996,898183,726352525.64
uttarakhand,2020,1,259737,473710,383084936.47
uttarakhand,2020,1,232147,302995,245029800.98
uttarakhand,2020,1,270336,229302,185435070.34
uttarakhand,2020,1,271871,187508,151636055.7
uttarakhand,2020,1,248678,143777,116271270.95
uttarakhand,2020,1,214238,115835,93675278.89
uttarakhand,2020,1,261949,108169,87475504.3
uttarakhand,2020,1,226311,102278,82711654.71
uttarakhand,2020,1,217356,83508,67532673.07
uttarakhand,2020,2,290779,1015130,836514046.63
uttarakhand,2020,2,298199,500105,412110194.38
uttarakhand,2020,2,234063,322791,265994779.65
uttarakhand,2020,2,286622,206712,170340417.32
uttarakhand,2020,2,211129,178295,146923592.53
uttarakhand,2020,2,227377,141029,116214755.99
uttarakhand,2020,2,279490,116709,96174002.71
uttarakhand,2020,2,287394,113024,93137121.42
uttarakhand,2020,2,217207,96891,79843101.36
uttarakhand,2020,2,286673,78963,65069791.34
uttarakhand,2020,3,210251,1112528,908091279.81
uttarakhand,2020,3,223419,505509,412617358.85
uttarakhand,2020,3,295522,373968,305248525.19
uttarakhand,2020,3,299481,237027,193471455.7
uttarakhand,2020,3,231902,213902,174596171.96
uttarakhand,2020,3,231377,176261,143871629.19
uttarakhand,2020,3,227433,149882,122340020.56
uttarakhand,2020,3,297634,135044,110229251.3
uttarakhand,2020,3,255964,106457,86895190.47
uttarakhand,2020,3,270598,102333,83529173.83
uttarakhand,2020,4,225325,1272984,1040576279.02
uttarakhand,2020,4,293687,584437,477737196.6
uttarakhand,2020,4,244008,419965,343292436.25
uttarakhand,2020,4,210626,290864,237761417.67
uttarakhand,2020,4,227392,235732,192694806.47
uttarakhand,2020,4,278883,189876,155210445.98
uttarakhand,2020,4,243166,154625,126395372.03
uttarakhand,2020,4,236361,139303,113870571.53
uttarakhand,2020,4,242132,136127,111274896.57
uttarakhand,2020,4,211370,115330,94274628.41
uttarakhand,2021,1,271575,1152563,946388535.71
uttarakhand,2021,1,255579,584588,480015414.54
uttarakhand,2021,1,268835,321107,263666525.29
uttarakhand,2021,1,237833,232402,190829643.52
uttarakhand,2021,1,264923,214477,176110754.35
uttarakhand,2021,1,288641,161542,132645533.0
uttarakhand,2021,1,259513,135312,111107691.97
uttarakhand,2021,1,224256,126213,103635906.81
uttarakhand,2021,1,261830,104323,85661681.16
uttarakhand,2021,1,298554,101636,83455762.45
uttarakhand,2021,2,212259,1196422,993321882.15
uttarakhand,2021,2,222846,556066,461670428.8
uttarakhand,2021,2,229801,360071,298947025.68
uttarakhand,2021,2,298261,268337,222785631.91
uttarakhand,2021,2,299597,190412,158088340.1
uttarakhand,2021,2,243688,179415,148958242.65
uttarakhand,2021,2,233777,144813,120230193.05
uttarakhand,2021,2,249550,117089,97212566.93
uttarakhand,2021,2,216044,103719,86112185.67
uttarakhand,2021,2,236022,102512,85110139.25
uttarakhand,2021,3,231503,1251982,1053759096.73
uttarakhand,2021,3,238172,631835,531797992.69
uttarakhand,2021,3,295604,358115,301415620.76
uttarakhand,2021,3,225189,296122,249237629.28
uttarakhand,2021,3,251482,226108,190309154.15
uttarakhand,2021,3,297039,197314,166073891.29
uttarakhand,2021,3,264861,155678,131030359.06
uttarakhand,2021,3,238086,125347,105501771.96
uttarakhand,2021,3,272256,115144,96914175.87
uttarakhand,2021,3,279425,113429,95470683.79
uttarakhand,2021,4,231605,1377291,1155043232.86
uttarakhand,2021,4,281972,722329,605770303.91
uttarakhand,2021,4,226759,484865,406624909.72
uttarakhand,2021,4,269374,331361,277890689.35
uttarakhand,2021,4,256572,294086,246630691.91
uttarakhand,2021,4,260636,208970,175249649.82
uttarakhand,2021,4,275230,207703,174187361.93
uttarakhand,2021,4,249799,162040,135892540.13
uttarakhand,2021,4,268114,159251,133553756.22
uttarakhand,2021,4,265106,124000,103990820.39
uttarakhand,2022,1,243009,1199523,1004604217.71
uttarakhand,2022,1,286216,627218,525297297.75
uttarakhand,2022,1,281346,358005,299830623.94
uttarakhand,2022,1,271537,268145,224572621.98
uttarakhand,2022,1,267107,219744,184036812.69
uttarakhand,2022,1,224117,185595,155436777.62
uttarakhand,2022,1,296785,151905,127221225.98
uttarakhand,2022,1,297151,142176,119072902.47
uttarakhand,2022,1,259088,128471,107595618.75
uttarakhand,2022,1,210978,111543,93417665.39
uttarakhand,2022,2,229288,1318131,1113957887.24
uttarakhand,2022,2,242709,636691,538070531.05
uttarakhand,2022,2,279882,446258,377134346.06
uttarakhand,2022,2,226814,337951,285603740.27
uttarakhand,2022,2,295244,249441,210803530.81
uttarakhand,2022,2,229994,195296,165045372.66
uttarakhand,2022,2,234664,191600,161922109.64
uttarakhand,2022,2,258114,146348,123679763.26
uttarakhand,2022,2,226952,140560,118788137.83
uttarakhand,2022,2,271016,120880,102156588.54
uttarakhand,2022,3,216224,1449547,1243378597.52
uttarakhand,2022,3,225815,689386,591335281.18
uttarakhand,2022,3,222783,405713,348008956.95
uttarakhand,2022,3,297834,322767,276859976.21
uttarakhand,2022,3,228696,237416,203649150.38
uttarakhand,2022,3,249068,186702,160147837.7
uttarakhand,2022,3,288080,172734,148166769.11
uttarakhand,2022,3,229990,154103,132185618.51
uttarakhand,2022,3,260103,120470,103336192.1
uttarakhand,2022,3,231418,109318,93769847.38
uttarakhand,2022,4,229644,1572373,1333128020.33
uttarakhand,2022,4,248254,679260,575907288.2
uttarakhand,2022,4,249714,511821,433944617.95
uttarakhand,2022,4,292753,349433,296265042.0
uttarakhand,2022,4,235295,297056,251858013.53
uttarakhand,2022,4,237538,223617,189592482.69
uttarakhand,2022,4,282000,199606,169235034.27
uttarakhand,2022,4,212104,183746,155788558.01
uttarakhand,2022,4,244692,149855,127054240.04
uttarakhand,2022,4,294191,144683,122669324.47
uttarakhand,2023,1,265667,1325919,1136750631.98
uttarakhand,2023,1,295448,639459,548227352.08
uttarakhand,2023,1,290230,365481,313338026.12
uttarakhand,2023,1,211123,272717,233809134.97
uttarakhand,2023,1,273198,229402,196673400.97
uttarakhand,2023,1,220747,176172,151037705.21
uttarakhand,2023,1,263682,149867,128485653.35
uttarakhand,2023,1,285706,142137,121858448.48
uttarakhand,2023,1,230791,122669,105168091.13
uttarakhand,2023,1,230466,117656,100870768.74
uttarakhand,2023,2,233575,1427930,1221862756.8
uttarakhand,2023,2,247937,627228,536711749.56
uttarakhand,2023,2,254522,436849,373806528.27
uttarakhand,2023,2,256066,308596,264062461.88
uttarakhand,2023,2,253185,277768,237683371.48
uttarakhand,2023,2,221037,191195,163604058.01
uttarakhand,2023,2,286943,166253,142261161.69
uttarakhand,2023,2,222607,156554,133961860.15
uttarakhand,2023,2,237999,130993,112089206.76
uttarakhand,2023,2,253397,130324,111516710.72
uttarakhand,2023,3,286965,1540726,1313803162.72
uttarakhand,2023,3,219759,689435,587892757.36
uttarakhand,2023,3,225002,465605,397029859.02
uttarakhand,2023,3,229792,334426,285171453.37
uttarakhand,2023,3,261538,302244,257729289.94
uttarakhand,2023,3,220583,245528,209365944.47
uttarakhand,2023,3,284257,213134,181743316.49
uttarakhand,2023,3,254825,182271,155426189.51
uttarakhand,2023,3,224139,144058,122840905.22
uttarakhand,2023,3,242064,141124,120338957.95
uttarakhand,2023,4,271179,1780548,1525251071.72
uttarakhand,2023,4,214590,802370,687325386.76
uttarakhand,2023,4,248517,547303,468830630.3
uttarakhand,2023,4,249587,427476,366184325.53
uttarakhand,2023,4,220130,325596,278912145.12
uttarakhand,2023,4,256606,259836,222581088.43
uttarakhand,2023,4,263249,231150,198007847.1
uttarakhand,2023,4,262799,215965,184999713.29
uttarakhand,2023,4,252280,192938,165274550.92
uttarakhand,2023,4,232395,175505,150341560.17
west-bengal,2018,1,757473,1713429,1350101038.19
west-bengal,2018,1,735871,858482,676443370.75
west-bengal,2018,1,761339,513093,404293610.95
west-bengal,2018,1,774199,379816,299277404.26
west-bengal,2018,1,760055,314602,247892076.84
west-bengal,2018,1,788030,268185,211317606.7
west-bengal,2018,1,752742,206032,162343977.55
west-bengal,2018,1,716417,178738,140837343.39
west-bengal,2018,1,744379,173838,136976232.8
west-bengal,2018,1,732889,143594,113145653.12
west-bengal,2018,2,737645,2160958,1709390620.04
west-bengal,2018,2,711228,1091874,863709321.96
west-bengal,2018,2,774126,629342,497831310.53
west-bengal,2018,2,713688,479180,379047872.29
west-bengal,2018,2,769502,443426,350765029.66
west-bengal,2018,2,789769,333253,263615019.06
west-bengal,2018,2,728154,303617,240171978.2
west-bengal,2018,2,782432,256873,203195511.64
west-bengal,2018,2,774594,221041,174851058.21
west-bengal,2018,2,766832,184768,146158388.88
west-bengal,2018,3,751779,2252465,1784195698.53
west-bengal,2018,3,713625,1127245,892899977.26
west-bengal,2018,3,747878,745892,590827441.37
west-bengal,2018,3,746846,600536,475689971.26
west-bengal,2018,3,780682,481628,381501979.81
west-bengal,2018,3,773558,356794,282619961.41
west-bengal,2018,3,748334,327128,259120774.04
west-bengal,2018,3,774260,254919,201924067.15
west-bengal,2018,3,737723,247526,196067910.53
west-bengal,2018,3,712234,223348,176916389.65
west-bengal,2018,4,719889,2747827,2169696218.42
west-bengal,2018,4,721775,1359001,1073073494.74
west-bengal,2018,4,743703,942638,744311436.68
west-bengal,2018,4,737714,621453,490702609.19
west-bengal,2018,4,763204,574871,453920855.1
west-bengal,2018,4,788679,462776,365409899.89
west-bengal,2018,4,764889,352978,278713485.05
west-bengal,2018,4,795187,298363,235589356.31
west-bengal,2018,4,764152,269236,212589947.18
west-bengal,2018,4,718882,255189,201498604.54
west-bengal,2019,1,733165,2574866,2102147226.98
west-bengal,2019,1,729501,1303807,1064441862.1
west-bengal,2019,1,796763,830131,677727484.81
west-bengal,2019,1,788682,622471,508191866.97
west-bengal,2019,1,788319,434531,354755961.03
west-bengal,2019,1,753700,366417,299147330.97
west-bengal,2019,1,783299,295421,241184972.28
west-bengal,2019,1,771787,266329,217434430.73
west-bengal,2019,1,712764,242073,197631689.7
west-bengal,2019,1,762115,224861,183579079.6
west-bengal,2019,2,721672,2686165,2183265447.27
west-bengal,2019,2,769246,1414934,1150032800.46
west-bengal,2019,2,750092,836048,679524527.28
west-bengal,2019,2,714491,604969,491708099.58
west-bengal,2019,2,755572,505027,410476748.42
west-bengal,2019,2,787141,381059,309717923.5
west-bengal,2019,2,720731,370263,300943223.17
west-bengal,2019,2,799498,306426,249057429.25
west-bengal,2019,2,771500,286557,232908785.99
west-bengal,2019,2,735377,228044,185350674.59
west-bengal,2019,3,734942,3281408,2583677575.18
west-bengal,2019,3,725601,1623777,1278511125.62
west-bengal,2019,3,747921,1046491,823974410.26
west-bengal,2019,3,723439,695177,547360736.82
west-bengal,2019,3,798201,634780,499806140.98
west-bengal,2019,3,738469,522393,411315811.61
west-bengal,2019,3,797004,408104,321328299.23
west-bengal,2019,3,768196,378588,298088365.07
west-bengal,2019,3,787003,335386,264072670.69
west-bengal,2019,3,741471,324071,255163841.11
west-bengal,2019,4,756907,3787227,3037031563.5
west-bengal,2019,4,769412,1708637,1370180508.26
west-bengal,2019,4,762208,1111319,891183037.79
west-bengal,2019,4,726688,750079,601499303.11
west-bengal,2019,4,788299,683603,548191290.81
west-bengal,2019,4,754982,500882,401664442.23
west-bengal,2019,4,760892,443732,355835515.53
west-bengal,2019,4,751591,404652,324496658.2
west-bengal,2019,4,777559,379392,304240016.34
west-bengal,2019,4,793468,333578,267501272.44
west-bengal,2020,1,727125,2984043,2421454299.78
west-bengal,2020,1,775007,1461975,1186345626.07
west-bengal,2020,1,722803,960254,779215358.26
west-bengal,2020,1,769049,730896,593098807.71
west-bengal,2020,1,795340,595381,483132738.63
west-bengal,2020,1,796960,537191,435913369.07
west-bengal,2020,1,798215,388939,315611724.16
west-bengal,2020,1,750707,385913,313156010.31
west-bengal,2020,1,789929,315715,256192959.03
west-bengal,2020,1,742071,266286,216082622.69
west-bengal,2020,2,786249,3617573,2950127374.6
west-bengal,2020,2,798490,1755108,1431289518.94
west-bengal,2020,2,727501,1114983,909268067.13
west-bengal,2020,2,781911,792899,646608320.87
west-bengal,2020,2,748667,596154,486163549.77
west-bengal,2020,2,797621,491472,400795139.86
west-bengal,2020,2,726548,474234,386737525.95
west-bengal,2020,2,715633,362624,295720170.82
west-bengal,2020,2,773977,344859,281232849.43
west-bengal,2020,2,729602,271388,221317179.0
west-bengal,2020,3,720178,3654905,2962225923.55
west-bengal,2020,3,730654,1900640,1540430537.77
west-bengal,2020,3,761735,1302359,1055535841.16
west-bengal,2020,3,760897,1013813,821675388.2
west-bengal,2020,3,729592,778355,630841097.69
west-bengal,2020,3,773370,600130,486393351.81
west-bengal,2020,3,757336,559697,453623349.3
west-bengal,2020,3,731690,438603,355479181.69
west-bengal,2020,3,754866,409868,332189651.96
west-bengal,2020,3,733797,391152,317021205.07
west-bengal,2020,4,766602,3956501,3295195148.21
west-bengal,2020,4,758338,2176804,1812963960.13
west-bengal,2020,4,779745,1473862,1227515058.26
west-bengal,2020,4,752012,993156,827155886.99
west-bengal,2020,4,771302,769689,641040210.26
west-bengal,2020,4,751943,623549,519326747.28
west-bengal,2020,4,761035,613613,511051415.71
west-bengal,2020,4,769562,479045,398975420.92
west-bengal,2020,4,759367,451941,376402104.05
west-bengal,2020,4,721919,398830,332167928.34
west-bengal,2021,1,797180,3510496,2914996287.06
west-bengal,2021,1,799700,1648654,1368986827.13
west-bengal,2021,1,747044,965904,802053912.74
west-bengal,2021,1,765204,816602,678078681.86
west-bengal,2021,1,736838,681168,565618982.44
west-bengal,2021,1,789995,477242,396285830.81
west-bengal,2021,1,763189,449237,373031859.22
west-bengal,2021,1,711182,379687,315279263.21
west-bengal,2021,1,751798,366264,304133735.65
west-bengal,2021,1,714187,304110,252523238.06
west-bengal,2021,2,753455,3731910,3150120309.15
west-bengal,2021,2,784105,1901756,1605279815.45
west-bengal,2021,2,740021,1262103,1065346356.86
west-bengal,2021,2,710640,980823,827916901.29
west-bengal,2021,2,750183,673542,568539596.76
west-bengal,2021,2,750328,621226,524379995.45
west-bengal,2021,2,749013,546610,461395917.94
west-bengal,2021,2,734439,434611,366857597.88
west-bengal,2021,2,723748,403273,340404624.06
west-bengal,2021,2,738207,372356,314307815.89
west-bengal,2021,3,712917,4053583,3328162157.53
west-bengal,2021,3,769000,2223660,1825718604.93
west-bengal,2021,3,781309,1330760,1092610556.45
west-bengal,2021,3,717362,969289,795827618.51
west-bengal,2021,3,753488,782905,642798293.58
west-bengal,2021,3,776682,701602,576045349.17
west-bengal,2021,3,757991,522716,429172195.31
west-bengal,2021,3,778874,507369,416571433.48
west-bengal,2021,3,769606,399619,328104519.76
west-bengal,2021,3,782268,356371,292595762.46
west-bengal,2021,4,743172,5020287,4151105470.86
west-bengal,2021,4,777971,2093856,1731338787.14
west-bengal,2021,4,747279,1601543,1324261552.27
west-bengal,2021,4,780215,1065919,881372453.83
west-bengal,2021,4,786222,817827,676233999.18
west-bengal,2021,4,751732,696133,575608906.23
west-bengal,2021,4,798190,569046,470525155.02
west-bengal,2021,4,762515,540794,447164591.12
west-bengal,2021,4,712746,464709,384252081.9
west-bengal,2021,4,783144,454423,375747144.51
west-bengal,2022,1,746855,3872830,3176264553.6
west-bengal,2022,1,747874,1903000,1560727760.61
west-bengal,2022,1,732389,1128063,925170492.9
west-bengal,2022,1,722327,900127,738230706.71
west-bengal,2022,1,736543,674245,552975889.22
west-bengal,2022,1,774695,568423,466186667.22
west-bengal,2022,1,764441,452677,371258813.26
west-bengal,2022,1,739192,447675,367157046.63
west-bengal,2022,1,751801,368850,302509289.01
west-bengal,2022,1,718883,342016,280501282.8
west-bengal,2022,2,730483,4199786,3516232652.31
west-bengal,2022,2,784953,1957387,1638804369.98
west-bengal,2022,2,711346,1213053,1015618104.27
west-bengal,2022,2,724758,1027679,860415550.27
west-bengal,2022,2,715706,790702,662008037.64
west-bengal,2022,2,737755,705462,590642050.35
west-bengal,2022,2,790108,537291,449842758.27
west-bengal,2022,2,788286,441122,369325524.41
west-bengal,2022,2,764632,421390,352805267.49
west-bengal,2022,2,782713,357621,299415123.13
west-bengal,2022,3,770556,4455598,3780435440.54
west-bengal,2022,3,788566,2457045,2084725680.64
west-bengal,2022,3,739012,1446041,1226920876.35
west-bengal,2022,3,746335,1209057,1025847715.81
west-bengal,2022,3,789900,842271,714641079.08
west-bengal,2022,3,768068,787066,667801467.85
west-bengal,2022,3,755494,630385,534862242.67
west-bengal,2022,3,724713,555323,471174804.35
west-bengal,2022,3,762832,441731,374795033.6
west-bengal,2022,3,751588,384281,326051007.24
west-bengal,2022,4,776411,5058520,4234782969.69
west-bengal,2022,4,753972,2542330,2128332841.36
west-bengal,2022,4,765767,1649560,1380943364.26
west-bengal,2022,4,714754,1281984,1073223922.52
west-bengal,2022,4,728058,937475,784815434.05
west-bengal,2022,4,787235,863184,722621945.95
west-bengal,2022,4,730587,713859,597613650.17
west-bengal,2022,4,775916,640626,536305735.58
west-bengal,2022,4,741305,578052,483921257.68
west-bengal,2022,4,759360,459603,384761160.02
west-bengal,2023,1,770459,4638464,3900513143.18
west-bengal,2023,1,714799,2002531,1683941220.07
west-bengal,2023,1,744886,1295115,1089070529.75
west-bengal,2023,1,765076,1006439,846320910.54
west-bengal,2023,1,739613,843169,709026455.33
west-bengal,2023,1,785756,702030,590342070.62
west-bengal,2023,1,762863,568243,477839187.68
west-bengal,2023,1,744837,540265,454312574.44
west-bengal,2023,1,711979,457387,384619784.02
west-bengal,2023,1,723403,433161,364247950.36
west-bengal,2023,2,712864,5031563,4285650903.15
west-bengal,2023,2,766122,2400278,2044444973.76
west-bengal,2023,2,754202,1560189,1328896420.98
west-bengal,2023,2,764012,1108297,943995757.02
west-bengal,2023,2,758801,883318,752369094.87
west-bengal,2023,2,755781,716351,610155012.07
west-bengal,2023,2,712073,646132,550345178.11
west-bengal,2023,2,726649,500464,426272059.38
west-bengal,2023,2,786198,493798,420594226.02
west-bengal,2023,2,791558,442271,376706000.14
west-bengal,2023,3,768663,4957234,4283870526.68
west-bengal,2023,3,754489,2558815,2211240388.2
west-bengal,2023,3,794780,1575164,1361202661.81
west-bengal,2023,3,751422,1113820,962525253.33
west-bengal,2023,3,756938,1024405,885255564.81
west-bengal,2023,3,755946,858733,742088101.28
west-bengal,2023,3,741869,727352,628552560.0
west-bengal,2023,3,779898,567366,490298636.34
west-bengal,2023,3,758233,502198,433982729.51
west-bengal,2023,3,724644,441593,381610218.53
west-bengal,2023,4,712862,5731431,4913962424.15
west-bengal,2023,4,766614,2651962,2273715652.98
west-bengal,2023,4,792056,1767032,1515002020.6
west-bengal,2023,4,795928,1247424,1069505033.99
west-bengal,2023,4,735972,1134181,972413779.33
west-bengal,2023,4,731417,917971,787041635.77
west-bengal,2023,4,795660,755820,648018185.99
west-bengal,2023,4,772890,642402,550777482.81
west-bengal,2023,4,788409,531871,456011208.75
west-bengal,2023,4,765228,494898,424311152.22
