state,year,quarter,pincode,registered_users
andaman-&-nicobar-islands,2018,1,772219,6602
andaman-&-nicobar-islands,2018,1,731836,2915
andaman-&-nicobar-islands,2018,1,744374,1866
andaman-&-nicobar-islands,2018,1,748250,1343
andaman-&-nicobar-islands,2018,1,789740,1189
andaman-&-nicobar-islands,2018,1,796851,837
andaman-&-nicobar-islands,2018,1,717072,832
andaman-&-nicobar-islands,2018,1,782311,667
andaman-&-nicobar-islands,2018,1,727468,651
andaman-&-nicobar-islands,2018,1,771512,538
andaman-&-nicobar-islands,2018,2,781235,8151
andaman-&-nicobar-islands,2018,2,725074,4041
andaman-&-nicobar-islands,2018,2,798107,2698
andaman-&-nicobar-islands,2018,2,713102,1948
andaman-&-nicobar-islands,2018,2,741283,1628
andaman-&-nicobar-islands,2018,2,794818,1347
andaman-&-nicobar-islands,2018,2,735382,1184
andaman-&-nicobar-islands,2018,2,767555,940
andaman-&-nicobar-islands,2018,2,721857,801
andaman-&-nicobar-islands,2018,2,795798,760
andaman-&-nicobar-islands,2018,3,792356,9806
andaman-&-nicobar-islands,2018,3,753468,5246
andaman-&-nicobar-islands,2018,3,793540,3197
andaman-&-nicobar-islands,2018,3,739155,2230
andaman-&-nicobar-islands,2018,3,769441,1901
andaman-&-nicobar-islands,2018,3,760589,1624
andaman-&-nicobar-islands,2018,3,710985,1279
andaman-&-nicobar-islands,2018,3,725338,1238
andaman-&-nicobar-islands,2018,3,798403,1010
andaman-&-nicobar-islands,2018,3,743974,880
andaman-&-nicobar-islands,2018,4,764323,12171
andaman-&-nicobar-islands,2018,4,743084,6010
andaman-&-nicobar-islands,2018,4,721061,3961
andaman-&-nicobar-islands,2018,4,790184,3013
andaman-&-nicobar-islands,2018,4,761067,2327
andaman-&-nicobar-islands,2018,4,724938,2232
andaman-&-nicobar-islands,2018,4,716824,1718
andaman-&-nicobar-islands,2018,4,763842,1569
andaman-&-nicobar-islands,2018,4,728539,1451
andaman-&-nicobar-islands,2018,4,773366,1220
andaman-&-nicobar-islands,2019,1,711403,11292
andaman-&-nicobar-islands,2019,1,778841,5138
andaman-&-nicobar-islands,2019,1,778486,3457
andaman-&-nicobar-islands,2019,1,797050,2698
andaman-&-nicobar-islands,2019,1,710564,2021
andaman-&-nicobar-islands,2019,1,748375,1882
andaman-&-nicobar-islands,2019,1,780641,1372
andaman-&-nicobar-islands,2019,1,784135,1368
andaman-&-nicobar-islands,2019,1,740539,1194
andaman-&-nicobar-islands,2019,1,712938,1010
andaman-&-nicobar-islands,2019,2,761372,10600
andaman-&-nicobar-islands,2019,2,735341,5496
andaman-&-nicobar-islands,2019,2,748151,3335
andaman-&-nicobar-islands,2019,2,731822,2819
andaman-&-nicobar-islands,2019,2,719284,2153
andaman-&-nicobar-islands,2019,2,766520,1668
andaman-&-nicobar-islands,2019,2,727751,1649
andaman-&-nicobar-islands,2019,2,739317,1319
andaman-&-nicobar-islands,2019,2,716997,1225
andaman-&-nicobar-islands,2019,2,724160,1057
andaman-&-nicobar-islands,2019,3,742351,13102
andaman-&-nicobar-islands,2019,3,767018,6422
andaman-&-nicobar-islands,2019,3,727797,4764
andaman-&-nicobar-islands,2019,3,750395,3027
andaman-&-nicobar-islands,2019,3,763280,2671
andaman-&-nicobar-islands,2019,3,779453,2080
andaman-&-nicobar-islands,2019,3,775103,1863
andaman-&-nicobar-islands,2019,3,716426,1540
andaman-&-nicobar-islands,2019,3,710487,1309
andaman-&-nicobar-islands,2019,3,729083,1308
andaman-&-nicobar-islands,2019,4,794795,15034
andaman-&-nicobar-islands,2019,4,739974,6885
andaman-&-nicobar-islands,2019,4,796523,4509
andaman-&-nicobar-islands,2019,4,734154,3883
andaman-&-nicobar-islands,2019,4,721201,2718
andaman-&-nicobar-islands,2019,4,732440,2199
andaman-&-nicobar-islands,2019,4,767610,1895
andaman-&-nicobar-islands,2019,4,752363,1706
andaman-&-nicobar-islands,2019,4,782606,1469
andaman-&-nicobar-islands,2019,4,725273,1402
andaman-&-nicobar-islands,2020,1,710132,13590
andaman-&-nicobar-islands,2020,1,798584,6793
andaman-&-nicobar-islands,2020,1,774111,3676
andaman-&-nicobar-islands,2020,1,780008,3162
andaman-&-nicobar-islands,2020,1,779787,2337
andaman-&-nicobar-islands,2020,1,761119,2064
andaman-&-nicobar-islands,2020,1,795952,1786
andaman-&-nicobar-islands,2020,1,742945,1391
andaman-&-nicobar-islands,2020,1,748233,1219
andaman-&-nicobar-islands,2020,1,726217,1160
andaman-&-nicobar-islands,2020,2,796940,12693
andaman-&-nicobar-islands,2020,2,784551,6552
andaman-&-nicobar-islands,2020,2,785453,4337
andaman-&-nicobar-islands,2020,2,753539,3447
andaman-&-nicobar-islands,2020,2,724318,2643
andaman-&-nicobar-islands,2020,2,751911,2293
andaman-&-nicobar-islands,2020,2,713127,1946
andaman-&-nicobar-islands,2020,2,784543,1611
andaman-&-nicobar-islands,2020,2,781273,1502
andaman-&-nicobar-islands,2020,2,773178,1233
andaman-&-nicobar-islands,2020,3,759469,16659
andaman-&-nicobar-islands,2020,3,774280,8106
andaman-&-nicobar-islands,2020,3,772963,4687
andaman-&-nicobar-islands,2020,3,743793,3852
andaman-&-nicobar-islands,2020,3,799629,3089
andaman-&-nicobar-islands,2020,3,787300,2322
andaman-&-nicobar-islands,2020,3,797075,2180
andaman-&-nicobar-islands,2020,3,768191,1838
andaman-&-nicobar-islands,2020,3,799990,1709
andaman-&-nicobar-islands,2020,3,720757,1518
andaman-&-nicobar-islands,2020,4,752717,17864
andaman-&-nicobar-islands,2020,4,745687,9211
andaman-&-nicobar-islands,2020,4,739370,5827
andaman-&-nicobar-islands,2020,4,776001,4626
andaman-&-nicobar-islands,2020,4,788174,3801
andaman-&-nicobar-islands,2020,4,714439,3189
andaman-&-nicobar-islands,2020,4,799075,2519
andaman-&-nicobar-islands,2020,4,757063,2307
andaman-&-nicobar-islands,2020,4,781300,2057
andaman-&-nicobar-islands,2020,4,760213,1820
andaman-&-nicobar-islands,2021,1,764131,15231
andaman-&-nicobar-islands,2021,1,796421,7016
andaman-&-nicobar-islands,2021,1,739277,5169
andaman-&-nicobar-islands,2021,1,724705,3921
andaman-&-nicobar-islands,2021,1,779244,2852
andaman-&-nicobar-islands,2021,1,767434,2534
andaman-&-nicobar-islands,2021,1,735254,2213
andaman-&-nicobar-islands,2021,1,768535,1616
andaman-&-nicobar-islands,2021,1,796705,1554
andaman-&-nicobar-islands,2021,1,761285,1522
andaman-&-nicobar-islands,2021,2,786242,14504
andaman-&-nicobar-islands,2021,2,726124,8094
andaman-&-nicobar-islands,2021,2,721834,4808
andaman-&-nicobar-islands,2021,2,723797,3376
andaman-&-nicobar-islands,2021,2,730955,3014
andaman-&-nicobar-islands,2021,2,777244,2138
andaman-&-nicobar-islands,2021,2,762818,2138
andaman-&-nicobar-islands,2021,2,789187,1749
andaman-&-nicobar-islands,2021,2,747778,1438
andaman-&-nicobar-islands,2021,2,714758,1339
andaman-&-nicobar-islands,2021,3,791524,20802
andaman-&-nicobar-islands,2021,3,790125,9133
andaman-&-nicobar-islands,2021,3,789806,6100
andaman-&-nicobar-islands,2021,3,792771,4840
andaman-&-nicobar-islands,2021,3,747421,3639
andaman-&-nicobar-islands,2021,3,721316,2676
andaman-&-nicobar-islands,2021,3,770653,2371
andaman-&-nicobar-islands,2021,3,790411,2103
andaman-&-nicobar-islands,2021,3,732540,2016
andaman-&-nicobar-islands,2021,3,735765,1725
andaman-&-nicobar-islands,2021,4,715609,22608
andaman-&-nicobar-islands,2021,4,753354,9837
andaman-&-nicobar-islands,2021,4,758770,6178
andaman-&-nicobar-islands,2021,4,743402,4732
andaman-&-nicobar-islands,2021,4,772594,3855
andaman-&-nicobar-islands,2021,4,729555,3146
andaman-&-nicobar-islands,2021,4,775008,2910
andaman-&-nicobar-islands,2021,4,785335,2534
andaman-&-nicobar-islands,2021,4,731760,2161
andaman-&-nicobar-islands,2021,4,763330,2078
andaman-&-nicobar-islands,2022,1,741128,17644
andaman-&-nicobar-islands,2022,1,719583,8442
andaman-&-nicobar-islands,2022,1,729292,6287
andaman-&-nicobar-islands,2022,1,754863,3980
andaman-&-nicobar-islands,2022,1,794861,3327
andaman-&-nicobar-islands,2022,1,794661,2850
andaman-&-nicobar-islands,2022,1,786670,2533
andaman-&-nicobar-islands,2022,1,760562,2258
andaman-&-nicobar-islands,2022,1,758685,1774
andaman-&-nicobar-islands,2022,1,713886,1714
andaman-&-nicobar-islands,2022,2,793799,20868
andaman-&-nicobar-islands,2022,2,728712,9544
andaman-&-nicobar-islands,2022,2,754928,6097
andaman-&-nicobar-islands,2022,2,716137,4954
andaman-&-nicobar-islands,2022,2,770053,3698
andaman-&-nicobar-islands,2022,2,771914,3240
andaman-&-nicobar-islands,2022,2,710826,2551
andaman-&-nicobar-islands,2022,2,748379,2264
andaman-&-nicobar-islands,2022,2,731962,2032
andaman-&-nicobar-islands,2022,2,783498,1849
andaman-&-nicobar-islands,2022,3,786908,22658
andaman-&-nicobar-islands,2022,3,710447,10686
andaman-&-nicobar-islands,2022,3,754861,6884
andaman-&-nicobar-islands,2022,3,766219,5224
andaman-&-nicobar-islands,2022,3,771140,4054
andaman-&-nicobar-islands,2022,3,729899,3314
andaman-&-nicobar-islands,2022,3,791471,2954
andaman-&-nicobar-islands,2022,3,734263,2294
andaman-&-nicobar-islands,2022,3,780433,2256
andaman-&-nicobar-islands,2022,3,737583,1700
andaman-&-nicobar-islands,2022,4,717824,26016
andaman-&-nicobar-islands,2022,4,724635,12634
andaman-&-nicobar-islands,2022,4,716584,7759
andaman-&-nicobar-islands,2022,4,780508,6135
andaman-&-nicobar-islands,2022,4,714896,4192
andaman-&-nicobar-islands,2022,4,738912,4083
andaman-&-nicobar-islands,2022,4,775365,3168
andaman-&-nicobar-islands,2022,4,783590,2588
andaman-&-nicobar-islands,2022,4,722010,2548
andaman-&-nicobar-islands,2022,4,794245,2295
andaman-&-nicobar-islands,2023,1,750307,19197
andaman-&-nicobar-islands,2023,1,728597,9429
andaman-&-nicobar-islands,2023,1,719656,5705
andaman-&-nicobar-islands,2023,1,763245,4001
andaman-&-nicobar-islands,2023,1,745448,3631
andaman-&-nicobar-islands,2023,1,772726,2567
andaman-&-nicobar-islands,2023,1,717774,2200
andaman-&-nicobar-islands,2023,1,785376,2045
andaman-&-nicobar-islands,2023,1,747806,1935
andaman-&-nicobar-islands,2023,1,784307,1524
andaman-&-nicobar-islands,2023,2,771275,21306
andaman-&-nicobar-islands,2023,2,752557,12262
andaman-&-nicobar-islands,2023,2,786354,6784
andaman-&-nicobar-islands,2023,2,795620,4988
andaman-&-nicobar-islands,2023,2,781812,4388
andaman-&-nicobar-islands,2023,2,711245,3638
andaman-&-nicobar-islands,2023,2,737716,2826
andaman-&-nicobar-islands,2023,2,767275,2744
andaman-&-nicobar-islands,2023,2,729783,2401
andaman-&-nicobar-islands,2023,2,783019,1961
andaman-&-nicobar-islands,2023,3,772516,24502
andaman-&-nicobar-islands,2023,3,739346,12351
andaman-&-nicobar-islands,2023,3,787820,7319
andaman-&-nicobar-islands,2023,3,785194,6124
andaman-&-nicobar-islands,2023,3,770428,4483
andaman-&-nicobar-islands,2023,3,744600,3843
andaman-&-nicobar-islands,2023,3,758744,3252
andaman-&-nicobar-islands,2023,3,731153,2895
andaman-&-nicobar-islands,2023,3,774385,2327
andaman-&-nicobar-islands,2023,3,792595,2192
andaman-&-nicobar-islands,2023,4,770199,27732
andaman-&-nicobar-islands,2023,4,781474,15548
andaman-&-nicobar-islands,2023,4,761302,9001
andaman-&-nicobar-islands,2023,4,798933,6941
andaman-&-nicobar-islands,2023,4,739165,5385
andaman-&-nicobar-islands,2023,4,763339,4252
andaman-&-nicobar-islands,2023,4,732590,4228
andaman-&-nicobar-islands,2023,4,772024,3521
andaman-&-nicobar-islands,2023,4,710133,2884
andaman-&-nicobar-islands,2023,4,712559,2632
andhra-pradesh,2018,1,566419,396865
andhra-pradesh,2018,1,595430,211554
andhra-pradesh,2018,1,581094,128391
andhra-pradesh,2018,1,574173,106651
andhra-pradesh,2018,1,537392,82966
andhra-pradesh,2018,1,579347,63946
andhra-pradesh,2018,1,532400,57939
andhra-pradesh,2018,1,542277,49226
andhra-pradesh,2018,1,552355,41551
andhra-pradesh,2018,1,529149,37030
andhra-pradesh,2018,2,589571,508816
andhra-pradesh,2018,2,517573,230933
andhra-pradesh,2018,2,517317,160231
andhra-pradesh,2018,2,567059,108524
andhra-pradesh,2018,2,542699,91702
andhra-pradesh,2018,2,589248,65569
andhra-pradesh,2018,2,522765,58077
andhra-pradesh,2018,2,525663,56522
andhra-pradesh,2018,2,594714,48285
andhra-pradesh,2018,2,555879,42266
andhra-pradesh,2018,3,557873,660573
andhra-pradesh,2018,3,576777,297295
andhra-pradesh,2018,3,573126,190250
andhra-pradesh,2018,3,572116,132540
andhra-pradesh,2018,3,592515,107141
andhra-pradesh,2018,3,562584,86767
andhra-pradesh,2018,3,525678,81652
andhra-pradesh,2018,3,514500,78026
andhra-pradesh,2018,3,597816,60419
andhra-pradesh,2018,3,511261,58518
andhra-pradesh,2018,4,595500,659993
andhra-pradesh,2018,4,571504,279518
andhra-pradesh,2018,4,534950,200671
andhra-pradesh,2018,4,591117,147628
andhra-pradesh,2018,4,542641,115690
andhra-pradesh,2018,4,513780,91896
andhra-pradesh,2018,4,595769,79632
andhra-pradesh,2018,4,552175,77192
andhra-pradesh,2018,4,580654,58823
andhra-pradesh,2018,4,549418,52314
andhra-pradesh,2019,1,518728,576608
andhra-pradesh,2019,1,516644,278301
andhra-pradesh,2019,1,516114,181310
andhra-pradesh,2019,1,578294,154953
andhra-pradesh,2019,1,520461,125249
andhra-pradesh,2019,1,555605,97466
andhra-pradesh,2019,1,519829,87142
andhra-pradesh,2019,1,576404,74952
andhra-pradesh,2019,1,542491,58632
andhra-pradesh,2019,1,568183,52435
andhra-pradesh,2019,2,556276,679118
andhra-pradesh,2019,2,593605,345995
andhra-pradesh,2019,2,566607,243258
andhra-pradesh,2019,2,571299,173533
andhra-pradesh,2019,2,529672,144376
andhra-pradesh,2019,2,569680,112503
andhra-pradesh,2019,2,596773,101495
andhra-pradesh,2019,2,541554,84109
andhra-pradesh,2019,2,540325,75889
andhra-pradesh,2019,2,532088,64571
andhra-pradesh,2019,3,573488,769854
andhra-pradesh,2019,3,513660,358432
andhra-pradesh,2019,3,595123,253455
andhra-pradesh,2019,3,565132,199183
andhra-pradesh,2019,3,566221,136507
andhra-pradesh,2019,3,532884,117260
andhra-pradesh,2019,3,530576,110796
andhra-pradesh,2019,3,538327,94341
andhra-pradesh,2019,3,562445,81583
andhra-pradesh,2019,3,542820,66835
andhra-pradesh,2019,4,575784,918357
andhra-pradesh,2019,4,593188,410826
andhra-pradesh,2019,4,586028,281279
andhra-pradesh,2019,4,585989,218063
andhra-pradesh,2019,4,559762,171771
andhra-pradesh,2019,4,515526,132927
andhra-pradesh,2019,4,520459,125670
andhra-pradesh,2019,4,510438,99590
andhra-pradesh,2019,4,575382,96893
andhra-pradesh,2019,4,571772,80440
andhra-pradesh,2020,1,547607,817347
andhra-pradesh,2020,1,599502,367640
andhra-pradesh,2020,1,577116,282381
andhra-pradesh,2020,1,513835,195130
andhra-pradesh,2020,1,552358,157760
andhra-pradesh,2020,1,516947,128696
andhra-pradesh,2020,1,589817,101161
andhra-pradesh,2020,1,592834,100938
andhra-pradesh,2020,1,588275,88689
andhra-pradesh,2020,1,518177,71788
andhra-pradesh,2020,2,519992,877075
andhra-pradesh,2020,2,545589,434033
andhra-pradesh,2020,2,534089,316077
andhra-pradesh,2020,2,578730,221819
andhra-pradesh,2020,2,554608,179239
andhra-pradesh,2020,2,544809,150287
andhra-pradesh,2020,2,544671,118977
andhra-pradesh,2020,2,549286,105024
andhra-pradesh,2020,2,537377,104357
andhra-pradesh,2020,2,559386,93310
andhra-pradesh,2020,3,543560,885921
andhra-pradesh,2020,3,590234,412314
andhra-pradesh,2020,3,545754,302533
andhra-pradesh,2020,3,574732,212022
andhra-pradesh,2020,3,552433,173299
andhra-pradesh,2020,3,558698,135119
andhra-pradesh,2020,3,571405,117322
andhra-pradesh,2020,3,519416,104272
andhra-pradesh,2020,3,581205,85599
andhra-pradesh,2020,3,524118,84013
andhra-pradesh,2020,4,518004,1074558
andhra-pradesh,2020,4,566666,600547
andhra-pradesh,2020,4,516758,392253
andhra-pradesh,2020,4,576553,253024
andhra-pradesh,2020,4,529197,210514
andhra-pradesh,2020,4,586669,167883
andhra-pradesh,2020,4,597776,163678
andhra-pradesh,2020,4,511973,126687
andhra-pradesh,2020,4,561649,119477
andhra-pradesh,2020,4,519916,112344
andhra-pradesh,2021,1,572016,948842
andhra-pradesh,2021,1,589173,413665
andhra-pradesh,2021,1,529412,287525
andhra-pradesh,2021,1,513714,211662
andhra-pradesh,2021,1,579776,173149
andhra-pradesh,2021,1,520013,148254
andhra-pradesh,2021,1,523105,127993
andhra-pradesh,2021,1,555267,111255
andhra-pradesh,2021,1,519811,100030
andhra-pradesh,2021,1,540642,76788
andhra-pradesh,2021,2,520956,765121
andhra-pradesh,2021,2,526970,396131
andhra-pradesh,2021,2,516185,292092
andhra-pradesh,2021,2,522834,215851
andhra-pradesh,2021,2,550238,169237
andhra-pradesh,2021,2,548834,140255
andhra-pradesh,2021,2,527271,102991
andhra-pradesh,2021,2,533808,97527
andhra-pradesh,2021,2,544635,92536
andhra-pradesh,2021,2,515595,80532
andhra-pradesh,2021,3,516154,1171914
andhra-pradesh,2021,3,525579,496523
andhra-pradesh,2021,3,548617,346235
andhra-pradesh,2021,3,528081,264880
andhra-pradesh,2021,3,535906,199291
andhra-pradesh,2021,3,559241,181018
andhra-pradesh,2021,3,543597,138603
andhra-pradesh,2021,3,513291,121315
andhra-pradesh,2021,3,591589,117334
andhra-pradesh,2021,3,553055,95476
andhra-pradesh,2021,4,516978,1198554
andhra-pradesh,2021,4,543023,549155
andhra-pradesh,2021,4,539648,370628
andhra-pradesh,2021,4,549794,240157
andhra-pradesh,2021,4,579380,190855
andhra-pradesh,2021,4,532813,180773
andhra-pradesh,2021,4,550736,148677
andhra-pradesh,2021,4,586208,131681
andhra-pradesh,2021,4,551194,116786
andhra-pradesh,2021,4,531191,98638
andhra-pradesh,2022,1,570966,1017739
andhra-pradesh,2022,1,578802,464323
andhra-pradesh,2022,1,515540,311074
andhra-pradesh,2022,1,519302,201828
andhra-pradesh,2022,1,597252,170407
andhra-pradesh,2022,1,517502,150816
andhra-pradesh,2022,1,533803,125165
andhra-pradesh,2022,1,522039,99847
andhra-pradesh,2022,1,544687,92436
andhra-pradesh,2022,1,560959,89976
andhra-pradesh,2022,2,590963,1303636
andhra-pradesh,2022,2,564636,539391
andhra-pradesh,2022,2,528659,358622
andhra-pradesh,2022,2,568589,280328
andhra-pradesh,2022,2,568045,235433
andhra-pradesh,2022,2,553817,186968
andhra-pradesh,2022,2,578379,146258
andhra-pradesh,2022,2,579597,124484
andhra-pradesh,2022,2,532086,114212
andhra-pradesh,2022,2,586640,113523
andhra-pradesh,2022,3,525417,1215735
andhra-pradesh,2022,3,587038,549495
andhra-pradesh,2022,3,594276,338107
andhra-pradesh,2022,3,570461,247881
andhra-pradesh,2022,3,513064,210996
andhra-pradesh,2022,3,536821,184397
andhra-pradesh,2022,3,528754,143260
andhra-pradesh,2022,3,552782,136030
andhra-pradesh,2022,3,560284,120622
andhra-pradesh,2022,3,561883,95142
andhra-pradesh,2022,4,578192,1280541
andhra-pradesh,2022,4,566176,727305
andhra-pradesh,2022,4,594990,411694
andhra-pradesh,2022,4,578362,315974
andhra-pradesh,2022,4,513028,263964
andhra-pradesh,2022,4,569542,194766
andhra-pradesh,2022,4,516326,180112
andhra-pradesh,2022,4,596469,166294
andhra-pradesh,2022,4,529873,127870
andhra-pradesh,2022,4,514499,126235
andhra-pradesh,2023,1,564784,1092197
andhra-pradesh,2023,1,555224,492644
andhra-pradesh,2023,1,553988,328261
andhra-pradesh,2023,1,588831,271915
andhra-pradesh,2023,1,527723,218206
andhra-pradesh,2023,1,570906,170371
andhra-pradesh,2023,1,526409,142726
andhra-pradesh,2023,1,522494,127288
andhra-pradesh,2023,1,587172,120781
andhra-pradesh,2023,1,539941,102995
andhra-pradesh,2023,2,552557,1365779
andhra-pradesh,2023,2,556070,650874
andhra-pradesh,2023,2,577407,356915
andhra-pradesh,2023,2,543642,307103
andhra-pradesh,2023,2,574240,218800
andhra-pradesh,2023,2,517535,171287
andhra-pradesh,2023,2,570903,147100
andhra-pradesh,2023,2,528477,131545
andhra-pradesh,2023,2,598738,127301
andhra-pradesh,2023,2,590087,100037
andhra-pradesh,2023,3,599212,1282206
andhra-pradesh,2023,3,518554,576065
andhra-pradesh,2023,3,596164,388170
andhra-pradesh,2023,3,560749,308870
andhra-pradesh,2023,3,560278,240032
andhra-pradesh,2023,3,586481,190475
andhra-pradesh,2023,3,556156,151097
andhra-pradesh,2023,3,598864,145272
andhra-pradesh,2023,3,533447,117390
andhra-pradesh,2023,3,575350,110826
andhra-pradesh,2023,4,518976,1650296
andhra-pradesh,2023,4,518887,843056
andhra-pradesh,2023,4,542154,543218
andhra-pradesh,2023,4,516439,388073
andhra-pradesh,2023,4,518313,324877
andhra-pradesh,2023,4,523843,245161
andhra-pradesh,2023,4,510638,214727
andhra-pradesh,2023,4,586537,171986
andhra-pradesh,2023,4,517357,171668
andhra-pradesh,2023,4,528830,142727
arunachal-pradesh,2018,1,793518,15780
arunachal-pradesh,2018,1,796042,7269
arunachal-pradesh,2018,1,718923,4993
arunachal-pradesh,2018,1,765429,3969
arunachal-pradesh,2018,1,716068,2663
arunachal-pradesh,2018,1,751021,2240
arunachal-pradesh,2018,1,726220,2067
arunachal-pradesh,2018,1,796754,1601
arunachal-pradesh,2018,1,760481,1428
arunachal-pradesh,2018,1,790741,1268
arunachal-pradesh,2018,2,777436,19230
arunachal-pradesh,2018,2,730643,9487
arunachal-pradesh,2018,2,779310,6382
arunachal-pradesh,2018,2,755854,4469
arunachal-pradesh,2018,2,780048,3762
arunachal-pradesh,2018,2,754928,2930
arunachal-pradesh,2018,2,760116,2345
arunachal-pradesh,2018,2,760805,2104
arunachal-pradesh,2018,2,770265,1939
arunachal-pradesh,2018,2,798258,1783
arunachal-pradesh,2018,3,712802,20658
arunachal-pradesh,2018,3,736009,9534
arunachal-pradesh,2018,3,742137,6545
arunachal-pradesh,2018,3,794798,4703
arunachal-pradesh,2018,3,711134,3766
arunachal-pradesh,2018,3,712177,2874
arunachal-pradesh,2018,3,755772,2839
arunachal-pradesh,2018,3,750119,2232
arunachal-pradesh,2018,3,769572,2161
arunachal-pradesh,2018,3,711215,1850
arunachal-pradesh,2018,4,754535,24808
arunachal-pradesh,2018,4,796782,14070
arunachal-pradesh,2018,4,751979,7834
arunachal-pradesh,2018,4,724433,6381
arunachal-pradesh,2018,4,717888,4898
arunachal-pradesh,2018,4,792407,4379
arunachal-pradesh,2018,4,742979,3731
arunachal-pradesh,2018,4,738094,2829
arunachal-pradesh,2018,4,720215,2790
arunachal-pradesh,2018,4,735575,2195
arunachal-pradesh,2019,1,769053,19932
arunachal-pradesh,2019,1,749037,9348
arunachal-pradesh,2019,1,777364,6468
arunachal-pradesh,2019,1,715985,5225
arunachal-pradesh,2019,1,745931,4085
arunachal-pradesh,2019,1,783000,3334
arunachal-pradesh,2019,1,749966,2562
arunachal-pradesh,2019,1,718541,2379
arunachal-pradesh,2019,1,789832,2245
arunachal-pradesh,2019,1,794677,1686
arunachal-pradesh,2019,2,725166,22073
arunachal-pradesh,2019,2,717627,10628
arunachal-pradesh,2019,2,746006,7149
arunachal-pradesh,2019,2,768521,5838
arunachal-pradesh,2019,2,778724,4033
arunachal-pradesh,2019,2,724413,3444
arunachal-pradesh,2019,2,715588,2897
arunachal-pradesh,2019,2,781651,2777
arunachal-pradesh,2019,2,789902,2193
arunachal-pradesh,2019,2,778712,1981
arunachal-pradesh,2019,3,755154,23267
arunachal-pradesh,2019,3,778844,13331
arunachal-pradesh,2019,3,766786,7498
arunachal-pradesh,2019,3,727755,6541
arunachal-pradesh,2019,3,774863,4991
arunachal-pradesh,2019,3,770077,4056
arunachal-pradesh,2019,3,765253,3361
arunachal-pradesh,2019,3,755702,2921
arunachal-pradesh,2019,3,732505,2619
arunachal-pradesh,2019,3,724662,2359
arunachal-pradesh,2019,4,754533,29760
arunachal-pradesh,2019,4,747132,14598
arunachal-pradesh,2019,4,748149,9229
arunachal-pradesh,2019,4,743053,6114
arunachal-pradesh,2019,4,784419,5376
arunachal-pradesh,2019,4,725900,4309
arunachal-pradesh,2019,4,748325,3838
arunachal-pradesh,2019,4,765384,3260
arunachal-pradesh,2019,4,757015,2834
arunachal-pradesh,2019,4,760726,2642
arunachal-pradesh,2020,1,721169,29151
arunachal-pradesh,2020,1,723392,12852
arunachal-pradesh,2020,1,711798,8243
arunachal-pradesh,2020,1,762718,6483
arunachal-pradesh,2020,1,773241,5222
arunachal-pradesh,2020,1,750781,4364
arunachal-pradesh,2020,1,772696,3695
arunachal-pradesh,2020,1,725252,3113
arunachal-pradesh,2020,1,750994,2666
arunachal-pradesh,2020,1,738596,2594
arunachal-pradesh,2020,2,713943,25451
arunachal-pradesh,2020,2,763025,14470
arunachal-pradesh,2020,2,784374,9040
arunachal-pradesh,2020,2,769845,7106
arunachal-pradesh,2020,2,795322,5539
arunachal-pradesh,2020,2,764279,4579
arunachal-pradesh,2020,2,773517,3837
arunachal-pradesh,2020,2,764507,3156
arunachal-pradesh,2020,2,713974,2607
arunachal-pradesh,2020,2,757214,2416
arunachal-pradesh,2020,3,711072,29943
arunachal-pradesh,2020,3,711146,16166
arunachal-pradesh,2020,3,726733,10291
arunachal-pradesh,2020,3,729403,7349
arunachal-pradesh,2020,3,717152,5548
arunachal-pradesh,2020,3,753094,4815
arunachal-pradesh,2020,3,777998,4445
arunachal-pradesh,2020,3,715264,3575
arunachal-pradesh,2020,3,771588,3279
arunachal-pradesh,2020,3,799150,2736
arunachal-pradesh,2020,4,723939,36451
arunachal-pradesh,2020,4,763023,17605
arunachal-pradesh,2020,4,762339,12993
arunachal-pradesh,2020,4,760777,10136
arunachal-pradesh,2020,4,768265,7094
arunachal-pradesh,2020,4,759234,6077
arunachal-pradesh,2020,4,744328,5474
arunachal-pradesh,2020,4,762391,4777
arunachal-pradesh,2020,4,726941,3826
arunachal-pradesh,2020,4,788068,3779
arunachal-pradesh,2021,1,725013,32644
arunachal-pradesh,2021,1,797109,13528
arunachal-pradesh,2021,1,730653,9997
arunachal-pradesh,2021,1,747461,7582
arunachal-pradesh,2021,1,721570,6226
arunachal-pradesh,2021,1,759854,4556
arunachal-pradesh,2021,1,799747,4379
arunachal-pradesh,2021,1,739095,3231
arunachal-pradesh,2021,1,779538,2998
arunachal-pradesh,2021,1,738366,2709
arunachal-pradesh,2021,2,778386,30402
arunachal-pradesh,2021,2,723841,14562
arunachal-pradesh,2021,2,766919,8994
arunachal-pradesh,2021,2,757229,6538
arunachal-pradesh,2021,2,720132,5879
arunachal-pradesh,2021,2,718433,4716
arunachal-pradesh,2021,2,761694,3946
arunachal-pradesh,2021,2,765871,3401
arunachal-pradesh,2021,2,711471,3087
arunachal-pradesh,2021,2,720766,2605
arunachal-pradesh,2021,3,771076,39316
arunachal-pradesh,2021,3,719253,16166
arunachal-pradesh,2021,3,755065,10576
arunachal-pradesh,2021,3,767010,8281
arunachal-pradesh,2021,3,722796,7052
arunachal-pradesh,2021,3,771214,5732
arunachal-pradesh,2021,3,718384,5057
arunachal-pradesh,2021,3,746587,4004
arunachal-pradesh,2021,3,728779,3642
arunachal-pradesh,2021,3,795826,3096
arunachal-pradesh,2021,4,788166,39770
arunachal-pradesh,2021,4,736593,19397
arunachal-pradesh,2021,4,772128,13493
arunachal-pradesh,2021,4,750028,9838
arunachal-pradesh,2021,4,743417,8190
arunachal-pradesh,2021,4,739047,6533
arunachal-pradesh,2021,4,732989,5914
arunachal-pradesh,2021,4,796131,5248
arunachal-pradesh,2021,4,739550,3962
arunachal-pradesh,2021,4,734799,3636
arunachal-pradesh,2022,1,768536,33120
arunachal-pradesh,2022,1,714498,16568
arunachal-pradesh,2022,1,764140,10284
arunachal-pradesh,2022,1,776135,8101
arunachal-pradesh,2022,1,786483,6069
arunachal-pradesh,2022,1,717243,5551
arunachal-pradesh,2022,1,738333,4464
arunachal-pradesh,2022,1,758242,3716
arunachal-pradesh,2022,1,750905,3412
arunachal-pradesh,2022,1,740208,2792
arunachal-pradesh,2022,2,762988,38724
arunachal-pradesh,2022,2,743334,19743
arunachal-pradesh,2022,2,730836,12517
arunachal-pradesh,2022,2,724737,8121
arunachal-pradesh,2022,2,794436,6602
arunachal-pradesh,2022,2,759778,5371
arunachal-pradesh,2022,2,799471,5321
arunachal-pradesh,2022,2,717729,4248
arunachal-pradesh,2022,2,756256,4021
arunachal-pradesh,2022,2,719824,3726
arunachal-pradesh,2022,3,756507,43144
arunachal-pradesh,2022,3,795219,20560
arunachal-pradesh,2022,3,759982,12393
arunachal-pradesh,2022,3,768571,8715
arunachal-pradesh,2022,3,722729,7859
arunachal-pradesh,2022,3,769087,6261
arunachal-pradesh,2022,3,770813,5058
arunachal-pradesh,2022,3,773470,4117
arunachal-pradesh,2022,3,776146,3807
arunachal-pradesh,2022,3,735862,3805
arunachal-pradesh,2022,4,770540,46048
arunachal-pradesh,2022,4,766765,21878
arunachal-pradesh,2022,4,769779,14158
arunachal-pradesh,2022,4,783932,9985
arunachal-pradesh,2022,4,777266,8720
arunachal-pradesh,2022,4,737572,6101
arunachal-pradesh,2022,4,797767,5341
arunachal-pradesh,2022,4,739516,4844
arunachal-pradesh,2022,4,753744,4353
arunachal-pradesh,2022,4,749417,3999
arunachal-pradesh,2023,1,724301,35607
arunachal-pradesh,2023,1,717964,18785
arunachal-pradesh,2023,1,796776,12404
arunachal-pradesh,2023,1,738879,8117
arunachal-pradesh,2023,1,737213,6735
arunachal-pradesh,2023,1,776609,5740
arunachal-pradesh,2023,1,787203,5263
arunachal-pradesh,2023,1,792059,4480
arunachal-pradesh,2023,1,762264,3786
arunachal-pradesh,2023,1,783735,3646
arunachal-pradesh,2023,2,783520,46645
arunachal-pradesh,2023,2,721065,21242
arunachal-pradesh,2023,2,737098,14958
arunachal-pradesh,2023,2,741414,9963
arunachal-pradesh,2023,2,767343,8728
arunachal-pradesh,2023,2,712908,6535
arunachal-pradesh,2023,2,730548,5203
arunachal-pradesh,2023,2,778160,4942
arunachal-pradesh,2023,2,766999,4167
arunachal-pradesh,2023,2,734134,3566
arunachal-pradesh,2023,3,782252,42147
arunachal-pradesh,2023,3,745259,19423
arunachal-pradesh,2023,3,735506,12912
arunachal-pradesh,2023,3,792864,8530
arunachal-pradesh,2023,3,714933,7706
arunachal-pradesh,2023,3,769461,6483
arunachal-pradesh,2023,3,710974,5237
arunachal-pradesh,2023,3,776721,4185
arunachal-pradesh,2023,3,746377,4153
arunachal-pradesh,2023,3,749085,3137
arunachal-pradesh,2023,4,766579,51101
arunachal-pradesh,2023,4,766335,24598
arunachal-pradesh,2023,4,748400,16898
arunachal-pradesh,2023,4,782842,11066
arunachal-pradesh,2023,4,768295,9876
arunachal-pradesh,2023,4,713702,8151
arunachal-pradesh,2023,4,756116,7112
arunachal-pradesh,2023,4,798535,5475
arunachal-pradesh,2023,4,713481,4807
arunachal-pradesh,2023,4,787176,4092
assam,2018,1,791552,140651
assam,2018,1,721497,62640
assam,2018,1,767764,44764
assam,2018,1,770064,29576
assam,2018,1,769172,25050
assam,2018,1,741957,21950
assam,2018,1,774584,16603
assam,2018,1,797653,15769
assam,2018,1,774572,12570
assam,2018,1,746390,11845
assam,2018,2,732982,204936
assam,2018,2,723993,81623
assam,2018,2,797191,62983
assam,2018,2,776692,39465
assam,2018,2,721031,33060
assam,2018,2,790711,28151
assam,2018,2,728575,23192
assam,2018,2,778827,22439
assam,2018,2,719269,18544
assam,2018,2,737916,17219
assam,2018,3,755250,173408
assam,2018,3,769704,94819
assam,2018,3,782131,61181
assam,2018,3,718290,41834
assam,2018,3,751243,38658
assam,2018,3,798450,27879
assam,2018,3,747451,26959
assam,2018,3,755172,19420
assam,2018,3,786784,18346
assam,2018,3,732807,18209
assam,2018,4,750996,258664
assam,2018,4,772101,131875
assam,2018,4,712018,80679
assam,2018,4,719538,67275
assam,2018,4,740475,54950
assam,2018,4,721870,42408
assam,2018,4,758551,38709
assam,2018,4,772772,27778
assam,2018,4,731730,26924
assam,2018,4,797154,22418
assam,2019,1,741641,206249
assam,2019,1,748766,97574
assam,2019,1,747032,67111
assam,2019,1,769738,46010
assam,2019,1,717217,37736
assam,2019,1,769918,32917
assam,2019,1,793230,28453
assam,2019,1,729578,22214
assam,2019,1,751289,21107
assam,2019,1,799701,17890
assam,2019,2,745839,222352
assam,2019,2,785524,98619
assam,2019,2,798680,69497
assam,2019,2,730054,47053
assam,2019,2,731862,39576
assam,2019,2,786693,31911
assam,2019,2,762778,25971
assam,2019,2,773764,25158
assam,2019,2,786603,20204
assam,2019,2,724618,19467
assam,2019,3,711439,252140
assam,2019,3,769960,138076
assam,2019,3,795257,88414
assam,2019,3,777020,58042
assam,2019,3,726916,53229
assam,2019,3,725933,44174
assam,2019,3,791018,36200
assam,2019,3,765800,31645
assam,2019,3,776817,27770
assam,2019,3,737514,22994
assam,2019,4,727177,325733
assam,2019,4,769819,160484
assam,2019,4,752014,105661
assam,2019,4,729940,77944
assam,2019,4,716355,64308
assam,2019,4,737758,55770
assam,2019,4,713298,45456
assam,2019,4,717117,43015
assam,2019,4,712063,36213
assam,2019,4,786752,32552
assam,2020,1,743301,255217
assam,2020,1,782788,131683
assam,2020,1,787350,93586
assam,2020,1,730462,62946
assam,2020,1,753913,47736
assam,2020,1,781575,38619
assam,2020,1,767854,38457
assam,2020,1,726728,28491
assam,2020,1,749477,26125
assam,2020,1,772003,23687
assam,2020,2,713952,303535
assam,2020,2,716052,130952
assam,2020,2,786641,99700
assam,2020,2,797442,67742
assam,2020,2,775840,56623
assam,2020,2,760685,43814
assam,2020,2,797249,35908
assam,2020,2,775568,33033
assam,2020,2,729660,26095
assam,2020,2,742437,25406
assam,2020,3,784886,343522
assam,2020,3,742982,160096
assam,2020,3,716733,110068
assam,2020,3,746670,84440
assam,2020,3,719061,56124
assam,2020,3,718090,48759
assam,2020,3,739212,43657
assam,2020,3,775306,38425
assam,2020,3,760428,34637
assam,2020,3,748593,27364
assam,2020,4,768178,360052
assam,2020,4,712709,163713
assam,2020,4,742513,115090
assam,2020,4,721673,87170
assam,2020,4,736289,67960
assam,2020,4,729052,59294
assam,2020,4,740503,41692
assam,2020,4,731499,38196
assam,2020,4,735189,35723
assam,2020,4,789076,28820
assam,2021,1,737095,289224
assam,2021,1,758637,133750
assam,2021,1,742621,85329
assam,2021,1,759227,65202
assam,2021,1,785134,57724
assam,2021,1,735704,49398
assam,2021,1,755224,35026
assam,2021,1,782863,32556
assam,2021,1,772418,30805
assam,2021,1,767570,27656
assam,2021,2,769680,348418
assam,2021,2,711223,178309
assam,2021,2,773695,104885
assam,2021,2,795029,74565
assam,2021,2,776273,67544
assam,2021,2,712555,52836
assam,2021,2,793833,41825
assam,2021,2,744857,40801
assam,2021,2,765997,36796
assam,2021,2,759281,33325
assam,2021,3,747838,342158
assam,2021,3,774087,196456
assam,2021,3,795223,115896
assam,2021,3,716222,90061
assam,2021,3,784578,62596
assam,2021,3,732916,56046
assam,2021,3,730681,50890
assam,2021,3,730819,38533
assam,2021,3,753714,34917
assam,2021,3,797635,29783
assam,2021,4,717310,383500
assam,2021,4,712428,185854
assam,2021,4,751301,137750
assam,2021,4,729561,100236
assam,2021,4,759162,71205
assam,2021,4,730037,57651
assam,2021,4,736081,51114
assam,2021,4,794457,44178
assam,2021,4,747761,38686
assam,2021,4,729418,34872
assam,2022,1,732477,315489
assam,2022,1,739139,153575
assam,2022,1,714502,95592
assam,2022,1,772566,67103
assam,2022,1,722118,54964
assam,2022,1,775249,48728
assam,2022,1,784110,42183
assam,2022,1,759194,33851
assam,2022,1,775553,31970
assam,2022,1,771621,28059
assam,2022,2,738606,387353
assam,2022,2,717185,184920
assam,2022,2,729679,123768
assam,2022,2,757434,88444
assam,2022,2,742892,66865
assam,2022,2,763927,57802
assam,2022,2,727848,51144
assam,2022,2,773022,40586
assam,2022,2,793059,38998
assam,2022,2,795583,37420
assam,2022,3,740937,390871
assam,2022,3,740589,210068
assam,2022,3,728301,124725
assam,2022,3,735244,98375
assam,2022,3,798617,81754
assam,2022,3,793572,62199
assam,2022,3,751600,55334
assam,2022,3,741729,48807
assam,2022,3,756860,42042
assam,2022,3,765430,34565
assam,2022,4,777809,403997
assam,2022,4,770619,224393
assam,2022,4,730091,130428
assam,2022,4,737211,101226
assam,2022,4,762752,80490
assam,2022,4,765939,65439
assam,2022,4,739966,56813
assam,2022,4,786560,46534
assam,2022,4,795088,45065
assam,2022,4,733366,36312
assam,2023,1,724026,337183
assam,2023,1,713786,177494
assam,2023,1,718751,100650
assam,2023,1,785771,80576
assam,2023,1,739942,58370
assam,2023,1,721481,55020
assam,2023,1,724375,42462
assam,2023,1,754318,34848
assam,2023,1,713637,30377
assam,2023,1,719448,28488
assam,2023,2,746437,462467
assam,2023,2,780531,218627
assam,2023,2,726988,144516
assam,2023,2,782104,106210
assam,2023,2,718694,79316
assam,2023,2,727267,66051
assam,2023,2,764531,55305
assam,2023,2,717616,52512
assam,2023,2,710977,42829
assam,2023,2,712176,38999
assam,2023,3,721359,410850
assam,2023,3,733076,208325
assam,2023,3,747045,127444
assam,2023,3,719357,90691
assam,2023,3,716249,81355
assam,2023,3,763729,65807
assam,2023,3,725127,49531
assam,2023,3,729834,44545
assam,2023,3,722824,41992
assam,2023,3,798925,36324
assam,2023,4,778236,527165
assam,2023,4,777499,249070
assam,2023,4,721709,172728
assam,2023,4,729913,129618
assam,2023,4,757072,99489
assam,2023,4,796424,75856
assam,2023,4,744112,73366
assam,2023,4,725089,63616
assam,2023,4,763943,52923
assam,2023,4,732636,45508
bihar,2018,1,852727,228818
bihar,2018,1,862492,107094
bihar,2018,1,847726,73898
bihar,2018,1,880969,51192
bihar,2018,1,816595,37746
bihar,2018,1,872554,34558
bihar,2018,1,878170,25897
bihar,2018,1,823055,23384
bihar,2018,1,852183,21286
bihar,2018,1,862889,20014
bihar,2018,2,879636,288438
bihar,2018,2,884228,121778
bihar,2018,2,855815,81776
bihar,2018,2,892200,68988
bihar,2018,2,891001,51245
bihar,2018,2,834931,38263
bihar,2018,2,819127,37203
bihar,2018,2,860829,33457
bihar,2018,2,856844,27615
bihar,2018,2,861895,23722
bihar,2018,3,872032,320231
bihar,2018,3,870102,168358
bihar,2018,3,857323,108888
bihar,2018,3,830898,82512
bihar,2018,3,825299,61405
bihar,2018,3,829684,53778
bihar,2018,3,875505,47160
bihar,2018,3,829892,36760
bihar,2018,3,873688,33694
bihar,2018,3,824925,27585
bihar,2018,4,873063,434022
bihar,2018,4,882341,210022
bihar,2018,4,888136,142344
bihar,2018,4,892791,118308
bihar,2018,4,854300,86950
bihar,2018,4,877673,65724
bihar,2018,4,893682,55715
bihar,2018,4,883170,50294
bihar,2018,4,889720,45502
bihar,2018,4,893974,44600
bihar,2019,1,810373,346028
bihar,2019,1,829833,171478
bihar,2019,1,878812,115188
bihar,2019,1,885779,73514
bihar,2019,1,840067,57295
bihar,2019,1,851974,56565
bihar,2019,1,816696,46700
bihar,2019,1,848889,37953
bihar,2019,1,841674,30705
bihar,2019,1,813029,30259
bihar,2019,2,884880,387576
bihar,2019,2,831441,175886
bihar,2019,2,893894,137805
bihar,2019,2,847181,96698
bihar,2019,2,821087,76317
bihar,2019,2,825612,61814
bihar,2019,2,817352,53965
bihar,2019,2,837646,47479
bihar,2019,2,884753,40816
bihar,2019,2,883887,38845
bihar,2019,3,835544,487011
bihar,2019,3,856177,236765
bihar,2019,3,821460,146276
bihar,2019,3,842474,106807
bihar,2019,3,871445,82268
bihar,2019,3,850897,70874
bihar,2019,3,898815,54324
bihar,2019,3,889150,50704
bihar,2019,3,844980,43894
bihar,2019,3,827076,42093
bihar,2019,4,812516,475897
bihar,2019,4,888415,236167
bihar,2019,4,817906,175882
bihar,2019,4,830981,113061
bihar,2019,4,861760,91814
bihar,2019,4,852643,76754
bihar,2019,4,812416,69505
bihar,2019,4,824731,63458
bihar,2019,4,818009,54846
bihar,2019,4,856380,44747
bihar,2020,1,864856,474061
bihar,2020,1,879259,243209
bihar,2020,1,881364,149444
bihar,2020,1,846872,122466
bihar,2020,1,862237,96882
bihar,2020,1,884756,73898
bihar,2020,1,869568,72653
bihar,2020,1,870815,60267
bihar,2020,1,824059,50314
bihar,2020,1,836510,49262
bihar,2020,2,895350,561535
bihar,2020,2,820179,234174
bihar,2020,2,862807,152820
bihar,2020,2,836220,127731
bihar,2020,2,859108,99856
bihar,2020,2,879063,76574
bihar,2020,2,867236,72472
bihar,2020,2,838427,63271
bihar,2020,2,864399,53551
bihar,2020,2,847155,43619
bihar,2020,3,830269,495163
bihar,2020,3,822754,247524
bihar,2020,3,894586,164204
bihar,2020,3,867877,118579
bihar,2020,3,857534,102353
bihar,2020,3,889894,89076
bihar,2020,3,873890,67338
bihar,2020,3,862848,63827
bihar,2020,3,857512,57876
bihar,2020,3,831444,44803
bihar,2020,4,888140,584095
bihar,2020,4,871386,324967
bihar,2020,4,840819,211549
bihar,2020,4,880488,153868
bihar,2020,4,815587,125358
bihar,2020,4,895441,97014
bihar,2020,4,865032,83547
bihar,2020,4,822166,73842
bihar,2020,4,851491,67006
bihar,2020,4,891213,57813
bihar,2021,1,838125,470886
bihar,2021,1,874237,273315
bihar,2021,1,862622,165095
bihar,2021,1,882923,118220
bihar,2021,1,864371,97198
bihar,2021,1,867044,81045
bihar,2021,1,892602,63499
bihar,2021,1,859438,55737
bihar,2021,1,831967,55416
bihar,2021,1,812357,42561
bihar,2021,2,811068,529455
bihar,2021,2,810262,305117
bihar,2021,2,829609,184895
bihar,2021,2,827548,128333
bihar,2021,2,816616,114082
bihar,2021,2,823883,89221
bihar,2021,2,892913,76539
bihar,2021,2,852140,66916
bihar,2021,2,846680,53736
bihar,2021,2,893662,53597
bihar,2021,3,849878,592420
bihar,2021,3,889500,274216
bihar,2021,3,894767,165460
bihar,2021,3,830171,137588
bihar,2021,3,843510,107966
bihar,2021,3,884093,94759
bihar,2021,3,884682,82067
bihar,2021,3,830104,61294
bihar,2021,3,862778,59051
bihar,2021,3,821455,47426
bihar,2021,4,851144,766023
bihar,2021,4,897507,327639
bihar,2021,4,854769,244277
bihar,2021,4,864016,157645
bihar,2021,4,818954,135961
bihar,2021,4,835848,122637
bihar,2021,4,876043,94556
bihar,2021,4,875104,78662
bihar,2021,4,827622,76045
bihar,2021,4,881481,61805
bihar,2022,1,868880,637348
bihar,2022,1,869677,292379
bihar,2022,1,885831,187379
bihar,2022,1,857095,150999
bihar,2022,1,865512,110359
bihar,2022,1,866373,103904
bihar,2022,1,833274,84430
bihar,2022,1,872819,67239
bihar,2022,1,879804,66588
bihar,2022,1,889713,57715
bihar,2022,2,881428,628559
bihar,2022,2,898238,308383
bihar,2022,2,842745,191069
bihar,2022,2,863602,137346
bihar,2022,2,852676,118493
bihar,2022,2,841714,100567
bihar,2022,2,875705,83322
bihar,2022,2,841473,65583
bihar,2022,2,846618,64664
bihar,2022,2,820960,54970
bihar,2022,3,840533,790659
bihar,2022,3,842686,323746
bihar,2022,3,844589,242534
bihar,2022,3,850969,171775
bihar,2022,3,811676,145562
bihar,2022,3,866629,121232
bihar,2022,3,857774,90074
bihar,2022,3,865988,89442
bihar,2022,3,896068,71637
bihar,2022,3,877234,67853
bihar,2022,4,832681,722460
bihar,2022,4,830009,396100
bihar,2022,4,813368,259664
bihar,2022,4,831203,186183
bihar,2022,4,845386,156574
bihar,2022,4,884137,127575
bihar,2022,4,825698,101737
bihar,2022,4,880340,83894
bihar,2022,4,822013,81363
bihar,2022,4,817959,76929
bihar,2023,1,837333,645055
bihar,2023,1,813055,278414
bihar,2023,1,864146,183052
bihar,2023,1,877902,152488
bihar,2023,1,892293,115722
bihar,2023,1,852010,86408
bihar,2023,1,848862,82845
bihar,2023,1,842118,68786
bihar,2023,1,876520,62657
bihar,2023,1,822846,53055
bihar,2023,2,838691,738093
bihar,2023,2,824044,368635
bihar,2023,2,889816,244630
bihar,2023,2,866656,169270
bihar,2023,2,874532,137221
bihar,2023,2,824546,116467
bihar,2023,2,873834,93290
bihar,2023,2,822013,88853
bihar,2023,2,829749,74144
bihar,2023,2,823046,67084
bihar,2023,3,863727,739032
bihar,2023,3,821423,400883
bihar,2023,3,873201,228135
bihar,2023,3,872398,177324
bihar,2023,3,892238,132505
bihar,2023,3,826117,110805
bihar,2023,3,860457,99368
bihar,2023,3,853335,86743
bihar,2023,3,832243,85848
bihar,2023,3,810219,72520
bihar,2023,4,840693,850559
bihar,2023,4,815248,405305
bihar,2023,4,847475,252124
bihar,2023,4,812952,177834
bihar,2023,4,851127,149759
bihar,2023,4,884806,109710
bihar,2023,4,842936,108611
bihar,2023,4,873050,88401
bihar,2023,4,824409,76802
bihar,2023,4,830845,62748
chandigarh,2018,1,141394,28348
chandigarh,2018,1,179047,13779
chandigarh,2018,1,136126,8578
chandigarh,2018,1,115871,5889
chandigarh,2018,1,167033,5106
chandigarh,2018,1,161774,4027
chandigarh,2018,1,180899,3260
chandigarh,2018,1,131511,3153
chandigarh,2018,1,118152,2755
chandigarh,2018,1,189602,2542
chandigarh,2018,2,184896,32604
chandigarh,2018,2,141123,15070
chandigarh,2018,2,144160,10049
chandigarh,2018,2,140117,7252
chandigarh,2018,2,136828,5833
chandigarh,2018,2,144057,4835
chandigarh,2018,2,128702,4194
chandigarh,2018,2,152038,3339
chandigarh,2018,2,162807,3013
chandigarh,2018,2,142629,2765
chandigarh,2018,3,118078,41165
chandigarh,2018,3,131504,19795
chandigarh,2018,3,171091,15788
chandigarh,2018,3,141855,9923
chandigarh,2018,3,124856,7888
chandigarh,2018,3,174186,7553
chandigarh,2018,3,164071,6067
chandigarh,2018,3,164690,4918
chandigarh,2018,3,171714,4585
chandigarh,2018,3,160593,3835
chandigarh,2018,4,122967,43242
chandigarh,2018,4,196832,23451
chandigarh,2018,4,114350,14701
chandigarh,2018,4,194576,10040
chandigarh,2018,4,161529,7919
chandigarh,2018,4,151962,6976
chandigarh,2018,4,174870,5495
chandigarh,2018,4,181291,4969
chandigarh,2018,4,111900,4567
chandigarh,2018,4,198208,3874
chandigarh,2019,1,193650,44037
chandigarh,2019,1,178666,19747
chandigarh,2019,1,193408,11723
chandigarh,2019,1,140218,9589
chandigarh,2019,1,163744,7323
chandigarh,2019,1,138069,6510
chandigarh,2019,1,130596,5817
chandigarh,2019,1,148476,4923
chandigarh,2019,1,150875,3829
chandigarh,2019,1,163928,3350
chandigarh,2019,2,126047,48269
chandigarh,2019,2,198960,22984
chandigarh,2019,2,124083,15463
chandigarh,2019,2,124741,10836
chandigarh,2019,2,131438,8653
chandigarh,2019,2,172709,6469
chandigarh,2019,2,121299,6406
chandigarh,2019,2,121756,5552
chandigarh,2019,2,193324,4786
chandigarh,2019,2,176519,3919
chandigarh,2019,3,194137,59770
chandigarh,2019,3,114857,28805
chandigarh,2019,3,176865,17725
chandigarh,2019,3,135539,13962
chandigarh,2019,3,148653,10053
chandigarh,2019,3,155726,9367
chandigarh,2019,3,167029,7831
chandigarh,2019,3,135303,5978
chandigarh,2019,3,138259,5942
chandigarh,2019,3,198647,4802
chandigarh,2019,4,153966,69385
chandigarh,2019,4,121709,32968
chandigarh,2019,4,198558,20634
chandigarh,2019,4,139909,16521
chandigarh,2019,4,197480,12690
chandigarh,2019,4,144999,10674
chandigarh,2019,4,139822,9409
chandigarh,2019,4,152944,7203
chandigarh,2019,4,193010,7194
chandigarh,2019,4,165487,6301
chandigarh,2020,1,126524,55918
chandigarh,2020,1,181548,22922
chandigarh,2020,1,184202,16581
chandigarh,2020,1,143347,13346
chandigarh,2020,1,169664,10385
chandigarh,2020,1,114666,8474
chandigarh,2020,1,159045,7373
chandigarh,2020,1,128737,5441
chandigarh,2020,1,183881,5076
chandigarh,2020,1,125226,4538
chandigarh,2020,2,152422,50529
chandigarh,2020,2,121770,23799
chandigarh,2020,2,150535,17555
chandigarh,2020,2,143765,13704
chandigarh,2020,2,127243,9932
chandigarh,2020,2,166015,7582
chandigarh,2020,2,133263,7474
chandigarh,2020,2,135758,5735
chandigarh,2020,2,144415,5260
chandigarh,2020,2,148730,4833
chandigarh,2020,3,163836,70488
chandigarh,2020,3,153501,33136
chandigarh,2020,3,181334,25537
chandigarh,2020,3,116727,16244
chandigarh,2020,3,191442,14956
chandigarh,2020,3,172061,11797
chandigarh,2020,3,172569,9793
chandigarh,2020,3,121008,7971
chandigarh,2020,3,154355,7091
chandigarh,2020,3,162518,6585
chandigarh,2020,4,141040,69765
chandigarh,2020,4,170521,31976
chandigarh,2020,4,138326,21890
chandigarh,2020,4,142472,16398
chandigarh,2020,4,147241,11570
chandigarh,2020,4,195636,10713
chandigarh,2020,4,160853,9264
chandigarh,2020,4,126145,7193
chandigarh,2020,4,113376,7170
chandigarh,2020,4,112208,5752
chandigarh,2021,1,133524,57860
chandigarh,2021,1,179807,31086
chandigarh,2021,1,137852,18176
chandigarh,2021,1,116075,13271
chandigarh,2021,1,181098,11721
chandigarh,2021,1,128721,9840
chandigarh,2021,1,139503,7544
chandigarh,2021,1,166125,6021
chandigarh,2021,1,147575,6015
chandigarh,2021,1,144720,5750
chandigarh,2021,2,175938,69759
chandigarh,2021,2,118123,29320
chandigarh,2021,2,121143,19263
chandigarh,2021,2,138216,14269
chandigarh,2021,2,117433,12283
chandigarh,2021,2,111312,10441
chandigarh,2021,2,162935,8811
chandigarh,2021,2,182147,7320
chandigarh,2021,2,139041,6364
chandigarh,2021,2,178656,5432
chandigarh,2021,3,114033,70464
chandigarh,2021,3,165840,31131
chandigarh,2021,3,161593,18933
chandigarh,2021,3,134801,15830
chandigarh,2021,3,187147,11407
chandigarh,2021,3,157009,9591
chandigarh,2021,3,144561,8737
chandigarh,2021,3,189851,8055
chandigarh,2021,3,163012,6901
chandigarh,2021,3,193600,5934
chandigarh,2021,4,141121,76560
chandigarh,2021,4,170578,37000
chandigarh,2021,4,142492,27189
chandigarh,2021,4,186929,18698
chandigarh,2021,4,137175,15416
chandigarh,2021,4,164410,11915
chandigarh,2021,4,183564,11750
chandigarh,2021,4,145809,9940
chandigarh,2021,4,159937,8127
chandigarh,2021,4,137125,7589
chandigarh,2022,1,122352,64224
chandigarh,2022,1,193848,35735
chandigarh,2022,1,113000,20211
chandigarh,2022,1,189140,15966
chandigarh,2022,1,144943,13308
chandigarh,2022,1,117558,10593
chandigarh,2022,1,149793,9568
chandigarh,2022,1,124628,7172
chandigarh,2022,1,190073,6592
chandigarh,2022,1,111290,6502
chandigarh,2022,2,119465,76765
chandigarh,2022,2,171582,35354
chandigarh,2022,2,115735,23304
chandigarh,2022,2,177340,17260
chandigarh,2022,2,192180,12667
chandigarh,2022,2,168903,11686
chandigarh,2022,2,163976,10186
chandigarh,2022,2,116842,8209
chandigarh,2022,2,129491,8056
chandigarh,2022,2,136408,6174
chandigarh,2022,3,129739,81217
chandigarh,2022,3,139043,33118
chandigarh,2022,3,138076,21571
chandigarh,2022,3,144864,17239
chandigarh,2022,3,170965,12590
chandigarh,2022,3,151474,12131
chandigarh,2022,3,175650,9064
chandigarh,2022,3,128488,8041
chandigarh,2022,3,184397,7594
chandigarh,2022,3,149973,7294
chandigarh,2022,4,111044,80744
chandigarh,2022,4,123390,43718
chandigarh,2022,4,135955,28643
chandigarh,2022,4,167621,19808
chandigarh,2022,4,198431,16708
chandigarh,2022,4,184035,14590
chandigarh,2022,4,195206,10876
chandigarh,2022,4,168512,10496
chandigarh,2022,4,186584,8445
chandigarh,2022,4,157216,7193
chandigarh,2023,1,191602,67419
chandigarh,2023,1,172039,30421
chandigarh,2023,1,151143,24070
chandigarh,2023,1,124923,16371
chandigarh,2023,1,125556,12659
chandigarh,2023,1,148744,10119
chandigarh,2023,1,136342,8644
chandigarh,2023,1,151544,7598
chandigarh,2023,1,155505,6511
chandigarh,2023,1,134920,5653
chandigarh,2023,2,138992,90798
chandigarh,2023,2,191876,40904
chandigarh,2023,2,169649,30168
chandigarh,2023,2,135394,20493
chandigarh,2023,2,179185,15671
chandigarh,2023,2,144777,14582
chandigarh,2023,2,165255,11195
chandigarh,2023,2,144377,11046
chandigarh,2023,2,139637,8850
chandigarh,2023,2,167657,8611
chandigarh,2023,3,113437,83970
chandigarh,2023,3,126894,39431
chandigarh,2023,3,158023,30924
chandigarh,2023,3,154146,20801
chandigarh,2023,3,145174,17412
chandigarh,2023,3,130099,12577
chandigarh,2023,3,114676,11899
chandigarh,2023,3,143068,9491
chandigarh,2023,3,187276,8245
chandigarh,2023,3,126606,7905
chandigarh,2023,4,124262,105489
chandigarh,2023,4,193031,44241
chandigarh,2023,4,177816,30681
chandigarh,2023,4,163736,24623
chandigarh,2023,4,136627,18731
chandigarh,2023,4,179178,13871
chandigarh,2023,4,126122,13042
chandigarh,2023,4,182144,10877
chandigarh,2023,4,148236,8715
chandigarh,2023,4,133849,8219
chhattisgarh,2018,1,411089,142390
chhattisgarh,2018,1,424693,65689
chhattisgarh,2018,1,435768,44899
chhattisgarh,2018,1,469822,33323
chhattisgarh,2018,1,488784,26410
chhattisgarh,2018,1,462382,23430
chhattisgarh,2018,1,498986,17590
chhattisgarh,2018,1,413237,16488
chhattisgarh,2018,1,443172,15284
chhattisgarh,2018,1,422034,12811
chhattisgarh,2018,2,450252,149106
chhattisgarh,2018,2,421396,72745
chhattisgarh,2018,2,423037,46624
chhattisgarh,2018,2,467584,34965
chhattisgarh,2018,2,419155,28973
chhattisgarh,2018,2,422612,22046
chhattisgarh,2018,2,418558,20402
chhattisgarh,2018,2,419963,18724
chhattisgarh,2018,2,418856,15299
chhattisgarh,2018,2,416522,12693
chhattisgarh,2018,3,445932,151248
chhattisgarh,2018,3,419867,86748
chhattisgarh,2018,3,411773,54498
chhattisgarh,2018,3,499584,39970
chhattisgarh,2018,3,416588,30426
chhattisgarh,2018,3,488774,24060
chhattisgarh,2018,3,456125,21926
chhattisgarh,2018,3,486768,20178
chhattisgarh,2018,3,485084,17229
chhattisgarh,2018,3,468217,14281
chhattisgarh,2018,4,419176,213913
chhattisgarh,2018,4,414356,98573
chhattisgarh,2018,4,467597,74894
chhattisgarh,2018,4,482685,53904
chhattisgarh,2018,4,466508,37850
chhattisgarh,2018,4,456709,35856
chhattisgarh,2018,4,430229,29291
chhattisgarh,2018,4,493845,27614
chhattisgarh,2018,4,456423,23914
chhattisgarh,2018,4,474471,19224
chhattisgarh,2019,1,491211,188799
chhattisgarh,2019,1,473050,95670
chhattisgarh,2019,1,431112,54557
chhattisgarh,2019,1,485972,48457
chhattisgarh,2019,1,414305,38242
chhattisgarh,2019,1,456279,30227
chhattisgarh,2019,1,415043,26022
chhattisgarh,2019,1,497397,23207
chhattisgarh,2019,1,444578,18261
chhattisgarh,2019,1,480367,15589
chhattisgarh,2019,2,478247,239962
chhattisgarh,2019,2,487031,107824
chhattisgarh,2019,2,413317,81119
chhattisgarh,2019,2,479911,56003
chhattisgarh,2019,2,481031,44688
chhattisgarh,2019,2,475948,34123
chhattisgarh,2019,2,467648,30274
chhattisgarh,2019,2,492360,28436
chhattisgarh,2019,2,419921,24651
chhattisgarh,2019,2,477305,23686
chhattisgarh,2019,3,419151,244041
chhattisgarh,2019,3,459231,118161
chhattisgarh,2019,3,412106,72324
chhattisgarh,2019,3,441630,48172
chhattisgarh,2019,3,454356,37875
chhattisgarh,2019,3,413254,33501
chhattisgarh,2019,3,473665,29298
chhattisgarh,2019,3,458616,24815
chhattisgarh,2019,3,464754,23108
chhattisgarh,2019,3,479072,19348
chhattisgarh,2019,4,445821,287313
chhattisgarh,2019,4,425030,149003
chhattisgarh,2019,4,485986,108440
chhattisgarh,2019,4,431221,70655
chhattisgarh,2019,4,479815,54049
chhattisgarh,2019,4,478930,43529
chhattisgarh,2019,4,436133,42514
chhattisgarh,2019,4,470245,38492
chhattisgarh,2019,4,453766,28487
chhattisgarh,2019,4,426984,26097
chhattisgarh,2020,1,479742,211795
chhattisgarh,2020,1,420926,108107
chhattisgarh,2020,1,415755,62960
chhattisgarh,2020,1,467271,45369
chhattisgarh,2020,1,463289,36615
chhattisgarh,2020,1,492550,35385
chhattisgarh,2020,1,416166,28655
chhattisgarh,2020,1,412901,23119
chhattisgarh,2020,1,483892,22800
chhattisgarh,2020,1,448166,20330
chhattisgarh,2020,2,420558,266122
chhattisgarh,2020,2,416880,106936
chhattisgarh,2020,2,432562,83519
chhattisgarh,2020,2,434645,59913
chhattisgarh,2020,2,492985,49403
chhattisgarh,2020,2,451797,37910
chhattisgarh,2020,2,495146,34042
chhattisgarh,2020,2,418007,25969
chhattisgarh,2020,2,467942,25252
chhattisgarh,2020,2,495929,22167
chhattisgarh,2020,3,469455,314549
chhattisgarh,2020,3,421506,126741
chhattisgarh,2020,3,431007,96351
chhattisgarh,2020,3,422082,61579
chhattisgarh,2020,3,466717,54021
chhattisgarh,2020,3,442883,40715
chhattisgarh,2020,3,410240,40283
chhattisgarh,2020,3,457880,33534
chhattisgarh,2020,3,457363,27779
chhattisgarh,2020,3,475593,25207
chhattisgarh,2020,4,486484,343250
chhattisgarh,2020,4,462275,168007
chhattisgarh,2020,4,473959,101304
chhattisgarh,2020,4,482839,67868
chhattisgarh,2020,4,493016,63394
chhattisgarh,2020,4,481717,51793
chhattisgarh,2020,4,444855,37489
chhattisgarh,2020,4,465271,33665
chhattisgarh,2020,4,469172,31921
chhattisgarh,2020,4,456678,30372
chhattisgarh,2021,1,450534,291872
chhattisgarh,2021,1,489156,134295
chhattisgarh,2021,1,444661,87353
chhattisgarh,2021,1,460184,72389
chhattisgarh,2021,1,453821,57029
chhattisgarh,2021,1,417351,47487
chhattisgarh,2021,1,422799,35719
chhattisgarh,2021,1,498316,32808
chhattisgarh,2021,1,437027,28726
chhattisgarh,2021,1,412511,25340
chhattisgarh,2021,2,487349,294259
chhattisgarh,2021,2,466316,138867
chhattisgarh,2021,2,444948,78573
chhattisgarh,2021,2,465890,63180
chhattisgarh,2021,2,464413,55536
chhattisgarh,2021,2,414890,43590
chhattisgarh,2021,2,499933,33933
chhattisgarh,2021,2,435215,33211
chhattisgarh,2021,2,415327,30048
chhattisgarh,2021,2,493307,25261
chhattisgarh,2021,3,419441,297805
chhattisgarh,2021,3,475673,159779
chhattisgarh,2021,3,433108,86656
chhattisgarh,2021,3,451093,76972
chhattisgarh,2021,3,464411,55205
chhattisgarh,2021,3,411913,50376
chhattisgarh,2021,3,449144,42054
chhattisgarh,2021,3,471015,33405
chhattisgarh,2021,3,445970,33352
chhattisgarh,2021,3,417283,28611
chhattisgarh,2021,4,416761,334330
chhattisgarh,2021,4,458921,164451
chhattisgarh,2021,4,421702,102414
chhattisgarh,2021,4,430607,86157
chhattisgarh,2021,4,482857,58927
chhattisgarh,2021,4,473717,54178
chhattisgarh,2021,4,464597,45085
chhattisgarh,2021,4,424452,41290
chhattisgarh,2021,4,468099,32635
chhattisgarh,2021,4,445151,30805
chhattisgarh,2022,1,462640,319784
chhattisgarh,2022,1,443731,161473
chhattisgarh,2022,1,493422,93907
chhattisgarh,2022,1,438947,66611
chhattisgarh,2022,1,433771,56201
chhattisgarh,2022,1,463778,44753
chhattisgarh,2022,1,413889,43051
chhattisgarh,2022,1,415810,37316
chhattisgarh,2022,1,488222,32261
chhattisgarh,2022,1,443599,28389
chhattisgarh,2022,2,483905,343730
chhattisgarh,2022,2,421390,167487
chhattisgarh,2022,2,412319,112707
chhattisgarh,2022,2,477294,86550
chhattisgarh,2022,2,475777,73098
chhattisgarh,2022,2,466085,59675
chhattisgarh,2022,2,493124,48103
chhattisgarh,2022,2,471671,38927
chhattisgarh,2022,2,434381,34014
chhattisgarh,2022,2,462363,32282
chhattisgarh,2022,3,470132,382582
chhattisgarh,2022,3,446106,163557
chhattisgarh,2022,3,451849,113207
chhattisgarh,2022,3,463131,87533
chhattisgarh,2022,3,419929,65350
chhattisgarh,2022,3,488350,50841
chhattisgarh,2022,3,411882,49730
chhattisgarh,2022,3,483561,38800
chhattisgarh,2022,3,473297,37516
chhattisgarh,2022,3,415385,34964
chhattisgarh,2022,4,444492,405530
chhattisgarh,2022,4,467571,171646
chhattisgarh,2022,4,478522,128924
chhattisgarh,2022,4,414996,82199
chhattisgarh,2022,4,448785,65596
chhattisgarh,2022,4,474578,57893
chhattisgarh,2022,4,449364,48460
chhattisgarh,2022,4,498778,45834
chhattisgarh,2022,4,495619,35885
chhattisgarh,2022,4,499320,32031
chhattisgarh,2023,1,433575,334462
chhattisgarh,2023,1,498214,179801
chhattisgarh,2023,1,489481,119084
chhattisgarh,2023,1,480382,88002
chhattisgarh,2023,1,485913,61291
chhattisgarh,2023,1,441233,51469
chhattisgarh,2023,1,410728,49321
chhattisgarh,2023,1,451281,43712
chhattisgarh,2023,1,477313,36794
chhattisgarh,2023,1,426385,29310
chhattisgarh,2023,2,475401,385737
chhattisgarh,2023,2,432733,173285
chhattisgarh,2023,2,480196,107334
chhattisgarh,2023,2,495754,77712
chhattisgarh,2023,2,457734,66731
chhattisgarh,2023,2,466220,60017
chhattisgarh,2023,2,471561,50012
chhattisgarh,2023,2,459209,42419
chhattisgarh,2023,2,486830,34041
chhattisgarh,2023,2,481117,30011
chhattisgarh,2023,3,443855,396043
chhattisgarh,2023,3,499947,193638
chhattisgarh,2023,3,417262,113798
chhattisgarh,2023,3,474338,81777
chhattisgarh,2023,3,490925,67618
chhattisgarh,2023,3,424408,55463
chhattisgarh,2023,3,416084,52305
chhattisgarh,2023,3,465154,39976
chhattisgarh,2023,3,444143,38523
chhattisgarh,2023,3,429317,35601
chhattisgarh,2023,4,474530,484798
chhattisgarh,2023,4,475483,195415
chhattisgarh,2023,4,462058,149546
chhattisgarh,2023,4,447234,112955
chhattisgarh,2023,4,437025,86146
chhattisgarh,2023,4,444009,65466
chhattisgarh,2023,4,450868,54472
chhattisgarh,2023,4,457574,52274
chhattisgarh,2023,4,493900,42210
chhattisgarh,2023,4,473365,40753
dadra-&-nagar-haveli-&-daman-&-diu,2018,1,356253,12484
dadra-&-nagar-haveli-&-daman-&-diu,2018,1,317748,6706
dadra-&-nagar-haveli-&-daman-&-diu,2018,1,332779,4460
dadra-&-nagar-haveli-&-daman-&-diu,2018,1,352824,2756
dadra-&-nagar-haveli-&-daman-&-diu,2018,1,354785,2292
dadra-&-nagar-haveli-&-daman-&-diu,2018,1,326358,1909
dadra-&-nagar-haveli-&-daman-&-diu,2018,1,332456,1720
dadra-&-nagar-haveli-&-daman-&-diu,2018,1,370555,1359
dadra-&-nagar-haveli-&-daman-&-diu,2018,1,367140,1279
dadra-&-nagar-haveli-&-daman-&-diu,2018,1,343043,1090
dadra-&-nagar-haveli-&-daman-&-diu,2018,2,318926,15723
dadra-&-nagar-haveli-&-daman-&-diu,2018,2,335944,7966
dadra-&-nagar-haveli-&-daman-&-diu,2018,2,367476,4536
dadra-&-nagar-haveli-&-daman-&-diu,2018,2,336594,3366
dadra-&-nagar-haveli-&-daman-&-diu,2018,2,352575,2815
dadra-&-nagar-haveli-&-daman-&-diu,2018,2,389234,2438
dadra-&-nagar-haveli-&-daman-&-diu,2018,2,321988,1947
dadra-&-nagar-haveli-&-daman-&-diu,2018,2,348194,1829
dadra-&-nagar-haveli-&-daman-&-diu,2018,2,396908,1514
dadra-&-nagar-haveli-&-daman-&-diu,2018,2,344718,1425
dadra-&-nagar-haveli-&-daman-&-diu,2018,3,377551,19742
dadra-&-nagar-haveli-&-daman-&-diu,2018,3,348111,9461
dadra-&-nagar-haveli-&-daman-&-diu,2018,3,379207,6573
dadra-&-nagar-haveli-&-daman-&-diu,2018,3,396600,4326
dadra-&-nagar-haveli-&-daman-&-diu,2018,3,347980,3866
dadra-&-nagar-haveli-&-daman-&-diu,2018,3,323120,2733
dadra-&-nagar-haveli-&-daman-&-diu,2018,3,374684,2461
dadra-&-nagar-haveli-&-daman-&-diu,2018,3,376003,2281
dadra-&-nagar-haveli-&-daman-&-diu,2018,3,349817,2033
dadra-&-nagar-haveli-&-daman-&-diu,2018,3,341720,1786
dadra-&-nagar-haveli-&-daman-&-diu,2018,4,350509,25338
dadra-&-nagar-haveli-&-daman-&-diu,2018,4,365477,11678
dadra-&-nagar-haveli-&-daman-&-diu,2018,4,310239,6742
dadra-&-nagar-haveli-&-daman-&-diu,2018,4,390402,5600
dadra-&-nagar-haveli-&-daman-&-diu,2018,4,380706,4330
dadra-&-nagar-haveli-&-daman-&-diu,2018,4,350088,3184
dadra-&-nagar-haveli-&-daman-&-diu,2018,4,374728,2892
dadra-&-nagar-haveli-&-daman-&-diu,2018,4,355426,2847
dadra-&-nagar-haveli-&-daman-&-diu,2018,4,339533,2184
dadra-&-nagar-haveli-&-daman-&-diu,2018,4,393670,2123
dadra-&-nagar-haveli-&-daman-&-diu,2019,1,340713,19404
dadra-&-nagar-haveli-&-daman-&-diu,2019,1,371969,8935
dadra-&-nagar-haveli-&-daman-&-diu,2019,1,372636,6154
dadra-&-nagar-haveli-&-daman-&-diu,2019,1,314727,5004
dadra-&-nagar-haveli-&-daman-&-diu,2019,1,379204,3645
dadra-&-nagar-haveli-&-daman-&-diu,2019,1,342100,3252
dadra-&-nagar-haveli-&-daman-&-diu,2019,1,354731,2635
dadra-&-nagar-haveli-&-daman-&-diu,2019,1,360930,2342
dadra-&-nagar-haveli-&-daman-&-diu,2019,1,318150,1903
dadra-&-nagar-haveli-&-daman-&-diu,2019,1,387465,1836
dadra-&-nagar-haveli-&-daman-&-diu,2019,2,388697,24519
dadra-&-nagar-haveli-&-daman-&-diu,2019,2,346803,11958
dadra-&-nagar-haveli-&-daman-&-diu,2019,2,326894,7926
dadra-&-nagar-haveli-&-daman-&-diu,2019,2,371599,5202
dadra-&-nagar-haveli-&-daman-&-diu,2019,2,328930,4724
dadra-&-nagar-haveli-&-daman-&-diu,2019,2,339828,3874
dadra-&-nagar-haveli-&-daman-&-diu,2019,2,310152,2826
dadra-&-nagar-haveli-&-daman-&-diu,2019,2,377924,2782
dadra-&-nagar-haveli-&-daman-&-diu,2019,2,344693,2413
dadra-&-nagar-haveli-&-daman-&-diu,2019,2,332561,2025
dadra-&-nagar-haveli-&-daman-&-diu,2019,3,338539,27842
dadra-&-nagar-haveli-&-daman-&-diu,2019,3,318777,14585
dadra-&-nagar-haveli-&-daman-&-diu,2019,3,397389,9492
dadra-&-nagar-haveli-&-daman-&-diu,2019,3,316577,6790
dadra-&-nagar-haveli-&-daman-&-diu,2019,3,364404,5005
dadra-&-nagar-haveli-&-daman-&-diu,2019,3,336908,4571
dadra-&-nagar-haveli-&-daman-&-diu,2019,3,312777,3501
dadra-&-nagar-haveli-&-daman-&-diu,2019,3,373512,3102
dadra-&-nagar-haveli-&-daman-&-diu,2019,3,366330,2962
dadra-&-nagar-haveli-&-daman-&-diu,2019,3,395635,2491
dadra-&-nagar-haveli-&-daman-&-diu,2019,4,381558,29793
dadra-&-nagar-haveli-&-daman-&-diu,2019,4,382714,15582
dadra-&-nagar-haveli-&-daman-&-diu,2019,4,346795,9860
dadra-&-nagar-haveli-&-daman-&-diu,2019,4,396633,7902
dadra-&-nagar-haveli-&-daman-&-diu,2019,4,369527,5460
dadra-&-nagar-haveli-&-daman-&-diu,2019,4,325295,4752
dadra-&-nagar-haveli-&-daman-&-diu,2019,4,362270,4451
dadra-&-nagar-haveli-&-daman-&-diu,2019,4,383424,3509
dadra-&-nagar-haveli-&-daman-&-diu,2019,4,363300,3372
dadra-&-nagar-haveli-&-daman-&-diu,2019,4,366266,2660
dadra-&-nagar-haveli-&-daman-&-diu,2020,1,398440,26397
dadra-&-nagar-haveli-&-daman-&-diu,2020,1,338646,13017
dadra-&-nagar-haveli-&-daman-&-diu,2020,1,392137,7735
dadra-&-nagar-haveli-&-daman-&-diu,2020,1,336357,5684
dadra-&-nagar-haveli-&-daman-&-diu,2020,1,337042,4298
dadra-&-nagar-haveli-&-daman-&-diu,2020,1,321575,4020
dadra-&-nagar-haveli-&-daman-&-diu,2020,1,378780,3081
dadra-&-nagar-haveli-&-daman-&-diu,2020,1,391011,2797
dadra-&-nagar-haveli-&-daman-&-diu,2020,1,341940,2619
dadra-&-nagar-haveli-&-daman-&-diu,2020,1,328864,2314
dadra-&-nagar-haveli-&-daman-&-diu,2020,2,388332,30316
dadra-&-nagar-haveli-&-daman-&-diu,2020,2,375612,14471
dadra-&-nagar-haveli-&-daman-&-diu,2020,2,383805,10088
dadra-&-nagar-haveli-&-daman-&-diu,2020,2,318763,7876
dadra-&-nagar-haveli-&-daman-&-diu,2020,2,362022,6601
dadra-&-nagar-haveli-&-daman-&-diu,2020,2,334617,5285
dadra-&-nagar-haveli-&-daman-&-diu,2020,2,398966,4095
dadra-&-nagar-haveli-&-daman-&-diu,2020,2,314386,3773
dadra-&-nagar-haveli-&-daman-&-diu,2020,2,333349,3362
dadra-&-nagar-haveli-&-daman-&-diu,2020,2,343660,2762
dadra-&-nagar-haveli-&-daman-&-diu,2020,3,311346,28049
dadra-&-nagar-haveli-&-daman-&-diu,2020,3,336025,13183
dadra-&-nagar-haveli-&-daman-&-diu,2020,3,350005,9328
dadra-&-nagar-haveli-&-daman-&-diu,2020,3,358308,7134
dadra-&-nagar-haveli-&-daman-&-diu,2020,3,358796,5456
dadra-&-nagar-haveli-&-daman-&-diu,2020,3,368471,4729
dadra-&-nagar-haveli-&-daman-&-diu,2020,3,353490,3753
dadra-&-nagar-haveli-&-daman-&-diu,2020,3,356693,3321
dadra-&-nagar-haveli-&-daman-&-diu,2020,3,394188,2992
dadra-&-nagar-haveli-&-daman-&-diu,2020,3,399362,2600
dadra-&-nagar-haveli-&-daman-&-diu,2020,4,391875,35678
dadra-&-nagar-haveli-&-daman-&-diu,2020,4,398613,17599
dadra-&-nagar-haveli-&-daman-&-diu,2020,4,327920,11909
dadra-&-nagar-haveli-&-daman-&-diu,2020,4,366476,7984
dadra-&-nagar-haveli-&-daman-&-diu,2020,4,374932,6555
dadra-&-nagar-haveli-&-daman-&-diu,2020,4,361454,5210
dadra-&-nagar-haveli-&-daman-&-diu,2020,4,395067,4975
dadra-&-nagar-haveli-&-daman-&-diu,2020,4,361058,3822
dadra-&-nagar-haveli-&-daman-&-diu,2020,4,332863,3465
dadra-&-nagar-haveli-&-daman-&-diu,2020,4,332700,3353
dadra-&-nagar-haveli-&-daman-&-diu,2021,1,333194,29093
dadra-&-nagar-haveli-&-daman-&-diu,2021,1,375026,13759
dadra-&-nagar-haveli-&-daman-&-diu,2021,1,386560,8898
dadra-&-nagar-haveli-&-daman-&-diu,2021,1,325206,7222
dadra-&-nagar-haveli-&-daman-&-diu,2021,1,325669,5941
dadra-&-nagar-haveli-&-daman-&-diu,2021,1,327983,4998
dadra-&-nagar-haveli-&-daman-&-diu,2021,1,373240,3859
dadra-&-nagar-haveli-&-daman-&-diu,2021,1,355748,3165
dadra-&-nagar-haveli-&-daman-&-diu,2021,1,378870,3125
dadra-&-nagar-haveli-&-daman-&-diu,2021,1,334227,2454
dadra-&-nagar-haveli-&-daman-&-diu,2021,2,360720,36309
dadra-&-nagar-haveli-&-daman-&-diu,2021,2,324592,16474
dadra-&-nagar-haveli-&-daman-&-diu,2021,2,389422,10752
dadra-&-nagar-haveli-&-daman-&-diu,2021,2,320073,8539
dadra-&-nagar-haveli-&-daman-&-diu,2021,2,396303,6744
dadra-&-nagar-haveli-&-daman-&-diu,2021,2,311392,5600
dadra-&-nagar-haveli-&-daman-&-diu,2021,2,322626,5104
dadra-&-nagar-haveli-&-daman-&-diu,2021,2,343738,3735
dadra-&-nagar-haveli-&-daman-&-diu,2021,2,376662,3260
dadra-&-nagar-haveli-&-daman-&-diu,2021,2,378269,3204
dadra-&-nagar-haveli-&-daman-&-diu,2021,3,335745,39517
dadra-&-nagar-haveli-&-daman-&-diu,2021,3,327103,17764
dadra-&-nagar-haveli-&-daman-&-diu,2021,3,333407,12180
dadra-&-nagar-haveli-&-daman-&-diu,2021,3,333601,8797
dadra-&-nagar-haveli-&-daman-&-diu,2021,3,346536,6452
dadra-&-nagar-haveli-&-daman-&-diu,2021,3,314683,5706
dadra-&-nagar-haveli-&-daman-&-diu,2021,3,394496,4284
dadra-&-nagar-haveli-&-daman-&-diu,2021,3,316497,4109
dadra-&-nagar-haveli-&-daman-&-diu,2021,3,397544,3771
dadra-&-nagar-haveli-&-daman-&-diu,2021,3,396250,2952
dadra-&-nagar-haveli-&-daman-&-diu,2021,4,369750,44625
dadra-&-nagar-haveli-&-daman-&-diu,2021,4,374592,23725
dadra-&-nagar-haveli-&-daman-&-diu,2021,4,343302,14725
dadra-&-nagar-haveli-&-daman-&-diu,2021,4,353476,11938
dadra-&-nagar-haveli-&-daman-&-diu,2021,4,329182,8134
dadra-&-nagar-haveli-&-daman-&-diu,2021,4,397836,6738
dadra-&-nagar-haveli-&-daman-&-diu,2021,4,347095,5800
dadra-&-nagar-haveli-&-daman-&-diu,2021,4,321041,5600
dadra-&-nagar-haveli-&-daman-&-diu,2021,4,390669,4601
dadra-&-nagar-haveli-&-daman-&-diu,2021,4,367861,4587
dadra-&-nagar-haveli-&-daman-&-diu,2022,1,358902,30894
dadra-&-nagar-haveli-&-daman-&-diu,2022,1,368625,17751
dadra-&-nagar-haveli-&-daman-&-diu,2022,1,360524,10986
dadra-&-nagar-haveli-&-daman-&-diu,2022,1,331129,8137
dadra-&-nagar-haveli-&-daman-&-diu,2022,1,353713,6931
dadra-&-nagar-haveli-&-daman-&-diu,2022,1,378991,4732
dadra-&-nagar-haveli-&-daman-&-diu,2022,1,343824,4031
dadra-&-nagar-haveli-&-daman-&-diu,2022,1,372038,3600
dadra-&-nagar-haveli-&-daman-&-diu,2022,1,376409,3527
dadra-&-nagar-haveli-&-daman-&-diu,2022,1,321745,3112
dadra-&-nagar-haveli-&-daman-&-diu,2022,2,323389,35293
dadra-&-nagar-haveli-&-daman-&-diu,2022,2,320684,15112
dadra-&-nagar-haveli-&-daman-&-diu,2022,2,316407,9690
dadra-&-nagar-haveli-&-daman-&-diu,2022,2,379306,8544
dadra-&-nagar-haveli-&-daman-&-diu,2022,2,368837,6056
dadra-&-nagar-haveli-&-daman-&-diu,2022,2,314522,5339
dadra-&-nagar-haveli-&-daman-&-diu,2022,2,358524,4115
dadra-&-nagar-haveli-&-daman-&-diu,2022,2,393509,4014
dadra-&-nagar-haveli-&-daman-&-diu,2022,2,325504,3269
dadra-&-nagar-haveli-&-daman-&-diu,2022,2,337772,3131
dadra-&-nagar-haveli-&-daman-&-diu,2022,3,321702,47090
dadra-&-nagar-haveli-&-daman-&-diu,2022,3,311327,19573
dadra-&-nagar-haveli-&-daman-&-diu,2022,3,347967,13754
dadra-&-nagar-haveli-&-daman-&-diu,2022,3,321649,9874
dadra-&-nagar-haveli-&-daman-&-diu,2022,3,390530,7990
dadra-&-nagar-haveli-&-daman-&-diu,2022,3,363551,6828
dadra-&-nagar-haveli-&-daman-&-diu,2022,3,347105,6199
dadra-&-nagar-haveli-&-daman-&-diu,2022,3,342164,4856
dadra-&-nagar-haveli-&-daman-&-diu,2022,3,316724,4734
dadra-&-nagar-haveli-&-daman-&-diu,2022,3,312757,4124
dadra-&-nagar-haveli-&-daman-&-diu,2022,4,379085,43623
dadra-&-nagar-haveli-&-daman-&-diu,2022,4,366246,20797
dadra-&-nagar-haveli-&-daman-&-diu,2022,4,315894,13037
dadra-&-nagar-haveli-&-daman-&-diu,2022,4,326699,9640
dadra-&-nagar-haveli-&-daman-&-diu,2022,4,327121,8013
dadra-&-nagar-haveli-&-daman-&-diu,2022,4,389776,5889
dadra-&-nagar-haveli-&-daman-&-diu,2022,4,333631,5340
dadra-&-nagar-haveli-&-daman-&-diu,2022,4,390111,4461
dadra-&-nagar-haveli-&-daman-&-diu,2022,4,311672,4315
dadra-&-nagar-haveli-&-daman-&-diu,2022,4,338100,3599
dadra-&-nagar-haveli-&-daman-&-diu,2023,1,349249,43378
dadra-&-nagar-haveli-&-daman-&-diu,2023,1,356356,21313
dadra-&-nagar-haveli-&-daman-&-diu,2023,1,352623,12615
dadra-&-nagar-haveli-&-daman-&-diu,2023,1,310308,8679
dadra-&-nagar-haveli-&-daman-&-diu,2023,1,395955,7506
dadra-&-nagar-haveli-&-daman-&-diu,2023,1,333140,6273
dadra-&-nagar-haveli-&-daman-&-diu,2023,1,377895,5285
dadra-&-nagar-haveli-&-daman-&-diu,2023,1,374521,4433
dadra-&-nagar-haveli-&-daman-&-diu,2023,1,314243,4115
dadra-&-nagar-haveli-&-daman-&-diu,2023,1,390369,3397
dadra-&-nagar-haveli-&-daman-&-diu,2023,2,317039,43979
dadra-&-nagar-haveli-&-daman-&-diu,2023,2,356331,20643
dadra-&-nagar-haveli-&-daman-&-diu,2023,2,356924,14105
dadra-&-nagar-haveli-&-daman-&-diu,2023,2,376502,10228
dadra-&-nagar-haveli-&-daman-&-diu,2023,2,376727,7627
dadra-&-nagar-haveli-&-daman-&-diu,2023,2,330857,6810
dadra-&-nagar-haveli-&-daman-&-diu,2023,2,333945,5932
dadra-&-nagar-haveli-&-daman-&-diu,2023,2,347394,4789
dadra-&-nagar-haveli-&-daman-&-diu,2023,2,347369,4034
dadra-&-nagar-haveli-&-daman-&-diu,2023,2,353431,3474
dadra-&-nagar-haveli-&-daman-&-diu,2023,3,315698,43820
dadra-&-nagar-haveli-&-daman-&-diu,2023,3,312473,21618
dadra-&-nagar-haveli-&-daman-&-diu,2023,3,361186,14876
dadra-&-nagar-haveli-&-daman-&-diu,2023,3,357619,9873
dadra-&-nagar-haveli-&-daman-&-diu,2023,3,340571,8835
dadra-&-nagar-haveli-&-daman-&-diu,2023,3,388284,6988
dadra-&-nagar-haveli-&-daman-&-diu,2023,3,378362,6246
dadra-&-nagar-haveli-&-daman-&-diu,2023,3,389113,5699
dadra-&-nagar-haveli-&-daman-&-diu,2023,3,397096,4970
dadra-&-nagar-haveli-&-daman-&-diu,2023,3,319678,4014
dadra-&-nagar-haveli-&-daman-&-diu,2023,4,351177,53404
dadra-&-nagar-haveli-&-daman-&-diu,2023,4,334634,24483
dadra-&-nagar-haveli-&-daman-&-diu,2023,4,372354,15211
dadra-&-nagar-haveli-&-daman-&-diu,2023,4,365908,12397
dadra-&-nagar-haveli-&-daman-&-diu,2023,4,388831,9984
dadra-&-nagar-haveli-&-daman-&-diu,2023,4,390699,8449
dadra-&-nagar-haveli-&-daman-&-diu,2023,4,343200,6657
dadra-&-nagar-haveli-&-daman-&-diu,2023,4,356763,6216
dadra-&-nagar-haveli-&-daman-&-diu,2023,4,366168,4663
dadra-&-nagar-haveli-&-daman-&-diu,2023,4,334280,4526
delhi,2018,1,151798,346125
delhi,2018,1,120270,193297
delhi,2018,1,139715,125167
delhi,2018,1,192698,89686
delhi,2018,1,161762,69091
delhi,2018,1,150738,51103
delhi,2018,1,155731,45887
delhi,2018,1,162622,43225
delhi,2018,1,148286,35080
delhi,2018,1,159654,30569
delhi,2018,2,175253,412181
delhi,2018,2,160399,201203
delhi,2018,2,138341,148886
delhi,2018,2,150695,100938
delhi,2018,2,190215,85730
delhi,2018,2,161051,68572
delhi,2018,2,143247,58497
delhi,2018,2,183684,48894
delhi,2018,2,147743,41336
delhi,2018,2,179918,39022
delhi,2018,3,131664,637843
delhi,2018,3,148103,295114
delhi,2018,3,168054,171831
delhi,2018,3,189583,133169
delhi,2018,3,165731,121286
delhi,2018,3,119380,100281
delhi,2018,3,139434,73496
delhi,2018,3,164723,67372
delhi,2018,3,152702,61826
delhi,2018,3,182912,51359
delhi,2018,4,187196,584692
delhi,2018,4,111263,304288
delhi,2018,4,117461,189058
delhi,2018,4,149549,122258
delhi,2018,4,179009,101161
delhi,2018,4,162781,81741
delhi,2018,4,151158,74174
delhi,2018,4,198242,68428
delhi,2018,4,192545,56776
delhi,2018,4,152826,50718
delhi,2019,1,138924,655771
delhi,2019,1,170797,323914
delhi,2019,1,117146,206537
delhi,2019,1,192844,150185
delhi,2019,1,123220,113811
delhi,2019,1,185807,95451
delhi,2019,1,128485,89744
delhi,2019,1,150408,80361
delhi,2019,1,142591,66833
delhi,2019,1,174248,57092
delhi,2019,2,152505,658562
delhi,2019,2,137831,272093
delhi,2019,2,195282,212008
delhi,2019,2,177537,149478
delhi,2019,2,164540,123230
delhi,2019,2,153981,103539
delhi,2019,2,182849,81439
delhi,2019,2,162534,76459
delhi,2019,2,115286,68167
delhi,2019,2,169825,54963
delhi,2019,3,183262,725569
delhi,2019,3,150731,342183
delhi,2019,3,190133,216224
delhi,2019,3,168559,166315
delhi,2019,3,174987,126334
delhi,2019,3,127239,114924
delhi,2019,3,193253,94374
delhi,2019,3,182879,71417
delhi,2019,3,132041,70389
delhi,2019,3,147840,61113
delhi,2019,4,122756,816615
delhi,2019,4,157697,386667
delhi,2019,4,137322,258154
delhi,2019,4,117030,186540
delhi,2019,4,163638,158513
delhi,2019,4,127423,143065
delhi,2019,4,140804,111873
delhi,2019,4,181561,96494
delhi,2019,4,117593,85134
delhi,2019,4,132920,69889
delhi,2020,1,130694,747132
delhi,2020,1,173279,374696
delhi,2020,1,164027,238795
delhi,2020,1,123636,170129
delhi,2020,1,134325,137896
delhi,2020,1,179491,107791
delhi,2020,1,154610,106976
delhi,2020,1,170637,89778
delhi,2020,1,185079,81969
delhi,2020,1,136661,61737
delhi,2020,2,199397,743805
delhi,2020,2,178937,366310
delhi,2020,2,139920,233701
delhi,2020,2,143234,174933
delhi,2020,2,155093,138142
delhi,2020,2,180632,114151
delhi,2020,2,196613,95975
delhi,2020,2,142143,89167
delhi,2020,2,112569,78678
delhi,2020,2,121758,67786
delhi,2020,3,165712,849395
delhi,2020,3,179459,416377
delhi,2020,3,191360,273687
delhi,2020,3,117805,190967
delhi,2020,3,193714,147034
delhi,2020,3,171573,137746
delhi,2020,3,118705,97748
delhi,2020,3,141702,89507
delhi,2020,3,182023,87795
delhi,2020,3,126839,80823
delhi,2020,4,170024,979218
delhi,2020,4,165805,490067
delhi,2020,4,177162,312188
delhi,2020,4,124168,250175
delhi,2020,4,178330,193578
delhi,2020,4,170353,136642
delhi,2020,4,123745,130032
delhi,2020,4,146312,117956
delhi,2020,4,133460,100498
delhi,2020,4,125871,88912
delhi,2021,1,117079,907136
delhi,2021,1,192861,403440
delhi,2021,1,114260,268744
delhi,2021,1,141598,217187
delhi,2021,1,178673,163829
delhi,2021,1,185518,136715
delhi,2021,1,192356,112089
delhi,2021,1,133701,92361
delhi,2021,1,196438,82755
delhi,2021,1,188369,69806
delhi,2021,2,157327,979573
delhi,2021,2,188206,415130
delhi,2021,2,146296,284539
delhi,2021,2,182797,206306
delhi,2021,2,134516,156680
delhi,2021,2,184738,138845
delhi,2021,2,153722,109623
delhi,2021,2,180980,100381
delhi,2021,2,197712,95075
delhi,2021,2,157017,78030
delhi,2021,3,125834,1084760
delhi,2021,3,132869,504684
delhi,2021,3,199373,318668
delhi,2021,3,115257,277416
delhi,2021,3,148174,216487
delhi,2021,3,157504,168775
delhi,2021,3,187375,136877
delhi,2021,3,145895,129505
delhi,2021,3,199575,115789
delhi,2021,3,166950,97992
delhi,2021,4,152074,1164217
delhi,2021,4,129839,553196
delhi,2021,4,126021,347187
delhi,2021,4,136616,289826
delhi,2021,4,169769,234761
delhi,2021,4,189308,168143
delhi,2021,4,196883,167287
delhi,2021,4,158949,132403
delhi,2021,4,170147,114531
delhi,2021,4,154786,105065
delhi,2022,1,188185,929662
delhi,2022,1,190034,509293
delhi,2022,1,174815,285756
delhi,2022,1,162801,253467
delhi,2022,1,153859,179632
delhi,2022,1,146756,144771
delhi,2022,1,186775,128635
delhi,2022,1,169942,113993
delhi,2022,1,113036,104281
delhi,2022,1,167902,84903
delhi,2022,2,126416,985583
delhi,2022,2,146911,456214
delhi,2022,2,189661,278350
delhi,2022,2,159995,204518
delhi,2022,2,143692,182519
delhi,2022,2,168580,136617
delhi,2022,2,148162,113609
delhi,2022,2,160307,97154
delhi,2022,2,198373,96431
delhi,2022,2,145056,83398
delhi,2022,3,187780,1090173
delhi,2022,3,130088,504830
delhi,2022,3,160498,338781
delhi,2022,3,190526,224489
delhi,2022,3,173112,184947
delhi,2022,3,125689,152681
delhi,2022,3,118719,129068
delhi,2022,3,167599,108012
delhi,2022,3,162176,104437
delhi,2022,3,156727,90722
delhi,2022,4,153817,1376089
delhi,2022,4,139247,668348
delhi,2022,4,141906,360162
delhi,2022,4,177126,320835
delhi,2022,4,115705,229005
delhi,2022,4,136012,203588
delhi,2022,4,199584,170147
delhi,2022,4,124480,130372
delhi,2022,4,167685,123760
delhi,2022,4,121405,121922
delhi,2023,1,115653,1040332
delhi,2023,1,169486,496892
delhi,2023,1,136297,297077
delhi,2023,1,126876,239903
delhi,2023,1,123714,163277
delhi,2023,1,164795,157565
delhi,2023,1,124949,123479
delhi,2023,1,177964,115390
delhi,2023,1,152440,87417
delhi,2023,1,112388,76624
delhi,2023,2,160514,1208638
delhi,2023,2,143368,512246
delhi,2023,2,154655,372845
delhi,2023,2,152724,273872
delhi,2023,2,164123,219664
delhi,2023,2,120031,192822
delhi,2023,2,159944,159164
delhi,2023,2,139872,124747
delhi,2023,2,141576,113157
delhi,2023,2,145268,112741
delhi,2023,3,168205,1133259
delhi,2023,3,118977,488554
delhi,2023,3,135122,379419
delhi,2023,3,166513,252522
delhi,2023,3,132228,183249
delhi,2023,3,138269,154696
delhi,2023,3,147800,133261
delhi,2023,3,192244,124731
delhi,2023,3,142100,102589
delhi,2023,3,182025,100042
delhi,2023,4,150556,1310568
delhi,2023,4,183271,623151
delhi,2023,4,192867,402294
delhi,2023,4,195710,318784
delhi,2023,4,191201,248579
delhi,2023,4,120612,192253
delhi,2023,4,149371,151486
delhi,2023,4,175450,128045
delhi,2023,4,112488,119028
delhi,2023,4,194054,119012
goa,2018,1,493443,39328
goa,2018,1,489679,19662
goa,2018,1,414408,13378
goa,2018,1,485627,10948
goa,2018,1,425243,7292
goa,2018,1,433519,6574
goa,2018,1,470499,5758
goa,2018,1,468912,4548
goa,2018,1,441193,4049
goa,2018,1,486450,3846
goa,2018,2,498126,50004
goa,2018,2,435262,24280
goa,2018,2,464400,16399
goa,2018,2,443020,12065
goa,2018,2,455816,9015
goa,2018,2,455392,8004
goa,2018,2,482793,6702
goa,2018,2,413884,5299
goa,2018,2,414001,4895
goa,2018,2,474720,4779
goa,2018,3,494110,62973
goa,2018,3,447788,30713
goa,2018,3,427871,17702
goa,2018,3,474806,14238
goa,2018,3,482057,11043
goa,2018,3,456903,9650
goa,2018,3,454645,7644
goa,2018,3,430574,6710
goa,2018,3,416806,6095
goa,2018,3,434690,5573
goa,2018,4,411096,77955
goa,2018,4,411235,32452
goa,2018,4,437709,21486
goa,2018,4,477988,16660
goa,2018,4,461266,14036
goa,2018,4,426573,12164
goa,2018,4,482836,8510
goa,2018,4,454026,8225
goa,2018,4,423893,6534
goa,2018,4,480149,5887
goa,2019,1,434930,67505
goa,2019,1,416855,31262
goa,2019,1,490413,22049
goa,2019,1,455235,16997
goa,2019,1,476594,12741
goa,2019,1,481053,11193
goa,2019,1,495209,8947
goa,2019,1,492238,7472
goa,2019,1,451500,7398
goa,2019,1,479404,5859
goa,2019,2,491354,66390
goa,2019,2,435141,34973
goa,2019,2,436735,22096
goa,2019,2,442106,14901
goa,2019,2,443397,13025
goa,2019,2,440312,10816
goa,2019,2,446547,9027
goa,2019,2,472142,7528
goa,2019,2,475767,6871
goa,2019,2,445754,6319
goa,2019,3,411978,83545
goa,2019,3,492457,42023
goa,2019,3,456253,25328
goa,2019,3,436606,18315
goa,2019,3,467117,16574
goa,2019,3,419068,11897
goa,2019,3,444718,11342
goa,2019,3,435765,8523
goa,2019,3,425321,8520
goa,2019,3,422907,7494
goa,2019,4,474574,93827
goa,2019,4,448794,41355
goa,2019,4,421101,26243
goa,2019,4,426582,20814
goa,2019,4,459346,16893
goa,2019,4,478962,14960
goa,2019,4,443122,10747
goa,2019,4,444670,9952
goa,2019,4,425315,8460
goa,2019,4,421324,8047
goa,2020,1,442191,81321
goa,2020,1,477698,38168
goa,2020,1,421130,22457
goa,2020,1,446450,17416
goa,2020,1,496558,14460
goa,2020,1,491219,10936
goa,2020,1,475294,10882
goa,2020,1,440381,9426
goa,2020,1,426460,7514
goa,2020,1,430360,7239
goa,2020,2,461218,80339
goa,2020,2,485035,46163
goa,2020,2,495526,26360
goa,2020,2,412987,22454
goa,2020,2,482268,15536
goa,2020,2,440661,14040
goa,2020,2,426240,10672
goa,2020,2,430104,10408
goa,2020,2,490547,9117
goa,2020,2,413885,7948
goa,2020,3,432401,92613
goa,2020,3,446231,53541
goa,2020,3,490665,30681
goa,2020,3,484722,23606
goa,2020,3,413538,18253
goa,2020,3,455934,14656
goa,2020,3,445014,13066
goa,2020,3,465544,10781
goa,2020,3,435857,10695
goa,2020,3,411118,8683
goa,2020,4,434970,120680
goa,2020,4,486777,51111
goa,2020,4,465345,34980
goa,2020,4,461275,25979
goa,2020,4,453247,21486
goa,2020,4,499814,17450
goa,2020,4,420399,13799
goa,2020,4,436177,13415
goa,2020,4,461340,10223
goa,2020,4,461755,9366
goa,2021,1,447167,94277
goa,2021,1,486527,40321
goa,2021,1,461091,29680
goa,2021,1,454786,22730
goa,2021,1,458524,16234
goa,2021,1,418677,14865
goa,2021,1,444269,12695
goa,2021,1,476209,9620
goa,2021,1,446283,9310
goa,2021,1,485735,7431
goa,2021,2,436867,95684
goa,2021,2,499520,52830
goa,2021,2,423401,31895
goa,2021,2,434117,21065
goa,2021,2,480357,20091
goa,2021,2,452329,14967
goa,2021,2,441290,14125
goa,2021,2,489400,10747
goa,2021,2,456641,10623
goa,2021,2,445581,8751
goa,2021,3,450367,100652
goa,2021,3,468939,50736
goa,2021,3,443249,36719
goa,2021,3,453250,27063
goa,2021,3,463629,18924
goa,2021,3,429123,16865
goa,2021,3,473045,14591
goa,2021,3,420134,11106
goa,2021,3,466261,10680
goa,2021,3,453893,9577
goa,2021,4,438009,115244
goa,2021,4,444881,56308
goa,2021,4,440257,39167
goa,2021,4,414107,25096
goa,2021,4,443573,21824
goa,2021,4,471163,17386
goa,2021,4,419870,15024
goa,2021,4,477580,13901
goa,2021,4,415610,11605
goa,2021,4,468976,9560
goa,2022,1,456857,90359
goa,2022,1,496016,45423
goa,2022,1,466329,31812
goa,2022,1,441599,20645
goa,2022,1,472494,18103
goa,2022,1,469200,13260
goa,2022,1,490925,12420
goa,2022,1,427488,10447
goa,2022,1,459653,9555
goa,2022,1,467737,7801
goa,2022,2,469749,121623
goa,2022,2,497916,59515
goa,2022,2,459258,36295
goa,2022,2,434183,27998
goa,2022,2,451271,20627
goa,2022,2,443431,20387
goa,2022,2,458470,17207
goa,2022,2,459495,13219
goa,2022,2,458405,12852
goa,2022,2,445822,11330
goa,2022,3,425185,133026
goa,2022,3,480353,53568
goa,2022,3,442191,42400
goa,2022,3,463914,27174
goa,2022,3,477094,20742
goa,2022,3,467671,17813
goa,2022,3,444694,16350
goa,2022,3,465496,13141
goa,2022,3,427210,11481
goa,2022,3,435779,9917
goa,2022,4,413442,130857
goa,2022,4,449470,58660
goa,2022,4,426916,39639
goa,2022,4,493839,29971
goa,2022,4,486605,23455
goa,2022,4,496237,19848
goa,2022,4,451909,15716
goa,2022,4,430722,13717
goa,2022,4,465434,12682
goa,2022,4,476330,11462
goa,2023,1,488769,108633
goa,2023,1,471674,49081
goa,2023,1,411064,29223
goa,2023,1,463444,24726
goa,2023,1,479776,17442
goa,2023,1,435670,14795
goa,2023,1,499808,13853
goa,2023,1,450607,10407
goa,2023,1,469966,9908
goa,2023,1,434485,9524
goa,2023,2,493911,114921
goa,2023,2,428766,53821
goa,2023,2,433156,34193
goa,2023,2,465723,27144
goa,2023,2,430635,20596
goa,2023,2,466863,17118
goa,2023,2,470708,16458
goa,2023,2,495655,14068
goa,2023,2,465201,12976
goa,2023,2,486251,9865
goa,2023,3,413748,123689
goa,2023,3,485522,57920
goa,2023,3,439120,41562
goa,2023,3,444291,29184
goa,2023,3,412238,22908
goa,2023,3,440741,21348
goa,2023,3,445587,18132
goa,2023,3,412191,13714
goa,2023,3,454788,12059
goa,2023,3,475329,11761
goa,2023,4,426281,148851
goa,2023,4,498815,62573
goa,2023,4,453695,45964
goa,2023,4,429567,32674
goa,2023,4,429330,25710
goa,2023,4,471936,21561
goa,2023,4,471590,17117
goa,2023,4,431521,16944
goa,2023,4,436862,15414
goa,2023,4,444933,12563
gujarat,2018,1,398899,379793
gujarat,2018,1,327987,187928
gujarat,2018,1,395413,123126
gujarat,2018,1,342183,87099
gujarat,2018,1,386837,68916
gujarat,2018,1,337331,59108
gujarat,2018,1,332657,47430
gujarat,2018,1,326790,39422
gujarat,2018,1,398495,34033
gujarat,2018,1,363807,33273
gujarat,2018,2,331303,422829
gujarat,2018,2,386384,216700
gujarat,2018,2,331042,147921
gujarat,2018,2,394452,96257
gujarat,2018,2,388946,83938
gujarat,2018,2,361392,66625
gujarat,2018,2,390421,53080
gujarat,2018,2,384181,52946
gujarat,2018,2,337790,44360
gujarat,2018,2,325147,40740
gujarat,2018,3,367772,482590
gujarat,2018,3,326231,230927
gujarat,2018,3,390256,165027
gujarat,2018,3,339021,118829
gujarat,2018,3,367923,95889
gujarat,2018,3,330985,79214
gujarat,2018,3,327770,69914
gujarat,2018,3,312069,56174
gujarat,2018,3,315512,54004
gujarat,2018,3,385499,48600
gujarat,2018,4,352693,649807
gujarat,2018,4,361980,274897
gujarat,2018,4,319234,177696
gujarat,2018,4,361167,137743
gujarat,2018,4,326186,107622
gujarat,2018,4,319744,86887
gujarat,2018,4,360667,71410
gujarat,2018,4,347863,64638
gujarat,2018,4,380779,62546
gujarat,2018,4,386404,48291
gujarat,2019,1,315214,521157
gujarat,2019,1,339236,249353
gujarat,2019,1,332268,157404
gujarat,2019,1,394211,112736
gujarat,2019,1,393782,100147
gujarat,2019,1,374483,74973
gujarat,2019,1,373443,62771
gujarat,2019,1,386197,59989
gujarat,2019,1,397145,55009
gujarat,2019,1,324024,44527
gujarat,2019,2,320916,613097
gujarat,2019,2,361424,317913
gujarat,2019,2,340690,189115
gujarat,2019,2,356227,168293
gujarat,2019,2,382422,121738
gujarat,2019,2,330204,95714
gujarat,2019,2,317903,83776
gujarat,2019,2,313524,70594
gujarat,2019,2,382911,63277
gujarat,2019,2,327559,57958
gujarat,2019,3,374253,687718
gujarat,2019,3,377573,316005
gujarat,2019,3,366168,203870
gujarat,2019,3,382666,171099
gujarat,2019,3,357402,127185
gujarat,2019,3,367004,110046
gujarat,2019,3,380012,84443
gujarat,2019,3,310365,72554
gujarat,2019,3,374287,71087
gujarat,2019,3,390721,58076
gujarat,2019,4,342995,804786
gujarat,2019,4,334504,370388
gujarat,2019,4,363489,254527
gujarat,2019,4,362231,214366
gujarat,2019,4,373728,157673
gujarat,2019,4,355493,120625
gujarat,2019,4,327138,116514
gujarat,2019,4,360051,96222
gujarat,2019,4,344849,89810
gujarat,2019,4,322996,70945
gujarat,2020,1,336084,604611
gujarat,2020,1,393901,343309
gujarat,2020,1,385275,207630
gujarat,2020,1,394862,162984
gujarat,2020,1,398537,111418
gujarat,2020,1,354443,98824
gujarat,2020,1,343215,92940
gujarat,2020,1,357865,76949
gujarat,2020,1,353393,69487
gujarat,2020,1,369980,57011
gujarat,2020,2,385638,764826
gujarat,2020,2,321080,393665
gujarat,2020,2,363401,251343
gujarat,2020,2,320651,171377
gujarat,2020,2,364984,154395
gujarat,2020,2,360497,126866
gujarat,2020,2,312155,103058
gujarat,2020,2,389300,84018
gujarat,2020,2,331353,76224
gujarat,2020,2,388920,67616
gujarat,2020,3,321624,820862
gujarat,2020,3,382020,405826
gujarat,2020,3,363726,299291
gujarat,2020,3,341277,183372
gujarat,2020,3,330774,159616
gujarat,2020,3,360714,145448
gujarat,2020,3,392340,110175
gujarat,2020,3,333914,99062
gujarat,2020,3,352225,87697
gujarat,2020,3,375091,75368
gujarat,2020,4,368599,965976
gujarat,2020,4,324711,445704
gujarat,2020,4,330777,258506
gujarat,2020,4,371213,203688
gujarat,2020,4,314961,176811
gujarat,2020,4,323429,140287
gujarat,2020,4,383619,115963
gujarat,2020,4,327654,102104
gujarat,2020,4,336923,90947
gujarat,2020,4,334207,74636
gujarat,2021,1,392587,772437
gujarat,2021,1,326485,374922
gujarat,2021,1,371320,225846
gujarat,2021,1,389014,199655
gujarat,2021,1,371046,149404
gujarat,2021,1,385908,117651
gujarat,2021,1,346205,108388
gujarat,2021,1,333696,87635
gujarat,2021,1,326088,71544
gujarat,2021,1,337306,68734
gujarat,2021,2,311014,964501
gujarat,2021,2,395563,454823
gujarat,2021,2,350084,261323
gujarat,2021,2,362682,215597
gujarat,2021,2,332355,166289
gujarat,2021,2,338869,135494
gujarat,2021,2,365796,123224
gujarat,2021,2,384148,90374
gujarat,2021,2,375807,81318
gujarat,2021,2,377044,73085
gujarat,2021,3,328515,870549
gujarat,2021,3,356009,450352
gujarat,2021,3,334323,285940
gujarat,2021,3,384916,186116
gujarat,2021,3,395291,172583
gujarat,2021,3,345480,132354
gujarat,2021,3,384107,118558
gujarat,2021,3,312578,100690
gujarat,2021,3,330135,80700
gujarat,2021,3,320787,79881
gujarat,2021,4,391740,1033069
gujarat,2021,4,355527,443722
gujarat,2021,4,321413,341993
gujarat,2021,4,395823,214808
gujarat,2021,4,394829,174726
gujarat,2021,4,356842,164780
gujarat,2021,4,316502,132521
gujarat,2021,4,361271,119463
gujarat,2021,4,347745,106314
gujarat,2021,4,378679,87478
gujarat,2022,1,326426,848623
gujarat,2022,1,389632,434444
gujarat,2022,1,353824,300153
gujarat,2022,1,315601,194195
gujarat,2022,1,338404,161201
gujarat,2022,1,358307,133698
gujarat,2022,1,329583,116321
gujarat,2022,1,382539,93109
gujarat,2022,1,333790,83166
gujarat,2022,1,374183,73482
gujarat,2022,2,317783,911450
gujarat,2022,2,311846,452900
gujarat,2022,2,348127,262564
gujarat,2022,2,377414,209429
gujarat,2022,2,344778,162578
gujarat,2022,2,327479,146245
gujarat,2022,2,399534,123422
gujarat,2022,2,322263,96078
gujarat,2022,2,321582,95928
gujarat,2022,2,314513,74643
gujarat,2022,3,340688,1091766
gujarat,2022,3,373526,523526
gujarat,2022,3,325603,350345
gujarat,2022,3,356058,240156
gujarat,2022,3,350024,202885
gujarat,2022,3,386357,152045
gujarat,2022,3,315901,151882
gujarat,2022,3,398847,113084
gujarat,2022,3,378654,110409
gujarat,2022,3,378548,94517
gujarat,2022,4,366818,1339004
gujarat,2022,4,356437,557951
gujarat,2022,4,322329,427097
gujarat,2022,4,320068,303612
gujarat,2022,4,311263,210195
gujarat,2022,4,361653,173093
gujarat,2022,4,315352,165386
gujarat,2022,4,349624,150696
gujarat,2022,4,348569,115449
gujarat,2022,4,372666,113115
gujarat,2023,1,349354,892382
gujarat,2023,1,384224,472274
gujarat,2023,1,329920,281429
gujarat,2023,1,335919,232263
gujarat,2023,1,368443,168440
gujarat,2023,1,334559,143554
gujarat,2023,1,330632,119717
gujarat,2023,1,389681,94451
gujarat,2023,1,396962,86287
gujarat,2023,1,354831,77530
gujarat,2023,2,329045,1094279
gujarat,2023,2,385663,487828
gujarat,2023,2,373971,318910
gujarat,2023,2,354837,245498
gujarat,2023,2,365881,188125
gujarat,2023,2,319689,150524
gujarat,2023,2,385522,134735
gujarat,2023,2,383075,124926
gujarat,2023,2,347720,107258
gujarat,2023,2,399019,92245
gujarat,2023,3,395045,1376867
gujarat,2023,3,371605,609470
gujarat,2023,3,312896,379350
gujarat,2023,3,387854,302630
gujarat,2023,3,331434,254575
gujarat,2023,3,368672,190194
gujarat,2023,3,336279,156660
gujarat,2023,3,347590,147679
gujarat,2023,3,313431,131282
gujarat,2023,3,324480,110881
gujarat,2023,4,365791,1271657
gujarat,2023,4,364885,620675
gujarat,2023,4,318783,446393
gujarat,2023,4,375031,307769
gujarat,2023,4,317733,269021
gujarat,2023,4,367814,206212
gujarat,2023,4,328638,166107
gujarat,2023,4,318532,156215
gujarat,2023,4,392719,145308
gujarat,2023,4,351929,111631
haryana,2018,1,172994,255508
haryana,2018,1,141808,110864
haryana,2018,1,112976,74956
haryana,2018,1,156626,52067
haryana,2018,1,118154,44204
haryana,2018,1,152946,38480
haryana,2018,1,179670,29334
haryana,2018,1,191485,27181
haryana,2018,1,176152,24976
haryana,2018,1,152891,22029
haryana,2018,2,180630,301737
haryana,2018,2,111011,161215
haryana,2018,2,192071,97057
haryana,2018,2,198995,78082
haryana,2018,2,134667,54053
haryana,2018,2,188990,50629
haryana,2018,2,163143,37013
haryana,2018,2,154280,35273
haryana,2018,2,140363,32545
haryana,2018,2,187143,26419
haryana,2018,3,143766,375689
haryana,2018,3,145354,184944
haryana,2018,3,130440,113410
haryana,2018,3,141204,100539
haryana,2018,3,118758,74090
haryana,2018,3,171972,59602
haryana,2018,3,141660,50426
haryana,2018,3,136741,44265
haryana,2018,3,153267,37615
haryana,2018,3,164725,32629
haryana,2018,4,133481,464906
haryana,2018,4,136229,225025
haryana,2018,4,138913,133273
haryana,2018,4,171789,98894
haryana,2018,4,152965,87618
haryana,2018,4,160450,73229
haryana,2018,4,191070,64809
haryana,2018,4,110048,56342
haryana,2018,4,116283,47202
haryana,2018,4,149830,39118
haryana,2019,1,166072,395662
haryana,2019,1,142377,211101
haryana,2019,1,178489,126860
haryana,2019,1,112768,107198
haryana,2019,1,170004,71882
haryana,2019,1,142683,59808
haryana,2019,1,132970,58382
haryana,2019,1,120931,51535
haryana,2019,1,143442,43909
haryana,2019,1,133391,35799
haryana,2019,2,144883,434385
haryana,2019,2,145935,174680
haryana,2019,2,187542,123640
haryana,2019,2,162297,87667
haryana,2019,2,131896,77098
haryana,2019,2,167018,56394
haryana,2019,2,114884,56130
haryana,2019,2,112193,41069
haryana,2019,2,176027,37490
haryana,2019,2,169491,35887
haryana,2019,3,176785,450036
haryana,2019,3,127505,244651
haryana,2019,3,128244,145977
haryana,2019,3,113294,124012
haryana,2019,3,197927,96705
haryana,2019,3,113785,79431
haryana,2019,3,188277,58238
haryana,2019,3,162804,55560
haryana,2019,3,143805,46802
haryana,2019,3,121658,44170
haryana,2019,4,133952,636183
haryana,2019,4,128656,308908
haryana,2019,4,192812,196145
haryana,2019,4,158416,140581
haryana,2019,4,144891,111383
haryana,2019,4,192848,85959
haryana,2019,4,162788,83627
haryana,2019,4,117263,64574
haryana,2019,4,172687,57380
haryana,2019,4,152467,54309
haryana,2020,1,179689,505743
haryana,2020,1,162137,211367
haryana,2020,1,189211,149947
haryana,2020,1,136809,122897
haryana,2020,1,157232,82300
haryana,2020,1,180457,70823
haryana,2020,1,124953,61603
haryana,2020,1,186493,50359
haryana,2020,1,158659,50276
haryana,2020,1,168337,41189
haryana,2020,2,141851,525202
haryana,2020,2,116622,250623
haryana,2020,2,177680,166344
haryana,2020,2,120202,122686
haryana,2020,2,116874,91090
haryana,2020,2,155611,70198
haryana,2020,2,180351,66728
haryana,2020,2,174952,54933
haryana,2020,2,114040,52198
haryana,2020,2,188885,44272
haryana,2020,3,196310,522548
haryana,2020,3,187044,255496
haryana,2020,3,112551,176933
haryana,2020,3,143503,120254
haryana,2020,3,132445,100230
haryana,2020,3,150866,79613
haryana,2020,3,159571,75268
haryana,2020,3,175865,56675
haryana,2020,3,131699,55835
haryana,2020,3,156886,45697
haryana,2020,4,131046,680979
haryana,2020,4,167253,343653
haryana,2020,4,126786,194244
haryana,2020,4,156075,148509
haryana,2020,4,178040,119583
haryana,2020,4,158041,107203
haryana,2020,4,182009,86453
haryana,2020,4,158976,71007
haryana,2020,4,167520,69845
haryana,2020,4,188026,58316
haryana,2021,1,173036,561431
haryana,2021,1,131698,287331
haryana,2021,1,151809,188849
haryana,2021,1,151826,133691
haryana,2021,1,196924,97126
haryana,2021,1,140087,89624
haryana,2021,1,121492,76797
haryana,2021,1,127265,64268
haryana,2021,1,163058,58010
haryana,2021,1,191025,46998
haryana,2021,2,151344,579947
haryana,2021,2,189154,272231
haryana,2021,2,137896,188515
haryana,2021,2,164750,142182
haryana,2021,2,170743,101211
haryana,2021,2,196299,91367
haryana,2021,2,195560,76640
haryana,2021,2,123253,67278
haryana,2021,2,122664,56745
haryana,2021,2,170875,51639
haryana,2021,3,179933,630989
haryana,2021,3,141563,304560
haryana,2021,3,186700,184018
haryana,2021,3,183158,147063
haryana,2021,3,183471,117147
haryana,2021,3,130341,96893
haryana,2021,3,157188,75614
haryana,2021,3,144717,62498
haryana,2021,3,189891,61962
haryana,2021,3,147006,57973
haryana,2021,4,127857,734609
haryana,2021,4,147085,328841
haryana,2021,4,112971,221981
haryana,2021,4,175331,163601
haryana,2021,4,186133,121110
haryana,2021,4,139688,111075
haryana,2021,4,135429,88817
haryana,2021,4,176176,69111
haryana,2021,4,174291,68213
haryana,2021,4,170683,56787
haryana,2022,1,199215,618470
haryana,2022,1,148883,299071
haryana,2022,1,197665,213329
haryana,2022,1,117603,148641
haryana,2022,1,127293,120691
haryana,2022,1,159822,96536
haryana,2022,1,142863,83664
haryana,2022,1,189271,73180
haryana,2022,1,140492,66419
haryana,2022,1,115425,59252
haryana,2022,2,120533,651817
haryana,2022,2,190117,359588
haryana,2022,2,176989,213243
haryana,2022,2,170539,152626
haryana,2022,2,137494,130613
haryana,2022,2,163239,99335
haryana,2022,2,123356,84854
haryana,2022,2,136171,74285
haryana,2022,2,128368,65992
haryana,2022,2,133588,63395
haryana,2022,3,155577,785909
haryana,2022,3,126513,424200
haryana,2022,3,146995,271217
haryana,2022,3,189637,193025
haryana,2022,3,170880,160408
haryana,2022,3,179912,120137
haryana,2022,3,152483,112582
haryana,2022,3,191901,84195
haryana,2022,3,134293,78837
haryana,2022,3,151655,67972
haryana,2022,4,147318,795461
haryana,2022,4,176793,400833
haryana,2022,4,160754,229806
haryana,2022,4,194422,161728
haryana,2022,4,186706,125755
haryana,2022,4,118760,108476
haryana,2022,4,139303,100566
haryana,2022,4,189109,82679
haryana,2022,4,152165,79989
haryana,2022,4,140787,67666
haryana,2023,1,158839,683198
haryana,2023,1,119954,320359
haryana,2023,1,198269,208631
haryana,2023,1,111474,142587
haryana,2023,1,177974,121662
haryana,2023,1,131190,98214
haryana,2023,1,130745,91083
haryana,2023,1,164765,72397
haryana,2023,1,158505,63780
haryana,2023,1,131917,59505
haryana,2023,2,129202,702095
haryana,2023,2,138319,325927
haryana,2023,2,149327,213269
haryana,2023,2,132024,151944
haryana,2023,2,163195,117984
haryana,2023,2,135384,100235
haryana,2023,2,131184,90580
haryana,2023,2,190145,75179
haryana,2023,2,176285,71215
haryana,2023,2,150130,60229
haryana,2023,3,191342,798130
haryana,2023,3,184896,424165
haryana,2023,3,126394,279555
haryana,2023,3,197879,192860
haryana,2023,3,112690,159103
haryana,2023,3,117393,119516
haryana,2023,3,165890,98581
haryana,2023,3,158031,97435
haryana,2023,3,183252,84849
haryana,2023,3,197046,78906
haryana,2023,4,122472,941577
haryana,2023,4,152821,407220
haryana,2023,4,178872,293907
haryana,2023,4,172843,237001
haryana,2023,4,183307,179866
haryana,2023,4,147971,150755
haryana,2023,4,188725,115957
haryana,2023,4,121746,105135
haryana,2023,4,188567,85128
haryana,2023,4,158771,84877
himachal-pradesh,2018,1,136758,69173
himachal-pradesh,2018,1,162115,28935
himachal-pradesh,2018,1,130117,22764
himachal-pradesh,2018,1,112593,14343
himachal-pradesh,2018,1,168822,11815
himachal-pradesh,2018,1,169125,10038
himachal-pradesh,2018,1,134486,7699
himachal-pradesh,2018,1,129500,7413
himachal-pradesh,2018,1,114800,6049
himachal-pradesh,2018,1,161181,5647
himachal-pradesh,2018,2,120644,82998
himachal-pradesh,2018,2,156416,34093
himachal-pradesh,2018,2,119720,23529
himachal-pradesh,2018,2,135464,17129
himachal-pradesh,2018,2,122328,14980
himachal-pradesh,2018,2,198212,11256
himachal-pradesh,2018,2,114511,9653
himachal-pradesh,2018,2,126856,8263
himachal-pradesh,2018,2,162495,7770
himachal-pradesh,2018,2,124813,7163
himachal-pradesh,2018,3,136640,86707
himachal-pradesh,2018,3,165951,38398
himachal-pradesh,2018,3,127598,27037
himachal-pradesh,2018,3,175686,18833
himachal-pradesh,2018,3,118058,16640
himachal-pradesh,2018,3,186925,14089
himachal-pradesh,2018,3,150959,10708
himachal-pradesh,2018,3,166539,9639
himachal-pradesh,2018,3,148855,9531
himachal-pradesh,2018,3,193716,7760
himachal-pradesh,2018,4,172585,118492
himachal-pradesh,2018,4,124148,52686
himachal-pradesh,2018,4,185844,35903
himachal-pradesh,2018,4,191563,23709
himachal-pradesh,2018,4,165298,20622
himachal-pradesh,2018,4,110907,16949
himachal-pradesh,2018,4,178779,14027
himachal-pradesh,2018,4,150990,12826
himachal-pradesh,2018,4,151053,11182
himachal-pradesh,2018,4,114078,9292
himachal-pradesh,2019,1,160834,89597
himachal-pradesh,2019,1,129502,43141
himachal-pradesh,2019,1,161868,31936
himachal-pradesh,2019,1,159252,20303
himachal-pradesh,2019,1,180979,17137
himachal-pradesh,2019,1,167136,13292
himachal-pradesh,2019,1,187431,13009
himachal-pradesh,2019,1,137247,9857
himachal-pradesh,2019,1,147108,9353
himachal-pradesh,2019,1,144486,8806
himachal-pradesh,2019,2,180555,114070
himachal-pradesh,2019,2,117901,48950
himachal-pradesh,2019,2,136115,32554
himachal-pradesh,2019,2,151292,25890
himachal-pradesh,2019,2,162597,21401
himachal-pradesh,2019,2,149183,18678
himachal-pradesh,2019,2,165243,15290
himachal-pradesh,2019,2,133968,11798
himachal-pradesh,2019,2,199199,10716
himachal-pradesh,2019,2,148315,9010
himachal-pradesh,2019,3,172413,100554
himachal-pradesh,2019,3,139271,51696
himachal-pradesh,2019,3,162127,36562
himachal-pradesh,2019,3,177503,26403
himachal-pradesh,2019,3,181381,19347
himachal-pradesh,2019,3,153462,16124
himachal-pradesh,2019,3,157423,14534
himachal-pradesh,2019,3,155033,12894
himachal-pradesh,2019,3,115876,10751
himachal-pradesh,2019,3,177176,9039
himachal-pradesh,2019,4,171007,139053
himachal-pradesh,2019,4,135385,69863
himachal-pradesh,2019,4,189029,44605
himachal-pradesh,2019,4,129887,28609
himachal-pradesh,2019,4,115289,25757
himachal-pradesh,2019,4,115406,21620
himachal-pradesh,2019,4,163500,18782
himachal-pradesh,2019,4,133266,15380
himachal-pradesh,2019,4,192377,13037
himachal-pradesh,2019,4,155239,12340
himachal-pradesh,2020,1,178818,100774
himachal-pradesh,2020,1,121270,54745
himachal-pradesh,2020,1,130845,32090
himachal-pradesh,2020,1,191855,23699
himachal-pradesh,2020,1,125519,19547
himachal-pradesh,2020,1,182155,18019
himachal-pradesh,2020,1,115605,15350
himachal-pradesh,2020,1,145790,12062
himachal-pradesh,2020,1,112959,11665
himachal-pradesh,2020,1,159015,9171
himachal-pradesh,2020,2,145373,124120
himachal-pradesh,2020,2,196993,53212
himachal-pradesh,2020,2,196190,36942
himachal-pradesh,2020,2,164392,30733
himachal-pradesh,2020,2,161135,22178
himachal-pradesh,2020,2,181567,17020
himachal-pradesh,2020,2,187437,14585
himachal-pradesh,2020,2,134294,14236
himachal-pradesh,2020,2,178478,12065
himachal-pradesh,2020,2,197730,10670
himachal-pradesh,2020,3,126791,121049
himachal-pradesh,2020,3,135620,65955
himachal-pradesh,2020,3,170843,42661
himachal-pradesh,2020,3,196125,29918
himachal-pradesh,2020,3,189008,23397
himachal-pradesh,2020,3,197448,21532
himachal-pradesh,2020,3,151630,18772
himachal-pradesh,2020,3,126520,14240
himachal-pradesh,2020,3,131522,14205
himachal-pradesh,2020,3,139319,12905
himachal-pradesh,2020,4,156990,161870
himachal-pradesh,2020,4,148829,73327
himachal-pradesh,2020,4,181725,53155
himachal-pradesh,2020,4,196589,40142
himachal-pradesh,2020,4,140098,29219
himachal-pradesh,2020,4,195561,22346
himachal-pradesh,2020,4,132909,19190
himachal-pradesh,2020,4,177687,18171
himachal-pradesh,2020,4,119714,16845
himachal-pradesh,2020,4,124032,14654
himachal-pradesh,2021,1,171105,139559
himachal-pradesh,2021,1,192810,64349
himachal-pradesh,2021,1,161896,42253
himachal-pradesh,2021,1,178047,29377
himachal-pradesh,2021,1,121315,22664
himachal-pradesh,2021,1,175619,21221
himachal-pradesh,2021,1,193185,17761
himachal-pradesh,2021,1,175850,13861
himachal-pradesh,2021,1,180911,13844
himachal-pradesh,2021,1,153320,12600
himachal-pradesh,2021,2,190659,140929
himachal-pradesh,2021,2,159649,61596
himachal-pradesh,2021,2,114612,45028
himachal-pradesh,2021,2,131161,33452
himachal-pradesh,2021,2,116040,24925
himachal-pradesh,2021,2,117229,18824
himachal-pradesh,2021,2,167492,15852
himachal-pradesh,2021,2,157470,15724
himachal-pradesh,2021,2,160301,12162
himachal-pradesh,2021,2,194288,10781
himachal-pradesh,2021,3,169162,147537
himachal-pradesh,2021,3,124634,74185
himachal-pradesh,2021,3,117086,48048
himachal-pradesh,2021,3,197276,37972
himachal-pradesh,2021,3,151371,28979
himachal-pradesh,2021,3,163202,23571
himachal-pradesh,2021,3,124523,18937
himachal-pradesh,2021,3,183030,18643
himachal-pradesh,2021,3,146335,16903
himachal-pradesh,2021,3,161226,14584
himachal-pradesh,2021,4,165079,179345
himachal-pradesh,2021,4,162615,74272
himachal-pradesh,2021,4,184710,50951
himachal-pradesh,2021,4,144163,37907
himachal-pradesh,2021,4,198820,31623
himachal-pradesh,2021,4,125700,26269
himachal-pradesh,2021,4,173589,20336
himachal-pradesh,2021,4,167759,19800
himachal-pradesh,2021,4,158162,15976
himachal-pradesh,2021,4,119190,15907
himachal-pradesh,2022,1,122001,151545
himachal-pradesh,2022,1,188064,77589
himachal-pradesh,2022,1,175042,55555
himachal-pradesh,2022,1,168194,42356
himachal-pradesh,2022,1,172058,32844
himachal-pradesh,2022,1,144359,26505
himachal-pradesh,2022,1,175247,22129
himachal-pradesh,2022,1,186993,19975
himachal-pradesh,2022,1,150855,17318
himachal-pradesh,2022,1,118865,15778
himachal-pradesh,2022,2,165804,177547
himachal-pradesh,2022,2,199195,80387
himachal-pradesh,2022,2,182262,53555
himachal-pradesh,2022,2,195507,43289
himachal-pradesh,2022,2,157385,31096
himachal-pradesh,2022,2,194906,24980
himachal-pradesh,2022,2,199205,21863
himachal-pradesh,2022,2,177451,20346
himachal-pradesh,2022,2,171590,17485
himachal-pradesh,2022,2,136627,16074
himachal-pradesh,2022,3,177716,181309
himachal-pradesh,2022,3,188200,86590
himachal-pradesh,2022,3,146188,60544
himachal-pradesh,2022,3,122212,38542
himachal-pradesh,2022,3,192588,29740
himachal-pradesh,2022,3,117364,24552
himachal-pradesh,2022,3,166396,24316
himachal-pradesh,2022,3,112565,18396
himachal-pradesh,2022,3,141062,16736
himachal-pradesh,2022,3,168609,15547
himachal-pradesh,2022,4,141063,206673
himachal-pradesh,2022,4,120548,120778
himachal-pradesh,2022,4,120157,70118
himachal-pradesh,2022,4,138375,49081
himachal-pradesh,2022,4,179749,38346
himachal-pradesh,2022,4,154010,36961
himachal-pradesh,2022,4,136521,30843
himachal-pradesh,2022,4,167831,25684
himachal-pradesh,2022,4,168541,22849
himachal-pradesh,2022,4,143634,18377
himachal-pradesh,2023,1,113662,172537
himachal-pradesh,2023,1,150764,83489
himachal-pradesh,2023,1,120903,53699
himachal-pradesh,2023,1,116661,36255
himachal-pradesh,2023,1,142871,32033
himachal-pradesh,2023,1,169359,28498
himachal-pradesh,2023,1,145169,20528
himachal-pradesh,2023,1,132394,17864
himachal-pradesh,2023,1,194806,16235
himachal-pradesh,2023,1,171634,14867
himachal-pradesh,2023,2,194518,194509
himachal-pradesh,2023,2,151271,82321
himachal-pradesh,2023,2,191909,59098
himachal-pradesh,2023,2,157817,45949
himachal-pradesh,2023,2,190414,35935
himachal-pradesh,2023,2,163927,30960
himachal-pradesh,2023,2,151932,22246
himachal-pradesh,2023,2,151419,21782
himachal-pradesh,2023,2,125514,17618
himachal-pradesh,2023,2,191247,15234
himachal-pradesh,2023,3,169394,189972
himachal-pradesh,2023,3,145058,104870
himachal-pradesh,2023,3,126755,62988
himachal-pradesh,2023,3,178021,44253
himachal-pradesh,2023,3,117182,38458
himachal-pradesh,2023,3,162591,33596
himachal-pradesh,2023,3,131196,28744
himachal-pradesh,2023,3,111664,22501
himachal-pradesh,2023,3,132580,21339
himachal-pradesh,2023,3,153317,18059
himachal-pradesh,2023,4,188463,215822
himachal-pradesh,2023,4,114007,111113
himachal-pradesh,2023,4,171874,73923
himachal-pradesh,2023,4,148097,54750
himachal-pradesh,2023,4,183889,38920
himachal-pradesh,2023,4,159808,36614
himachal-pradesh,2023,4,131122,30016
himachal-pradesh,2023,4,110777,25430
himachal-pradesh,2023,4,172038,22670
himachal-pradesh,2023,4,182299,22068
jammu-&-kashmir,2018,1,188094,85106
jammu-&-kashmir,2018,1,187658,34456
jammu-&-kashmir,2018,1,111262,25726
jammu-&-kashmir,2018,1,171759,17777
jammu-&-kashmir,2018,1,129377,15320
jammu-&-kashmir,2018,1,160924,12363
jammu-&-kashmir,2018,1,127766,9550
jammu-&-kashmir,2018,1,153114,8465
jammu-&-kashmir,2018,1,183244,7497
jammu-&-kashmir,2018,1,143319,7131
jammu-&-kashmir,2018,2,150233,80251
jammu-&-kashmir,2018,2,174557,32190
jammu-&-kashmir,2018,2,161751,23397
jammu-&-kashmir,2018,2,190885,18551
jammu-&-kashmir,2018,2,121750,14874
jammu-&-kashmir,2018,2,171515,12164
jammu-&-kashmir,2018,2,113079,9351
jammu-&-kashmir,2018,2,191450,7842
jammu-&-kashmir,2018,2,140807,7566
jammu-&-kashmir,2018,2,139115,6768
jammu-&-kashmir,2018,3,142111,92959
jammu-&-kashmir,2018,3,198927,43925
jammu-&-kashmir,2018,3,112129,32102
jammu-&-kashmir,2018,3,123012,22521
jammu-&-kashmir,2018,3,124750,18142
jammu-&-kashmir,2018,3,159689,14454
jammu-&-kashmir,2018,3,164633,12606
jammu-&-kashmir,2018,3,115879,9965
jammu-&-kashmir,2018,3,162993,9560
jammu-&-kashmir,2018,3,155807,8318
jammu-&-kashmir,2018,4,182527,103188
jammu-&-kashmir,2018,4,143058,56090
jammu-&-kashmir,2018,4,114523,36885
jammu-&-kashmir,2018,4,127686,26629
jammu-&-kashmir,2018,4,191906,21757
jammu-&-kashmir,2018,4,152386,16819
jammu-&-kashmir,2018,4,193585,15142
jammu-&-kashmir,2018,4,166683,12972
jammu-&-kashmir,2018,4,155787,10725
jammu-&-kashmir,2018,4,161644,10677
jammu-&-kashmir,2019,1,191346,101980
jammu-&-kashmir,2019,1,115790,51372
jammu-&-kashmir,2019,1,175001,33579
jammu-&-kashmir,2019,1,187344,27316
jammu-&-kashmir,2019,1,163594,18666
jammu-&-kashmir,2019,1,155948,15032
jammu-&-kashmir,2019,1,188228,12750
jammu-&-kashmir,2019,1,128603,11938
jammu-&-kashmir,2019,1,163748,11248
jammu-&-kashmir,2019,1,158077,9520
jammu-&-kashmir,2019,2,119689,121408
jammu-&-kashmir,2019,2,192928,58940
jammu-&-kashmir,2019,2,167573,35909
jammu-&-kashmir,2019,2,129896,29984
jammu-&-kashmir,2019,2,153997,20288
jammu-&-kashmir,2019,2,197043,17569
jammu-&-kashmir,2019,2,131874,15607
jammu-&-kashmir,2019,2,137021,13971
jammu-&-kashmir,2019,2,173171,11604
jammu-&-kashmir,2019,2,135522,11033
jammu-&-kashmir,2019,3,116206,136274
jammu-&-kashmir,2019,3,153164,74600
jammu-&-kashmir,2019,3,182840,43539
jammu-&-kashmir,2019,3,122411,32720
jammu-&-kashmir,2019,3,118067,27990
jammu-&-kashmir,2019,3,173485,20787
jammu-&-kashmir,2019,3,113776,20544
jammu-&-kashmir,2019,3,128738,15710
jammu-&-kashmir,2019,3,194993,15464
jammu-&-kashmir,2019,3,154799,11950
jammu-&-kashmir,2019,4,174131,143458
jammu-&-kashmir,2019,4,178984,81586
jammu-&-kashmir,2019,4,130075,45206
jammu-&-kashmir,2019,4,139350,35909
jammu-&-kashmir,2019,4,193850,30604
jammu-&-kashmir,2019,4,175674,22328
jammu-&-kashmir,2019,4,132645,21134
jammu-&-kashmir,2019,4,142714,16741
jammu-&-kashmir,2019,4,196125,16240
jammu-&-kashmir,2019,4,195938,12789
jammu-&-kashmir,2020,1,165659,110390
jammu-&-kashmir,2020,1,194839,57570
jammu-&-kashmir,2020,1,117896,37035
jammu-&-kashmir,2020,1,165083,28220
jammu-&-kashmir,2020,1,189891,20082
jammu-&-kashmir,2020,1,161838,16828
jammu-&-kashmir,2020,1,118819,16279
jammu-&-kashmir,2020,1,146845,14397
jammu-&-kashmir,2020,1,161769,12987
jammu-&-kashmir,2020,1,164502,11798
jammu-&-kashmir,2020,2,160151,126537
jammu-&-kashmir,2020,2,127991,66985
jammu-&-kashmir,2020,2,152004,45888
jammu-&-kashmir,2020,2,153916,33875
jammu-&-kashmir,2020,2,110621,25251
jammu-&-kashmir,2020,2,130383,19024
jammu-&-kashmir,2020,2,194434,16974
jammu-&-kashmir,2020,2,124470,15118
jammu-&-kashmir,2020,2,138027,13976
jammu-&-kashmir,2020,2,141740,12841
jammu-&-kashmir,2020,3,194205,141190
jammu-&-kashmir,2020,3,130996,62651
jammu-&-kashmir,2020,3,174765,44415
jammu-&-kashmir,2020,3,192755,32686
jammu-&-kashmir,2020,3,135985,24895
jammu-&-kashmir,2020,3,168795,21996
jammu-&-kashmir,2020,3,152584,15664
jammu-&-kashmir,2020,3,122627,15376
jammu-&-kashmir,2020,3,186303,14198
jammu-&-kashmir,2020,3,198485,12730
jammu-&-kashmir,2020,4,153215,215472
jammu-&-kashmir,2020,4,142212,99479
jammu-&-kashmir,2020,4,177986,60891
jammu-&-kashmir,2020,4,155532,51292
jammu-&-kashmir,2020,4,152340,36158
jammu-&-kashmir,2020,4,171949,32950
jammu-&-kashmir,2020,4,192255,28174
jammu-&-kashmir,2020,4,197582,21952
jammu-&-kashmir,2020,4,131716,19558
jammu-&-kashmir,2020,4,116247,19404
jammu-&-kashmir,2021,1,182042,160205
jammu-&-kashmir,2021,1,178199,84394
jammu-&-kashmir,2021,1,190294,52551
jammu-&-kashmir,2021,1,184431,36594
jammu-&-kashmir,2021,1,110066,28514
jammu-&-kashmir,2021,1,111707,25824
jammu-&-kashmir,2021,1,163242,20516
jammu-&-kashmir,2021,1,111697,19183
jammu-&-kashmir,2021,1,145446,16493
jammu-&-kashmir,2021,1,130154,14284
jammu-&-kashmir,2021,2,178941,153291
jammu-&-kashmir,2021,2,191652,73914
jammu-&-kashmir,2021,2,183252,52664
jammu-&-kashmir,2021,2,138422,36006
jammu-&-kashmir,2021,2,160684,27282
jammu-&-kashmir,2021,2,116765,25933
jammu-&-kashmir,2021,2,115183,21254
jammu-&-kashmir,2021,2,166194,19687
jammu-&-kashmir,2021,2,145509,16703
jammu-&-kashmir,2021,2,154280,14289
jammu-&-kashmir,2021,3,165821,178818
jammu-&-kashmir,2021,3,120295,87855
jammu-&-kashmir,2021,3,121396,53013
jammu-&-kashmir,2021,3,183369,44122
jammu-&-kashmir,2021,3,144007,34222
jammu-&-kashmir,2021,3,124756,26656
jammu-&-kashmir,2021,3,167152,22273
jammu-&-kashmir,2021,3,133602,20147
jammu-&-kashmir,2021,3,139446,15979
jammu-&-kashmir,2021,3,146182,15682
jammu-&-kashmir,2021,4,173200,190679
jammu-&-kashmir,2021,4,116273,96176
jammu-&-kashmir,2021,4,143713,57972
jammu-&-kashmir,2021,4,167385,47561
jammu-&-kashmir,2021,4,180120,38462
jammu-&-kashmir,2021,4,119975,32592
jammu-&-kashmir,2021,4,196849,26685
jammu-&-kashmir,2021,4,124264,22111
jammu-&-kashmir,2021,4,113936,21073
jammu-&-kashmir,2021,4,126726,16278
jammu-&-kashmir,2022,1,165692,171001
jammu-&-kashmir,2022,1,166578,88788
jammu-&-kashmir,2022,1,178537,63720
jammu-&-kashmir,2022,1,125432,41824
jammu-&-kashmir,2022,1,165305,34483
jammu-&-kashmir,2022,1,164515,26115
jammu-&-kashmir,2022,1,196751,26039
jammu-&-kashmir,2022,1,117235,19578
jammu-&-kashmir,2022,1,194175,17793
jammu-&-kashmir,2022,1,195444,17060
jammu-&-kashmir,2022,2,189083,189261
jammu-&-kashmir,2022,2,185520,80533
jammu-&-kashmir,2022,2,118206,54739
jammu-&-kashmir,2022,2,142362,44419
jammu-&-kashmir,2022,2,136359,32363
jammu-&-kashmir,2022,2,110807,24906
jammu-&-kashmir,2022,2,174075,22217
jammu-&-kashmir,2022,2,169128,19529
jammu-&-kashmir,2022,2,196546,16917
jammu-&-kashmir,2022,2,191683,15088
jammu-&-kashmir,2022,3,174277,201405
jammu-&-kashmir,2022,3,177712,94324
jammu-&-kashmir,2022,3,125048,55642
jammu-&-kashmir,2022,3,124038,42905
jammu-&-kashmir,2022,3,176707,33371
jammu-&-kashmir,2022,3,161339,26757
jammu-&-kashmir,2022,3,198138,22138
jammu-&-kashmir,2022,3,128542,19453
jammu-&-kashmir,2022,3,160257,18065
jammu-&-kashmir,2022,3,114187,16000
jammu-&-kashmir,2022,4,187038,232790
jammu-&-kashmir,2022,4,180421,109561
jammu-&-kashmir,2022,4,163074,65673
jammu-&-kashmir,2022,4,111458,58023
jammu-&-kashmir,2022,4,197967,42485
jammu-&-kashmir,2022,4,145999,34845
jammu-&-kashmir,2022,4,120708,32449
jammu-&-kashmir,2022,4,162296,24616
jammu-&-kashmir,2022,4,199604,20641
jammu-&-kashmir,2022,4,122587,18730
jammu-&-kashmir,2023,1,164649,185813
jammu-&-kashmir,2023,1,166691,87173
jammu-&-kashmir,2023,1,120193,61620
jammu-&-kashmir,2023,1,114457,48748
jammu-&-kashmir,2023,1,167807,34593
jammu-&-kashmir,2023,1,144796,27122
jammu-&-kashmir,2023,1,178228,26105
jammu-&-kashmir,2023,1,182373,22595
jammu-&-kashmir,2023,1,136411,19218
jammu-&-kashmir,2023,1,168432,17364
jammu-&-kashmir,2023,2,129833,205891
jammu-&-kashmir,2023,2,111689,87470
jammu-&-kashmir,2023,2,148281,61059
jammu-&-kashmir,2023,2,147821,43473
jammu-&-kashmir,2023,2,170372,37335
jammu-&-kashmir,2023,2,129614,29550
jammu-&-kashmir,2023,2,153235,28348
jammu-&-kashmir,2023,2,175603,23899
jammu-&-kashmir,2023,2,149467,18474
jammu-&-kashmir,2023,2,198102,18208
jammu-&-kashmir,2023,3,120370,218011
jammu-&-kashmir,2023,3,139151,108133
jammu-&-kashmir,2023,3,165692,78029
jammu-&-kashmir,2023,3,180625,60164
jammu-&-kashmir,2023,3,153379,43374
jammu-&-kashmir,2023,3,173543,37176
jammu-&-kashmir,2023,3,186073,28790
jammu-&-kashmir,2023,3,158987,27673
jammu-&-kashmir,2023,3,181265,23297
jammu-&-kashmir,2023,3,147281,18996
jammu-&-kashmir,2023,4,120917,282610
jammu-&-kashmir,2023,4,118618,120766
jammu-&-kashmir,2023,4,184694,82265
jammu-&-kashmir,2023,4,115400,56585
jammu-&-kashmir,2023,4,163539,48214
jammu-&-kashmir,2023,4,174959,42861
jammu-&-kashmir,2023,4,137204,35844
jammu-&-kashmir,2023,4,118499,27424
jammu-&-kashmir,2023,4,174599,24346
jammu-&-kashmir,2023,4,123702,22725
jharkhand,2018,1,830988,129347
jharkhand,2018,1,815277,64582
jharkhand,2018,1,823966,39049
jharkhand,2018,1,864404,31533
jharkhand,2018,1,833572,24946
jharkhand,2018,1,879161,19367
jharkhand,2018,1,896698,16680
jharkhand,2018,1,875176,15218
jharkhand,2018,1,897520,13760
jharkhand,2018,1,821385,12956
jharkhand,2018,2,833468,163106
jharkhand,2018,2,832605,68182
jharkhand,2018,2,881651,46468
jharkhand,2018,2,829621,33716
jharkhand,2018,2,866150,29330
jharkhand,2018,2,887289,20748
jharkhand,2018,2,894086,17607
jharkhand,2018,2,881608,17006
jharkhand,2018,2,843458,15220
jharkhand,2018,2,832609,13906
jharkhand,2018,3,880520,173350
jharkhand,2018,3,817649,87375
jharkhand,2018,3,894835,52412
jharkhand,2018,3,853376,46725
jharkhand,2018,3,879913,36898
jharkhand,2018,3,878345,29471
jharkhand,2018,3,848223,22090
jharkhand,2018,3,830204,21685
jharkhand,2018,3,865610,18365
jharkhand,2018,3,848266,15072
jharkhand,2018,4,888707,226377
jharkhand,2018,4,856231,107762
jharkhand,2018,4,868303,71919
jharkhand,2018,4,814773,55081
jharkhand,2018,4,877598,43695
jharkhand,2018,4,825707,34001
jharkhand,2018,4,880782,27375
jharkhand,2018,4,848636,26125
jharkhand,2018,4,840106,21301
jharkhand,2018,4,864346,20524
jharkhand,2019,1,853206,176751
jharkhand,2019,1,843590,94590
jharkhand,2019,1,875460,59880
jharkhand,2019,1,811308,37945
jharkhand,2019,1,870902,32787
jharkhand,2019,1,810676,27668
jharkhand,2019,1,828353,21556
jharkhand,2019,1,848255,21535
jharkhand,2019,1,864798,17119
jharkhand,2019,1,863743,15230
jharkhand,2019,2,814920,214601
jharkhand,2019,2,822388,103393
jharkhand,2019,2,868874,64430
jharkhand,2019,2,837825,49141
jharkhand,2019,2,851182,43421
jharkhand,2019,2,819011,33156
jharkhand,2019,2,894451,27576
jharkhand,2019,2,877109,23874
jharkhand,2019,2,833276,23599
jharkhand,2019,2,814852,19267
jharkhand,2019,3,887206,221982
jharkhand,2019,3,816147,119291
jharkhand,2019,3,872191,71859
jharkhand,2019,3,899319,54630
jharkhand,2019,3,846393,46356
jharkhand,2019,3,898803,33942
jharkhand,2019,3,889078,32434
jharkhand,2019,3,848963,25841
jharkhand,2019,3,887268,25830
jharkhand,2019,3,825259,20315
jharkhand,2019,4,850547,314123
jharkhand,2019,4,840630,150865
jharkhand,2019,4,877642,102069
jharkhand,2019,4,820976,63645
jharkhand,2019,4,843236,51948
jharkhand,2019,4,838170,47284
jharkhand,2019,4,834608,36306
jharkhand,2019,4,880852,35124
jharkhand,2019,4,825117,31420
jharkhand,2019,4,841138,24464
jharkhand,2020,1,863966,218150
jharkhand,2020,1,840155,106908
jharkhand,2020,1,893115,70367
jharkhand,2020,1,817375,57905
jharkhand,2020,1,858727,43505
jharkhand,2020,1,835845,38469
jharkhand,2020,1,821643,33144
jharkhand,2020,1,891798,26713
jharkhand,2020,1,873349,23062
jharkhand,2020,1,883467,20507
jharkhand,2020,2,881267,280437
jharkhand,2020,2,830454,143212
jharkhand,2020,2,857688,93587
jharkhand,2020,2,865957,72777
jharkhand,2020,2,896656,53262
jharkhand,2020,2,845971,40195
jharkhand,2020,2,860973,35702
jharkhand,2020,2,863120,35200
jharkhand,2020,2,884825,28016
jharkhand,2020,2,854742,26291
jharkhand,2020,3,886502,319215
jharkhand,2020,3,859278,174498
jharkhand,2020,3,896159,98456
jharkhand,2020,3,864190,77447
jharkhand,2020,3,878796,65298
jharkhand,2020,3,870695,51253
jharkhand,2020,3,827969,45590
jharkhand,2020,3,871866,40939
jharkhand,2020,3,832661,33764
jharkhand,2020,3,864242,30979
jharkhand,2020,4,890828,341432
jharkhand,2020,4,824365,153908
jharkhand,2020,4,892798,109357
jharkhand,2020,4,825775,75255
jharkhand,2020,4,826727,69823
jharkhand,2020,4,862488,50806
jharkhand,2020,4,860380,50089
jharkhand,2020,4,827277,37734
jharkhand,2020,4,874018,35958
jharkhand,2020,4,818497,31746
jharkhand,2021,1,837616,293060
jharkhand,2021,1,847531,151844
jharkhand,2021,1,834836,93261
jharkhand,2021,1,838691,63947
jharkhand,2021,1,837865,48950
jharkhand,2021,1,839693,41041
jharkhand,2021,1,833448,36885
jharkhand,2021,1,891585,33752
jharkhand,2021,1,883631,27868
jharkhand,2021,1,847003,25978
jharkhand,2021,2,865074,316410
jharkhand,2021,2,862695,145043
jharkhand,2021,2,892915,98520
jharkhand,2021,2,871667,69727
jharkhand,2021,2,891940,60424
jharkhand,2021,2,856097,50650
jharkhand,2021,2,890338,43370
jharkhand,2021,2,813683,38239
jharkhand,2021,2,864818,31179
jharkhand,2021,2,898797,29494
jharkhand,2021,3,883486,352361
jharkhand,2021,3,897694,163523
jharkhand,2021,3,884169,119105
jharkhand,2021,3,867886,76638
jharkhand,2021,3,846560,70951
jharkhand,2021,3,884707,50054
jharkhand,2021,3,861411,42367
jharkhand,2021,3,883565,37229
jharkhand,2021,3,846323,32294
jharkhand,2021,3,813159,30701
jharkhand,2021,4,816785,404810
jharkhand,2021,4,887340,181995
jharkhand,2021,4,840991,127675
jharkhand,2021,4,834268,93599
jharkhand,2021,4,890097,64667
jharkhand,2021,4,825207,63410
jharkhand,2021,4,825444,44863
jharkhand,2021,4,874970,39135
jharkhand,2021,4,832101,37074
jharkhand,2021,4,812498,36697
jharkhand,2022,1,857312,313130
jharkhand,2022,1,817639,156415
jharkhand,2022,1,890461,96770
jharkhand,2022,1,868354,65622
jharkhand,2022,1,880458,59555
jharkhand,2022,1,821805,45229
jharkhand,2022,1,886113,44175
jharkhand,2022,1,875515,37730
jharkhand,2022,1,837485,33085
jharkhand,2022,1,893956,29085
jharkhand,2022,2,872174,337981
jharkhand,2022,2,896406,180254
jharkhand,2022,2,839307,106987
jharkhand,2022,2,863730,79955
jharkhand,2022,2,848339,61663
jharkhand,2022,2,841639,56468
jharkhand,2022,2,833557,47743
jharkhand,2022,2,882416,40200
jharkhand,2022,2,883843,34948
jharkhand,2022,2,826438,30274
jharkhand,2022,3,863965,378308
jharkhand,2022,3,856213,167615
jharkhand,2022,3,827929,108865
jharkhand,2022,3,826238,83457
jharkhand,2022,3,861687,74364
jharkhand,2022,3,878173,57791
jharkhand,2022,3,873770,43842
jharkhand,2022,3,863923,38678
jharkhand,2022,3,887877,38021
jharkhand,2022,3,890253,31479
jharkhand,2022,4,818796,433869
jharkhand,2022,4,828965,198461
jharkhand,2022,4,827082,142002
jharkhand,2022,4,876787,104109
jharkhand,2022,4,872792,81631
jharkhand,2022,4,825395,69128
jharkhand,2022,4,816641,61225
jharkhand,2022,4,836171,46319
jharkhand,2022,4,833918,43411
jharkhand,2022,4,867693,43179
jharkhand,2023,1,867471,418562
jharkhand,2023,1,866831,200258
jharkhand,2023,1,824713,135631
jharkhand,2023,1,890545,91210
jharkhand,2023,1,897957,77559
jharkhand,2023,1,883560,58688
jharkhand,2023,1,898987,46531
jharkhand,2023,1,831652,44410
jharkhand,2023,1,825747,38283
jharkhand,2023,1,893032,34831
jharkhand,2023,2,859505,348928
jharkhand,2023,2,895948,194837
jharkhand,2023,2,823491,120328
jharkhand,2023,2,879540,85574
jharkhand,2023,2,844542,69006
jharkhand,2023,2,834658,55123
jharkhand,2023,2,893068,44880
jharkhand,2023,2,856938,39895
jharkhand,2023,2,882828,39604
jharkhand,2023,2,848187,34653
jharkhand,2023,3,844958,471556
jharkhand,2023,3,844117,218107
jharkhand,2023,3,870578,124772
jharkhand,2023,3,820469,100854
jharkhand,2023,3,822056,80559
jharkhand,2023,3,853144,65363
jharkhand,2023,3,845463,52175
jharkhand,2023,3,862197,45835
jharkhand,2023,3,871599,40381
jharkhand,2023,3,840684,36510
jharkhand,2023,4,833078,485875
jharkhand,2023,4,840080,232626
jharkhand,2023,4,845627,136523
jharkhand,2023,4,825491,98028
jharkhand,2023,4,866081,84588
jharkhand,2023,4,876795,64415
jharkhand,2023,4,822820,53204
jharkhand,2023,4,810066,51997
jharkhand,2023,4,817753,43359
jharkhand,2023,4,872675,37184
karnataka,2018,1,570817,657123
karnataka,2018,1,518340,301599
karnataka,2018,1,599829,190903
karnataka,2018,1,536154,138386
karnataka,2018,1,572862,130455
karnataka,2018,1,549040,103714
karnataka,2018,1,595168,79491
karnataka,2018,1,585465,75664
karnataka,2018,1,549004,69911
karnataka,2018,1,575459,60708
karnataka,2018,2,555320,724876
karnataka,2018,2,560116,350054
karnataka,2018,2,516212,244676
karnataka,2018,2,559886,168082
karnataka,2018,2,591128,141784
karnataka,2018,2,585798,112569
karnataka,2018,2,578944,85060
karnataka,2018,2,524571,76309
karnataka,2018,2,592520,68164
karnataka,2018,2,530532,66947
karnataka,2018,3,540271,720768
karnataka,2018,3,579061,367775
karnataka,2018,3,552778,253796
karnataka,2018,3,562820,174054
karnataka,2018,3,537688,144868
karnataka,2018,3,534367,125452
karnataka,2018,3,550817,111834
karnataka,2018,3,516283,92372
karnataka,2018,3,586357,81676
karnataka,2018,3,536915,68614
karnataka,2018,4,555094,961957
karnataka,2018,4,575712,414024
karnataka,2018,4,581973,304842
karnataka,2018,4,511227,224256
karnataka,2018,4,588960,161887
karnataka,2018,4,542348,144125
karnataka,2018,4,599638,129132
karnataka,2018,4,572183,103461
karnataka,2018,4,524441,96548
karnataka,2018,4,537335,89408
karnataka,2019,1,591095,757845
karnataka,2019,1,588568,393096
karnataka,2019,1,541239,246599
karnataka,2019,1,552849,168398
karnataka,2019,1,542078,158296
karnataka,2019,1,518471,127977
karnataka,2019,1,556040,93781
karnataka,2019,1,570184,92885
karnataka,2019,1,544204,71099
karnataka,2019,1,536178,69928
karnataka,2019,2,526421,930306
karnataka,2019,2,510042,388643
karnataka,2019,2,528228,265137
karnataka,2019,2,588187,217624
karnataka,2019,2,538038,142837
karnataka,2019,2,516888,142105
karnataka,2019,2,535094,121409
karnataka,2019,2,517656,104029
karnataka,2019,2,586630,81338
karnataka,2019,2,563682,81269
karnataka,2019,3,586626,1143267
karnataka,2019,3,593453,593280
karnataka,2019,3,563925,379949
karnataka,2019,3,581856,266797
karnataka,2019,3,538877,199490
karnataka,2019,3,598349,183712
karnataka,2019,3,536399,155393
karnataka,2019,3,581437,145173
karnataka,2019,3,555646,123578
karnataka,2019,3,556037,105912
karnataka,2019,4,588779,1172139
karnataka,2019,4,540192,666873
karnataka,2019,4,577304,430961
karnataka,2019,4,561588,313378
karnataka,2019,4,585938,247209
karnataka,2019,4,571896,196369
karnataka,2019,4,538287,182802
karnataka,2019,4,512920,146998
karnataka,2019,4,575238,126669
karnataka,2019,4,588449,120823
karnataka,2020,1,593135,976746
karnataka,2020,1,591264,481398
karnataka,2020,1,527974,352289
karnataka,2020,1,533001,249297
karnataka,2020,1,557909,173863
karnataka,2020,1,588165,158061
karnataka,2020,1,528889,141620
karnataka,2020,1,511218,106482
karnataka,2020,1,567741,94385
karnataka,2020,1,547352,82554
karnataka,2020,2,510888,1048389
karnataka,2020,2,594343,593536
karnataka,2020,2,510181,388533
karnataka,2020,2,551314,252095
karnataka,2020,2,520899,206417
karnataka,2020,2,517135,186043
karnataka,2020,2,566007,141620
karnataka,2020,2,562514,129519
karnataka,2020,2,512779,112631
karnataka,2020,2,520978,99549
karnataka,2020,3,594231,1221488
karnataka,2020,3,514421,601143
karnataka,2020,3,599489,344424
karnataka,2020,3,540641,285562
karnataka,2020,3,515099,223654
karnataka,2020,3,578213,188185
karnataka,2020,3,549713,155448
karnataka,2020,3,514817,133855
karnataka,2020,3,511875,122226
karnataka,2020,3,556436,100723
karnataka,2020,4,596380,1411072
karnataka,2020,4,554369,607336
karnataka,2020,4,567960,454015
karnataka,2020,4,583492,343032
karnataka,2020,4,535461,265101
karnataka,2020,4,517103,196284
karnataka,2020,4,532615,187386
karnataka,2020,4,544472,154074
karnataka,2020,4,527028,123308
karnataka,2020,4,539375,122103
karnataka,2021,1,557215,1215365
karnataka,2021,1,515166,533465
karnataka,2021,1,525003,366485
karnataka,2021,1,576591,265597
karnataka,2021,1,592753,207582
karnataka,2021,1,521198,195166
karnataka,2021,1,514739,147535
karnataka,2021,1,530827,133080
karnataka,2021,1,542889,123946
karnataka,2021,1,573676,104538
karnataka,2021,2,555064,1287832
karnataka,2021,2,569011,673010
karnataka,2021,2,542466,439137
karnataka,2021,2,573158,304441
karnataka,2021,2,539894,225994
karnataka,2021,2,539812,184779
karnataka,2021,2,548984,162869
karnataka,2021,2,527606,156264
karnataka,2021,2,538302,125366
karnataka,2021,2,565561,118560
karnataka,2021,3,528424,1508572
karnataka,2021,3,539815,739746
karnataka,2021,3,519564,450771
karnataka,2021,3,520260,376985
karnataka,2021,3,592931,299836
karnataka,2021,3,515047,249420
karnataka,2021,3,524294,199182
karnataka,2021,3,563431,193124
karnataka,2021,3,595962,145033
karnataka,2021,3,529212,138577
karnataka,2021,4,532872,1731324
karnataka,2021,4,539805,792285
karnataka,2021,4,569805,598556
karnataka,2021,4,591257,396244
karnataka,2021,4,514874,337138
karnataka,2021,4,543237,281838
karnataka,2021,4,525370,224965
karnataka,2021,4,577831,201889
karnataka,2021,4,552102,159172
karnataka,2021,4,596345,141626
karnataka,2022,1,552932,1409254
karnataka,2022,1,523554,687077
karnataka,2022,1,521067,429218
karnataka,2022,1,578772,348505
karnataka,2022,1,552272,242969
karnataka,2022,1,592696,198876
karnataka,2022,1,566186,170675
karnataka,2022,1,541124,144508
karnataka,2022,1,555353,129216
karnataka,2022,1,521511,121038
karnataka,2022,2,580957,1477939
karnataka,2022,2,556236,623905
karnataka,2022,2,551958,422894
karnataka,2022,2,576294,315032
karnataka,2022,2,558786,239305
karnataka,2022,2,573117,209794
karnataka,2022,2,582019,188792
karnataka,2022,2,544491,157586
karnataka,2022,2,511330,135840
karnataka,2022,2,562158,121351
karnataka,2022,3,590111,1543677
karnataka,2022,3,575681,800920
karnataka,2022,3,571065,475307
karnataka,2022,3,535932,365115
karnataka,2022,3,598821,273804
karnataka,2022,3,549646,216694
karnataka,2022,3,576813,214530
karnataka,2022,3,528280,180003
karnataka,2022,3,515903,153457
karnataka,2022,3,597707,125952
karnataka,2022,4,517019,1813590
karnataka,2022,4,570226,870769
karnataka,2022,4,579079,535714
karnataka,2022,4,559580,395847
karnataka,2022,4,578372,347450
karnataka,2022,4,555776,265341
karnataka,2022,4,540640,220111
karnataka,2022,4,565400,196114
karnataka,2022,4,557560,179296
karnataka,2022,4,569913,162323
karnataka,2023,1,557888,1509126
karnataka,2023,1,558535,617781
karnataka,2023,1,573105,400996
karnataka,2023,1,546950,343010
karnataka,2023,1,562970,241585
karnataka,2023,1,540173,227010
karnataka,2023,1,593905,169012
karnataka,2023,1,511688,151544
karnataka,2023,1,587152,150165
karnataka,2023,1,597162,135938
karnataka,2023,2,570723,1929774
karnataka,2023,2,533766,888750
karnataka,2023,2,550161,562189
karnataka,2023,2,563739,432154
karnataka,2023,2,530835,391211
karnataka,2023,2,535486,315518
karnataka,2023,2,523541,249531
karnataka,2023,2,527261,218681
karnataka,2023,2,564735,177865
karnataka,2023,2,550375,174901
karnataka,2023,3,538748,2007646
karnataka,2023,3,514114,937445
karnataka,2023,3,575356,621970
karnataka,2023,3,563937,416417
karnataka,2023,3,541006,332717
karnataka,2023,3,583298,257670
karnataka,2023,3,565802,243541
karnataka,2023,3,522220,208760
karnataka,2023,3,547406,193770
karnataka,2023,3,556835,160959
karnataka,2023,4,562367,2145537
karnataka,2023,4,513990,1007688
karnataka,2023,4,526827,678990
karnataka,2023,4,528669,528669
karnataka,2023,4,535708,425958
karnataka,2023,4,518410,340879
karnataka,2023,4,571330,294258
karnataka,2023,4,589064,227919
karnataka,2023,4,586822,219211
karnataka,2023,4,542597,214773
kerala,2018,1,619846,310048
kerala,2018,1,636908,154318
kerala,2018,1,636497,105203
kerala,2018,1,632897,70039
kerala,2018,1,631022,53395
kerala,2018,1,668183,46229
kerala,2018,1,633650,41806
kerala,2018,1,623766,37993
kerala,2018,1,675695,31549
kerala,2018,1,610132,26601
kerala,2018,2,631364,349531
kerala,2018,2,642628,170810
kerala,2018,2,626311,117111
kerala,2018,2,664970,82117
kerala,2018,2,658117,70347
kerala,2018,2,653125,59249
kerala,2018,2,629175,44668
kerala,2018,2,672486,42512
kerala,2018,2,625179,34683
kerala,2018,2,653589,32523
kerala,2018,3,613471,455718
kerala,2018,3,624329,193306
kerala,2018,3,674049,126930
kerala,2018,3,626736,88444
kerala,2018,3,680972,76651
kerala,2018,3,626121,64624
kerala,2018,3,682730,51811
kerala,2018,3,643876,49767
kerala,2018,3,665383,43573
kerala,2018,3,682646,38570
kerala,2018,4,678112,547791
kerala,2018,4,653540,271943
kerala,2018,4,642189,184880
kerala,2018,4,637406,137247
kerala,2018,4,646234,102047
kerala,2018,4,625252,91306
kerala,2018,4,637584,75818
kerala,2018,4,696920,63058
kerala,2018,4,651079,56130
kerala,2018,4,683988,48137
kerala,2019,1,629317,463946
kerala,2019,1,610399,207164
kerala,2019,1,676876,131966
kerala,2019,1,639497,108873
kerala,2019,1,650229,89916
kerala,2019,1,613162,65857
kerala,2019,1,672052,63036
kerala,2019,1,677831,46412
kerala,2019,1,635614,44224
kerala,2019,1,673793,35983
kerala,2019,2,670752,496318
kerala,2019,2,654175,259517
kerala,2019,2,684182,164871
kerala,2019,2,624916,128703
kerala,2019,2,654516,95252
kerala,2019,2,665164,85772
kerala,2019,2,666247,72341
kerala,2019,2,669769,56069
kerala,2019,2,612754,56008
kerala,2019,2,610779,46700
kerala,2019,3,694018,549121
kerala,2019,3,624508,286268
kerala,2019,3,636325,168621
kerala,2019,3,630362,144940
kerala,2019,3,652992,108647
kerala,2019,3,653851,88784
kerala,2019,3,675389,72600
kerala,2019,3,688876,61556
kerala,2019,3,630350,58021
kerala,2019,3,625232,49601
kerala,2019,4,673270,655009
kerala,2019,4,672159,378606
kerala,2019,4,678585,245937
kerala,2019,4,689415,156945
kerala,2019,4,627329,144870
kerala,2019,4,636172,113066
kerala,2019,4,677625,88312
kerala,2019,4,655598,85784
kerala,2019,4,644158,74838
kerala,2019,4,664089,58972
kerala,2020,1,645381,512285
kerala,2020,1,626176,259957
kerala,2020,1,632021,147800
kerala,2020,1,631335,108940
kerala,2020,1,688097,92053
kerala,2020,1,653050,80281
kerala,2020,1,644674,63382
kerala,2020,1,695416,54152
kerala,2020,1,692623,48409
kerala,2020,1,657575,45215
kerala,2020,2,660765,635286
kerala,2020,2,624960,297389
kerala,2020,2,692632,214109
kerala,2020,2,610166,168143
kerala,2020,2,679650,127316
kerala,2020,2,694054,109659
kerala,2020,2,686350,84020
kerala,2020,2,638237,76095
kerala,2020,2,694712,67141
kerala,2020,2,694468,59238
kerala,2020,3,680485,711660
kerala,2020,3,677264,340768
kerala,2020,3,698666,236907
kerala,2020,3,655890,147046
kerala,2020,3,639438,115028
kerala,2020,3,651632,100911
kerala,2020,3,643450,92594
kerala,2020,3,649305,70180
kerala,2020,3,615595,65163
kerala,2020,3,666979,61920
kerala,2020,4,674539,859661
kerala,2020,4,621544,416262
kerala,2020,4,626226,256347
kerala,2020,4,696281,203955
kerala,2020,4,632655,142728
kerala,2020,4,659014,132005
kerala,2020,4,642528,107059
kerala,2020,4,661020,93945
kerala,2020,4,658790,89326
kerala,2020,4,686741,75181
kerala,2021,1,629507,682192
kerala,2021,1,669389,312209
kerala,2021,1,647252,194207
kerala,2021,1,640474,146773
kerala,2021,1,629658,128325
kerala,2021,1,674597,105994
kerala,2021,1,632415,82719
kerala,2021,1,682180,75452
kerala,2021,1,689266,72845
kerala,2021,1,626774,59718
kerala,2021,2,615880,803411
kerala,2021,2,681031,390159
kerala,2021,2,675387,226512
kerala,2021,2,652707,181594
kerala,2021,2,623284,130651
kerala,2021,2,679014,117095
kerala,2021,2,653131,93744
kerala,2021,2,641177,79830
kerala,2021,2,624067,73999
kerala,2021,2,633576,69836
kerala,2021,3,691779,726784
kerala,2021,3,685843,343973
kerala,2021,3,618892,243116
kerala,2021,3,673603,182737
kerala,2021,3,647548,141130
kerala,2021,3,696023,109870
kerala,2021,3,668238,96483
kerala,2021,3,652990,83920
kerala,2021,3,642386,79360
kerala,2021,3,621207,74687
kerala,2021,4,636769,865604
kerala,2021,4,672399,437740
kerala,2021,4,658150,287940
kerala,2021,4,687916,202592
kerala,2021,4,621616,147942
kerala,2021,4,693844,129942
kerala,2021,4,656091,115753
kerala,2021,4,620713,88842
kerala,2021,4,654327,87522
kerala,2021,4,666960,71567
kerala,2022,1,617840,670175
kerala,2022,1,646121,356771
kerala,2022,1,671177,214677
kerala,2022,1,633649,151367
kerala,2022,1,646103,140031
kerala,2022,1,618771,107793
kerala,2022,1,654179,94961
kerala,2022,1,678757,88861
kerala,2022,1,639150,68674
kerala,2022,1,690864,58498
kerala,2022,2,637066,829552
kerala,2022,2,653884,420960
kerala,2022,2,692235,266227
kerala,2022,2,611587,188348
kerala,2022,2,664571,158140
kerala,2022,2,646630,118162
kerala,2022,2,628322,117327
kerala,2022,2,665581,96516
kerala,2022,2,626992,91929
kerala,2022,2,624588,74903
kerala,2022,3,643283,809579
kerala,2022,3,614753,368518
kerala,2022,3,637169,271459
kerala,2022,3,651412,190071
kerala,2022,3,639797,141699
kerala,2022,3,643800,115553
kerala,2022,3,693926,112952
kerala,2022,3,662204,95012
kerala,2022,3,652599,77623
kerala,2022,3,647396,67773
kerala,2022,4,656332,912232
kerala,2022,4,688746,463538
kerala,2022,4,628623,266861
kerala,2022,4,662560,192314
kerala,2022,4,665994,169554
kerala,2022,4,649713,127824
kerala,2022,4,669761,114997
kerala,2022,4,641604,106414
kerala,2022,4,688059,92404
kerala,2022,4,619200,73840
kerala,2023,1,669065,843621
kerala,2023,1,616648,425572
kerala,2023,1,668033,251371
kerala,2023,1,690359,174062
kerala,2023,1,677465,139187
kerala,2023,1,645207,112604
kerala,2023,1,674593,110262
kerala,2023,1,611042,88138
kerala,2023,1,693165,76048
kerala,2023,1,699771,65411
kerala,2023,2,612595,824478
kerala,2023,2,612391,362107
kerala,2023,2,649503,237386
kerala,2023,2,688107,187653
kerala,2023,2,672031,155733
kerala,2023,2,646311,118920
kerala,2023,2,690610,107924
kerala,2023,2,692485,84139
kerala,2023,2,621179,70714
kerala,2023,2,688073,70059
kerala,2023,3,673415,1050478
kerala,2023,3,661023,495415
kerala,2023,3,672436,298493
kerala,2023,3,671309,249394
kerala,2023,3,625819,173287
kerala,2023,3,659549,149341
kerala,2023,3,694763,139674
kerala,2023,3,610920,112470
kerala,2023,3,685487,94499
kerala,2023,3,642900,91769
kerala,2023,4,610425,1017094
kerala,2023,4,626024,461295
kerala,2023,4,698927,306570
kerala,2023,4,631963,220554
kerala,2023,4,665584,203420
kerala,2023,4,653208,144135
kerala,2023,4,630913,133400
kerala,2023,4,683940,121399
kerala,2023,4,643788,93304
kerala,2023,4,634407,87357
ladakh,2018,1,118251,7215
ladakh,2018,1,182359,3710
ladakh,2018,1,175671,2353
ladakh,2018,1,123972,1722
ladakh,2018,1,163948,1544
ladakh,2018,1,165488,1151
ladakh,2018,1,174472,1008
ladakh,2018,1,153618,907
ladakh,2018,1,171410,836
ladakh,2018,1,120225,749
ladakh,2018,2,178816,8888
ladakh,2018,2,186005,4124
ladakh,2018,2,186010,2811
ladakh,2018,2,124580,1980
ladakh,2018,2,176802,1560
ladakh,2018,2,130313,1223
ladakh,2018,2,181574,1081
ladakh,2018,2,117925,892
ladakh,2018,2,143248,798
ladakh,2018,2,197444,693
ladakh,2018,3,131109,10792
ladakh,2018,3,127716,5456
ladakh,2018,3,130601,3649
ladakh,2018,3,135080,2379
ladakh,2018,3,123509,1892
ladakh,2018,3,169858,1746
ladakh,2018,3,135085,1517
ladakh,2018,3,169624,1216
ladakh,2018,3,195143,1139
ladakh,2018,3,137605,909
ladakh,2018,4,175607,12203
ladakh,2018,4,129085,5536
ladakh,2018,4,172528,3893
ladakh,2018,4,158209,3004
ladakh,2018,4,165230,2203
ladakh,2018,4,196992,1855
ladakh,2018,4,142700,1690
ladakh,2018,4,185517,1216
ladakh,2018,4,182735,1170
ladakh,2018,4,117603,1107
ladakh,2019,1,132234,11049
ladakh,2019,1,149323,4792
ladakh,2019,1,125810,3067
ladakh,2019,1,128088,2401
ladakh,2019,1,133117,1887
ladakh,2019,1,164821,1611
ladakh,2019,1,173868,1311
ladakh,2019,1,142178,1203
ladakh,2019,1,154924,1032
ladakh,2019,1,144434,937
ladakh,2019,2,166273,11463
ladakh,2019,2,194566,5599
ladakh,2019,2,122391,4125
ladakh,2019,2,151496,2641
ladakh,2019,2,138681,2387
ladakh,2019,2,179028,1806
ladakh,2019,2,197503,1495
ladakh,2019,2,119958,1459
ladakh,2019,2,119635,1236
ladakh,2019,2,171443,1026
ladakh,2019,3,155314,15061
ladakh,2019,3,134072,6052
ladakh,2019,3,151069,4413
ladakh,2019,3,173036,3490
ladakh,2019,3,192332,2407
ladakh,2019,3,127716,2101
ladakh,2019,3,198186,1757
ladakh,2019,3,136914,1584
ladakh,2019,3,148370,1396
ladakh,2019,3,181714,1317
ladakh,2019,4,121348,14514
ladakh,2019,4,118830,7114
ladakh,2019,4,130621,4463
ladakh,2019,4,191326,3299
ladakh,2019,4,194156,2957
ladakh,2019,4,158486,2447
ladakh,2019,4,186791,1886
ladakh,2019,4,176584,1614
ladakh,2019,4,160933,1542
ladakh,2019,4,147291,1396
ladakh,2020,1,139472,13082
ladakh,2020,1,184247,6089
ladakh,2020,1,182644,4105
ladakh,2020,1,147570,3016
ladakh,2020,1,166131,2689
ladakh,2020,1,195222,1911
ladakh,2020,1,181957,1629
ladakh,2020,1,125329,1520
ladakh,2020,1,175787,1411
ladakh,2020,1,132760,1109
ladakh,2020,2,147787,13604
ladakh,2020,2,167106,6712
ladakh,2020,2,166456,4703
ladakh,2020,2,190413,3108
ladakh,2020,2,153590,2621
ladakh,2020,2,178533,2218
ladakh,2020,2,138764,1989
ladakh,2020,2,127947,1728
ladakh,2020,2,118449,1402
ladakh,2020,2,139882,1344
ladakh,2020,3,161783,14062
ladakh,2020,3,190578,6612
ladakh,2020,3,135676,5055
ladakh,2020,3,151816,3345
ladakh,2020,3,133642,2858
ladakh,2020,3,178197,2102
ladakh,2020,3,185204,2065
ladakh,2020,3,162426,1757
ladakh,2020,3,118951,1592
ladakh,2020,3,122229,1231
ladakh,2020,4,140691,18160
ladakh,2020,4,122906,8730
ladakh,2020,4,145798,5594
ladakh,2020,4,117264,4608
ladakh,2020,4,132583,3463
ladakh,2020,4,165471,3017
ladakh,2020,4,121707,2288
ladakh,2020,4,190190,1911
ladakh,2020,4,128501,1902
ladakh,2020,4,149018,1526
ladakh,2021,1,154554,16743
ladakh,2021,1,117389,8160
ladakh,2021,1,136982,4867
ladakh,2021,1,126007,3812
ladakh,2021,1,130719,2894
ladakh,2021,1,162558,2252
ladakh,2021,1,186549,2075
ladakh,2021,1,127257,1758
ladakh,2021,1,171695,1491
ladakh,2021,1,152958,1463
ladakh,2021,2,150703,15663
ladakh,2021,2,130635,7149
ladakh,2021,2,176718,5070
ladakh,2021,2,113450,3798
ladakh,2021,2,121433,2935
ladakh,2021,2,148319,2447
ladakh,2021,2,115383,1860
ladakh,2021,2,115124,1809
ladakh,2021,2,122393,1387
ladakh,2021,2,176779,1311
ladakh,2021,3,121418,18389
ladakh,2021,3,140916,9277
ladakh,2021,3,191218,5964
ladakh,2021,3,113405,4569
ladakh,2021,3,196314,3786
ladakh,2021,3,145758,2661
ladakh,2021,3,120438,2329
ladakh,2021,3,145115,2256
ladakh,2021,3,135965,1710
ladakh,2021,3,152059,1611
ladakh,2021,4,197705,19874
ladakh,2021,4,135413,8920
ladakh,2021,4,176397,5865
ladakh,2021,4,134819,4610
ladakh,2021,4,166346,3644
ladakh,2021,4,142810,3036
ladakh,2021,4,163344,2703
ladakh,2021,4,167014,2446
ladakh,2021,4,128995,2008
ladakh,2021,4,199746,1685
ladakh,2022,1,147863,18266
ladakh,2022,1,185296,8800
ladakh,2022,1,118842,6186
ladakh,2022,1,121550,4116
ladakh,2022,1,154025,3076
ladakh,2022,1,194496,2864
ladakh,2022,1,180762,2514
ladakh,2022,1,149940,1954
ladakh,2022,1,162277,1904
ladakh,2022,1,165516,1706
ladakh,2022,2,173945,18157
ladakh,2022,2,170631,7493
ladakh,2022,2,141808,5750
ladakh,2022,2,184235,3899
ladakh,2022,2,140186,3221
ladakh,2022,2,199185,2417
ladakh,2022,2,148481,2116
ladakh,2022,2,129404,2042
ladakh,2022,2,137386,1632
ladakh,2022,2,155963,1541
ladakh,2022,3,140775,22618
ladakh,2022,3,196573,9267
ladakh,2022,3,163093,6375
ladakh,2022,3,159658,5027
ladakh,2022,3,122702,3644
ladakh,2022,3,183798,2909
ladakh,2022,3,121140,2588
ladakh,2022,3,197675,2472
ladakh,2022,3,125510,1942
ladakh,2022,3,139607,1831
ladakh,2022,4,131562,26290
ladakh,2022,4,129325,10601
ladakh,2022,4,144376,7559
ladakh,2022,4,148928,5876
ladakh,2022,4,129998,4332
ladakh,2022,4,146922,3528
ladakh,2022,4,123497,3130
ladakh,2022,4,199074,2589
ladakh,2022,4,154770,2522
ladakh,2022,4,129116,2282
ladakh,2023,1,194354,19517
ladakh,2023,1,162574,9979
ladakh,2023,1,195484,6037
ladakh,2023,1,144319,4777
ladakh,2023,1,134224,3546
ladakh,2023,1,181225,3166
ladakh,2023,1,117835,2329
ladakh,2023,1,113124,2170
ladakh,2023,1,139908,2012
ladakh,2023,1,176577,1798
ladakh,2023,2,111413,23112
ladakh,2023,2,157254,10122
ladakh,2023,2,195908,6656
ladakh,2023,2,151791,4639
ladakh,2023,2,155883,4203
ladakh,2023,2,178611,3353
ladakh,2023,2,117328,2480
ladakh,2023,2,118088,2393
ladakh,2023,2,125679,2310
ladakh,2023,2,186283,1972
ladakh,2023,3,130929,20022
ladakh,2023,3,121439,9485
ladakh,2023,3,191098,7010
ladakh,2023,3,122946,5144
ladakh,2023,3,119128,3983
ladakh,2023,3,147833,3000
ladakh,2023,3,174367,2796
ladakh,2023,3,110261,2402
ladakh,2023,3,150144,2157
ladakh,2023,3,148185,1932
ladakh,2023,4,123318,30599
ladakh,2023,4,161050,12823
ladakh,2023,4,156350,8964
ladakh,2023,4,142746,6373
ladakh,2023,4,183421,4822
ladakh,2023,4,167093,4452
ladakh,2023,4,140991,3488
ladakh,2023,4,191977,3276
ladakh,2023,4,196709,2751
ladakh,2023,4,130502,2668
lakshadweep,2018,1,680833,3311
lakshadweep,2018,1,690558,1693
lakshadweep,2018,1,663538,994
lakshadweep,2018,1,644824,716
lakshadweep,2018,1,681749,608
lakshadweep,2018,1,650337,461
lakshadweep,2018,1,646955,438
lakshadweep,2018,1,640160,359
lakshadweep,2018,1,626265,326
lakshadweep,2018,1,637926,305
lakshadweep,2018,2,659957,4111
lakshadweep,2018,2,652600,1793
lakshadweep,2018,2,636329,1225
lakshadweep,2018,2,695826,839
lakshadweep,2018,2,677579,749
lakshadweep,2018,2,672582,548
lakshadweep,2018,2,653297,481
lakshadweep,2018,2,646750,410
lakshadweep,2018,2,665855,396
lakshadweep,2018,2,697871,328
lakshadweep,2018,3,656657,5738
lakshadweep,2018,3,654988,2686
lakshadweep,2018,3,693710,1811
lakshadweep,2018,3,611916,1233
lakshadweep,2018,3,675386,974
lakshadweep,2018,3,646927,750
lakshadweep,2018,3,684743,621
lakshadweep,2018,3,670161,604
lakshadweep,2018,3,648626,527
lakshadweep,2018,3,675364,447
lakshadweep,2018,4,694351,5927
lakshadweep,2018,4,625801,3079
lakshadweep,2018,4,634372,2021
lakshadweep,2018,4,628484,1376
lakshadweep,2018,4,671867,1054
lakshadweep,2018,4,693300,938
lakshadweep,2018,4,668654,799
lakshadweep,2018,4,631888,675
lakshadweep,2018,4,693495,552
lakshadweep,2018,4,677742,545
lakshadweep,2019,1,624388,4653
lakshadweep,2019,1,633234,2486
lakshadweep,2019,1,661637,1406
lakshadweep,2019,1,670431,1092
lakshadweep,2019,1,652834,942
lakshadweep,2019,1,621936,794
lakshadweep,2019,1,656003,623
lakshadweep,2019,1,642795,525
lakshadweep,2019,1,699658,442
lakshadweep,2019,1,683739,421
lakshadweep,2019,2,636478,5913
lakshadweep,2019,2,644632,2592
lakshadweep,2019,2,655175,1814
lakshadweep,2019,2,665422,1303
lakshadweep,2019,2,620288,1025
lakshadweep,2019,2,660490,815
lakshadweep,2019,2,677076,752
lakshadweep,2019,2,681895,690
lakshadweep,2019,2,610009,622
lakshadweep,2019,2,652633,541
lakshadweep,2019,3,667242,7327
lakshadweep,2019,3,642359,2999
lakshadweep,2019,3,616174,2191
lakshadweep,2019,3,636791,1661
lakshadweep,2019,3,627694,1366
lakshadweep,2019,3,670226,1007
lakshadweep,2019,3,643238,955
lakshadweep,2019,3,694966,838
lakshadweep,2019,3,676794,682
lakshadweep,2019,3,629305,625
lakshadweep,2019,4,611006,6777
lakshadweep,2019,4,624522,3083
lakshadweep,2019,4,652140,2304
lakshadweep,2019,4,675174,1466
lakshadweep,2019,4,690437,1309
lakshadweep,2019,4,697214,1131
lakshadweep,2019,4,634461,840
lakshadweep,2019,4,669820,703
lakshadweep,2019,4,699754,653
lakshadweep,2019,4,685095,634
lakshadweep,2020,1,610801,7165
lakshadweep,2020,1,693156,3270
lakshadweep,2020,1,632139,2440
lakshadweep,2020,1,664446,1620
lakshadweep,2020,1,659526,1216
lakshadweep,2020,1,616544,1034
lakshadweep,2020,1,638371,928
lakshadweep,2020,1,648921,836
lakshadweep,2020,1,698108,746
lakshadweep,2020,1,622563,626
lakshadweep,2020,2,621036,6814
lakshadweep,2020,2,639984,2957
lakshadweep,2020,2,653288,2093
lakshadweep,2020,2,665012,1558
lakshadweep,2020,2,652458,1186
lakshadweep,2020,2,698169,1015
lakshadweep,2020,2,684120,790
lakshadweep,2020,2,645361,709
lakshadweep,2020,2,659111,653
lakshadweep,2020,2,669857,606
lakshadweep,2020,3,695364,7339
lakshadweep,2020,3,679925,3679
lakshadweep,2020,3,647996,2063
lakshadweep,2020,3,699176,1774
lakshadweep,2020,3,637064,1323
lakshadweep,2020,3,613544,1072
lakshadweep,2020,3,646240,961
lakshadweep,2020,3,635219,781
lakshadweep,2020,3,633917,772
lakshadweep,2020,3,643434,612
lakshadweep,2020,4,616133,8126
lakshadweep,2020,4,674952,3981
lakshadweep,2020,4,655337,2364
lakshadweep,2020,4,670057,1729
lakshadweep,2020,4,646094,1441
lakshadweep,2020,4,657923,1258
lakshadweep,2020,4,677608,934
lakshadweep,2020,4,676056,895
lakshadweep,2020,4,650486,844
lakshadweep,2020,4,633760,703
lakshadweep,2021,1,657160,7035
lakshadweep,2021,1,699026,3294
lakshadweep,2021,1,615340,2343
lakshadweep,2021,1,652028,1797
lakshadweep,2021,1,678706,1442
lakshadweep,2021,1,695640,1052
lakshadweep,2021,1,665485,878
lakshadweep,2021,1,657598,807
lakshadweep,2021,1,619606,686
lakshadweep,2021,1,678644,680
lakshadweep,2021,2,669201,8351
lakshadweep,2021,2,633571,3789
lakshadweep,2021,2,659219,2654
lakshadweep,2021,2,628025,1777
lakshadweep,2021,2,649037,1583
lakshadweep,2021,2,633762,1202
lakshadweep,2021,2,659725,967
lakshadweep,2021,2,674621,940
lakshadweep,2021,2,691295,758
lakshadweep,2021,2,644985,722
lakshadweep,2021,3,627811,9402
lakshadweep,2021,3,659905,4337
lakshadweep,2021,3,613562,2648
lakshadweep,2021,3,696925,1929
lakshadweep,2021,3,688830,1662
lakshadweep,2021,3,697694,1265
lakshadweep,2021,3,622879,1248
lakshadweep,2021,3,614439,1010
lakshadweep,2021,3,690129,904
lakshadweep,2021,3,685627,753
lakshadweep,2021,4,623821,9374
lakshadweep,2021,4,665430,4206
lakshadweep,2021,4,641555,3095
lakshadweep,2021,4,654041,1972
lakshadweep,2021,4,622072,1586
lakshadweep,2021,4,683525,1426
lakshadweep,2021,4,625240,1059
lakshadweep,2021,4,671205,971
lakshadweep,2021,4,638662,824
lakshadweep,2021,4,652838,809
lakshadweep,2022,1,647833,8864
lakshadweep,2022,1,654412,3789
lakshadweep,2022,1,693215,2518
lakshadweep,2022,1,660407,2062
lakshadweep,2022,1,633180,1424
lakshadweep,2022,1,610749,1310
lakshadweep,2022,1,644846,1030
lakshadweep,2022,1,681647,906
lakshadweep,2022,1,693079,865
lakshadweep,2022,1,694325,721
lakshadweep,2022,2,622880,8618
lakshadweep,2022,2,649722,4085
lakshadweep,2022,2,671729,2539
lakshadweep,2022,2,686867,1933
lakshadweep,2022,2,684378,1519
lakshadweep,2022,2,681142,1210
lakshadweep,2022,2,698727,1195
lakshadweep,2022,2,638730,1009
lakshadweep,2022,2,615028,873
lakshadweep,2022,2,610014,708
lakshadweep,2022,3,637587,11056
lakshadweep,2022,3,684222,4805
lakshadweep,2022,3,619803,3350
lakshadweep,2022,3,653188,2302
lakshadweep,2022,3,697329,2148
lakshadweep,2022,3,690601,1771
lakshadweep,2022,3,683288,1364
lakshadweep,2022,3,633521,1190
lakshadweep,2022,3,613086,1125
lakshadweep,2022,3,610468,952
lakshadweep,2022,4,625373,11484
lakshadweep,2022,4,621823,5375
lakshadweep,2022,4,616768,3094
lakshadweep,2022,4,616289,2544
lakshadweep,2022,4,629858,1971
lakshadweep,2022,4,644110,1795
lakshadweep,2022,4,683590,1549
lakshadweep,2022,4,651771,1178
lakshadweep,2022,4,660589,1124
lakshadweep,2022,4,651043,1049
lakshadweep,2023,1,655186,9021
lakshadweep,2023,1,670234,4889
lakshadweep,2023,1,698264,2902
lakshadweep,2023,1,645881,2423
lakshadweep,2023,1,647362,1785
lakshadweep,2023,1,611294,1409
lakshadweep,2023,1,696116,1238
lakshadweep,2023,1,684648,1057
lakshadweep,2023,1,629018,967
lakshadweep,2023,1,625379,899
lakshadweep,2023,2,655836,11331
lakshadweep,2023,2,627070,5259
lakshadweep,2023,2,646777,3232
lakshadweep,2023,2,620053,2607
lakshadweep,2023,2,621776,1906
lakshadweep,2023,2,651150,1606
lakshadweep,2023,2,643309,1539
lakshadweep,2023,2,675653,1351
lakshadweep,2023,2,687863,1081
lakshadweep,2023,2,663806,1038
lakshadweep,2023,3,637282,12734
lakshadweep,2023,3,671256,5449
lakshadweep,2023,3,631010,3854
lakshadweep,2023,3,636862,2804
lakshadweep,2023,3,653182,2216
lakshadweep,2023,3,619064,1949
lakshadweep,2023,3,621091,1501
lakshadweep,2023,3,680547,1432
lakshadweep,2023,3,634733,1259
lakshadweep,2023,3,619692,1025
lakshadweep,2023,4,671415,12487
lakshadweep,2023,4,656127,5811
lakshadweep,2023,4,666628,4017
lakshadweep,2023,4,629135,3089
lakshadweep,2023,4,689631,2458
lakshadweep,2023,4,640514,1770
lakshadweep,2023,4,628025,1699
lakshadweep,2023,4,613294,1400
lakshadweep,2023,4,675479,1122
lakshadweep,2023,4,622638,975
madhya-pradesh,2018,1,410422,281515
madhya-pradesh,2018,1,429845,143045
madhya-pradesh,2018,1,477331,94348
madhya-pradesh,2018,1,479419,62958
madhya-pradesh,2018,1,498974,57799
madhya-pradesh,2018,1,419901,44380
madhya-pradesh,2018,1,493099,36422
madhya-pradesh,2018,1,439817,36086
madhya-pradesh,2018,1,483282,32162
madhya-pradesh,2018,1,443787,23850
madhya-pradesh,2018,2,484564,316238
madhya-pradesh,2018,2,423445,150285
madhya-pradesh,2018,2,478522,104878
madhya-pradesh,2018,2,430603,78475
madhya-pradesh,2018,2,496360,56262
madhya-pradesh,2018,2,490097,44783
madhya-pradesh,2018,2,472137,42782
madhya-pradesh,2018,2,491104,36348
madhya-pradesh,2018,2,457501,33907
madhya-pradesh,2018,2,447552,31212
madhya-pradesh,2018,3,451283,363464
madhya-pradesh,2018,3,419258,175304
madhya-pradesh,2018,3,492005,119547
madhya-pradesh,2018,3,475611,85950
madhya-pradesh,2018,3,465997,63039
madhya-pradesh,2018,3,467965,50240
madhya-pradesh,2018,3,426137,44110
madhya-pradesh,2018,3,436717,36309
madhya-pradesh,2018,3,487880,34989
madhya-pradesh,2018,3,436273,28581
madhya-pradesh,2018,4,496588,401685
madhya-pradesh,2018,4,418870,236100
madhya-pradesh,2018,4,486716,143401
madhya-pradesh,2018,4,463825,112993
madhya-pradesh,2018,4,496693,83642
madhya-pradesh,2018,4,446044,67895
madhya-pradesh,2018,4,468341,52626
madhya-pradesh,2018,4,432988,46236
madhya-pradesh,2018,4,461986,40797
madhya-pradesh,2018,4,426851,37021
madhya-pradesh,2019,1,494512,441876
madhya-pradesh,2019,1,471183,203888
madhya-pradesh,2019,1,412943,140554
madhya-pradesh,2019,1,496383,98688
madhya-pradesh,2019,1,481624,80307
madhya-pradesh,2019,1,428640,58137
madhya-pradesh,2019,1,417642,53893
madhya-pradesh,2019,1,440094,45821
madhya-pradesh,2019,1,477973,37567
madhya-pradesh,2019,1,471946,36695
madhya-pradesh,2019,2,481086,455909
madhya-pradesh,2019,2,430251,221581
madhya-pradesh,2019,2,463314,148702
madhya-pradesh,2019,2,484287,105983
madhya-pradesh,2019,2,423961,74254
madhya-pradesh,2019,2,456746,63936
madhya-pradesh,2019,2,480491,59157
madhya-pradesh,2019,2,497040,45362
madhya-pradesh,2019,2,442940,42231
madhya-pradesh,2019,2,494563,42038
madhya-pradesh,2019,3,489829,510069
madhya-pradesh,2019,3,489513,261545
madhya-pradesh,2019,3,451846,163164
madhya-pradesh,2019,3,487021,133484
madhya-pradesh,2019,3,478304,87917
madhya-pradesh,2019,3,467564,73437
madhya-pradesh,2019,3,422450,65897
madhya-pradesh,2019,3,498987,56181
madhya-pradesh,2019,3,481204,55389
madhya-pradesh,2019,3,441332,49524
madhya-pradesh,2019,4,470504,684233
madhya-pradesh,2019,4,423760,357719
madhya-pradesh,2019,4,436409,214485
madhya-pradesh,2019,4,436650,159951
madhya-pradesh,2019,4,436516,124432
madhya-pradesh,2019,4,497830,107637
madhya-pradesh,2019,4,494179,85072
madhya-pradesh,2019,4,416458,71898
madhya-pradesh,2019,4,452525,62912
madhya-pradesh,2019,4,461681,57012
madhya-pradesh,2020,1,468900,533895
madhya-pradesh,2020,1,415997,278365
madhya-pradesh,2020,1,455118,178874
madhya-pradesh,2020,1,450654,131532
madhya-pradesh,2020,1,482753,100098
madhya-pradesh,2020,1,436087,76699
madhya-pradesh,2020,1,445618,73598
madhya-pradesh,2020,1,428474,59742
madhya-pradesh,2020,1,491971,56011
madhya-pradesh,2020,1,459642,46447
madhya-pradesh,2020,2,439084,596977
madhya-pradesh,2020,2,435341,299084
madhya-pradesh,2020,2,461183,189911
madhya-pradesh,2020,2,481604,124943
madhya-pradesh,2020,2,458268,110894
madhya-pradesh,2020,2,421254,85794
madhya-pradesh,2020,2,422083,77162
madhya-pradesh,2020,2,476488,71327
madhya-pradesh,2020,2,438955,62202
madhya-pradesh,2020,2,462126,48781
madhya-pradesh,2020,3,492404,672793
madhya-pradesh,2020,3,416729,362105
madhya-pradesh,2020,3,469423,219478
madhya-pradesh,2020,3,444923,159109
madhya-pradesh,2020,3,460435,122890
madhya-pradesh,2020,3,499026,102803
madhya-pradesh,2020,3,491706,93898
madhya-pradesh,2020,3,486527,82688
madhya-pradesh,2020,3,475256,65667
madhya-pradesh,2020,3,436798,58611
madhya-pradesh,2020,4,483859,753935
madhya-pradesh,2020,4,430334,408040
madhya-pradesh,2020,4,498781,272426
madhya-pradesh,2020,4,462869,178650
madhya-pradesh,2020,4,498076,139457
madhya-pradesh,2020,4,498849,132106
madhya-pradesh,2020,4,488136,112751
madhya-pradesh,2020,4,463686,99223
madhya-pradesh,2020,4,458295,82523
madhya-pradesh,2020,4,469221,79736
madhya-pradesh,2021,1,427693,581771
madhya-pradesh,2021,1,426583,272372
madhya-pradesh,2021,1,447166,172384
madhya-pradesh,2021,1,489282,130957
madhya-pradesh,2021,1,460448,109950
madhya-pradesh,2021,1,420463,93932
madhya-pradesh,2021,1,426037,72372
madhya-pradesh,2021,1,469464,67574
madhya-pradesh,2021,1,486809,57633
madhya-pradesh,2021,1,441180,54771
madhya-pradesh,2021,2,491936,628536
madhya-pradesh,2021,2,492604,333974
madhya-pradesh,2021,2,454467,224376
madhya-pradesh,2021,2,488552,157930
madhya-pradesh,2021,2,419712,133618
madhya-pradesh,2021,2,425139,104502
madhya-pradesh,2021,2,485790,92587
madhya-pradesh,2021,2,451743,74637
madhya-pradesh,2021,2,413100,66279
madhya-pradesh,2021,2,499660,58090
madhya-pradesh,2021,3,481224,708304
madhya-pradesh,2021,3,421102,396761
madhya-pradesh,2021,3,491036,236098
madhya-pradesh,2021,3,479084,185698
madhya-pradesh,2021,3,448718,151555
madhya-pradesh,2021,3,489522,114781
madhya-pradesh,2021,3,416622,101375
madhya-pradesh,2021,3,431618,79721
madhya-pradesh,2021,3,453955,78867
madhya-pradesh,2021,3,485672,69812
madhya-pradesh,2021,4,422000,877106
madhya-pradesh,2021,4,480937,436220
madhya-pradesh,2021,4,422559,260269
madhya-pradesh,2021,4,496208,198895
madhya-pradesh,2021,4,448938,159974
madhya-pradesh,2021,4,437311,126623
madhya-pradesh,2021,4,432412,118051
madhya-pradesh,2021,4,441806,98066
madhya-pradesh,2021,4,464321,80583
madhya-pradesh,2021,4,497574,75235
madhya-pradesh,2022,1,454917,639267
madhya-pradesh,2022,1,415594,334953
madhya-pradesh,2022,1,477936,216449
madhya-pradesh,2022,1,425925,159473
madhya-pradesh,2022,1,494655,121554
madhya-pradesh,2022,1,424125,96169
madhya-pradesh,2022,1,490166,85786
madhya-pradesh,2022,1,461802,80312
madhya-pradesh,2022,1,414550,67558
madhya-pradesh,2022,1,473345,53369
madhya-pradesh,2022,2,452099,651904
madhya-pradesh,2022,2,466593,315232
madhya-pradesh,2022,2,441004,215148
madhya-pradesh,2022,2,461533,162998
madhya-pradesh,2022,2,467482,119526
madhya-pradesh,2022,2,450827,112009
madhya-pradesh,2022,2,455248,91489
madhya-pradesh,2022,2,435706,85894
madhya-pradesh,2022,2,430022,75260
madhya-pradesh,2022,2,417109,69137
madhya-pradesh,2022,3,429430,794886
madhya-pradesh,2022,3,498199,343458
madhya-pradesh,2022,3,458925,271698
madhya-pradesh,2022,3,495067,174099
madhya-pradesh,2022,3,498336,131548
madhya-pradesh,2022,3,419474,122559
madhya-pradesh,2022,3,417512,105949
madhya-pradesh,2022,3,476866,88818
madhya-pradesh,2022,3,438350,80891
madhya-pradesh,2022,3,463723,70125
madhya-pradesh,2022,4,418286,826346
madhya-pradesh,2022,4,498391,411598
madhya-pradesh,2022,4,452207,266774
madhya-pradesh,2022,4,448690,207808
madhya-pradesh,2022,4,482161,154653
madhya-pradesh,2022,4,421445,112336
madhya-pradesh,2022,4,474821,102008
madhya-pradesh,2022,4,487845,98190
madhya-pradesh,2022,4,474712,83136
madhya-pradesh,2022,4,436327,70445
madhya-pradesh,2023,1,442440,790391
madhya-pradesh,2023,1,430948,354818
madhya-pradesh,2023,1,473082,234581
madhya-pradesh,2023,1,449625,167175
madhya-pradesh,2023,1,494251,152091
madhya-pradesh,2023,1,491114,127519
madhya-pradesh,2023,1,466826,102754
madhya-pradesh,2023,1,445976,83132
madhya-pradesh,2023,1,446531,78844
madhya-pradesh,2023,1,453304,62335
madhya-pradesh,2023,2,472129,762335
madhya-pradesh,2023,2,424729,390018
madhya-pradesh,2023,2,446838,239464
madhya-pradesh,2023,2,477812,165172
madhya-pradesh,2023,2,424152,150411
madhya-pradesh,2023,2,436537,112181
madhya-pradesh,2023,2,460160,98277
madhya-pradesh,2023,2,495125,81179
madhya-pradesh,2023,2,464247,79981
madhya-pradesh,2023,2,436291,74893
madhya-pradesh,2023,3,460057,954330
madhya-pradesh,2023,3,426208,441993
madhya-pradesh,2023,3,437185,288295
madhya-pradesh,2023,3,465492,229290
madhya-pradesh,2023,3,444496,167225
madhya-pradesh,2023,3,480617,143282
madhya-pradesh,2023,3,496604,119474
madhya-pradesh,2023,3,481731,114825
madhya-pradesh,2023,3,456401,86631
madhya-pradesh,2023,3,475776,79297
madhya-pradesh,2023,4,448923,1215903
madhya-pradesh,2023,4,473132,542957
madhya-pradesh,2023,4,484301,380353
madhya-pradesh,2023,4,417988,246743
madhya-pradesh,2023,4,465778,210908
madhya-pradesh,2023,4,494578,183130
madhya-pradesh,2023,4,431251,131873
madhya-pradesh,2023,4,477065,129590
madhya-pradesh,2023,4,475057,112702
madhya-pradesh,2023,4,429794,100530
maharashtra,2018,1,426062,752565
maharashtra,2018,1,449224,357711
maharashtra,2018,1,418880,215938
maharashtra,2018,1,497880,179883
maharashtra,2018,1,444041,124048
maharashtra,2018,1,410992,113676
maharashtra,2018,1,421341,92321
maharashtra,2018,1,427028,74562
maharashtra,2018,1,467851,71405
maharashtra,2018,1,474803,68346
maharashtra,2018,2,429659,907236
maharashtra,2018,2,420504,452286
maharashtra,2018,2,496768,258621
maharashtra,2018,2,425307,215026
maharashtra,2018,2,488603,175381
maharashtra,2018,2,465037,150163
maharashtra,2018,2,463029,117484
maharashtra,2018,2,453878,103040
maharashtra,2018,2,437305,86680
maharashtra,2018,2,445249,76805
maharashtra,2018,3,489564,1032003
maharashtra,2018,3,462193,481577
maharashtra,2018,3,483809,301233
maharashtra,2018,3,455833,212717
maharashtra,2018,3,411898,165961
maharashtra,2018,3,466518,155326
maharashtra,2018,3,499474,122789
maharashtra,2018,3,439132,111042
maharashtra,2018,3,462960,103546
maharashtra,2018,3,443395,90664
maharashtra,2018,4,438681,1162819
maharashtra,2018,4,419512,499076
maharashtra,2018,4,468376,359192
maharashtra,2018,4,476007,232304
maharashtra,2018,4,419408,182801
maharashtra,2018,4,494229,176190
maharashtra,2018,4,445347,140659
maharashtra,2018,4,473796,113505
maharashtra,2018,4,462413,109513
maharashtra,2018,4,485376,100089
maharashtra,2019,1,435835,1085569
maharashtra,2019,1,481512,473837
maharashtra,2019,1,470124,346985
maharashtra,2019,1,415947,226282
maharashtra,2019,1,490398,169351
maharashtra,2019,1,438197,156247
maharashtra,2019,1,427555,117969
maharashtra,2019,1,490274,109840
maharashtra,2019,1,413611,92608
maharashtra,2019,1,458909,84430
maharashtra,2019,2,433695,1283729
maharashtra,2019,2,461197,609633
maharashtra,2019,2,491906,385698
maharashtra,2019,2,432936,303009
maharashtra,2019,2,436236,216999
maharashtra,2019,2,431833,180786
maharashtra,2019,2,425423,171433
maharashtra,2019,2,465519,138026
maharashtra,2019,2,461559,134558
maharashtra,2019,2,412497,112617
maharashtra,2019,3,499069,1321083
maharashtra,2019,3,451878,753026
maharashtra,2019,3,463762,420733
maharashtra,2019,3,445851,343782
maharashtra,2019,3,467930,272873
maharashtra,2019,3,451079,208626
maharashtra,2019,3,452276,204758
maharashtra,2019,3,479767,159023
maharashtra,2019,3,425949,140798
maharashtra,2019,3,438366,118877
maharashtra,2019,4,457715,1385716
maharashtra,2019,4,485901,709723
maharashtra,2019,4,446196,479029
maharashtra,2019,4,448196,292646
maharashtra,2019,4,433107,265802
maharashtra,2019,4,490622,191339
maharashtra,2019,4,449266,176445
maharashtra,2019,4,439547,164853
maharashtra,2019,4,442132,139942
maharashtra,2019,4,474965,132027
maharashtra,2020,1,459050,1312450
maharashtra,2020,1,492618,619469
maharashtra,2020,1,440783,427121
maharashtra,2020,1,460858,310227
maharashtra,2020,1,472367,288844
maharashtra,2020,1,470109,209915
maharashtra,2020,1,418759,195282
maharashtra,2020,1,449855,161680
maharashtra,2020,1,419511,153868
maharashtra,2020,1,449434,115371
maharashtra,2020,2,429687,1366143
maharashtra,2020,2,481939,671832
maharashtra,2020,2,439687,398275
maharashtra,2020,2,485223,321741
maharashtra,2020,2,480876,227997
maharashtra,2020,2,445175,191051
maharashtra,2020,2,486232,172686
maharashtra,2020,2,476617,139225
maharashtra,2020,2,444028,119108
maharashtra,2020,2,422061,115881
maharashtra,2020,3,483205,1441313
maharashtra,2020,3,420219,655013
maharashtra,2020,3,498200,400451
maharashtra,2020,3,464485,334719
maharashtra,2020,3,477021,235952
maharashtra,2020,3,496674,209290
maharashtra,2020,3,414184,160276
maharashtra,2020,3,424937,152675
maharashtra,2020,3,485874,147304
maharashtra,2020,3,454690,119910
maharashtra,2020,4,463453,1651553
maharashtra,2020,4,493371,839168
maharashtra,2020,4,482958,524241
maharashtra,2020,4,473800,386857
maharashtra,2020,4,429216,364262
maharashtra,2020,4,424942,277212
maharashtra,2020,4,461011,232188
maharashtra,2020,4,417708,196647
maharashtra,2020,4,431151,185795
maharashtra,2020,4,492087,161345
maharashtra,2021,1,432524,1756618
maharashtra,2021,1,479119,811118
maharashtra,2021,1,464263,535533
maharashtra,2021,1,438994,377509
maharashtra,2021,1,453094,331074
maharashtra,2021,1,416625,244910
maharashtra,2021,1,429822,214552
maharashtra,2021,1,445519,195589
maharashtra,2021,1,451173,169242
maharashtra,2021,1,442045,162311
maharashtra,2021,2,425721,1667058
maharashtra,2021,2,444429,834933
maharashtra,2021,2,482036,571938
maharashtra,2021,2,415627,444492
maharashtra,2021,2,465850,366198
maharashtra,2021,2,484866,303490
maharashtra,2021,2,416790,217734
maharashtra,2021,2,459988,203921
maharashtra,2021,2,474715,163762
maharashtra,2021,2,425276,160317
maharashtra,2021,3,429711,1874237
maharashtra,2021,3,421836,818821
maharashtra,2021,3,465244,573018
maharashtra,2021,3,415946,425375
maharashtra,2021,3,432325,334137
maharashtra,2021,3,459565,287171
maharashtra,2021,3,487044,251495
maharashtra,2021,3,414461,199824
maharashtra,2021,3,480840,176087
maharashtra,2021,3,478056,169230
maharashtra,2021,4,469039,2125569
maharashtra,2021,4,496665,918475
maharashtra,2021,4,474643,600619
maharashtra,2021,4,473845,489921
maharashtra,2021,4,422661,366096
maharashtra,2021,4,436744,323676
maharashtra,2021,4,499958,289628
maharashtra,2021,4,420554,221517
maharashtra,2021,4,475010,212944
maharashtra,2021,4,447183,184335
maharashtra,2022,1,483584,1557778
maharashtra,2022,1,474649,775827
maharashtra,2022,1,450863,491523
maharashtra,2022,1,486584,332064
maharashtra,2022,1,450071,271092
maharashtra,2022,1,454016,220228
maharashtra,2022,1,450030,219477
maharashtra,2022,1,449662,181162
maharashtra,2022,1,488164,153486
maharashtra,2022,1,487049,126104
maharashtra,2022,2,461637,1871911
maharashtra,2022,2,478386,860624
maharashtra,2022,2,446493,558347
maharashtra,2022,2,479910,451978
maharashtra,2022,2,474956,297348
maharashtra,2022,2,433635,250789
maharashtra,2022,2,420075,232803
maharashtra,2022,2,411653,203560
maharashtra,2022,2,449279,166518
maharashtra,2022,2,492697,151993
maharashtra,2022,3,456567,1923386
maharashtra,2022,3,491119,976259
maharashtra,2022,3,463630,552222
maharashtra,2022,3,478886,475880
maharashtra,2022,3,425566,373397
maharashtra,2022,3,441672,308874
maharashtra,2022,3,475079,268886
maharashtra,2022,3,444567,193693
maharashtra,2022,3,461720,180924
maharashtra,2022,3,430283,153282
maharashtra,2022,4,491320,2148703
maharashtra,2022,4,483805,1031535
maharashtra,2022,4,457535,684798
maharashtra,2022,4,447329,505785
maharashtra,2022,4,424642,349581
maharashtra,2022,4,498204,290442
maharashtra,2022,4,447765,238649
maharashtra,2022,4,463964,219417
maharashtra,2022,4,473803,181417
maharashtra,2022,4,499391,162525
maharashtra,2023,1,495348,2179383
maharashtra,2023,1,450760,956418
maharashtra,2023,1,449165,686180
maharashtra,2023,1,495409,431421
maharashtra,2023,1,445541,400305
maharashtra,2023,1,446498,327585
maharashtra,2023,1,418122,280406
maharashtra,2023,1,416323,239056
maharashtra,2023,1,443177,184627
maharashtra,2023,1,496783,164129
maharashtra,2023,2,416585,1722901
maharashtra,2023,2,425795,855248
maharashtra,2023,2,498923,627698
maharashtra,2023,2,416139,470004
maharashtra,2023,2,413436,370112
maharashtra,2023,2,432350,273593
maharashtra,2023,2,437943,225627
maharashtra,2023,2,480272,190285
maharashtra,2023,2,443471,179340
maharashtra,2023,2,480967,157383
maharashtra,2023,3,424509,2017829
maharashtra,2023,3,446993,1177331
maharashtra,2023,3,423968,647010
maharashtra,2023,3,456240,546876
maharashtra,2023,3,410046,416406
maharashtra,2023,3,431479,313105
maharashtra,2023,3,477823,309596
maharashtra,2023,3,427063,254726
maharashtra,2023,3,472220,232818
maharashtra,2023,3,469743,196026
maharashtra,2023,4,449440,2530449
maharashtra,2023,4,456668,1275978
maharashtra,2023,4,422061,823370
maharashtra,2023,4,454316,654161
maharashtra,2023,4,451584,509765
maharashtra,2023,4,470433,411573
maharashtra,2023,4,433355,318583
maharashtra,2023,4,462092,314466
maharashtra,2023,4,463853,245341
maharashtra,2023,4,444437,238683
manipur,2018,1,781612,20242
manipur,2018,1,799983,10217
manipur,2018,1,756586,7227
manipur,2018,1,742022,5275
manipur,2018,1,732466,4233
manipur,2018,1,743908,3202
manipur,2018,1,777945,2914
manipur,2018,1,778729,2607
manipur,2018,1,787038,2166
manipur,2018,1,780279,2080
manipur,2018,2,720655,25800
manipur,2018,2,752151,11785
manipur,2018,2,712812,8380
manipur,2018,2,710488,5949
manipur,2018,2,788566,4301
manipur,2018,2,754847,3645
manipur,2018,2,739183,2995
manipur,2018,2,788058,2914
manipur,2018,2,749002,2436
manipur,2018,2,748136,2161
manipur,2018,3,786947,25976
manipur,2018,3,719952,13271
manipur,2018,3,726918,8821
manipur,2018,3,754894,7045
manipur,2018,3,760919,5101
manipur,2018,3,771050,4188
manipur,2018,3,747157,3429
manipur,2018,3,775436,2883
manipur,2018,3,766470,2726
manipur,2018,3,782076,2444
manipur,2018,4,764970,37892
manipur,2018,4,781553,17289
manipur,2018,4,782437,12370
manipur,2018,4,798554,8527
manipur,2018,4,776709,7002
manipur,2018,4,743376,6104
manipur,2018,4,727570,4879
manipur,2018,4,754335,3805
manipur,2018,4,719615,3382
manipur,2018,4,746293,3323
manipur,2019,1,749085,33819
manipur,2019,1,784114,17241
manipur,2019,1,794401,10958
manipur,2019,1,734501,8637
manipur,2019,1,798922,6379
manipur,2019,1,736408,6122
manipur,2019,1,787829,5042
manipur,2019,1,776373,3775
manipur,2019,1,713096,3482
manipur,2019,1,729238,3147
manipur,2019,2,746185,40640
manipur,2019,2,793718,16733
manipur,2019,2,766769,11120
manipur,2019,2,740351,8358
manipur,2019,2,768269,7461
manipur,2019,2,716852,6063
manipur,2019,2,784040,4584
manipur,2019,2,772395,4346
manipur,2019,2,753268,3639
manipur,2019,2,729801,3357
manipur,2019,3,713379,35381
manipur,2019,3,774888,17450
manipur,2019,3,760375,10457
manipur,2019,3,790790,7904
manipur,2019,3,784011,6692
manipur,2019,3,711948,5395
manipur,2019,3,734671,4735
manipur,2019,3,785701,3888
manipur,2019,3,752443,3515
manipur,2019,3,766736,2896
manipur,2019,4,791998,41516
manipur,2019,4,789184,18817
manipur,2019,4,790091,14247
manipur,2019,4,777490,10038
manipur,2019,4,798196,7930
manipur,2019,4,763729,6806
manipur,2019,4,730053,6056
manipur,2019,4,778618,4665
manipur,2019,4,766772,4595
manipur,2019,4,755691,3956
manipur,2020,1,758258,40659
manipur,2020,1,761944,20602
manipur,2020,1,739389,12731
manipur,2020,1,736462,10233
manipur,2020,1,732343,6875
manipur,2020,1,758219,6146
manipur,2020,1,739873,5117
manipur,2020,1,717263,4111
manipur,2020,1,710597,4062
manipur,2020,1,749043,3297
manipur,2020,2,771053,51593
manipur,2020,2,794718,22996
manipur,2020,2,772687,14500
manipur,2020,2,741528,10130
manipur,2020,2,796032,9197
manipur,2020,2,746263,6713
manipur,2020,2,725424,6230
manipur,2020,2,778084,5819
manipur,2020,2,753148,4269
manipur,2020,2,783171,4088
manipur,2020,3,720377,51585
manipur,2020,3,737802,26207
manipur,2020,3,784797,17179
manipur,2020,3,777933,12427
manipur,2020,3,784265,9866
manipur,2020,3,790289,8132
manipur,2020,3,775451,6017
manipur,2020,3,744785,5351
manipur,2020,3,722780,5178
manipur,2020,3,731066,4533
manipur,2020,4,796419,62041
manipur,2020,4,773899,30487
manipur,2020,4,795035,19287
manipur,2020,4,783598,12817
manipur,2020,4,741208,10530
manipur,2020,4,732579,8964
manipur,2020,4,783499,6973
manipur,2020,4,722086,6672
manipur,2020,4,748723,6033
manipur,2020,4,797708,5437
manipur,2021,1,799937,47262
manipur,2021,1,780741,21718
manipur,2021,1,765499,15084
manipur,2021,1,752635,10810
manipur,2021,1,763359,8484
manipur,2021,1,771414,6415
manipur,2021,1,758483,5121
manipur,2021,1,778392,4562
manipur,2021,1,743862,4529
manipur,2021,1,716195,3904
manipur,2021,2,764361,44622
manipur,2021,2,786728,24112
manipur,2021,2,746348,14826
manipur,2021,2,713760,10742
manipur,2021,2,749654,8503
manipur,2021,2,786084,6772
manipur,2021,2,793763,6102
manipur,2021,2,776901,5278
manipur,2021,2,726164,4904
manipur,2021,2,744403,3865
manipur,2021,3,764217,54169
manipur,2021,3,779784,27448
manipur,2021,3,748593,18453
manipur,2021,3,713500,14755
manipur,2021,3,780798,9816
manipur,2021,3,753845,9233
manipur,2021,3,748462,7560
manipur,2021,3,719425,7095
manipur,2021,3,797547,5347
manipur,2021,3,777819,5199
manipur,2021,4,715524,62996
manipur,2021,4,713069,29779
manipur,2021,4,787546,19022
manipur,2021,4,729797,16003
manipur,2021,4,756781,12272
manipur,2021,4,712539,10140
manipur,2021,4,746370,7671
manipur,2021,4,743258,7637
manipur,2021,4,783443,7011
manipur,2021,4,776120,5442
manipur,2022,1,718118,49510
manipur,2022,1,738658,21138
manipur,2022,1,775620,15796
manipur,2022,1,710905,10892
manipur,2022,1,716152,8661
manipur,2022,1,744708,6745
manipur,2022,1,717093,6228
manipur,2022,1,796628,4853
manipur,2022,1,754722,4642
manipur,2022,1,717867,3714
manipur,2022,2,799932,55350
manipur,2022,2,795578,26995
manipur,2022,2,746466,18503
manipur,2022,2,775528,13836
manipur,2022,2,727623,11816
manipur,2022,2,775880,9126
manipur,2022,2,776559,7262
manipur,2022,2,728202,6455
manipur,2022,2,774724,5972
manipur,2022,2,751812,4690
manipur,2022,3,730606,57778
manipur,2022,3,773478,31012
manipur,2022,3,757187,19693
manipur,2022,3,732702,13913
manipur,2022,3,732206,11219
manipur,2022,3,763802,9582
manipur,2022,3,768887,7398
manipur,2022,3,728622,6410
manipur,2022,3,711866,6022
manipur,2022,3,717111,5464
manipur,2022,4,710985,62781
manipur,2022,4,787504,30753
manipur,2022,4,790902,19796
manipur,2022,4,730098,15006
manipur,2022,4,768303,11644
manipur,2022,4,770356,10485
manipur,2022,4,717121,8281
manipur,2022,4,752399,7017
manipur,2022,4,720976,6888
manipur,2022,4,725809,5740
manipur,2023,1,734845,46136
manipur,2023,1,779412,26172
manipur,2023,1,723974,16605
manipur,2023,1,769124,11965
manipur,2023,1,745872,9223
manipur,2023,1,793136,8207
manipur,2023,1,724422,6617
manipur,2023,1,785213,5397
manipur,2023,1,788081,4908
manipur,2023,1,793004,4868
manipur,2023,2,796570,65716
manipur,2023,2,718374,29008
manipur,2023,2,712842,19633
manipur,2023,2,720723,13673
manipur,2023,2,730230,12423
manipur,2023,2,773522,9512
manipur,2023,2,718392,7876
manipur,2023,2,773849,7055
manipur,2023,2,796020,6103
manipur,2023,2,775924,5188
manipur,2023,3,749560,69837
manipur,2023,3,729782,28861
manipur,2023,3,722707,20804
manipur,2023,3,741175,15773
manipur,2023,3,710362,11914
manipur,2023,3,731744,9757
manipur,2023,3,779326,8516
manipur,2023,3,772151,7398
manipur,2023,3,765723,7218
manipur,2023,3,730793,5716
manipur,2023,4,716568,72018
manipur,2023,4,739001,39215
manipur,2023,4,792096,24060
manipur,2023,4,750502,19697
manipur,2023,4,729042,14940
manipur,2023,4,774963,11349
manipur,2023,4,772716,10702
manipur,2023,4,736600,9569
manipur,2023,4,796989,7640
manipur,2023,4,766606,7373
meghalaya,2018,1,750026,20743
meghalaya,2018,1,756774,8784
meghalaya,2018,1,749730,6075
meghalaya,2018,1,791354,4750
meghalaya,2018,1,770939,3373
meghalaya,2018,1,717406,3114
meghalaya,2018,1,742979,2530
meghalaya,2018,1,734623,2335
meghalaya,2018,1,747307,2183
meghalaya,2018,1,738225,1781
meghalaya,2018,2,738261,22594
meghalaya,2018,2,798154,11686
meghalaya,2018,2,794881,7584
meghalaya,2018,2,718785,5644
meghalaya,2018,2,764576,4371
meghalaya,2018,2,714224,3403
meghalaya,2018,2,798475,2968
meghalaya,2018,2,773072,2669
meghalaya,2018,2,727471,2563
meghalaya,2018,2,769030,2364
meghalaya,2018,3,757660,30500
meghalaya,2018,3,710322,16265
meghalaya,2018,3,773934,10706
meghalaya,2018,3,736746,7471
meghalaya,2018,3,761506,5407
meghalaya,2018,3,748274,4816
meghalaya,2018,3,752346,4068
meghalaya,2018,3,794753,3542
meghalaya,2018,3,761830,3521
meghalaya,2018,3,785790,3118
meghalaya,2018,4,769620,41101
meghalaya,2018,4,762127,17264
meghalaya,2018,4,793595,11335
meghalaya,2018,4,739427,8380
meghalaya,2018,4,778487,6656
meghalaya,2018,4,744002,6437
meghalaya,2018,4,792959,5140
meghalaya,2018,4,790846,4181
meghalaya,2018,4,780709,4070
meghalaya,2018,4,740178,3788
meghalaya,2019,1,780521,35064
meghalaya,2019,1,728621,15457
meghalaya,2019,1,732148,10160
meghalaya,2019,1,745988,6907
meghalaya,2019,1,799424,6132
meghalaya,2019,1,718944,4843
meghalaya,2019,1,741788,4194
meghalaya,2019,1,767496,3539
meghalaya,2019,1,745953,3324
meghalaya,2019,1,746619,3145
meghalaya,2019,2,770391,36046
meghalaya,2019,2,728776,17840
meghalaya,2019,2,745834,11984
meghalaya,2019,2,781777,8482
meghalaya,2019,2,744433,7397
meghalaya,2019,2,753977,5640
meghalaya,2019,2,789992,5407
meghalaya,2019,2,712570,4166
meghalaya,2019,2,726726,4016
meghalaya,2019,2,771644,3429
meghalaya,2019,3,734513,40193
meghalaya,2019,3,745675,17421
meghalaya,2019,3,788114,13166
meghalaya,2019,3,736478,9001
meghalaya,2019,3,798805,7570
meghalaya,2019,3,737970,5807
meghalaya,2019,3,742547,5289
meghalaya,2019,3,747137,4014
meghalaya,2019,3,733734,3459
meghalaya,2019,3,783821,3111
meghalaya,2019,4,715092,49174
meghalaya,2019,4,772029,21200
meghalaya,2019,4,727452,14892
meghalaya,2019,4,761494,11560
meghalaya,2019,4,731341,8868
meghalaya,2019,4,763087,7532
meghalaya,2019,4,771105,6005
meghalaya,2019,4,739240,5586
meghalaya,2019,4,774018,4521
meghalaya,2019,4,772251,4032
meghalaya,2020,1,788900,38346
meghalaya,2020,1,721477,19475
meghalaya,2020,1,737376,12721
meghalaya,2020,1,797942,8347
meghalaya,2020,1,781503,6964
meghalaya,2020,1,766785,5659
meghalaya,2020,1,719632,4801
meghalaya,2020,1,798950,4233
meghalaya,2020,1,790945,3904
meghalaya,2020,1,776581,3664
meghalaya,2020,2,717864,43995
meghalaya,2020,2,755974,20391
meghalaya,2020,2,744769,15145
meghalaya,2020,2,786239,11365
meghalaya,2020,2,747838,7879
meghalaya,2020,2,768562,7666
meghalaya,2020,2,739591,6231
meghalaya,2020,2,726988,5094
meghalaya,2020,2,728518,4757
meghalaya,2020,2,731734,3949
meghalaya,2020,3,755728,47845
meghalaya,2020,3,771376,24979
meghalaya,2020,3,713850,15427
meghalaya,2020,3,752018,11174
meghalaya,2020,3,757715,8032
meghalaya,2020,3,796716,6865
meghalaya,2020,3,732748,6018
meghalaya,2020,3,731502,4888
meghalaya,2020,3,795767,4492
meghalaya,2020,3,760498,4423
meghalaya,2020,4,787212,53341
meghalaya,2020,4,714331,29738
meghalaya,2020,4,716545,17440
meghalaya,2020,4,750218,13065
meghalaya,2020,4,795348,10325
meghalaya,2020,4,780779,8515
meghalaya,2020,4,729007,7422
meghalaya,2020,4,762026,6139
meghalaya,2020,4,748993,5675
meghalaya,2020,4,738481,4908
meghalaya,2021,1,754968,46499
meghalaya,2021,1,771971,20075
meghalaya,2021,1,710128,14679
meghalaya,2021,1,765675,11556
meghalaya,2021,1,731666,7694
meghalaya,2021,1,753615,6382
meghalaya,2021,1,785790,6133
meghalaya,2021,1,754183,5316
meghalaya,2021,1,776027,4424
meghalaya,2021,1,726999,4083
meghalaya,2021,2,785679,50991
meghalaya,2021,2,750819,22799
meghalaya,2021,2,794922,15033
meghalaya,2021,2,732990,11338
meghalaya,2021,2,749833,9189
meghalaya,2021,2,719594,7354
meghalaya,2021,2,732402,5871
meghalaya,2021,2,744467,5185
meghalaya,2021,2,754932,4927
meghalaya,2021,2,762121,4322
meghalaya,2021,3,753906,61061
meghalaya,2021,3,741896,27872
meghalaya,2021,3,727451,18668
meghalaya,2021,3,711007,14051
meghalaya,2021,3,740040,10259
meghalaya,2021,3,751280,9001
meghalaya,2021,3,784071,6568
meghalaya,2021,3,784864,6195
meghalaya,2021,3,781094,5778
meghalaya,2021,3,783623,4820
meghalaya,2021,4,713923,58411
meghalaya,2021,4,762505,28946
meghalaya,2021,4,780441,18069
meghalaya,2021,4,779060,15434
meghalaya,2021,4,745018,10625
meghalaya,2021,4,721053,9616
meghalaya,2021,4,768128,7990
meghalaya,2021,4,722693,7291
meghalaya,2021,4,779353,6199
meghalaya,2021,4,764350,5821
meghalaya,2022,1,792136,57804
meghalaya,2022,1,781391,25396
meghalaya,2022,1,777773,15941
meghalaya,2022,1,742561,11718
meghalaya,2022,1,789030,9703
meghalaya,2022,1,728119,8744
meghalaya,2022,1,772861,7080
meghalaya,2022,1,764839,6244
meghalaya,2022,1,748436,5014
meghalaya,2022,1,737218,4869
meghalaya,2022,2,737148,55284
meghalaya,2022,2,722268,26853
meghalaya,2022,2,736490,18671
meghalaya,2022,2,740591,12787
meghalaya,2022,2,719776,10214
meghalaya,2022,2,732196,8576
meghalaya,2022,2,764885,6876
meghalaya,2022,2,759709,5646
meghalaya,2022,2,735817,5456
meghalaya,2022,2,768031,4813
meghalaya,2022,3,729690,69466
meghalaya,2022,3,794224,34040
meghalaya,2022,3,766852,21637
meghalaya,2022,3,786770,14601
meghalaya,2022,3,767305,11308
meghalaya,2022,3,726758,10051
meghalaya,2022,3,791237,8430
meghalaya,2022,3,730325,8314
meghalaya,2022,3,783798,6296
meghalaya,2022,3,779382,6183
meghalaya,2022,4,786544,81497
meghalaya,2022,4,794538,36298
meghalaya,2022,4,734548,25225
meghalaya,2022,4,718166,18838
meghalaya,2022,4,781626,14166
meghalaya,2022,4,786003,11842
meghalaya,2022,4,718635,9797
meghalaya,2022,4,722885,7917
meghalaya,2022,4,785357,7740
meghalaya,2022,4,711535,6131
meghalaya,2023,1,719839,46993
meghalaya,2023,1,737060,25390
meghalaya,2023,1,729362,17684
meghalaya,2023,1,737530,12230
meghalaya,2023,1,782615,9430
meghalaya,2023,1,761733,8062
meghalaya,2023,1,739556,6658
meghalaya,2023,1,732035,5792
meghalaya,2023,1,734641,5063
meghalaya,2023,1,723493,4790
meghalaya,2023,2,737381,55838
meghalaya,2023,2,728538,27824
meghalaya,2023,2,733824,16209
meghalaya,2023,2,762485,12744
meghalaya,2023,2,740092,9998
meghalaya,2023,2,743504,8462
meghalaya,2023,2,777311,7230
meghalaya,2023,2,781730,6909
meghalaya,2023,2,722754,6107
meghalaya,2023,2,756734,5098
meghalaya,2023,3,713951,61878
meghalaya,2023,3,744242,30792
meghalaya,2023,3,763309,22946
meghalaya,2023,3,735953,16333
meghalaya,2023,3,789762,13560
meghalaya,2023,3,712769,9779
meghalaya,2023,3,736104,9271
meghalaya,2023,3,774176,7510
meghalaya,2023,3,794021,6913
meghalaya,2023,3,745377,6320
meghalaya,2023,4,791220,80539
meghalaya,2023,4,715615,39250
meghalaya,2023,4,797885,22937
meghalaya,2023,4,780818,18773
meghalaya,2023,4,743293,12926
meghalaya,2023,4,712024,11148
meghalaya,2023,4,754180,10483
meghalaya,2023,4,785582,7860
meghalaya,2023,4,791954,6838
meghalaya,2023,4,787817,6618
mizoram,2018,1,710088,12490
mizoram,2018,1,775326,6674
mizoram,2018,1,794997,4420
mizoram,2018,1,712502,3348
mizoram,2018,1,711361,2637
mizoram,2018,1,725919,2021
mizoram,2018,1,723100,1568
mizoram,2018,1,790352,1468
mizoram,2018,1,744520,1418
mizoram,2018,1,747622,1195
mizoram,2018,2,785950,19088
mizoram,2018,2,717973,8019
mizoram,2018,2,797110,6216
mizoram,2018,2,757436,4601
mizoram,2018,2,742590,3052
mizoram,2018,2,787911,2974
mizoram,2018,2,756710,2493
mizoram,2018,2,791617,1864
mizoram,2018,2,769503,1819
mizoram,2018,2,752852,1572
mizoram,2018,3,781112,18980
mizoram,2018,3,791119,9517
mizoram,2018,3,778633,6944
mizoram,2018,3,719278,5143
mizoram,2018,3,740909,3795
mizoram,2018,3,770925,2794
mizoram,2018,3,760388,2769
mizoram,2018,3,751396,2362
mizoram,2018,3,775095,2116
mizoram,2018,3,791530,1663
mizoram,2018,4,736942,24134
mizoram,2018,4,762818,10395
mizoram,2018,4,768478,7125
mizoram,2018,4,756024,5151
mizoram,2018,4,761749,4275
mizoram,2018,4,767404,3170
mizoram,2018,4,728364,3154
mizoram,2018,4,756247,2379
mizoram,2018,4,796482,2128
mizoram,2018,4,773901,1987
mizoram,2019,1,757729,17941
mizoram,2019,1,744732,9840
mizoram,2019,1,713223,5770
mizoram,2019,1,788340,4582
mizoram,2019,1,765355,3872
mizoram,2019,1,713335,3034
mizoram,2019,1,794408,2506
mizoram,2019,1,750729,2346
mizoram,2019,1,786416,2009
mizoram,2019,1,748670,1819
mizoram,2019,2,731227,20813
mizoram,2019,2,758909,10142
mizoram,2019,2,755010,7908
mizoram,2019,2,799749,5595
mizoram,2019,2,748744,3986
mizoram,2019,2,747358,3550
mizoram,2019,2,755544,2788
mizoram,2019,2,787475,2722
mizoram,2019,2,770359,2230
mizoram,2019,2,727821,2003
mizoram,2019,3,733088,27681
mizoram,2019,3,757479,13129
mizoram,2019,3,728552,9625
mizoram,2019,3,790129,6038
mizoram,2019,3,733007,4768
mizoram,2019,3,739051,4359
mizoram,2019,3,776392,4005
mizoram,2019,3,798252,3365
mizoram,2019,3,775845,2732
mizoram,2019,3,797211,2332
mizoram,2019,4,798787,32862
mizoram,2019,4,767321,15551
mizoram,2019,4,716366,10498
mizoram,2019,4,724453,6674
mizoram,2019,4,791057,6106
mizoram,2019,4,780484,4981
mizoram,2019,4,772752,4182
mizoram,2019,4,740307,3635
mizoram,2019,4,782667,3325
mizoram,2019,4,747801,2757
mizoram,2020,1,743105,29717
mizoram,2020,1,741005,14032
mizoram,2020,1,716330,9274
mizoram,2020,1,715324,7088
mizoram,2020,1,728184,5371
mizoram,2020,1,750885,4613
mizoram,2020,1,735106,3884
mizoram,2020,1,724392,3051
mizoram,2020,1,754063,2703
mizoram,2020,1,716572,2487
mizoram,2020,2,796991,28784
mizoram,2020,2,724530,12343
mizoram,2020,2,745202,7501
mizoram,2020,2,734177,6515
mizoram,2020,2,756118,4503
mizoram,2020,2,733826,3945
mizoram,2020,2,777857,3599
mizoram,2020,2,737855,3249
mizoram,2020,2,757746,2620
mizoram,2020,2,738392,2487
mizoram,2020,3,796158,31605
mizoram,2020,3,742738,15471
mizoram,2020,3,727461,9746
mizoram,2020,3,791696,7832
mizoram,2020,3,771743,5943
mizoram,2020,3,731704,5148
mizoram,2020,3,758533,4361
mizoram,2020,3,711756,3832
mizoram,2020,3,722426,3188
mizoram,2020,3,754519,3166
mizoram,2020,4,743877,38191
mizoram,2020,4,797034,21295
mizoram,2020,4,711894,12893
mizoram,2020,4,726520,8838
mizoram,2020,4,781400,7421
mizoram,2020,4,750746,6171
mizoram,2020,4,743214,4848
mizoram,2020,4,763688,4437
mizoram,2020,4,779397,3886
mizoram,2020,4,773003,3762
mizoram,2021,1,797731,29288
mizoram,2021,1,752113,13116
mizoram,2021,1,755282,9664
mizoram,2021,1,769471,6957
mizoram,2021,1,718305,5038
mizoram,2021,1,731110,4408
mizoram,2021,1,785251,4044
mizoram,2021,1,715757,3551
mizoram,2021,1,714180,2591
mizoram,2021,1,751754,2590
mizoram,2021,2,757104,29547
mizoram,2021,2,713347,14818
mizoram,2021,2,790088,9244
mizoram,2021,2,773854,7302
mizoram,2021,2,755702,5166
mizoram,2021,2,779893,4482
mizoram,2021,2,720646,4155
mizoram,2021,2,720650,3298
mizoram,2021,2,781663,2857
mizoram,2021,2,713092,2434
mizoram,2021,3,783272,35414
mizoram,2021,3,714631,16253
mizoram,2021,3,713904,11702
mizoram,2021,3,782949,9460
mizoram,2021,3,750645,6654
mizoram,2021,3,790448,6066
mizoram,2021,3,795613,4837
mizoram,2021,3,713499,4444
mizoram,2021,3,723584,3794
mizoram,2021,3,743265,3272
mizoram,2021,4,764292,37218
mizoram,2021,4,718869,16144
mizoram,2021,4,767920,12554
mizoram,2021,4,734998,7749
mizoram,2021,4,784254,6659
mizoram,2021,4,746047,5531
mizoram,2021,4,719647,4940
mizoram,2021,4,766432,4024
mizoram,2021,4,754928,3418
mizoram,2021,4,770907,3320
mizoram,2022,1,795149,35309
mizoram,2022,1,799026,15236
mizoram,2022,1,775354,10238
mizoram,2022,1,755646,8114
mizoram,2022,1,782343,6038
mizoram,2022,1,740372,5076
mizoram,2022,1,793323,4583
mizoram,2022,1,752174,4129
mizoram,2022,1,794677,3568
mizoram,2022,1,714283,2836
mizoram,2022,2,749777,42158
mizoram,2022,2,775941,17648
mizoram,2022,2,717174,13291
mizoram,2022,2,740834,10332
mizoram,2022,2,798637,6874
mizoram,2022,2,749476,6483
mizoram,2022,2,782319,5503
mizoram,2022,2,746504,4708
mizoram,2022,2,779709,4026
mizoram,2022,2,722235,3743
mizoram,2022,3,749156,42527
mizoram,2022,3,746066,20902
mizoram,2022,3,754410,12978
mizoram,2022,3,714832,10426
mizoram,2022,3,744705,8447
mizoram,2022,3,764416,6003
mizoram,2022,3,789589,5109
mizoram,2022,3,769550,5084
mizoram,2022,3,747077,3886
mizoram,2022,3,799996,3667
mizoram,2022,4,727589,50660
mizoram,2022,4,714664,26560
mizoram,2022,4,781347,16430
mizoram,2022,4,776352,11147
mizoram,2022,4,710739,9675
mizoram,2022,4,777964,7678
mizoram,2022,4,758223,6608
mizoram,2022,4,787065,6518
mizoram,2022,4,755134,4941
mizoram,2022,4,779436,4322
mizoram,2023,1,790013,39349
mizoram,2023,1,795068,19726
mizoram,2023,1,758822,11479
mizoram,2023,1,735938,8251
mizoram,2023,1,792536,6637
mizoram,2023,1,750896,5812
mizoram,2023,1,774460,4539
mizoram,2023,1,766451,4334
mizoram,2023,1,781073,3957
mizoram,2023,1,716212,3372
mizoram,2023,2,751499,37114
mizoram,2023,2,791453,17679
mizoram,2023,2,723857,11795
mizoram,2023,2,778060,8338
mizoram,2023,2,742284,7781
mizoram,2023,2,755171,6372
mizoram,2023,2,794637,5073
mizoram,2023,2,721635,4511
mizoram,2023,2,763211,4187
mizoram,2023,2,792749,3890
mizoram,2023,3,712608,47680
mizoram,2023,3,738950,21393
mizoram,2023,3,756147,15086
mizoram,2023,3,730454,10740
mizoram,2023,3,728097,8841
mizoram,2023,3,750646,6129
mizoram,2023,3,743826,5808
mizoram,2023,3,747708,5357
mizoram,2023,3,789241,4655
mizoram,2023,3,750502,3591
mizoram,2023,4,711863,43115
mizoram,2023,4,787078,24091
mizoram,2023,4,730685,16180
mizoram,2023,4,772508,10111
mizoram,2023,4,769265,8916
mizoram,2023,4,775155,7930
mizoram,2023,4,747299,6480
mizoram,2023,4,721718,5285
mizoram,2023,4,738170,4296
mizoram,2023,4,714199,4179
nagaland,2018,1,774277,13726
nagaland,2018,1,738478,6883
nagaland,2018,1,732974,4206
nagaland,2018,1,754916,3691
nagaland,2018,1,783103,2660
nagaland,2018,1,738197,2219
nagaland,2018,1,740230,2010
nagaland,2018,1,770384,1716
nagaland,2018,1,782498,1330
nagaland,2018,1,758867,1182
nagaland,2018,2,758204,14599
nagaland,2018,2,765979,8290
nagaland,2018,2,785761,4709
nagaland,2018,2,790036,3336
nagaland,2018,2,755331,2734
nagaland,2018,2,749516,2495
nagaland,2018,2,796757,1982
nagaland,2018,2,771287,1636
nagaland,2018,2,763296,1510
nagaland,2018,2,734006,1471
nagaland,2018,3,725023,21557
nagaland,2018,3,771691,10340
nagaland,2018,3,724435,7108
nagaland,2018,3,721017,5465
nagaland,2018,3,765615,3699
nagaland,2018,3,776342,3144
nagaland,2018,3,745410,3090
nagaland,2018,3,752683,2236
nagaland,2018,3,772069,2154
nagaland,2018,3,788693,2135
nagaland,2018,4,740362,25307
nagaland,2018,4,730301,12622
nagaland,2018,4,797502,7744
nagaland,2018,4,717360,5534
nagaland,2018,4,776964,4137
nagaland,2018,4,716398,3983
nagaland,2018,4,764229,3105
nagaland,2018,4,730353,2992
nagaland,2018,4,799343,2663
nagaland,2018,4,764937,2403
nagaland,2019,1,757083,19729
nagaland,2019,1,746156,10347
nagaland,2019,1,764279,6052
nagaland,2019,1,770223,4747
nagaland,2019,1,790280,3669
nagaland,2019,1,753459,3220
nagaland,2019,1,733605,2774
nagaland,2019,1,740441,2264
nagaland,2019,1,723941,2065
nagaland,2019,1,764523,1635
nagaland,2019,2,711063,24785
nagaland,2019,2,752969,12216
nagaland,2019,2,732959,8027
nagaland,2019,2,733904,5541
nagaland,2019,2,797952,4092
nagaland,2019,2,759636,3529
nagaland,2019,2,727646,3081
nagaland,2019,2,729604,2903
nagaland,2019,2,738066,2426
nagaland,2019,2,768786,2188
nagaland,2019,3,732439,28045
nagaland,2019,3,733025,12928
nagaland,2019,3,760144,7936
nagaland,2019,3,776363,7020
nagaland,2019,3,794437,5256
nagaland,2019,3,767662,4507
nagaland,2019,3,736696,3398
nagaland,2019,3,757458,3232
nagaland,2019,3,778153,2651
nagaland,2019,3,752805,2580
nagaland,2019,4,749228,30391
nagaland,2019,4,764398,15056
nagaland,2019,4,729397,8823
nagaland,2019,4,758495,6827
nagaland,2019,4,711085,5256
nagaland,2019,4,764799,4694
nagaland,2019,4,762798,3484
nagaland,2019,4,796725,3121
nagaland,2019,4,719329,3080
nagaland,2019,4,730352,2650
nagaland,2020,1,736359,23698
nagaland,2020,1,745822,11745
nagaland,2020,1,768010,7550
nagaland,2020,1,789877,5909
nagaland,2020,1,765286,4805
nagaland,2020,1,788712,3526
nagaland,2020,1,743899,2968
nagaland,2020,1,751664,2833
nagaland,2020,1,798447,2481
nagaland,2020,1,732834,2252
nagaland,2020,2,791434,24564
nagaland,2020,2,747752,11165
nagaland,2020,2,776452,7533
nagaland,2020,2,798867,6257
nagaland,2020,2,799293,4589
nagaland,2020,2,720105,4231
nagaland,2020,2,731816,3211
nagaland,2020,2,761168,3093
nagaland,2020,2,747277,2548
nagaland,2020,2,796028,2158
nagaland,2020,3,741576,32868
nagaland,2020,3,728131,16358
nagaland,2020,3,723816,10641
nagaland,2020,3,759620,7272
nagaland,2020,3,772104,6069
nagaland,2020,3,723427,4501
nagaland,2020,3,711649,3904
nagaland,2020,3,796045,3743
nagaland,2020,3,765122,3041
nagaland,2020,3,755220,2845
nagaland,2020,4,793969,31554
nagaland,2020,4,726678,16381
nagaland,2020,4,773053,10819
nagaland,2020,4,764586,6673
nagaland,2020,4,732529,6318
nagaland,2020,4,771361,4760
nagaland,2020,4,761553,4452
nagaland,2020,4,726702,3244
nagaland,2020,4,796629,3164
nagaland,2020,4,729810,2999
nagaland,2021,1,775183,28460
nagaland,2021,1,710734,15200
nagaland,2021,1,783771,10006
nagaland,2021,1,755229,6949
nagaland,2021,1,762942,5718
nagaland,2021,1,788931,4110
nagaland,2021,1,767299,4024
nagaland,2021,1,718572,3468
nagaland,2021,1,770238,2992
nagaland,2021,1,766930,2544
nagaland,2021,2,743234,37133
nagaland,2021,2,731367,16446
nagaland,2021,2,755337,11885
nagaland,2021,2,727692,8624
nagaland,2021,2,736826,6414
nagaland,2021,2,786177,5354
nagaland,2021,2,767735,4430
nagaland,2021,2,740709,3937
nagaland,2021,2,754343,3372
nagaland,2021,2,780106,3209
nagaland,2021,3,734894,38398
nagaland,2021,3,794189,18792
nagaland,2021,3,773318,13195
nagaland,2021,3,751471,8931
nagaland,2021,3,720752,6687
nagaland,2021,3,738629,6242
nagaland,2021,3,766526,5346
nagaland,2021,3,796597,4394
nagaland,2021,3,771922,3929
nagaland,2021,3,761289,3788
nagaland,2021,4,774223,38973
nagaland,2021,4,756875,17636
nagaland,2021,4,792331,11701
nagaland,2021,4,778767,10248
nagaland,2021,4,771375,6735
nagaland,2021,4,776274,5667
nagaland,2021,4,760788,5462
nagaland,2021,4,793012,4909
nagaland,2021,4,767292,4118
nagaland,2021,4,761940,3331
nagaland,2022,1,755168,36083
nagaland,2022,1,793589,15985
nagaland,2022,1,741127,10805
nagaland,2022,1,734374,8500
nagaland,2022,1,711719,6220
nagaland,2022,1,786445,4785
nagaland,2022,1,745868,4212
nagaland,2022,1,771121,4025
nagaland,2022,1,780907,3310
nagaland,2022,1,729568,3011
nagaland,2022,2,794827,41381
nagaland,2022,2,773737,17888
nagaland,2022,2,740880,11205
nagaland,2022,2,783572,8212
nagaland,2022,2,766477,6594
nagaland,2022,2,728751,6464
nagaland,2022,2,743399,5177
nagaland,2022,2,760638,4734
nagaland,2022,2,738449,3509
nagaland,2022,2,754288,3251
nagaland,2022,3,740566,40866
nagaland,2022,3,732369,20094
nagaland,2022,3,739602,12788
nagaland,2022,3,777995,9403
nagaland,2022,3,787535,6869
nagaland,2022,3,724721,6528
nagaland,2022,3,712147,5265
nagaland,2022,3,780691,4935
nagaland,2022,3,724232,3864
nagaland,2022,3,747010,3202
nagaland,2022,4,720059,46308
nagaland,2022,4,746641,23299
nagaland,2022,4,727453,15105
nagaland,2022,4,734651,10127
nagaland,2022,4,723665,8590
nagaland,2022,4,790127,6851
nagaland,2022,4,797838,5641
nagaland,2022,4,775242,4774
nagaland,2022,4,720685,4751
nagaland,2022,4,735697,4369
nagaland,2023,1,764239,34908
nagaland,2023,1,713693,19836
nagaland,2023,1,731311,12067
nagaland,2023,1,758129,8261
nagaland,2023,1,782535,6934
nagaland,2023,1,717458,5351
nagaland,2023,1,749524,5207
nagaland,2023,1,770756,4057
nagaland,2023,1,794799,3883
nagaland,2023,1,786683,3145
nagaland,2023,2,730315,38304
nagaland,2023,2,745354,20202
nagaland,2023,2,738104,11132
nagaland,2023,2,711956,9116
nagaland,2023,2,796394,7204
nagaland,2023,2,720007,5978
nagaland,2023,2,733932,5049
nagaland,2023,2,794186,4580
nagaland,2023,2,720168,4031
nagaland,2023,2,749386,3161
nagaland,2023,3,750087,40536
nagaland,2023,3,753868,21689
nagaland,2023,3,718992,12163
nagaland,2023,3,729625,10393
nagaland,2023,3,788045,7668
nagaland,2023,3,791929,6235
nagaland,2023,3,781457,5255
nagaland,2023,3,717648,4946
nagaland,2023,3,799192,4481
nagaland,2023,3,777429,3633
nagaland,2023,4,768189,50295
nagaland,2023,4,736068,24346
nagaland,2023,4,760579,18353
nagaland,2023,4,793423,14064
nagaland,2023,4,783698,9449
nagaland,2023,4,729457,7766
nagaland,2023,4,779186,6671
nagaland,2023,4,766487,6475
nagaland,2023,4,760737,5217
nagaland,2023,4,714150,5173
odisha,2018,1,743752,180951
odisha,2018,1,786995,95996
odisha,2018,1,794795,59307
odisha,2018,1,753238,47350
odisha,2018,1,737974,36088
odisha,2018,1,723630,29335
odisha,2018,1,770807,28411
odisha,2018,1,799641,24656
odisha,2018,1,718025,20350
odisha,2018,1,774833,19349
odisha,2018,2,745071,221547
odisha,2018,2,761707,95461
odisha,2018,2,735296,66390
odisha,2018,2,798073,46768
odisha,2018,2,740442,40188
odisha,2018,2,734155,29291
odisha,2018,2,725802,27670
odisha,2018,2,755439,25411
odisha,2018,2,711860,18479
odisha,2018,2,756712,17759
odisha,2018,3,763685,238331
odisha,2018,3,742894,118672
odisha,2018,3,794723,79426
odisha,2018,3,751856,57150
odisha,2018,3,763680,48016
odisha,2018,3,760088,40003
odisha,2018,3,710797,29656
odisha,2018,3,755547,27737
odisha,2018,3,776475,24859
odisha,2018,3,745553,20788
odisha,2018,4,734319,324659
odisha,2018,4,747362,150961
odisha,2018,4,728433,110644
odisha,2018,4,780615,78712
odisha,2018,4,743724,64023
odisha,2018,4,728108,52542
odisha,2018,4,745665,40853
odisha,2018,4,796935,37850
odisha,2018,4,736092,31665
odisha,2018,4,728416,30805
odisha,2019,1,768309,268919
odisha,2019,1,717004,142275
odisha,2019,1,716486,85641
odisha,2019,1,719720,68013
odisha,2019,1,740046,59315
odisha,2019,1,744763,48346
odisha,2019,1,747394,36016
odisha,2019,1,715837,31039
odisha,2019,1,713547,28598
odisha,2019,1,711587,27706
odisha,2019,2,748478,349449
odisha,2019,2,768695,168188
odisha,2019,2,735065,105861
odisha,2019,2,789095,82532
odisha,2019,2,788056,59120
odisha,2019,2,771101,49315
odisha,2019,2,726308,42060
odisha,2019,2,713466,38095
odisha,2019,2,749741,33601
odisha,2019,2,728193,29018
odisha,2019,3,728515,346622
odisha,2019,3,784048,184711
odisha,2019,3,772726,116190
odisha,2019,3,751222,83282
odisha,2019,3,751207,66429
odisha,2019,3,762720,58650
odisha,2019,3,754260,43661
odisha,2019,3,732166,40054
odisha,2019,3,783045,34035
odisha,2019,3,755408,29812
odisha,2019,4,775721,368023
odisha,2019,4,737898,193857
odisha,2019,4,781830,119737
odisha,2019,4,768865,86874
odisha,2019,4,727357,73438
odisha,2019,4,748587,54961
odisha,2019,4,793256,52918
odisha,2019,4,756536,48970
odisha,2019,4,718608,40125
odisha,2019,4,724428,36846
odisha,2020,1,744767,326742
odisha,2020,1,713501,185707
odisha,2020,1,775678,104200
odisha,2020,1,775432,76801
odisha,2020,1,713089,71994
odisha,2020,1,717338,51134
odisha,2020,1,754170,42633
odisha,2020,1,765778,38391
odisha,2020,1,789318,37597
odisha,2020,1,710534,32221
odisha,2020,2,735677,435176
odisha,2020,2,744264,183398
odisha,2020,2,782287,128460
odisha,2020,2,753092,103559
odisha,2020,2,774568,72752
odisha,2020,2,742506,67379
odisha,2020,2,793593,51777
odisha,2020,2,711851,44335
odisha,2020,2,723318,43856
odisha,2020,2,748560,33487
odisha,2020,3,770270,467870
odisha,2020,3,767332,225038
odisha,2020,3,769173,145007
odisha,2020,3,760720,109191
odisha,2020,3,731039,76404
odisha,2020,3,775005,72604
odisha,2020,3,784032,58094
odisha,2020,3,738715,48803
odisha,2020,3,798655,42080
odisha,2020,3,748067,36867
odisha,2020,4,747810,521391
odisha,2020,4,719667,256302
odisha,2020,4,748102,173415
odisha,2020,4,751878,121132
odisha,2020,4,749953,92082
odisha,2020,4,755714,76132
odisha,2020,4,756767,66495
odisha,2020,4,738301,55194
odisha,2020,4,723074,54729
odisha,2020,4,713163,42321
odisha,2021,1,745235,452737
odisha,2021,1,763903,206873
odisha,2021,1,777538,155975
odisha,2021,1,764218,109401
odisha,2021,1,764967,89945
odisha,2021,1,797025,63985
odisha,2021,1,789579,60313
odisha,2021,1,769977,53136
odisha,2021,1,756031,48602
odisha,2021,1,785630,39921
odisha,2021,2,776434,457815
odisha,2021,2,786245,206045
odisha,2021,2,798667,157715
odisha,2021,2,758952,119714
odisha,2021,2,782642,91760
odisha,2021,2,723230,74036
odisha,2021,2,779175,58661
odisha,2021,2,714076,49140
odisha,2021,2,721060,44315
odisha,2021,2,780076,40159
odisha,2021,3,727207,522484
odisha,2021,3,738193,232981
odisha,2021,3,770544,167519
odisha,2021,3,789287,113006
odisha,2021,3,728447,104162
odisha,2021,3,739882,81737
odisha,2021,3,745543,69543
odisha,2021,3,785293,57498
odisha,2021,3,780758,56768
odisha,2021,3,771903,50591
odisha,2021,4,715250,531763
odisha,2021,4,759637,247095
odisha,2021,4,753441,149307
odisha,2021,4,764908,123304
odisha,2021,4,715244,105061
odisha,2021,4,731864,76399
odisha,2021,4,777127,65778
odisha,2021,4,771441,57377
odisha,2021,4,728605,55418
odisha,2021,4,746086,49615
odisha,2022,1,748049,468418
odisha,2022,1,786288,200247
odisha,2022,1,750385,127841
odisha,2022,1,759973,108080
odisha,2022,1,799951,75214
odisha,2022,1,755152,62770
odisha,2022,1,769045,55985
odisha,2022,1,722546,52335
odisha,2022,1,763700,46880
odisha,2022,1,793931,41650
odisha,2022,2,782740,459467
odisha,2022,2,796628,223366
odisha,2022,2,783409,168992
odisha,2022,2,712594,114352
odisha,2022,2,715752,87417
odisha,2022,2,743057,82408
odisha,2022,2,751348,60828
odisha,2022,2,740925,55935
odisha,2022,2,745455,46415
odisha,2022,2,778080,46104
odisha,2022,3,728902,509510
odisha,2022,3,715492,227557
odisha,2022,3,764638,144087
odisha,2022,3,741041,124747
odisha,2022,3,786808,86581
odisha,2022,3,797574,74370
odisha,2022,3,730322,65621
odisha,2022,3,771649,56227
odisha,2022,3,798803,51912
odisha,2022,3,740200,48871
odisha,2022,4,799561,639061
odisha,2022,4,758405,326422
odisha,2022,4,775438,206297
odisha,2022,4,724861,165555
odisha,2022,4,795992,125081
odisha,2022,4,714833,96868
odisha,2022,4,746982,78654
odisha,2022,4,770772,70997
odisha,2022,4,753810,60086
odisha,2022,4,738405,57741
odisha,2023,1,753830,473245
odisha,2023,1,739833,228816
odisha,2023,1,776268,164722
odisha,2023,1,785988,117345
odisha,2023,1,748888,88407
odisha,2023,1,794216,66830
odisha,2023,1,719480,64221
odisha,2023,1,723907,52050
odisha,2023,1,751521,50831
odisha,2023,1,757102,39904
odisha,2023,2,794389,551439
odisha,2023,2,764279,244029
odisha,2023,2,788926,163328
odisha,2023,2,716279,117496
odisha,2023,2,751597,104627
odisha,2023,2,793926,87704
odisha,2023,2,759227,64274
odisha,2023,2,731551,57579
odisha,2023,2,744059,53693
odisha,2023,2,794864,47949
odisha,2023,3,719425,639820
odisha,2023,3,767474,308665
odisha,2023,3,765593,192424
odisha,2023,3,756902,125740
odisha,2023,3,747022,97137
odisha,2023,3,795039,91851
odisha,2023,3,741772,80643
odisha,2023,3,792308,70783
odisha,2023,3,714247,60182
odisha,2023,3,799991,53109
odisha,2023,4,751152,699827
odisha,2023,4,734794,345394
odisha,2023,4,790867,224784
odisha,2023,4,778882,145591
odisha,2023,4,760413,114512
odisha,2023,4,725125,101549
odisha,2023,4,772905,92261
odisha,2023,4,775088,71159
odisha,2023,4,738576,62091
odisha,2023,4,768478,56887
puducherry,2018,1,691541,23668
puducherry,2018,1,615221,11752
puducherry,2018,1,632905,7385
puducherry,2018,1,674660,5115
puducherry,2018,1,643380,4599
puducherry,2018,1,639790,3249
puducherry,2018,1,617420,2755
puducherry,2018,1,673270,2714
puducherry,2018,1,679880,2358
puducherry,2018,1,627604,2177
puducherry,2018,2,674817,26435
puducherry,2018,2,698525,13402
puducherry,2018,2,664691,8629
puducherry,2018,2,640663,6402
puducherry,2018,2,683930,4694
puducherry,2018,2,618852,3913
puducherry,2018,2,663524,3907
puducherry,2018,2,664460,3289
puducherry,2018,2,641155,2503
puducherry,2018,2,637795,2403
puducherry,2018,3,647816,32368
puducherry,2018,3,680262,16103
puducherry,2018,3,670592,10372
puducherry,2018,3,670839,7263
puducherry,2018,3,641709,6169
puducherry,2018,3,613374,5015
puducherry,2018,3,677934,4799
puducherry,2018,3,675119,3647
puducherry,2018,3,636802,3480
puducherry,2018,3,685197,2808
puducherry,2018,4,649540,37396
puducherry,2018,4,638700,18475
puducherry,2018,4,641867,12448
puducherry,2018,4,611269,9116
puducherry,2018,4,620771,6773
puducherry,2018,4,679697,5840
puducherry,2018,4,613160,4513
puducherry,2018,4,623505,4005
puducherry,2018,4,613007,3654
puducherry,2018,4,620433,3150
puducherry,2019,1,623430,31612
puducherry,2019,1,656433,13668
puducherry,2019,1,624459,9584
puducherry,2019,1,676518,6993
puducherry,2019,1,660446,5869
puducherry,2019,1,694678,4717
puducherry,2019,1,620274,4322
puducherry,2019,1,693239,3172
puducherry,2019,1,672303,3060
puducherry,2019,1,686301,2602
puducherry,2019,2,618235,39078
puducherry,2019,2,661582,20557
puducherry,2019,2,647702,13702
puducherry,2019,2,627553,9282
puducherry,2019,2,674925,7053
puducherry,2019,2,661937,5992
puducherry,2019,2,659431,5297
puducherry,2019,2,677014,4823
puducherry,2019,2,614316,4139
puducherry,2019,2,639468,3401
puducherry,2019,3,691745,39575
puducherry,2019,3,690484,18747
puducherry,2019,3,620324,12146
puducherry,2019,3,627161,8450
puducherry,2019,3,694213,6215
puducherry,2019,3,685992,5556
puducherry,2019,3,613881,4483
puducherry,2019,3,645928,4450
puducherry,2019,3,633906,3932
puducherry,2019,3,645534,3039
puducherry,2019,4,698735,47158
puducherry,2019,4,628679,21565
puducherry,2019,4,666540,14046
puducherry,2019,4,684375,9410
puducherry,2019,4,666457,7566
puducherry,2019,4,666560,7178
puducherry,2019,4,634479,5854
puducherry,2019,4,685229,4731
puducherry,2019,4,625162,4672
puducherry,2019,4,692126,4046
puducherry,2020,1,628717,44818
puducherry,2020,1,677280,21938
puducherry,2020,1,641702,13228
puducherry,2020,1,664220,9227
puducherry,2020,1,619543,7919
puducherry,2020,1,654898,6780
puducherry,2020,1,642860,5022
puducherry,2020,1,630647,4659
puducherry,2020,1,696809,4171
puducherry,2020,1,653141,3858
puducherry,2020,2,661098,40288
puducherry,2020,2,649277,22574
puducherry,2020,2,622115,13386
puducherry,2020,2,625353,9831
puducherry,2020,2,697102,7999
puducherry,2020,2,697079,6747
puducherry,2020,2,621470,5572
puducherry,2020,2,648471,5164
puducherry,2020,2,649111,4566
puducherry,2020,2,662832,4034
puducherry,2020,3,632158,48129
puducherry,2020,3,649552,20406
puducherry,2020,3,683520,14338
puducherry,2020,3,679587,9529
puducherry,2020,3,668075,8334
puducherry,2020,3,672902,6471
puducherry,2020,3,626671,5702
puducherry,2020,3,630013,4803
puducherry,2020,3,666522,4516
puducherry,2020,3,662199,3946
puducherry,2020,4,696218,54016
puducherry,2020,4,674838,26176
puducherry,2020,4,687092,14675
puducherry,2020,4,642231,11793
puducherry,2020,4,630477,8839
puducherry,2020,4,663604,7674
puducherry,2020,4,686209,5881
puducherry,2020,4,648565,5317
puducherry,2020,4,678669,4721
puducherry,2020,4,690076,4530
puducherry,2021,1,692574,45929
puducherry,2021,1,693290,19322
puducherry,2021,1,655922,12821
puducherry,2021,1,622868,10490
puducherry,2021,1,682337,8749
puducherry,2021,1,640417,7006
puducherry,2021,1,637266,6043
puducherry,2021,1,646804,5105
puducherry,2021,1,628767,4276
puducherry,2021,1,649645,4214
puducherry,2021,2,658159,50434
puducherry,2021,2,637144,24443
puducherry,2021,2,642796,15863
puducherry,2021,2,697142,12394
puducherry,2021,2,674548,9927
puducherry,2021,2,627467,8633
puducherry,2021,2,619632,6994
puducherry,2021,2,617343,6494
puducherry,2021,2,654540,5687
puducherry,2021,2,615610,4679
puducherry,2021,3,657163,52517
puducherry,2021,3,691716,24864
puducherry,2021,3,698680,14401
puducherry,2021,3,672581,11135
puducherry,2021,3,618515,8282
puducherry,2021,3,650049,7858
puducherry,2021,3,651258,6227
puducherry,2021,3,617686,5146
puducherry,2021,3,624726,4930
puducherry,2021,3,692601,4642
puducherry,2021,4,637563,55238
puducherry,2021,4,616250,26135
puducherry,2021,4,696631,17717
puducherry,2021,4,669553,13992
puducherry,2021,4,644014,11782
puducherry,2021,4,678048,8533
puducherry,2021,4,653243,8154
puducherry,2021,4,658877,6098
puducherry,2021,4,652778,6030
puducherry,2021,4,636580,4960
puducherry,2022,1,688191,58896
puducherry,2022,1,678100,25951
puducherry,2022,1,614462,18018
puducherry,2022,1,687527,12217
puducherry,2022,1,634874,9881
puducherry,2022,1,648284,8523
puducherry,2022,1,690127,7976
puducherry,2022,1,683982,6124
puducherry,2022,1,639992,5930
puducherry,2022,1,684164,5225
puducherry,2022,2,663843,60685
puducherry,2022,2,658774,27122
puducherry,2022,2,637266,17066
puducherry,2022,2,632630,12055
puducherry,2022,2,690848,9302
puducherry,2022,2,667439,8603
puducherry,2022,2,652307,7425
puducherry,2022,2,644919,6360
puducherry,2022,2,652719,5374
puducherry,2022,2,658396,5268
puducherry,2022,3,670007,62851
puducherry,2022,3,693759,27657
puducherry,2022,3,679177,20162
puducherry,2022,3,669363,14954
puducherry,2022,3,645255,10768
puducherry,2022,3,611834,8354
puducherry,2022,3,683124,7828
puducherry,2022,3,687877,6771
puducherry,2022,3,625949,5590
puducherry,2022,3,634637,5193
puducherry,2022,4,667993,76045
puducherry,2022,4,676314,41151
puducherry,2022,4,636369,26602
puducherry,2022,4,635554,17599
puducherry,2022,4,659428,14255
puducherry,2022,4,620729,11683
puducherry,2022,4,610503,10881
puducherry,2022,4,620341,9401
puducherry,2022,4,611368,7665
puducherry,2022,4,653035,6886
puducherry,2023,1,673671,53352
puducherry,2023,1,645135,28751
puducherry,2023,1,624064,17832
puducherry,2023,1,626287,13167
puducherry,2023,1,671952,9609
puducherry,2023,1,611980,8968
puducherry,2023,1,693191,7366
puducherry,2023,1,629419,6422
puducherry,2023,1,628509,5745
puducherry,2023,1,674577,4520
puducherry,2023,2,637882,64031
puducherry,2023,2,656707,31465
puducherry,2023,2,689988,22707
puducherry,2023,2,680121,16692
puducherry,2023,2,633506,11639
puducherry,2023,2,658868,10163
puducherry,2023,2,663977,9427
puducherry,2023,2,693517,7791
puducherry,2023,2,672194,6638
puducherry,2023,2,699557,5997
puducherry,2023,3,629687,65296
puducherry,2023,3,692609,31697
puducherry,2023,3,683949,19166
puducherry,2023,3,654885,13967
puducherry,2023,3,628390,11652
puducherry,2023,3,642915,9128
puducherry,2023,3,666521,7757
puducherry,2023,3,673138,7501
puducherry,2023,3,690411,6270
puducherry,2023,3,684287,5830
puducherry,2023,4,659700,78873
puducherry,2023,4,651369,41219
puducherry,2023,4,677745,25427
puducherry,2023,4,662385,20421
puducherry,2023,4,687018,14531
puducherry,2023,4,614168,11494
puducherry,2023,4,653960,11252
puducherry,2023,4,657576,8460
puducherry,2023,4,640060,7608
puducherry,2023,4,636962,6659
punjab,2018,1,171087,220410
punjab,2018,1,162859,120192
punjab,2018,1,191052,71167
punjab,2018,1,127860,60787
punjab,2018,1,164498,42516
punjab,2018,1,136808,40189
punjab,2018,1,165234,32572
punjab,2018,1,157618,26650
punjab,2018,1,138927,24624
punjab,2018,1,183357,23528
punjab,2018,2,179050,246912
punjab,2018,2,179825,126526
punjab,2018,2,164551,79127
punjab,2018,2,177706,64617
punjab,2018,2,129424,47327
punjab,2018,2,181490,44267
punjab,2018,2,178074,33483
punjab,2018,2,197649,32155
punjab,2018,2,185511,27558
punjab,2018,2,134475,23964
punjab,2018,3,112425,336106
punjab,2018,3,137714,153990
punjab,2018,3,135119,108341
punjab,2018,3,149132,78636
punjab,2018,3,117465,53749
punjab,2018,3,113892,47749
punjab,2018,3,111725,42048
punjab,2018,3,111499,34049
punjab,2018,3,138595,30206
punjab,2018,3,168772,26443
punjab,2018,4,122415,398425
punjab,2018,4,120835,184685
punjab,2018,4,154503,123577
punjab,2018,4,131148,89451
punjab,2018,4,142407,73909
punjab,2018,4,118102,60753
punjab,2018,4,194160,48819
punjab,2018,4,149038,43033
punjab,2018,4,158926,34615
punjab,2018,4,182117,30593
punjab,2019,1,195040,292038
punjab,2019,1,180425,145542
punjab,2019,1,140890,101808
punjab,2019,1,164234,74977
punjab,2019,1,113392,57455
punjab,2019,1,173031,44697
punjab,2019,1,113550,39889
punjab,2019,1,172876,37074
punjab,2019,1,141301,34110
punjab,2019,1,147043,26546
punjab,2019,2,128476,352663
punjab,2019,2,147918,198859
punjab,2019,2,172571,123587
punjab,2019,2,170195,87751
punjab,2019,2,170480,64922
punjab,2019,2,194690,52070
punjab,2019,2,142179,49023
punjab,2019,2,126063,40680
punjab,2019,2,141911,34139
punjab,2019,2,179703,30711
punjab,2019,3,184182,459950
punjab,2019,3,193458,202503
punjab,2019,3,147197,143098
punjab,2019,3,110852,108735
punjab,2019,3,151246,89483
punjab,2019,3,157873,74313
punjab,2019,3,179025,61185
punjab,2019,3,118527,45863
punjab,2019,3,174471,43906
punjab,2019,3,113099,38016
punjab,2019,4,194660,409813
punjab,2019,4,155567,208291
punjab,2019,4,143404,125853
punjab,2019,4,199105,109650
punjab,2019,4,149350,81439
punjab,2019,4,186593,71434
punjab,2019,4,181861,54827
punjab,2019,4,175738,46606
punjab,2019,4,126465,45710
punjab,2019,4,123136,37307
punjab,2020,1,171906,375170
punjab,2020,1,182102,181389
punjab,2020,1,117025,119870
punjab,2020,1,175836,84009
punjab,2020,1,151808,74437
punjab,2020,1,119470,53129
punjab,2020,1,166345,47667
punjab,2020,1,145470,44385
punjab,2020,1,192123,38527
punjab,2020,1,160982,32504
punjab,2020,2,138353,476774
punjab,2020,2,171738,265293
punjab,2020,2,138456,152774
punjab,2020,2,113981,118445
punjab,2020,2,154291,88172
punjab,2020,2,121631,83961
punjab,2020,2,141398,69887
punjab,2020,2,142350,53691
punjab,2020,2,156673,50741
punjab,2020,2,133394,42070
punjab,2020,3,136478,503355
punjab,2020,3,149024,214065
punjab,2020,3,126224,162442
punjab,2020,3,132291,105085
punjab,2020,3,115597,91580
punjab,2020,3,137509,65817
punjab,2020,3,174893,59427
punjab,2020,3,139566,55152
punjab,2020,3,151931,42280
punjab,2020,3,145936,39635
punjab,2020,4,139652,531672
punjab,2020,4,195420,265738
punjab,2020,4,145958,159693
punjab,2020,4,192493,118694
punjab,2020,4,146260,89149
punjab,2020,4,182385,71985
punjab,2020,4,127645,64640
punjab,2020,4,118607,52244
punjab,2020,4,132541,50254
punjab,2020,4,179531,45504
punjab,2021,1,196004,530597
punjab,2021,1,134867,246758
punjab,2021,1,167219,160680
punjab,2021,1,177741,104756
punjab,2021,1,185033,96515
punjab,2021,1,194882,80902
punjab,2021,1,193341,67962
punjab,2021,1,180589,57427
punjab,2021,1,134910,47373
punjab,2021,1,171268,46695
punjab,2021,2,183136,565882
punjab,2021,2,196065,232710
punjab,2021,2,159049,182569
punjab,2021,2,136308,132418
punjab,2021,2,132332,96013
punjab,2021,2,164442,83090
punjab,2021,2,111586,65909
punjab,2021,2,138143,65617
punjab,2021,2,161750,53195
punjab,2021,2,169719,50002
punjab,2021,3,129813,505848
punjab,2021,3,196585,248436
punjab,2021,3,196537,141327
punjab,2021,3,128013,106479
punjab,2021,3,113184,95781
punjab,2021,3,113047,75454
punjab,2021,3,140180,67554
punjab,2021,3,173928,53475
punjab,2021,3,177842,49618
punjab,2021,3,163256,41989
punjab,2021,4,119000,638712
punjab,2021,4,157301,337588
punjab,2021,4,176301,201705
punjab,2021,4,124755,148252
punjab,2021,4,140965,113149
punjab,2021,4,195889,99745
punjab,2021,4,142071,83462
punjab,2021,4,135094,80937
punjab,2021,4,143614,70179
punjab,2021,4,178576,59213
punjab,2022,1,171855,543039
punjab,2022,1,116415,274545
punjab,2022,1,177034,183338
punjab,2022,1,135853,132205
punjab,2022,1,140473,105878
punjab,2022,1,155832,83253
punjab,2022,1,142355,83155
punjab,2022,1,191246,62751
punjab,2022,1,192059,55847
punjab,2022,1,187426,50771
punjab,2022,2,182121,564672
punjab,2022,2,145694,265519
punjab,2022,2,151457,192457
punjab,2022,2,140742,136742
punjab,2022,2,171088,116150
punjab,2022,2,158588,97964
punjab,2022,2,187857,79972
punjab,2022,2,197926,69748
punjab,2022,2,194674,62160
punjab,2022,2,131586,58438
punjab,2022,3,136403,659905
punjab,2022,3,174311,292372
punjab,2022,3,139004,209195
punjab,2022,3,115908,143783
punjab,2022,3,142349,109162
punjab,2022,3,189764,103873
punjab,2022,3,167422,86971
punjab,2022,3,135523,73574
punjab,2022,3,183527,60989
punjab,2022,3,147418,60577
punjab,2022,4,178252,701415
punjab,2022,4,132685,344118
punjab,2022,4,158910,237069
punjab,2022,4,136599,197250
punjab,2022,4,142599,150261
punjab,2022,4,163714,127450
punjab,2022,4,142195,104469
punjab,2022,4,188862,88094
punjab,2022,4,162283,81772
punjab,2022,4,196896,68325
punjab,2023,1,133680,536561
punjab,2023,1,158900,269960
punjab,2023,1,147827,184292
punjab,2023,1,183824,125046
punjab,2023,1,114023,95894
punjab,2023,1,156625,80323
punjab,2023,1,135940,73189
punjab,2023,1,138470,64477
punjab,2023,1,165830,50724
punjab,2023,1,152714,49739
punjab,2023,2,175119,650002
punjab,2023,2,129867,297617
punjab,2023,2,178403,227586
punjab,2023,2,144858,162843
punjab,2023,2,160609,121667
punjab,2023,2,137859,111352
punjab,2023,2,142613,90431
punjab,2023,2,190659,75415
punjab,2023,2,182062,66495
punjab,2023,2,117582,63976
punjab,2023,3,171000,699386
punjab,2023,3,152835,326685
punjab,2023,3,197522,233345
punjab,2023,3,170506,149040
punjab,2023,3,167299,137314
punjab,2023,3,136984,104247
punjab,2023,3,173934,88652
punjab,2023,3,190439,81542
punjab,2023,3,124307,74084
punjab,2023,3,148379,57918
punjab,2023,4,143707,782272
punjab,2023,4,181078,412113
punjab,2023,4,195168,241026
punjab,2023,4,145256,199264
punjab,2023,4,122932,148863
punjab,2023,4,195408,127014
punjab,2023,4,128584,109116
punjab,2023,4,135001,95022
punjab,2023,4,131508,77496
punjab,2023,4,185686,64999
rajasthan,2018,1,395674,308547
rajasthan,2018,1,373537,155469
rajasthan,2018,1,396690,112836
rajasthan,2018,1,326573,79259
rajasthan,2018,1,389694,59052
rajasthan,2018,1,315687,56188
rajasthan,2018,1,333010,41608
rajasthan,2018,1,323317,39610
rajasthan,2018,1,324483,35863
rajasthan,2018,1,366901,31777
rajasthan,2018,2,318180,410698
rajasthan,2018,2,337498,172157
rajasthan,2018,2,380334,124560
rajasthan,2018,2,385779,91942
rajasthan,2018,2,385088,78523
rajasthan,2018,2,397133,64954
rajasthan,2018,2,320929,53294
rajasthan,2018,2,340736,45756
rajasthan,2018,2,365267,39486
rajasthan,2018,2,345001,33782
rajasthan,2018,3,314550,462492
rajasthan,2018,3,387620,233863
rajasthan,2018,3,375619,145218
rajasthan,2018,3,389074,119674
rajasthan,2018,3,354309,87771
rajasthan,2018,3,317163,73614
rajasthan,2018,3,336230,63637
rajasthan,2018,3,388034,52658
rajasthan,2018,3,375132,46713
rajasthan,2018,3,323324,43616
rajasthan,2018,4,381703,570118
rajasthan,2018,4,347463,334941
rajasthan,2018,4,385692,201288
rajasthan,2018,4,374815,151515
rajasthan,2018,4,379307,115196
rajasthan,2018,4,398053,91264
rajasthan,2018,4,355139,88628
rajasthan,2018,4,377226,65188
rajasthan,2018,4,338424,58099
rajasthan,2018,4,357543,53352
rajasthan,2019,1,359664,478507
rajasthan,2019,1,339431,211678
rajasthan,2019,1,362051,129892
rajasthan,2019,1,387958,107131
rajasthan,2019,1,340025,85877
rajasthan,2019,1,383745,70702
rajasthan,2019,1,322000,61320
rajasthan,2019,1,331972,53227
rajasthan,2019,1,388346,40586
rajasthan,2019,1,398308,35934
rajasthan,2019,2,321084,582173
rajasthan,2019,2,377237,248526
rajasthan,2019,2,346722,186753
rajasthan,2019,2,323632,136032
rajasthan,2019,2,383665,97058
rajasthan,2019,2,316705,75193
rajasthan,2019,2,356417,64236
rajasthan,2019,2,346163,63114
rajasthan,2019,2,358169,57621
rajasthan,2019,2,325310,46134
rajasthan,2019,3,386291,695782
rajasthan,2019,3,335043,364021
rajasthan,2019,3,335383,242066
rajasthan,2019,3,328376,175988
rajasthan,2019,3,389069,118372
rajasthan,2019,3,373863,102998
rajasthan,2019,3,363538,87860
rajasthan,2019,3,390190,84445
rajasthan,2019,3,328174,76550
rajasthan,2019,3,325644,68038
rajasthan,2019,4,397471,814768
rajasthan,2019,4,381749,394586
rajasthan,2019,4,396428,226115
rajasthan,2019,4,397897,175460
rajasthan,2019,4,332349,132090
rajasthan,2019,4,381969,115045
rajasthan,2019,4,352649,106834
rajasthan,2019,4,359920,88352
rajasthan,2019,4,348066,84264
rajasthan,2019,4,328945,63807
rajasthan,2020,1,385346,666888
rajasthan,2020,1,349114,322773
rajasthan,2020,1,382507,199145
rajasthan,2020,1,330460,154160
rajasthan,2020,1,371961,119034
rajasthan,2020,1,360082,86845
rajasthan,2020,1,338400,86534
rajasthan,2020,1,338998,71976
rajasthan,2020,1,376302,66487
rajasthan,2020,1,351927,57921
rajasthan,2020,2,366421,665009
rajasthan,2020,2,390039,332749
rajasthan,2020,2,321687,211270
rajasthan,2020,2,372435,156634
rajasthan,2020,2,321071,122730
rajasthan,2020,2,394052,95178
rajasthan,2020,2,329105,73740
rajasthan,2020,2,386515,66617
rajasthan,2020,2,344629,64413
rajasthan,2020,2,349628,50878
rajasthan,2020,3,390310,730733
rajasthan,2020,3,393380,371763
rajasthan,2020,3,310739,204583
rajasthan,2020,3,373875,169146
rajasthan,2020,3,322922,138661
rajasthan,2020,3,333850,116465
rajasthan,2020,3,372860,92445
rajasthan,2020,3,364429,79488
rajasthan,2020,3,329606,73228
rajasthan,2020,3,346722,64603
rajasthan,2020,4,341174,784137
rajasthan,2020,4,333078,438655
rajasthan,2020,4,377973,249813
rajasthan,2020,4,311825,213628
rajasthan,2020,4,371364,150666
rajasthan,2020,4,338136,114351
rajasthan,2020,4,383113,109668
rajasthan,2020,4,333147,85979
rajasthan,2020,4,329753,76982
rajasthan,2020,4,391603,70855
rajasthan,2021,1,346812,677611
rajasthan,2021,1,315616,318674
rajasthan,2021,1,395046,206867
rajasthan,2021,1,312687,162477
rajasthan,2021,1,330546,110225
rajasthan,2021,1,334744,89545
rajasthan,2021,1,316036,81996
rajasthan,2021,1,386756,70700
rajasthan,2021,1,380298,65412
rajasthan,2021,1,362767,55934
rajasthan,2021,2,381494,829637
rajasthan,2021,2,390141,399713
rajasthan,2021,2,374929,256469
rajasthan,2021,2,370994,169336
rajasthan,2021,2,392902,132859
rajasthan,2021,2,335084,124312
rajasthan,2021,2,370577,95514
rajasthan,2021,2,342909,94400
rajasthan,2021,2,326036,85270
rajasthan,2021,2,376878,69565
rajasthan,2021,3,379127,760614
rajasthan,2021,3,388392,418591
rajasthan,2021,3,325970,275372
rajasthan,2021,3,397748,191597
rajasthan,2021,3,343559,150456
rajasthan,2021,3,387525,128373
rajasthan,2021,3,358152,102781
rajasthan,2021,3,388058,88320
rajasthan,2021,3,344255,84722
rajasthan,2021,3,321969,72551
rajasthan,2021,4,325817,1000372
rajasthan,2021,4,351480,472232
rajasthan,2021,4,398915,339074
rajasthan,2021,4,327801,230500
rajasthan,2021,4,315711,193728
rajasthan,2021,4,311259,163655
rajasthan,2021,4,392342,134522
rajasthan,2021,4,377589,124577
rajasthan,2021,4,316048,105063
rajasthan,2021,4,354934,84957
rajasthan,2022,1,395350,957138
rajasthan,2022,1,368154,405917
rajasthan,2022,1,354650,270292
rajasthan,2022,1,393756,206651
rajasthan,2022,1,377931,146572
rajasthan,2022,1,323057,134874
rajasthan,2022,1,383265,107944
rajasthan,2022,1,353683,103480
rajasthan,2022,1,328486,78335
rajasthan,2022,1,344212,70798
rajasthan,2022,2,324744,845005
rajasthan,2022,2,338562,372093
rajasthan,2022,2,364545,288456
rajasthan,2022,2,331343,205812
rajasthan,2022,2,368632,168869
rajasthan,2022,2,394948,119854
rajasthan,2022,2,320431,107015
rajasthan,2022,2,322247,104823
rajasthan,2022,2,387318,83168
rajasthan,2022,2,331456,78075
rajasthan,2022,3,342018,987957
rajasthan,2022,3,392217,506753
rajasthan,2022,3,376324,335588
rajasthan,2022,3,389989,254744
rajasthan,2022,3,330410,174892
rajasthan,2022,3,351527,154700
rajasthan,2022,3,382924,139868
rajasthan,2022,3,366579,125893
rajasthan,2022,3,384761,98179
rajasthan,2022,3,326613,94770
rajasthan,2022,4,360258,972075
rajasthan,2022,4,394569,519236
rajasthan,2022,4,357546,297533
rajasthan,2022,4,337778,244837
rajasthan,2022,4,347120,208862
rajasthan,2022,4,377122,146501
rajasthan,2022,4,354427,125818
rajasthan,2022,4,399854,111402
rajasthan,2022,4,367977,109003
rajasthan,2022,4,364992,87447
rajasthan,2023,1,393258,993645
rajasthan,2023,1,331220,407964
rajasthan,2023,1,370031,297503
rajasthan,2023,1,389520,211580
rajasthan,2023,1,322511,162834
rajasthan,2023,1,321945,130736
rajasthan,2023,1,362328,108110
rajasthan,2023,1,369361,95297
rajasthan,2023,1,372408,85928
rajasthan,2023,1,357837,79301
rajasthan,2023,2,394941,905146
rajasthan,2023,2,378205,434472
rajasthan,2023,2,318604,313058
rajasthan,2023,2,328157,232251
rajasthan,2023,2,367852,178686
rajasthan,2023,2,356120,146315
rajasthan,2023,2,348827,122414
rajasthan,2023,2,311444,104153
rajasthan,2023,2,355040,88365
rajasthan,2023,2,348156,83599
rajasthan,2023,3,392401,1075114
rajasthan,2023,3,337754,568271
rajasthan,2023,3,313890,399099
rajasthan,2023,3,384043,271518
rajasthan,2023,3,394626,213719
rajasthan,2023,3,340118,185503
rajasthan,2023,3,392769,137730
rajasthan,2023,3,399071,121276
rajasthan,2023,3,382169,110195
rajasthan,2023,3,354495,103426
rajasthan,2023,4,392326,1172627
rajasthan,2023,4,339785,608332
rajasthan,2023,4,366892,446782
rajasthan,2023,4,393138,291211
rajasthan,2023,4,322104,262474
rajasthan,2023,4,329099,180329
rajasthan,2023,4,333273,174205
rajasthan,2023,4,356078,160947
rajasthan,2023,4,344514,118473
rajasthan,2023,4,358302,113990
sikkim,2018,1,782956,13684
sikkim,2018,1,756842,6609
sikkim,2018,1,724707,4155
sikkim,2018,1,776679,2958
sikkim,2018,1,743985,2297
sikkim,2018,1,714113,2292
sikkim,2018,1,791845,1940
sikkim,2018,1,715004,1563
sikkim,2018,1,795323,1438
sikkim,2018,1,795237,1164
sikkim,2018,2,714306,17001
sikkim,2018,2,795239,8127
sikkim,2018,2,750158,5347
sikkim,2018,2,796561,3982
sikkim,2018,2,741507,3289
sikkim,2018,2,764242,2840
sikkim,2018,2,790843,2448
sikkim,2018,2,778768,2206
sikkim,2018,2,764528,1960
sikkim,2018,2,731610,1520
sikkim,2018,3,761493,19789
sikkim,2018,3,737611,10135
sikkim,2018,3,798975,7143
sikkim,2018,3,793614,4766
sikkim,2018,3,794352,3863
sikkim,2018,3,759214,3173
sikkim,2018,3,769617,2751
sikkim,2018,3,780310,2569
sikkim,2018,3,742344,2284
sikkim,2018,3,757078,1824
sikkim,2018,4,765901,20908
sikkim,2018,4,757198,10722
sikkim,2018,4,714876,6886
sikkim,2018,4,750291,4973
sikkim,2018,4,773955,3485
sikkim,2018,4,766626,3195
sikkim,2018,4,787395,2876
sikkim,2018,4,762262,2308
sikkim,2018,4,770449,2113
sikkim,2018,4,740072,1821
sikkim,2019,1,714098,19393
sikkim,2019,1,712563,9467
sikkim,2019,1,799472,6103
sikkim,2019,1,741657,5076
sikkim,2019,1,783718,3933
sikkim,2019,1,799233,3171
sikkim,2019,1,744602,2528
sikkim,2019,1,732406,2092
sikkim,2019,1,797467,2056
sikkim,2019,1,761303,1890
sikkim,2019,2,777084,23800
sikkim,2019,2,750083,12641
sikkim,2019,2,785414,7881
sikkim,2019,2,713908,5243
sikkim,2019,2,725899,4402
sikkim,2019,2,738618,3418
sikkim,2019,2,739123,3235
sikkim,2019,2,726310,2961
sikkim,2019,2,786442,2293
sikkim,2019,2,783057,2187
sikkim,2019,3,713894,28713
sikkim,2019,3,726627,12124
sikkim,2019,3,799533,9045
sikkim,2019,3,741436,5907
sikkim,2019,3,784871,5089
sikkim,2019,3,743524,4155
sikkim,2019,3,772950,3489
sikkim,2019,3,778563,3107
sikkim,2019,3,759070,2670
sikkim,2019,3,777365,2401
sikkim,2019,4,794984,27949
sikkim,2019,4,758522,11632
sikkim,2019,4,792165,8265
sikkim,2019,4,764559,6768
sikkim,2019,4,751322,5227
sikkim,2019,4,717400,4342
sikkim,2019,4,726523,3512
sikkim,2019,4,765562,3212
sikkim,2019,4,763128,2803
sikkim,2019,4,783813,2133
sikkim,2020,1,753905,24181
sikkim,2020,1,744630,12641
sikkim,2020,1,787366,7900
sikkim,2020,1,765901,5706
sikkim,2020,1,787160,4179
sikkim,2020,1,784596,3776
sikkim,2020,1,797241,3315
sikkim,2020,1,791740,3032
sikkim,2020,1,751569,2389
sikkim,2020,1,762298,2329
sikkim,2020,2,740539,30617
sikkim,2020,2,746868,13986
sikkim,2020,2,714901,9589
sikkim,2020,2,735431,6835
sikkim,2020,2,713649,5395
sikkim,2020,2,753958,4869
sikkim,2020,2,734389,3741
sikkim,2020,2,755976,3162
sikkim,2020,2,710106,2750
sikkim,2020,2,729527,2532
sikkim,2020,3,787111,32678
sikkim,2020,3,770655,14922
sikkim,2020,3,747846,9835
sikkim,2020,3,732937,8406
sikkim,2020,3,772586,6923
sikkim,2020,3,723686,5242
sikkim,2020,3,790127,4685
sikkim,2020,3,726689,3848
sikkim,2020,3,732115,3139
sikkim,2020,3,759613,3111
sikkim,2020,4,788634,39788
sikkim,2020,4,725666,20183
sikkim,2020,4,744981,11396
sikkim,2020,4,736034,9776
sikkim,2020,4,720100,7116
sikkim,2020,4,749021,6203
sikkim,2020,4,786435,5252
sikkim,2020,4,756252,4566
sikkim,2020,4,741452,3709
sikkim,2020,4,785827,3705
sikkim,2021,1,727563,32967
sikkim,2021,1,743727,16746
sikkim,2021,1,725782,10055
sikkim,2021,1,710790,7946
sikkim,2021,1,745977,5733
sikkim,2021,1,738074,4828
sikkim,2021,1,732591,4272
sikkim,2021,1,794429,3734
sikkim,2021,1,720532,3467
sikkim,2021,1,771594,2878
sikkim,2021,2,728797,31359
sikkim,2021,2,776613,14917
sikkim,2021,2,716396,10493
sikkim,2021,2,768510,8046
sikkim,2021,2,777214,5950
sikkim,2021,2,756782,5117
sikkim,2021,2,742271,4254
sikkim,2021,2,771474,3338
sikkim,2021,2,732625,3326
sikkim,2021,2,729760,2566
sikkim,2021,3,795239,30824
sikkim,2021,3,776419,14721
sikkim,2021,3,752093,11020
sikkim,2021,3,743252,8120
sikkim,2021,3,752713,6538
sikkim,2021,3,712122,5028
sikkim,2021,3,748696,4003
sikkim,2021,3,750517,3792
sikkim,2021,3,738905,3562
sikkim,2021,3,722092,2819
sikkim,2021,4,746099,40529
sikkim,2021,4,732951,20216
sikkim,2021,4,736195,12231
sikkim,2021,4,760865,9015
sikkim,2021,4,743468,7843
sikkim,2021,4,742393,5941
sikkim,2021,4,730984,5306
sikkim,2021,4,754661,4756
sikkim,2021,4,763861,4267
sikkim,2021,4,735490,3495
sikkim,2022,1,799125,37685
sikkim,2022,1,798493,18218
sikkim,2022,1,759961,10687
sikkim,2022,1,723369,7620
sikkim,2022,1,714370,6231
sikkim,2022,1,722962,5066
sikkim,2022,1,745695,4803
sikkim,2022,1,757941,3774
sikkim,2022,1,765825,3724
sikkim,2022,1,773163,3058
sikkim,2022,2,794164,41065
sikkim,2022,2,744840,18751
sikkim,2022,2,712363,13016
sikkim,2022,2,770586,9369
sikkim,2022,2,772932,7483
sikkim,2022,2,764801,6447
sikkim,2022,2,722793,5601
sikkim,2022,2,788763,4653
sikkim,2022,2,742994,3776
sikkim,2022,2,737507,3577
sikkim,2022,3,718247,44698
sikkim,2022,3,711865,20743
sikkim,2022,3,743044,15036
sikkim,2022,3,780873,10512
sikkim,2022,3,730902,7705
sikkim,2022,3,735121,7044
sikkim,2022,3,786224,5436
sikkim,2022,3,742414,4875
sikkim,2022,3,765489,4201
sikkim,2022,3,763996,4027
sikkim,2022,4,715794,50645
sikkim,2022,4,780856,20874
sikkim,2022,4,744607,14099
sikkim,2022,4,748261,11197
sikkim,2022,4,783650,8089
sikkim,2022,4,728256,7271
sikkim,2022,4,795980,6182
sikkim,2022,4,731708,5695
sikkim,2022,4,745342,4554
sikkim,2022,4,794012,4084
sikkim,2023,1,714716,37487
sikkim,2023,1,721620,18093
sikkim,2023,1,786554,11041
sikkim,2023,1,738127,9811
sikkim,2023,1,776092,6796
sikkim,2023,1,718803,5784
sikkim,2023,1,755895,4874
sikkim,2023,1,799153,4252
sikkim,2023,1,727004,3802
sikkim,2023,1,798217,3529
sikkim,2023,2,769342,35663
sikkim,2023,2,798348,17312
sikkim,2023,2,779499,13608
sikkim,2023,2,783405,9832
sikkim,2023,2,714837,7842
sikkim,2023,2,769709,6219
sikkim,2023,2,731341,4743
sikkim,2023,2,751951,4486
sikkim,2023,2,742134,3759
sikkim,2023,2,736069,3326
sikkim,2023,3,743020,50749
sikkim,2023,3,777420,24234
sikkim,2023,3,788648,13773
sikkim,2023,3,799561,10788
sikkim,2023,3,741816,7972
sikkim,2023,3,724811,6989
sikkim,2023,3,798455,6421
sikkim,2023,3,712254,5537
sikkim,2023,3,761775,5003
sikkim,2023,3,756909,3751
sikkim,2023,4,762421,56125
sikkim,2023,4,744213,25448
sikkim,2023,4,734337,17185
sikkim,2023,4,777233,12751
sikkim,2023,4,745497,9640
sikkim,2023,4,754007,8242
sikkim,2023,4,753244,7025
sikkim,2023,4,783676,5737
sikkim,2023,4,782095,5671
sikkim,2023,4,768125,4825
tamil-nadu,2018,1,693448,472019
tamil-nadu,2018,1,668120,253013
tamil-nadu,2018,1,651046,166208
tamil-nadu,2018,1,689801,124888
tamil-nadu,2018,1,699964,88685
tamil-nadu,2018,1,620878,83670
tamil-nadu,2018,1,680485,69080
tamil-nadu,2018,1,688093,56096
tamil-nadu,2018,1,686353,55616
tamil-nadu,2018,1,678414,49224
tamil-nadu,2018,2,669089,663558
tamil-nadu,2018,2,617709,295351
tamil-nadu,2018,2,666311,215662
tamil-nadu,2018,2,624485,139605
tamil-nadu,2018,2,641204,129910
tamil-nadu,2018,2,690741,90995
tamil-nadu,2018,2,621588,88021
tamil-nadu,2018,2,636126,71551
tamil-nadu,2018,2,644286,70505
tamil-nadu,2018,2,643727,53121
tamil-nadu,2018,3,648902,718326
tamil-nadu,2018,3,672130,307421
tamil-nadu,2018,3,619165,224228
tamil-nadu,2018,3,634530,155318
tamil-nadu,2018,3,687877,132304
tamil-nadu,2018,3,656092,108128
tamil-nadu,2018,3,692551,92893
tamil-nadu,2018,3,699826,77642
tamil-nadu,2018,3,647979,69620
tamil-nadu,2018,3,618965,57819
tamil-nadu,2018,4,685586,875247
tamil-nadu,2018,4,641136,391332
tamil-nadu,2018,4,681309,259197
tamil-nadu,2018,4,645999,200651
tamil-nadu,2018,4,678134,178727
tamil-nadu,2018,4,648335,148904
tamil-nadu,2018,4,637983,118385
tamil-nadu,2018,4,691507,100296
tamil-nadu,2018,4,620500,85720
tamil-nadu,2018,4,694175,80521
tamil-nadu,2019,1,689811,743316
tamil-nadu,2019,1,624736,411051
tamil-nadu,2019,1,640209,267061
tamil-nadu,2019,1,636595,176188
tamil-nadu,2019,1,653520,147621
tamil-nadu,2019,1,614295,116201
tamil-nadu,2019,1,687367,99024
tamil-nadu,2019,1,678947,97590
tamil-nadu,2019,1,659911,84615
tamil-nadu,2019,1,622233,73054
tamil-nadu,2019,2,648135,803333
tamil-nadu,2019,2,624991,368685
tamil-nadu,2019,2,619674,227970
tamil-nadu,2019,2,687069,184751
tamil-nadu,2019,2,612833,139089
tamil-nadu,2019,2,672454,112044
tamil-nadu,2019,2,650780,100735
tamil-nadu,2019,2,641605,81444
tamil-nadu,2019,2,688053,81026
tamil-nadu,2019,2,628781,71514
tamil-nadu,2019,3,645505,1058208
tamil-nadu,2019,3,664181,468702
tamil-nadu,2019,3,633532,353268
tamil-nadu,2019,3,684450,255860
tamil-nadu,2019,3,679327,200746
tamil-nadu,2019,3,645154,144662
tamil-nadu,2019,3,681607,135869
tamil-nadu,2019,3,634851,110610
tamil-nadu,2019,3,697779,103087
tamil-nadu,2019,3,620540,99975
tamil-nadu,2019,4,660675,1101999
tamil-nadu,2019,4,614464,539314
tamil-nadu,2019,4,638081,362789
tamil-nadu,2019,4,650217,292229
tamil-nadu,2019,4,662113,223565
tamil-nadu,2019,4,670757,195419
tamil-nadu,2019,4,654296,153411
tamil-nadu,2019,4,640414,139101
tamil-nadu,2019,4,667106,112130
tamil-nadu,2019,4,628193,106775
tamil-nadu,2020,1,640117,913177
tamil-nadu,2020,1,655630,412673
tamil-nadu,2020,1,691422,272947
tamil-nadu,2020,1,691863,208574
tamil-nadu,2020,1,637454,189212
tamil-nadu,2020,1,685956,149409
tamil-nadu,2020,1,667551,130042
tamil-nadu,2020,1,611744,97746
tamil-nadu,2020,1,651666,89031
tamil-nadu,2020,1,660404,75956
tamil-nadu,2020,2,699805,1033971
tamil-nadu,2020,2,634037,503111
tamil-nadu,2020,2,651172,354974
tamil-nadu,2020,2,625154,261349
tamil-nadu,2020,2,690129,218018
tamil-nadu,2020,2,620411,164457
tamil-nadu,2020,2,693359,151666
tamil-nadu,2020,2,695140,134469
tamil-nadu,2020,2,654149,104528
tamil-nadu,2020,2,666989,102106
tamil-nadu,2020,3,622074,1256067
tamil-nadu,2020,3,627307,575825
tamil-nadu,2020,3,619121,360027
tamil-nadu,2020,3,653669,296882
tamil-nadu,2020,3,638102,233949
tamil-nadu,2020,3,671798,178876
tamil-nadu,2020,3,655005,138148
tamil-nadu,2020,3,658912,136849
tamil-nadu,2020,3,610973,128289
tamil-nadu,2020,3,615828,101279
tamil-nadu,2020,4,668203,1201615
tamil-nadu,2020,4,654505,491649
tamil-nadu,2020,4,697886,326924
tamil-nadu,2020,4,635780,245117
tamil-nadu,2020,4,649633,202407
tamil-nadu,2020,4,610271,170860
tamil-nadu,2020,4,684941,143679
tamil-nadu,2020,4,688868,116302
tamil-nadu,2020,4,663416,114654
tamil-nadu,2020,4,644089,101387
tamil-nadu,2021,1,619988,1044410
tamil-nadu,2021,1,690487,420471
tamil-nadu,2021,1,613528,306561
tamil-nadu,2021,1,635841,200302
tamil-nadu,2021,1,661856,190005
tamil-nadu,2021,1,674469,159220
tamil-nadu,2021,1,671049,112915
tamil-nadu,2021,1,633944,97949
tamil-nadu,2021,1,642932,97226
tamil-nadu,2021,1,694084,90926
tamil-nadu,2021,2,687533,1181947
tamil-nadu,2021,2,649816,571504
tamil-nadu,2021,2,697161,354825
tamil-nadu,2021,2,673560,274512
tamil-nadu,2021,2,688478,208966
tamil-nadu,2021,2,657894,180280
tamil-nadu,2021,2,671338,156222
tamil-nadu,2021,2,634926,144094
tamil-nadu,2021,2,638541,127727
tamil-nadu,2021,2,625499,107514
tamil-nadu,2021,3,617737,1155111
tamil-nadu,2021,3,687186,572148
tamil-nadu,2021,3,648988,379314
tamil-nadu,2021,3,693689,298069
tamil-nadu,2021,3,665026,235506
tamil-nadu,2021,3,613440,182686
tamil-nadu,2021,3,664233,145021
tamil-nadu,2021,3,689265,127373
tamil-nadu,2021,3,698285,117154
tamil-nadu,2021,3,663202,111264
tamil-nadu,2021,4,662818,1320976
tamil-nadu,2021,4,693392,667239
tamil-nadu,2021,4,654163,425892
tamil-nadu,2021,4,639398,275020
tamil-nadu,2021,4,613862,238770
tamil-nadu,2021,4,660651,209306
tamil-nadu,2021,4,674839,151117
tamil-nadu,2021,4,637013,129590
tamil-nadu,2021,4,621966,126232
tamil-nadu,2021,4,664779,115796
tamil-nadu,2022,1,677522,1106915
tamil-nadu,2022,1,650770,541516
tamil-nadu,2022,1,693234,310803
tamil-nadu,2022,1,633874,245587
tamil-nadu,2022,1,675388,188218
tamil-nadu,2022,1,692098,159506
tamil-nadu,2022,1,677997,127231
tamil-nadu,2022,1,621546,120900
tamil-nadu,2022,1,678311,102736
tamil-nadu,2022,1,698507,93338
tamil-nadu,2022,2,688358,1343229
tamil-nadu,2022,2,648628,698414
tamil-nadu,2022,2,625461,458112
tamil-nadu,2022,2,676592,338712
tamil-nadu,2022,2,658572,232295
tamil-nadu,2022,2,679723,229863
tamil-nadu,2022,2,655875,170084
tamil-nadu,2022,2,619459,158487
tamil-nadu,2022,2,660296,127114
tamil-nadu,2022,2,633091,114151
tamil-nadu,2022,3,626367,1563252
tamil-nadu,2022,3,616327,741397
tamil-nadu,2022,3,659627,491496
tamil-nadu,2022,3,681079,335153
tamil-nadu,2022,3,689029,288677
tamil-nadu,2022,3,682112,219492
tamil-nadu,2022,3,655292,210705
tamil-nadu,2022,3,687495,184814
tamil-nadu,2022,3,626841,138060
tamil-nadu,2022,3,623605,125780
tamil-nadu,2022,4,697532,1704394
tamil-nadu,2022,4,610823,890704
tamil-nadu,2022,4,685706,553993
tamil-nadu,2022,4,634078,441823
tamil-nadu,2022,4,690890,322558
tamil-nadu,2022,4,686730,265591
tamil-nadu,2022,4,687824,218194
tamil-nadu,2022,4,690715,199856
tamil-nadu,2022,4,640798,197282
tamil-nadu,2022,4,628441,157527
tamil-nadu,2023,1,677240,1364626
tamil-nadu,2023,1,618435,627878
tamil-nadu,2023,1,615004,471424
tamil-nadu,2023,1,633999,309474
tamil-nadu,2023,1,663669,258696
tamil-nadu,2023,1,662975,217225
tamil-nadu,2023,1,635161,163241
tamil-nadu,2023,1,655437,142150
tamil-nadu,2023,1,636868,138193
tamil-nadu,2023,1,644602,126721
tamil-nadu,2023,2,647159,1455897
tamil-nadu,2023,2,621593,706904
tamil-nadu,2023,2,678118,499982
tamil-nadu,2023,2,664567,330541
tamil-nadu,2023,2,685150,266515
tamil-nadu,2023,2,682576,243912
tamil-nadu,2023,2,676362,206895
tamil-nadu,2023,2,656146,180833
tamil-nadu,2023,2,623646,138084
tamil-nadu,2023,2,646827,126872
tamil-nadu,2023,3,610857,1619089
tamil-nadu,2023,3,656443,749943
tamil-nadu,2023,3,684898,487616
tamil-nadu,2023,3,623992,386940
tamil-nadu,2023,3,685145,285053
tamil-nadu,2023,3,639441,252835
tamil-nadu,2023,3,648223,202985
tamil-nadu,2023,3,663368,162376
tamil-nadu,2023,3,666914,156574
tamil-nadu,2023,3,617424,143893
tamil-nadu,2023,4,620900,2049712
tamil-nadu,2023,4,650961,1039460
tamil-nadu,2023,4,640591,673579
tamil-nadu,2023,4,671668,435264
tamil-nadu,2023,4,640209,336767
tamil-nadu,2023,4,610759,270135
tamil-nadu,2023,4,699821,260002
tamil-nadu,2023,4,630433,220751
tamil-nadu,2023,4,637120,186059
tamil-nadu,2023,4,645408,184353
telangana,2018,1,559702,487504
telangana,2018,1,546212,223626
telangana,2018,1,575699,162542
telangana,2018,1,594794,123239
telangana,2018,1,539463,85203
telangana,2018,1,536383,78128
telangana,2018,1,549531,62207
telangana,2018,1,511495,56557
telangana,2018,1,515395,44955
telangana,2018,1,544549,44081
telangana,2018,2,515679,572079
telangana,2018,2,567266,262463
telangana,2018,2,554409,170397
telangana,2018,2,585031,145860
telangana,2018,2,589439,97440
telangana,2018,2,562868,89713
telangana,2018,2,536580,78540
telangana,2018,2,574361,63639
telangana,2018,2,571608,55154
telangana,2018,2,536463,48755
telangana,2018,3,528817,665193
telangana,2018,3,574547,339723
telangana,2018,3,582131,227712
telangana,2018,3,574542,148470
telangana,2018,3,557318,131767
telangana,2018,3,552790,106593
telangana,2018,3,553395,81207
telangana,2018,3,544852,74428
telangana,2018,3,532582,60803
telangana,2018,3,559079,57469
telangana,2018,4,510718,747867
telangana,2018,4,599448,396777
telangana,2018,4,530020,231683
telangana,2018,4,589072,160670
telangana,2018,4,531604,136247
telangana,2018,4,571453,111981
telangana,2018,4,520611,100523
telangana,2018,4,541307,89285
telangana,2018,4,553318,73753
telangana,2018,4,519970,70557
telangana,2019,1,542858,722637
telangana,2019,1,564540,359927
telangana,2019,1,559097,254351
telangana,2019,1,514930,166561
telangana,2019,1,550205,137200
telangana,2019,1,575757,118925
telangana,2019,1,511814,103334
telangana,2019,1,510828,76783
telangana,2019,1,554227,70470
telangana,2019,1,573906,66206
telangana,2019,2,593632,716308
telangana,2019,2,525341,349601
telangana,2019,2,517127,234485
telangana,2019,2,517835,173206
telangana,2019,2,599941,135096
telangana,2019,2,557815,116723
telangana,2019,2,546328,100356
telangana,2019,2,548097,86890
telangana,2019,2,523683,67573
telangana,2019,2,554657,59368
telangana,2019,3,551087,785575
telangana,2019,3,575772,332447
telangana,2019,3,546167,214413
telangana,2019,3,579493,161615
telangana,2019,3,584082,124823
telangana,2019,3,563610,110060
telangana,2019,3,555079,91434
telangana,2019,3,598496,76635
telangana,2019,3,563757,73022
telangana,2019,3,557647,58176
telangana,2019,4,586140,1010241
telangana,2019,4,565641,513840
telangana,2019,4,551447,331725
telangana,2019,4,543584,233134
telangana,2019,4,546616,196621
telangana,2019,4,539348,171610
telangana,2019,4,538772,137001
telangana,2019,4,569754,128391
telangana,2019,4,580029,106465
telangana,2019,4,598179,99286
telangana,2020,1,571480,845678
telangana,2020,1,531849,423673
telangana,2020,1,536670,261831
telangana,2020,1,567198,205235
telangana,2020,1,535450,157075
telangana,2020,1,556047,126615
telangana,2020,1,516066,106573
telangana,2020,1,539862,93570
telangana,2020,1,553553,91822
telangana,2020,1,574643,80723
telangana,2020,2,570493,902748
telangana,2020,2,562353,418051
telangana,2020,2,580732,309984
telangana,2020,2,555084,236530
telangana,2020,2,560443,165212
telangana,2020,2,519748,136619
telangana,2020,2,527565,123443
telangana,2020,2,551222,96633
telangana,2020,2,585148,84940
telangana,2020,2,529421,84217
telangana,2020,3,555063,993968
telangana,2020,3,557440,547842
telangana,2020,3,581722,333583
telangana,2020,3,528899,261178
telangana,2020,3,531393,176907
telangana,2020,3,523066,152703
telangana,2020,3,530629,146115
telangana,2020,3,567055,108408
telangana,2020,3,530290,104338
telangana,2020,3,536011,83881
telangana,2020,4,591424,1197590
telangana,2020,4,571375,528132
telangana,2020,4,573485,363306
telangana,2020,4,594231,269288
telangana,2020,4,592724,190104
telangana,2020,4,558155,159353
telangana,2020,4,513490,158280
telangana,2020,4,557255,124913
telangana,2020,4,519193,117817
telangana,2020,4,584588,109250
telangana,2021,1,578528,987361
telangana,2021,1,547905,427796
telangana,2021,1,544101,286627
telangana,2021,1,585317,201470
telangana,2021,1,597832,162839
telangana,2021,1,570286,135358
telangana,2021,1,510099,117746
telangana,2021,1,536756,98701
telangana,2021,1,516171,89209
telangana,2021,1,536260,76738
telangana,2021,2,550153,1036195
telangana,2021,2,559785,493308
telangana,2021,2,594390,324178
telangana,2021,2,540208,251070
telangana,2021,2,546868,182362
telangana,2021,2,551776,149543
telangana,2021,2,578106,115592
telangana,2021,2,521666,109545
telangana,2021,2,581063,99613
telangana,2021,2,559009,95463
telangana,2021,3,565990,1031631
telangana,2021,3,550484,543058
telangana,2021,3,534259,346934
telangana,2021,3,515670,273645
telangana,2021,3,539842,229876
telangana,2021,3,545377,175100
telangana,2021,3,555230,154112
telangana,2021,3,546900,124068
telangana,2021,3,547325,109928
telangana,2021,3,547474,92461
telangana,2021,4,511851,1341840
telangana,2021,4,585503,728586
telangana,2021,4,538293,446366
telangana,2021,4,527255,372048
telangana,2021,4,525221,257646
telangana,2021,4,546487,234264
telangana,2021,4,572442,178550
telangana,2021,4,523438,173671
telangana,2021,4,582109,149986
telangana,2021,4,565502,138869
telangana,2022,1,563560,979059
telangana,2022,1,565746,520557
telangana,2022,1,513653,300465
telangana,2022,1,520738,229280
telangana,2022,1,519332,186269
telangana,2022,1,517716,143108
telangana,2022,1,532502,118676
telangana,2022,1,581129,117736
telangana,2022,1,563950,102358
telangana,2022,1,541206,90294
telangana,2022,2,527114,1072068
telangana,2022,2,583877,553313
telangana,2022,2,586657,334948
telangana,2022,2,544598,259738
telangana,2022,2,538947,217477
telangana,2022,2,539349,175181
telangana,2022,2,543577,152840
telangana,2022,2,529493,115289
telangana,2022,2,595025,106280
telangana,2022,2,531840,93873
telangana,2022,3,591811,1287517
telangana,2022,3,563241,600524
telangana,2022,3,548554,423561
telangana,2022,3,565901,292912
telangana,2022,3,583418,238039
telangana,2022,3,559461,172543
telangana,2022,3,582973,166641
telangana,2022,3,553390,142942
telangana,2022,3,528431,122922
telangana,2022,3,522622,113839
telangana,2022,4,568528,1442868
telangana,2022,4,570688,590194
telangana,2022,4,542897,406926
telangana,2022,4,559121,284294
telangana,2022,4,517308,267233
telangana,2022,4,547877,185914
telangana,2022,4,558282,161866
telangana,2022,4,555737,146606
telangana,2022,4,549382,138742
telangana,2022,4,566835,109322
telangana,2023,1,545195,1280657
telangana,2023,1,599702,646875
telangana,2023,1,555350,406814
telangana,2023,1,580906,281170
telangana,2023,1,519474,263527
telangana,2023,1,577456,211672
telangana,2023,1,588165,184161
telangana,2023,1,520354,146970
telangana,2023,1,571979,123393
telangana,2023,1,518000,107685
telangana,2023,2,516176,1360153
telangana,2023,2,566108,659148
telangana,2023,2,549384,430447
telangana,2023,2,535937,284261
telangana,2023,2,531043,229176
telangana,2023,2,582838,180633
telangana,2023,2,514547,168382
telangana,2023,2,551837,148967
telangana,2023,2,529012,132650
telangana,2023,2,579657,112776
telangana,2023,3,510051,1521576
telangana,2023,3,544419,732536
telangana,2023,3,523635,495390
telangana,2023,3,539126,343229
telangana,2023,3,519333,265706
telangana,2023,3,524358,228217
telangana,2023,3,543435,196891
telangana,2023,3,569034,180758
telangana,2023,3,549712,150244
telangana,2023,3,563715,132591
telangana,2023,4,546677,1659199
telangana,2023,4,583846,853828
telangana,2023,4,597855,540882
telangana,2023,4,526174,422574
telangana,2023,4,595029,308861
telangana,2023,4,565543,296048
telangana,2023,4,547897,239210
telangana,2023,4,516546,217675
telangana,2023,4,596414,172672
telangana,2023,4,526452,161169
tripura,2018,1,713748,28492
tripura,2018,1,774972,13924
tripura,2018,1,746358,7783
tripura,2018,1,730037,6282
tripura,2018,1,760511,5317
tripura,2018,1,756991,3641
tripura,2018,1,783000,3263
tripura,2018,1,729472,2991
tripura,2018,1,744460,2870
tripura,2018,1,766490,2510
tripura,2018,2,788602,35881
tripura,2018,2,779529,19344
tripura,2018,2,797896,10985
tripura,2018,2,732741,9702
tripura,2018,2,795726,6877
tripura,2018,2,798935,6299
tripura,2018,2,735062,4765
tripura,2018,2,765003,4386
tripura,2018,2,772401,3471
tripura,2018,2,733271,3231
tripura,2018,3,784193,32920
tripura,2018,3,737960,18956
tripura,2018,3,794544,10889
tripura,2018,3,721138,8298
tripura,2018,3,794475,6636
tripura,2018,3,724931,5499
tripura,2018,3,716433,4539
tripura,2018,3,767496,4232
tripura,2018,3,734361,3909
tripura,2018,3,726879,3007
tripura,2018,4,781367,45736
tripura,2018,4,726448,22331
tripura,2018,4,749282,16440
tripura,2018,4,761079,10921
tripura,2018,4,767332,8593
tripura,2018,4,758393,7576
tripura,2018,4,799487,6683
tripura,2018,4,791245,5465
tripura,2018,4,725808,4565
tripura,2018,4,768779,4475
tripura,2019,1,744207,41207
tripura,2019,1,796429,21571
tripura,2019,1,759459,12517
tripura,2019,1,761768,9009
tripura,2019,1,792309,8270
tripura,2019,1,720887,6766
tripura,2019,1,762100,5412
tripura,2019,1,720775,4824
tripura,2019,1,717698,3828
tripura,2019,1,734013,3358
tripura,2019,2,743103,47445
tripura,2019,2,796671,24935
tripura,2019,2,717797,16348
tripura,2019,2,767874,10728
tripura,2019,2,736907,8763
tripura,2019,2,718238,7752
tripura,2019,2,760338,6381
tripura,2019,2,719697,5692
tripura,2019,2,731681,4928
tripura,2019,2,765978,4322
tripura,2019,3,734994,57768
tripura,2019,3,740977,27636
tripura,2019,3,789874,17063
tripura,2019,3,734046,12789
tripura,2019,3,741620,9937
tripura,2019,3,796750,8546
tripura,2019,3,747535,6595
tripura,2019,3,795832,6586
tripura,2019,3,741646,5042
tripura,2019,3,765404,4826
tripura,2019,4,776399,53702
tripura,2019,4,712514,28318
tripura,2019,4,720302,18377
tripura,2019,4,726335,12839
tripura,2019,4,745152,10145
tripura,2019,4,789001,9393
tripura,2019,4,784662,7792
tripura,2019,4,781377,7179
tripura,2019,4,746816,5518
tripura,2019,4,720344,5464
tripura,2020,1,790279,45820
tripura,2020,1,760393,24134
tripura,2020,1,740539,13519
tripura,2020,1,710196,10180
tripura,2020,1,729717,8770
tripura,2020,1,769544,7297
tripura,2020,1,745457,6464
tripura,2020,1,728151,4933
tripura,2020,1,716164,4718
tripura,2020,1,742366,3974
tripura,2020,2,732007,59133
tripura,2020,2,787173,30119
tripura,2020,2,714677,19875
tripura,2020,2,741679,12815
tripura,2020,2,792782,11407
tripura,2020,2,749607,9525
tripura,2020,2,713136,7687
tripura,2020,2,776368,6116
tripura,2020,2,735514,5816
tripura,2020,2,745290,5626
tripura,2020,3,752273,67378
tripura,2020,3,782349,31485
tripura,2020,3,759834,19499
tripura,2020,3,764130,16335
tripura,2020,3,785380,11334
tripura,2020,3,797781,9344
tripura,2020,3,719328,8477
tripura,2020,3,759092,7936
tripura,2020,3,747143,6287
tripura,2020,3,772830,5449
tripura,2020,4,756932,77373
tripura,2020,4,777901,36501
tripura,2020,4,726246,23533
tripura,2020,4,725186,19340
tripura,2020,4,769118,12633
tripura,2020,4,722204,10790
tripura,2020,4,726803,10686
tripura,2020,4,786896,9108
tripura,2020,4,757659,7933
tripura,2020,4,799031,6647
tripura,2021,1,742302,62277
tripura,2021,1,722090,29172
tripura,2021,1,749496,16721
tripura,2021,1,767358,13043
tripura,2021,1,768354,11058
tripura,2021,1,725184,8296
tripura,2021,1,716495,7357
tripura,2021,1,776842,5844
tripura,2021,1,790607,5171
tripura,2021,1,732938,4930
tripura,2021,2,729038,58357
tripura,2021,2,786773,29088
tripura,2021,2,779337,19717
tripura,2021,2,750951,14031
tripura,2021,2,747495,9955
tripura,2021,2,787360,8221
tripura,2021,2,774093,8152
tripura,2021,2,743478,6269
tripura,2021,2,717153,6085
tripura,2021,2,746559,5368
tripura,2021,3,754733,73288
tripura,2021,3,736180,38177
tripura,2021,3,766588,24256
tripura,2021,3,740845,18789
tripura,2021,3,747618,12723
tripura,2021,3,792298,11248
tripura,2021,3,736141,9284
tripura,2021,3,794373,9116
tripura,2021,3,737775,6996
tripura,2021,3,793092,6792
tripura,2021,4,727177,67946
tripura,2021,4,783615,38699
tripura,2021,4,772653,24967
tripura,2021,4,777706,16181
tripura,2021,4,711524,14692
tripura,2021,4,764288,10450
tripura,2021,4,711612,8949
tripura,2021,4,750403,8535
tripura,2021,4,769807,7704
tripura,2021,4,755722,6828
tripura,2022,1,721339,64786
tripura,2022,1,732925,33217
tripura,2022,1,757941,20075
tripura,2022,1,722827,15198
tripura,2022,1,776806,12350
tripura,2022,1,734465,10460
tripura,2022,1,744793,8270
tripura,2022,1,796822,6975
tripura,2022,1,788494,6711
tripura,2022,1,745146,6393
tripura,2022,2,796969,76674
tripura,2022,2,737339,31668
tripura,2022,2,740508,20938
tripura,2022,2,764828,17752
tripura,2022,2,727056,12882
tripura,2022,2,765996,10757
tripura,2022,2,711679,9889
tripura,2022,2,780325,8130
tripura,2022,2,748906,7040
tripura,2022,2,727003,6590
tripura,2022,3,768933,89296
tripura,2022,3,741756,41270
tripura,2022,3,769099,26973
tripura,2022,3,785190,19652
tripura,2022,3,779653,14622
tripura,2022,3,776383,12405
tripura,2022,3,777772,10763
tripura,2022,3,756470,8595
tripura,2022,3,757497,8595
tripura,2022,3,767531,7669
tripura,2022,4,760308,81129
tripura,2022,4,782649,40493
tripura,2022,4,765847,24375
tripura,2022,4,743886,18548
tripura,2022,4,719707,14674
tripura,2022,4,727534,13883
tripura,2022,4,777808,10987
tripura,2022,4,766905,8878
tripura,2022,4,750484,8620
tripura,2022,4,720612,6941
tripura,2023,1,763089,85348
tripura,2023,1,737349,38354
tripura,2023,1,774599,23998
tripura,2023,1,748473,16859
tripura,2023,1,740490,13372
tripura,2023,1,791163,11561
tripura,2023,1,760020,10793
tripura,2023,1,785624,9758
tripura,2023,1,726279,8470
tripura,2023,1,786387,6891
tripura,2023,2,763714,84001
tripura,2023,2,723280,45003
tripura,2023,2,793208,30952
tripura,2023,2,792807,19881
tripura,2023,2,757235,17943
tripura,2023,2,750974,12392
tripura,2023,2,730400,11661
tripura,2023,2,788306,10076
tripura,2023,2,744427,8893
tripura,2023,2,720151,7190
tripura,2023,3,752371,94435
tripura,2023,3,786158,41174
tripura,2023,3,773656,26195
tripura,2023,3,741864,18969
tripura,2023,3,795385,17074
tripura,2023,3,730703,14852
tripura,2023,3,797304,12252
tripura,2023,3,777065,10492
tripura,2023,3,760327,9038
tripura,2023,3,753768,7882
tripura,2023,4,775753,112888
tripura,2023,4,782202,49997
tripura,2023,4,711599,36669
tripura,2023,4,772042,24314
tripura,2023,4,786837,19527
tripura,2023,4,717920,15789
tripura,2023,4,799250,13680
tripura,2023,4,782400,12105
tripura,2023,4,718391,11910
tripura,2023,4,769963,10816
uttar-pradesh,2018,1,299278,654151
uttar-pradesh,2018,1,289716,267666
uttar-pradesh,2018,1,211053,190892
uttar-pradesh,2018,1,287224,145134
uttar-pradesh,2018,1,239634,101446
uttar-pradesh,2018,1,250434,84287
uttar-pradesh,2018,1,224876,76700
uttar-pradesh,2018,1,244866,63375
uttar-pradesh,2018,1,244379,59159
uttar-pradesh,2018,1,241623,58247
uttar-pradesh,2018,2,238291,705634
uttar-pradesh,2018,2,212714,382643
uttar-pradesh,2018,2,245985,240497
uttar-pradesh,2018,2,269677,176197
uttar-pradesh,2018,2,263006,144861
uttar-pradesh,2018,2,260905,111330
uttar-pradesh,2018,2,246958,90355
uttar-pradesh,2018,2,270765,83758
uttar-pradesh,2018,2,271495,70533
uttar-pradesh,2018,2,245062,70396
uttar-pradesh,2018,3,269254,839551
uttar-pradesh,2018,3,242748,395239
uttar-pradesh,2018,3,225498,262648
uttar-pradesh,2018,3,241546,180920
uttar-pradesh,2018,3,233126,149551
uttar-pradesh,2018,3,295367,118799
uttar-pradesh,2018,3,225457,97626
uttar-pradesh,2018,3,263808,96518
uttar-pradesh,2018,3,242133,87919
uttar-pradesh,2018,3,230829,68821
uttar-pradesh,2018,4,215767,914940
uttar-pradesh,2018,4,269828,482888
uttar-pradesh,2018,4,225942,323159
uttar-pradesh,2018,4,242215,208996
uttar-pradesh,2018,4,293517,156668
uttar-pradesh,2018,4,298434,142457
uttar-pradesh,2018,4,263170,126867
uttar-pradesh,2018,4,263517,103971
uttar-pradesh,2018,4,234984,93596
uttar-pradesh,2018,4,216958,91460
uttar-pradesh,2019,1,270175,933637
uttar-pradesh,2019,1,212586,439361
uttar-pradesh,2019,1,238866,269315
uttar-pradesh,2019,1,210699,188574
uttar-pradesh,2019,1,264116,170032
uttar-pradesh,2019,1,284173,119921
uttar-pradesh,2019,1,297873,101767
uttar-pradesh,2019,1,245853,88979
uttar-pradesh,2019,1,280072,81865
uttar-pradesh,2019,1,231818,81003
uttar-pradesh,2019,2,222389,1074627
uttar-pradesh,2019,2,273008,444357
uttar-pradesh,2019,2,221855,280014
uttar-pradesh,2019,2,291593,220047
uttar-pradesh,2019,2,235358,197305
uttar-pradesh,2019,2,262956,145946
uttar-pradesh,2019,2,254755,124134
uttar-pradesh,2019,2,276134,110266
uttar-pradesh,2019,2,251975,101713
uttar-pradesh,2019,2,245792,80801
uttar-pradesh,2019,3,287955,1147245
uttar-pradesh,2019,3,227323,531483
uttar-pradesh,2019,3,247967,338442
uttar-pradesh,2019,3,261368,230388
uttar-pradesh,2019,3,257356,207728
uttar-pradesh,2019,3,222074,151526
uttar-pradesh,2019,3,265192,145730
uttar-pradesh,2019,3,238903,118160
uttar-pradesh,2019,3,228097,99426
uttar-pradesh,2019,3,222585,96396
uttar-pradesh,2019,4,280763,1225418
uttar-pradesh,2019,4,257659,595352
uttar-pradesh,2019,4,267694,393291
uttar-pradesh,2019,4,286060,255041
uttar-pradesh,2019,4,236044,208660
uttar-pradesh,2019,4,223332,198651
uttar-pradesh,2019,4,234375,169933
uttar-pradesh,2019,4,287863,130390
uttar-pradesh,2019,4,234071,119850
uttar-pradesh,2019,4,233947,99114
uttar-pradesh,2020,1,275909,1172659
uttar-pradesh,2020,1,229593,547278
uttar-pradesh,2020,1,214151,363288
uttar-pradesh,2020,1,225088,262641
uttar-pradesh,2020,1,239661,191978
uttar-pradesh,2020,1,221637,171782
uttar-pradesh,2020,1,210489,134982
uttar-pradesh,2020,1,282158,132681
uttar-pradesh,2020,1,293586,102553
uttar-pradesh,2020,1,210156,99026
uttar-pradesh,2020,2,289575,1059323
uttar-pradesh,2020,2,259807,456830
uttar-pradesh,2020,2,212347,311740
uttar-pradesh,2020,2,253800,241994
uttar-pradesh,2020,2,291426,191564
uttar-pradesh,2020,2,238220,145867
uttar-pradesh,2020,2,262825,139887
uttar-pradesh,2020,2,282886,115813
uttar-pradesh,2020,2,286886,97224
uttar-pradesh,2020,2,235345,95268
uttar-pradesh,2020,3,288712,1377056
uttar-pradesh,2020,3,218221,698881
uttar-pradesh,2020,3,252627,424488
uttar-pradesh,2020,3,268131,348271
uttar-pradesh,2020,3,255657,251070
uttar-pradesh,2020,3,294947,228183
uttar-pradesh,2020,3,281155,198586
uttar-pradesh,2020,3,242106,169867
uttar-pradesh,2020,3,242445,132532
uttar-pradesh,2020,3,246026,125008
uttar-pradesh,2020,4,239487,1538764
uttar-pradesh,2020,4,248548,792883
uttar-pradesh,2020,4,268428,500976
uttar-pradesh,2020,4,247371,342366
uttar-pradesh,2020,4,286740,265066
uttar-pradesh,2020,4,218833,215323
uttar-pradesh,2020,4,277391,196299
uttar-pradesh,2020,4,257538,168041
uttar-pradesh,2020,4,219805,151975
uttar-pradesh,2020,4,261581,128692
uttar-pradesh,2021,1,281803,1240118
uttar-pradesh,2021,1,248854,583345
uttar-pradesh,2021,1,222629,399517
uttar-pradesh,2021,1,219252,262116
uttar-pradesh,2021,1,233299,221722
uttar-pradesh,2021,1,223331,164462
uttar-pradesh,2021,1,288563,146391
uttar-pradesh,2021,1,260320,140653
uttar-pradesh,2021,1,243156,125986
uttar-pradesh,2021,1,246729,101737
uttar-pradesh,2021,2,270351,1117494
uttar-pradesh,2021,2,268700,551660
uttar-pradesh,2021,2,289162,359604
uttar-pradesh,2021,2,254734,245394
uttar-pradesh,2021,2,228953,206078
uttar-pradesh,2021,2,282460,179300
uttar-pradesh,2021,2,288860,164564
uttar-pradesh,2021,2,216382,127459
uttar-pradesh,2021,2,221179,124489
uttar-pradesh,2021,2,282214,106629
uttar-pradesh,2021,3,259261,1452545
uttar-pradesh,2021,3,295912,773248
uttar-pradesh,2021,3,244034,462302
uttar-pradesh,2021,3,214350,351598
uttar-pradesh,2021,3,251103,298988
uttar-pradesh,2021,3,259676,215725
uttar-pradesh,2021,3,281971,205092
uttar-pradesh,2021,3,257484,170804
uttar-pradesh,2021,3,232818,146317
uttar-pradesh,2021,3,249985,140633
uttar-pradesh,2021,4,219061,1791539
uttar-pradesh,2021,4,271788,804267
uttar-pradesh,2021,4,214859,544796
uttar-pradesh,2021,4,243912,424723
uttar-pradesh,2021,4,214683,341209
uttar-pradesh,2021,4,280440,252952
uttar-pradesh,2021,4,224971,231071
uttar-pradesh,2021,4,255411,201024
uttar-pradesh,2021,4,214939,190046
uttar-pradesh,2021,4,225677,151830
uttar-pradesh,2022,1,259266,1418309
uttar-pradesh,2022,1,275166,715536
uttar-pradesh,2022,1,260259,450564
uttar-pradesh,2022,1,235846,313721
uttar-pradesh,2022,1,211416,270216
uttar-pradesh,2022,1,217257,221812
uttar-pradesh,2022,1,243613,196324
uttar-pradesh,2022,1,278761,163294
uttar-pradesh,2022,1,272611,136051
uttar-pradesh,2022,1,262785,116520
uttar-pradesh,2022,2,235704,1367671
uttar-pradesh,2022,2,223311,675586
uttar-pradesh,2022,2,217610,469494
uttar-pradesh,2022,2,288729,367057
uttar-pradesh,2022,2,292461,274288
uttar-pradesh,2022,2,219646,214717
uttar-pradesh,2022,2,215574,199506
uttar-pradesh,2022,2,244782,175589
uttar-pradesh,2022,2,214010,162678
uttar-pradesh,2022,2,297150,141318
uttar-pradesh,2022,3,299103,1684765
uttar-pradesh,2022,3,269696,758867
uttar-pradesh,2022,3,225537,523791
uttar-pradesh,2022,3,256546,339164
uttar-pradesh,2022,3,253216,305555
uttar-pradesh,2022,3,214346,257253
uttar-pradesh,2022,3,232497,191682
uttar-pradesh,2022,3,214077,187928
uttar-pradesh,2022,3,297462,146724
uttar-pradesh,2022,3,220163,128932
uttar-pradesh,2022,4,234696,1624011
uttar-pradesh,2022,4,213531,740983
uttar-pradesh,2022,4,263477,506150
uttar-pradesh,2022,4,258573,336984
uttar-pradesh,2022,4,296276,308219
uttar-pradesh,2022,4,252341,227795
uttar-pradesh,2022,4,213967,198618
uttar-pradesh,2022,4,228277,189181
uttar-pradesh,2022,4,296070,154025
uttar-pradesh,2022,4,231981,130676
uttar-pradesh,2023,1,297236,1268655
uttar-pradesh,2023,1,282156,641180
uttar-pradesh,2023,1,273967,452655
uttar-pradesh,2023,1,294641,340488
uttar-pradesh,2023,1,289152,230156
uttar-pradesh,2023,1,257715,186995
uttar-pradesh,2023,1,211097,182146
uttar-pradesh,2023,1,273887,162227
uttar-pradesh,2023,1,265597,122980
uttar-pradesh,2023,1,269210,117356
uttar-pradesh,2023,2,237865,1579040
uttar-pradesh,2023,2,279280,868796
uttar-pradesh,2023,2,219871,571002
uttar-pradesh,2023,2,290267,373004
uttar-pradesh,2023,2,232706,331465
uttar-pradesh,2023,2,234346,267815
uttar-pradesh,2023,2,271033,215773
uttar-pradesh,2023,2,265563,178203
uttar-pradesh,2023,2,238120,160823
uttar-pradesh,2023,2,236644,143429
uttar-pradesh,2023,3,269242,1657758
uttar-pradesh,2023,3,286892,932191
uttar-pradesh,2023,3,289004,613774
uttar-pradesh,2023,3,253520,432324
uttar-pradesh,2023,3,295554,310286
uttar-pradesh,2023,3,231678,303681
uttar-pradesh,2023,3,225188,240287
uttar-pradesh,2023,3,210493,187841
uttar-pradesh,2023,3,228393,169638
uttar-pradesh,2023,3,228490,158601
uttar-pradesh,2023,4,284865,1786180
uttar-pradesh,2023,4,292765,848581
uttar-pradesh,2023,4,246345,572834
uttar-pradesh,2023,4,263023,412884
uttar-pradesh,2023,4,213616,313860
uttar-pradesh,2023,4,236467,231786
uttar-pradesh,2023,4,211355,223023
uttar-pradesh,2023,4,274442,204157
uttar-pradesh,2023,4,249117,161443
uttar-pradesh,2023,4,298521,158448
uttarakhand,2018,1,241920,84598
uttarakhand,2018,1,264329,42194
uttarakhand,2018,1,235616,31325
uttarakhand,2018,1,260004,21488
uttarakhand,2018,1,293359,17803
uttarakhand,2018,1,283992,13073
uttarakhand,2018,1,247495,12733
uttarakhand,2018,1,229456,11319
uttarakhand,2018,1,291559,9438
uttarakhand,2018,1,220751,8957
uttarakhand,2018,2,232714,132596
uttarakhand,2018,2,250893,60764
uttarakhand,2018,2,276732,39972
uttarakhand,2018,2,286330,26599
uttarakhand,2018,2,262949,22482
uttarakhand,2018,2,245709,20559
uttarakhand,2018,2,276149,15311
uttarakhand,2018,2,225121,13459
uttarakhand,2018,2,288978,11869
uttarakhand,2018,2,245972,9944
uttarakhand,2018,3,212241,130690
uttarakhand,2018,3,295827,73031
uttarakhand,2018,3,257421,42835
uttarakhand,2018,3,293867,30589
uttarakhand,2018,3,214830,24388
uttarakhand,2018,3,267532,22715
uttarakhand,2018,3,210223,19855
uttarakhand,2018,3,232630,14833
uttarakhand,2018,3,265083,13142
uttarakhand,2018,3,273097,12947
uttarakhand,2018,4,254666,170246
uttarakhand,2018,4,243171,85714
uttarakhand,2018,4,236593,55504
uttarakhand,2018,4,239392,38954
uttarakhand,2018,4,282649,32354
uttarakhand,2018,4,230731,27733
uttarakhand,2018,4,279204,20694
uttarakhand,2018,4,263000,20487
uttarakhand,2018,4,267872,15625
uttarakhand,2018,4,272522,15138
uttarakhand,2019,1,269051,146081
uttarakhand,2019,1,252412,64225
uttarakhand,2019,1,298230,48399
uttarakhand,2019,1,244594,35053
uttarakhand,2019,1,288037,28624
uttarakhand,2019,1,285004,20084
uttarakhand,2019,1,232167,18495
uttarakhand,2019,1,289901,15230
uttarakhand,2019,1,288416,14404
uttarakhand,2019,1,291173,11542
uttarakhand,2019,2,218273,176346
uttarakhand,2019,2,240050,87051
uttarakhand,2019,2,231715,57001
uttarakhand,2019,2,248783,42026
uttarakhand,2019,2,219922,28737
uttarakhand,2019,2,277490,24724
uttarakhand,2019,2,291563,23587
uttarakhand,2019,2,259597,17659
uttarakhand,2019,2,269792,15102
uttarakhand,2019,2,236888,14388
uttarakhand,2019,3,241421,199305
uttarakhand,2019,3,289312,99122
uttarakhand,2019,3,277537,62886
uttarakhand,2019,3,297418,47761
uttarakhand,2019,3,227899,37595
uttarakhand,2019,3,227214,31860
uttarakhand,2019,3,255795,29396
uttarakhand,2019,3,224745,24356
uttarakhand,2019,3,247109,23271
uttarakhand,2019,3,238456,19934
uttarakhand,2019,4,297702,195958
uttarakhand,2019,4,275515,104336
uttarakhand,2019,4,266502,59289
uttarakhand,2019,4,259396,49853
uttarakhand,2019,4,239730,35246
uttarakhand,2019,4,264087,30269
uttarakhand,2019,4,211116,25124
uttarakhand,2019,4,244884,23814
uttarakhand,2019,4,273571,22093
uttarakhand,2019,4,220396,18636
uttarakhand,2020,1,269996,186043
uttarakhand,2020,1,259737,98121
uttarakhand,2020,1,232147,62760
uttarakhand,2020,1,270336,47496
uttarakhand,2020,1,271871,38839
uttarakhand,2020,1,248678,29781
uttarakhand,2020,1,214238,23993
uttarakhand,2020,1,261949,22405
uttarakhand,2020,1,226311,21185
uttarakhand,2020,1,217356,17297
uttarakhand,2020,2,290779,207882
uttarakhand,2020,2,298199,102413
uttarakhand,2020,2,234063,66102
uttarakhand,2020,2,286622,42331
uttarakhand,2020,2,211129,36512
uttarakhand,2020,2,227377,28880
uttarakhand,2020,2,279490,23900
uttarakhand,2020,2,287394,23145
uttarakhand,2020,2,217207,19841
uttarakhand,2020,2,286673,16170
uttarakhand,2020,3,210251,195218
uttarakhand,2020,3,223419,88703
uttarakhand,2020,3,295522,65621
uttarakhand,2020,3,299481,41591
uttarakhand,2020,3,231902,37534
uttarakhand,2020,3,231377,30929
uttarakhand,2020,3,227433,26300
uttarakhand,2020,3,297634,23696
uttarakhand,2020,3,255964,18680
uttarakhand,2020,3,270598,17956
uttarakhand,2020,4,225325,234586
uttarakhand,2020,4,293687,107700
uttarakhand,2020,4,244008,77391
uttarakhand,2020,4,210626,53600
uttarakhand,2020,4,227392,43440
uttarakhand,2020,4,278883,34990
uttarakhand,2020,4,243166,28494
uttarakhand,2020,4,236361,25670
uttarakhand,2020,4,242132,25085
uttarakhand,2020,4,211370,21253
uttarakhand,2021,1,271575,206178
uttarakhand,2021,1,255579,104575
uttarakhand,2021,1,268835,57441
uttarakhand,2021,1,237833,41573
uttarakhand,2021,1,264923,38367
uttarakhand,2021,1,288641,28897
uttarakhand,2021,1,259513,24205
uttarakhand,2021,1,224256,22577
uttarakhand,2021,1,261830,18662
uttarakhand,2021,1,298554,18181
uttarakhand,2021,2,212259,257371
uttarakhand,2021,2,222846,119619
uttarakhand,2021,2,229801,77457
uttarakhand,2021,2,298261,57724
uttarakhand,2021,2,299597,40960
uttarakhand,2021,2,243688,38595
uttarakhand,2021,2,233777,31151
uttarakhand,2021,2,249550,25187
uttarakhand,2021,2,216044,22311
uttarakhand,2021,2,236022,22052
uttarakhand,2021,3,231503,239871
uttarakhand,2021,3,238172,121055
uttarakhand,2021,3,295604,68612
uttarakhand,2021,3,225189,56734
uttarakhand,2021,3,251482,43320
uttarakhand,2021,3,297039,37804
uttarakhand,2021,3,264861,29826
uttarakhand,2021,3,238086,24015
uttarakhand,2021,3,272256,22060
uttarakhand,2021,3,279425,21732
uttarakhand,2021,4,231605,299789
uttarakhand,2021,4,281972,157226
uttarakhand,2021,4,226759,105538
uttarakhand,2021,4,269374,72126
uttarakhand,2021,4,256572,64012
uttarakhand,2021,4,260636,45485
uttarakhand,2021,4,275230,45210
uttarakhand,2021,4,249799,35270
uttarakhand,2021,4,268114,34663
uttarakhand,2021,4,265106,26990
uttarakhand,2022,1,243009,232562
uttarakhand,2022,1,286216,121604
uttarakhand,2022,1,281346,69409
uttarakhand,2022,1,271537,51987
uttarakhand,2022,1,267107,42603
uttarakhand,2022,1,224117,35983
uttarakhand,2022,1,296785,29451
uttarakhand,2022,1,297151,27564
uttarakhand,2022,1,259088,24907
uttarakhand,2022,1,210978,21625
uttarakhand,2022,2,229288,253876
uttarakhand,2022,2,242709,122628
uttarakhand,2022,2,279882,85950
uttarakhand,2022,2,226814,65090
uttarakhand,2022,2,295244,48043
uttarakhand,2022,2,229994,37614
uttarakhand,2022,2,234664,36902
uttarakhand,2022,2,258114,28187
uttarakhand,2022,2,226952,27072
uttarakhand,2022,2,271016,23281
uttarakhand,2022,3,216224,323848
uttarakhand,2022,3,225815,154018
uttarakhand,2022,3,222783,90641
uttarakhand,2022,3,297834,72110
uttarakhand,2022,3,228696,53042
uttarakhand,2022,3,249068,41711
uttarakhand,2022,3,288080,38591
uttarakhand,2022,3,229990,34428
uttarakhand,2022,3,260103,26914
uttarakhand,2022,3,231418,24423
uttarakhand,2022,4,229644,292996
uttarakhand,2022,4,248254,126573
uttarakhand,2022,4,249714,95372
uttarakhand,2022,4,292753,65113
uttarakhand,2022,4,235295,55353
uttarakhand,2022,4,237538,41668
uttarakhand,2022,4,282000,37194
uttarakhand,2022,4,212104,34239
uttarakhand,2022,4,244692,27924
uttarakhand,2022,4,294191,26960
uttarakhand,2023,1,265667,254097
uttarakhand,2023,1,295448,122544
uttarakhand,2023,1,290230,70040
uttarakhand,2023,1,211123,52263
uttarakhand,2023,1,273198,43962
uttarakhand,2023,1,220747,33761
uttarakhand,2023,1,263682,28720
uttarakhand,2023,1,285706,27238
uttarakhand,2023,1,230791,23508
uttarakhand,2023,1,230466,22547
uttarakhand,2023,2,233575,311014
uttarakhand,2023,2,247937,136615
uttarakhand,2023,2,254522,95149
uttarakhand,2023,2,256066,67214
uttarakhand,2023,2,253185,60500
uttarakhand,2023,2,221037,41643
uttarakhand,2023,2,286943,36211
uttarakhand,2023,2,222607,34098
uttarakhand,2023,2,237999,28531
uttarakhand,2023,2,253397,28385
uttarakhand,2023,3,286965,288234
uttarakhand,2023,3,219759,128977
uttarakhand,2023,3,225002,87104
uttarakhand,2023,3,229792,62563
uttarakhand,2023,3,261538,56543
uttarakhand,2023,3,220583,45932
uttarakhand,2023,3,284257,39872
uttarakhand,2023,3,254825,34098
uttarakhand,2023,3,224139,26950
uttarakhand,2023,3,242064,26401
uttarakhand,2023,4,271179,368273
uttarakhand,2023,4,214590,165955
uttarakhand,2023,4,248517,113199
uttarakhand,2023,4,249587,88415
uttarakhand,2023,4,220130,67343
uttarakhand,2023,4,256606,53742
uttarakhand,2023,4,263249,47809
uttarakhand,2023,4,262799,44668
uttarakhand,2023,4,252280,39905
uttarakhand,2023,4,232395,36300
west-bengal,2018,1,757473,336802
west-bengal,2018,1,735871,168748
west-bengal,2018,1,761339,100857
west-bengal,2018,1,774199,74659
west-bengal,2018,1,760055,61840
west-bengal,2018,1,788030,52716
west-bengal,2018,1,752742,40499
west-bengal,2018,1,716417,35133
west-bengal,2018,1,744379,34170
west-bengal,2018,1,732889,28225
west-bengal,2018,2,737645,379184
west-bengal,2018,2,711228,191591
west-bengal,2018,2,774126,110431
west-bengal,2018,2,713688,84082
west-bengal,2018,2,769502,77808
west-bengal,2018,2,789769,58476
west-bengal,2018,2,728154,53276
west-bengal,2018,2,782432,45073
west-bengal,2018,2,774594,38786
west-bengal,2018,2,766832,32421
west-bengal,2018,3,751779,449311
west-bengal,2018,3,713625,224857
west-bengal,2018,3,747878,148787
west-bengal,2018,3,746846,119792
west-bengal,2018,3,780682,96073
west-bengal,2018,3,773558,71171
west-bengal,2018,3,748334,65254
west-bengal,2018,3,774260,50850
west-bengal,2018,3,737723,49375
west-bengal,2018,3,712234,44552
west-bengal,2018,4,719889,506338
west-bengal,2018,4,721775,250421
west-bengal,2018,4,743703,173698
west-bengal,2018,4,737714,114514
west-bengal,2018,4,763204,105930
west-bengal,2018,4,788679,85275
west-bengal,2018,4,764889,65042
west-bengal,2018,4,795187,54979
west-bengal,2018,4,764152,49611
west-bengal,2018,4,718882,47023
west-bengal,2019,1,733165,530038
west-bengal,2019,1,729501,268389
west-bengal,2019,1,796763,170883
west-bengal,2019,1,788682,128136
west-bengal,2019,1,788319,89448
west-bengal,2019,1,753700,75427
west-bengal,2019,1,783299,60812
west-bengal,2019,1,771787,54824
west-bengal,2019,1,712764,49831
west-bengal,2019,1,762115,46287
west-bengal,2019,2,721672,570162
west-bengal,2019,2,769246,300332
west-bengal,2019,2,750092,177458
west-bengal,2019,2,714491,128410
west-bengal,2019,2,755572,107196
west-bengal,2019,2,787141,80883
west-bengal,2019,2,720731,78591
west-bengal,2019,2,799498,65041
west-bengal,2019,2,771500,60824
west-bengal,2019,2,735377,48404
west-bengal,2019,3,734942,595289
west-bengal,2019,3,725601,294573
west-bengal,2019,3,747921,189846
west-bengal,2019,3,723439,126114
west-bengal,2019,3,798201,115157
west-bengal,2019,3,738469,94768
west-bengal,2019,3,797004,74035
west-bengal,2019,3,768196,68680
west-bengal,2019,3,787003,60843
west-bengal,2019,3,741471,58790
west-bengal,2019,4,756907,738879
west-bengal,2019,4,769412,333351
west-bengal,2019,4,762208,216815
west-bengal,2019,4,726688,146338
west-bengal,2019,4,788299,133369
west-bengal,2019,4,754982,97720
west-bengal,2019,4,760892,86571
west-bengal,2019,4,751591,78946
west-bengal,2019,4,777559,74018
west-bengal,2019,4,793468,65080
west-bengal,2020,1,727125,607163
west-bengal,2020,1,775007,297468
west-bengal,2020,1,722803,195383
west-bengal,2020,1,769049,148715
west-bengal,2020,1,795340,121142
west-bengal,2020,1,796960,109302
west-bengal,2020,1,798215,79137
west-bengal,2020,1,750707,78521
west-bengal,2020,1,789929,64238
west-bengal,2020,1,742071,54181
west-bengal,2020,2,786249,701634
west-bengal,2020,2,798490,340406
west-bengal,2020,2,727501,216253
west-bengal,2020,2,781911,153784
west-bengal,2020,2,748667,115625
west-bengal,2020,2,797621,95321
west-bengal,2020,2,726548,91978
west-bengal,2020,2,715633,70331
west-bengal,2020,2,773977,66886
west-bengal,2020,2,729602,52636
west-bengal,2020,3,720178,659098
west-bengal,2020,3,730654,342747
west-bengal,2020,3,761735,234857
west-bengal,2020,3,760897,182823
west-bengal,2020,3,729592,140362
west-bengal,2020,3,773370,108223
west-bengal,2020,3,757336,100931
west-bengal,2020,3,731690,79094
west-bengal,2020,3,754866,73912
west-bengal,2020,3,733797,70537
west-bengal,2020,4,766602,756973
west-bengal,2020,4,758338,416475
west-bengal,2020,4,779745,281985
west-bengal,2020,4,752012,190014
west-bengal,2020,4,771302,147260
west-bengal,2020,4,751943,119300
west-bengal,2020,4,761035,117398
west-bengal,2020,4,769562,91652
west-bengal,2020,4,759367,86467
west-bengal,2020,4,721919,76305
west-bengal,2021,1,797180,748531
west-bengal,2021,1,799700,351537
west-bengal,2021,1,747044,205956
west-bengal,2021,1,765204,174121
west-bengal,2021,1,736838,145243
west-bengal,2021,1,789995,101760
west-bengal,2021,1,763189,95789
west-bengal,2021,1,711182,80959
west-bengal,2021,1,751798,78097
west-bengal,2021,1,714187,64844
west-bengal,2021,2,753455,823130
west-bengal,2021,2,784105,419461
west-bengal,2021,2,740021,278376
west-bengal,2021,2,710640,216335
west-bengal,2021,2,750183,148560
west-bengal,2021,2,750328,137021
west-bengal,2021,2,749013,120563
west-bengal,2021,2,734439,95860
west-bengal,2021,2,723748,88948
west-bengal,2021,2,738207,82129
west-bengal,2021,3,712917,730379
west-bengal,2021,3,769000,400661
west-bengal,2021,3,781309,239777
west-bengal,2021,3,717362,174647
west-bengal,2021,3,753488,141064
west-bengal,2021,3,776682,126415
west-bengal,2021,3,757991,94183
west-bengal,2021,3,778874,91418
west-bengal,2021,3,769606,72003
west-bengal,2021,3,782268,64211
west-bengal,2021,4,743172,1005510
west-bengal,2021,4,777971,419377
west-bengal,2021,4,747279,320772
west-bengal,2021,4,780215,213492
west-bengal,2021,4,786222,163802
west-bengal,2021,4,751732,139428
west-bengal,2021,4,798190,113973
west-bengal,2021,4,762515,108315
west-bengal,2021,4,712746,93076
west-bengal,2021,4,783144,91016
west-bengal,2022,1,746855,828092
west-bengal,2022,1,747874,406901
west-bengal,2022,1,732389,241203
west-bengal,2022,1,722327,192466
west-bengal,2022,1,736543,144167
west-bengal,2022,1,774695,121540
west-bengal,2022,1,764441,96791
west-bengal,2022,1,739192,95722
west-bengal,2022,1,751801,78868
west-bengal,2022,1,718883,73130
west-bengal,2022,2,730483,811446
west-bengal,2022,2,784953,378189
west-bengal,2022,2,711346,234375
west-bengal,2022,2,724758,198559
west-bengal,2022,2,715706,152772
west-bengal,2022,2,737755,136303
west-bengal,2022,2,790108,103810
west-bengal,2022,2,788286,85229
west-bengal,2022,2,764632,81417
west-bengal,2022,2,782713,69096
west-bengal,2022,3,770556,812158
west-bengal,2022,3,788566,447865
west-bengal,2022,3,739012,263581
west-bengal,2022,3,746335,220385
west-bengal,2022,3,789900,153527
west-bengal,2022,3,768068,143465
west-bengal,2022,3,755494,114905
west-bengal,2022,3,724713,101223
west-bengal,2022,3,762832,80517
west-bengal,2022,3,751588,70046
west-bengal,2022,4,776411,1043391
west-bengal,2022,4,753972,524391
west-bengal,2022,4,765767,340245
west-bengal,2022,4,714754,264427
west-bengal,2022,4,728058,193367
west-bengal,2022,4,787235,178044
west-bengal,2022,4,730587,147243
west-bengal,2022,4,775916,132138
west-bengal,2022,4,741305,119231
west-bengal,2022,4,759360,94799
west-bengal,2023,1,770459,846756
west-bengal,2023,1,714799,365564
west-bengal,2023,1,744886,236424
west-bengal,2023,1,765076,183726
west-bengal,2023,1,739613,153921
west-bengal,2023,1,785756,128156
west-bengal,2023,1,762863,103733
west-bengal,2023,1,744837,98626
west-bengal,2023,1,711979,83496
west-bengal,2023,1,723403,79074
west-bengal,2023,2,712864,989225
west-bengal,2023,2,766122,471904
west-bengal,2023,2,754202,306739
west-bengal,2023,2,764012,217895
west-bengal,2023,2,758801,173663
west-bengal,2023,2,755781,140837
west-bengal,2023,2,712073,127032
west-bengal,2023,2,726649,98393
west-bengal,2023,2,786198,97082
west-bengal,2023,2,791558,86952
west-bengal,2023,3,768663,1052308
west-bengal,2023,3,754489,543178
west-bengal,2023,3,794780,334371
west-bengal,2023,3,751422,236438
west-bengal,2023,3,756938,217458
west-bengal,2023,3,755946,182289
west-bengal,2023,3,741869,154400
west-bengal,2023,3,779898,120439
west-bengal,2023,3,758233,106605
west-bengal,2023,3,724644,93740
west-bengal,2023,4,712862,1092428
west-bengal,2023,4,766614,505472
west-bengal,2023,4,792056,336801
west-bengal,2023,4,795928,237762
west-bengal,2023,4,735972,216178
west-bengal,2023,4,731417,174968
west-bengal,2023,4,795660,144061
west-bengal,2023,4,772890,122443
west-bengal,2023,4,788409,101376
west-bengal,2023,4,765228,94329
